hostname,sy_pnum,st_rad,st_mass
11 Com,1,13.76,2.09
11 Com,1,19,2.7
11 Com,1,NA,2.6
11 UMi,1,NA,1.7
11 UMi,1,29.79,2.78
11 UMi,1,24.08,1.8
14 And,1,11.55,1.78
14 And,1,11,2.2
14 And,1,NA,1.2
14 Her,2,NA,0.91
14 Her,2,0.93,0.9
14 Her,2,1.00235,0.91
14 Her,2,0.995819,0.969205
14 Her,2,NA,0.9
14 Her,2,NA,1
14 Her,2,NA,NA
14 Her,2,NA,0.9
14 Her,2,NA,0.97
16 Cyg B,1,1.12827,1.03
16 Cyg B,1,NA,1
16 Cyg B,1,1.13,1.08
16 Cyg B,1,NA,0.99
16 Cyg B,1,1.159464,0.982996
16 Cyg B,1,NA,NA
17 Sco,1,25.92,1.22
18 Del,1,8.8,2.1
18 Del,1,NA,2.1
18 Del,1,8.5,2.3
1RXS J160929.1-210524,1,NA,0.85
1RXS J160929.1-210524,1,1.31316,0.623
1RXS J160929.1-210524,1,NA,0.85
1RXS J160929.1-210524,1,1.352,0.85
24 Boo,1,12.19,1.05
24 Boo,1,10.64,0.99
24 Sex,2,4.9,1.54
24 Sex,2,4.9,1.54
2MASS J04372171+2651014,1,0.84,0.17
2MASS J01033563-5515561 A,1,NA,0.19
2MASS J01225093-2439505,1,0.36645,0.353185
2MASS J01225093-2439505,1,NA,0.4
2MASS J02192210-3925225,1,0.281,0.108
2MASS J0249-0557 A,1,NA,0.046
2MASS J03590986+2009361,1,NA,NA
2MASS J04414489+2301513,1,NA,0.019
2MASS J11011926-7732383,1,NA,NA
2MASS J11550485-7919108,1,NA,NA
2MASS J12073346-3932539,1,NA,NA
2MASS J12073346-3932539,1,0.21887,0.188001
2MASS J12073346-3932539,1,NA,0.024
2MASS J19383260+4603591,3,NA,0.48
2MASS J19383260+4603591,3,0.203,0.48
2MASS J21252752-8138278,1,NA,NA
2MASS J22362452+4751425,1,NA,0.6
2MASS J22501512+2325342,1,NA,NA
4 UMa,1,18.11,1.234
4 UMa,1,18.11,1.234
47 UMa,3,NA,1.063
47 UMa,3,NA,NA
47 UMa,3,NA,NA
47 UMa,3,1.21334,1.06
47 UMa,3,1.136537,1.005192
47 UMa,3,NA,NA
47 UMa,3,1.21334,1.06
47 UMa,3,NA,NA
47 UMa,3,NA,NA
47 UMa,3,1.136537,1.005192
47 UMa,3,1.21334,1.06
47 UMa,3,1.136537,1.005192
51 Eri,1,NA,1.75
51 Eri,1,1.48726,1.65
51 Eri,1,NA,1.75
51 Eri,1,1.45,1.55
51 Eri,1,1.48726,1.65
51 Peg,1,1.186744,1.069296
51 Peg,1,NA,NA
51 Peg,1,1.17561,1.03
51 Peg,1,1.29,NA
51 Peg,1,NA,1.04
55 Cnc B,7,0.274,0.26
55 Cnc B,7,0.274,0.26
55 Cnc,7,NA,0.95
55 Cnc,7,0.98,1.015
55 Cnc,7,NA,0.85
55 Cnc,7,NA,0.95
55 Cnc,7,0.963515,0.9
55 Cnc,7,0.963515,0.9
55 Cnc,7,0.963515,0.9
55 Cnc,7,NA,NA
55 Cnc,7,0.964411,0.974708
55 Cnc,7,NA,NA
55 Cnc,7,0.963515,0.9
55 Cnc,7,0.943,0.905
55 Cnc,7,NA,0.95
55 Cnc,7,NA,NA
55 Cnc,7,0.98,1.015
55 Cnc,7,0.964411,0.974708
55 Cnc,7,NA,NA
55 Cnc,7,0.943,0.905
55 Cnc,7,0.963515,0.9
55 Cnc,7,NA,0.95
55 Cnc,7,NA,0.95
55 Cnc,7,0.963515,0.9
55 Cnc,7,0.963515,0.9
55 Cnc,7,0.963515,0.9
55 Cnc,7,NA,NA
55 Cnc,7,NA,0.95
55 Cnc,7,NA,0.95
55 Cnc,7,0.943,0.905
55 Cnc,7,0.963515,0.9
55 Cnc,7,0.963515,0.9
55 Cnc,7,0.963515,0.9
55 Cnc,7,0.963515,0.9
55 Cnc,7,0.98,1.015
55 Cnc,7,NA,NA
55 Cnc,7,NA,0.95
55 Cnc,7,0.964411,0.974708
55 Cnc,7,0.963515,0.9
55 Cnc,7,NA,0.95
55 Cnc,7,0.963515,0.9
55 Cnc,7,0.964411,0.974708
55 Cnc,7,0.943,0.963
55 Cnc,7,NA,NA
55 Cnc,7,0.963515,NA
55 Cnc,7,0.943,0.905
55 Cnc,7,NA,0.95
55 Cnc,7,0.963515,0.9
55 Cnc,7,0.963515,0.9
55 Cnc,7,0.963515,0.9
55 Cnc,7,0.954,0.873
55 Cnc,7,NA,NA
55 Cnc,7,0.943,0.905
55 Cnc,7,0.963515,0.9
55 Cnc,7,0.98,1.015
55 Cnc,7,0.98,1.015
55 Cnc,7,NA,NA
55 Cnc,7,0.943,0.905
55 Cnc,7,0.943,0.905
55 Cnc,7,0.963515,0.9
55 Cnc,7,0.963515,0.9
55 Cnc,7,0.963515,0.9
55 Cnc,7,0.963515,0.9
55 Cnc,7,NA,NA
55 Cnc,7,0.98,1.015
55 Cnc,7,0.964411,0.974708
55 Cnc,7,0.943,0.905
55 Cnc,7,NA,0.95
6 Lyn,1,4.94,1.32
6 Lyn,1,5.2,1.7
6 Lyn,1,5.2,1.44
6 Lyn,1,5.2,1.82
61 Vir,3,0.963,0.942
61 Vir,3,NA,NA
61 Vir,3,1.03251,0.914072
61 Vir,3,0.963,0.942
61 Vir,3,NA,NA
61 Vir,3,1.03251,0.914072
61 Vir,3,NA,NA
61 Vir,3,0.963,0.942
7 CMa,2,4.87,1.34
7 CMa,2,4.90843,NA
7 CMa,2,5.198,1.439
7 CMa,2,2.3,1.52
7 CMa,2,5.198,1.439
7 CMa,2,4.87,1.34
70 Vir,1,1.94,1.09
70 Vir,1,1.921943,1.06055
70 Vir,1,1.89,1.09
70 Vir,1,NA,NA
70 Vir,1,1.84,1.14
70 Vir,1,NA,1.11
75 Cet,2,10.5,2.49
75 Cet,2,10.38,1.92
75 Cet,2,10.38,1.92
8 UMi,1,10.73,1.51
8 UMi,1,9.9,1.8
8 UMi,1,10.3,1.44
81 Cet,1,NA,1.6
81 Cet,1,11.21,1.23
81 Cet,1,11,2.4
91 Aqr,1,11,1.4
AB Aur,1,NA,2.4
AB Pic,1,NA,NA
AF Lep,1,NA,1.219
AF Lep,1,NA,1.13
AF Lep,1,1.25,1.2
AF Lep,1,1.25,1.201
AF Lep,1,NA,1.218
AT2021ueyL,1,NA,0.49
AU Mic,4,0.862,0.635
AU Mic,4,0.82,0.6
AU Mic,4,0.75,0.5
AU Mic,4,0.75,0.5
AU Mic,4,0.75,0.5
AU Mic,4,0.75,0.5
AU Mic,4,NA,0.5
AU Mic,4,0.698009,NA
AU Mic,4,0.75,0.5
AU Mic,4,0.75,0.56
AU Mic,4,0.82,0.6
AU Mic,4,0.744,0.51
AU Mic,4,NA,NA
AU Mic,4,0.75,NA
AU Mic,4,0.75,0.5
AU Mic,4,0.82,0.6
AU Mic,4,0.744,0.51
AU Mic,4,0.862,0.635
AU Mic,4,0.75,0.5
AU Mic,4,NA,0.5
AU Mic,4,0.75,0.5
AU Mic,4,0.75,NA
AU Mic,4,0.82,0.6
AU Mic,4,0.744,0.51
AU Mic,4,0.82,0.6
AU Mic,4,0.82,0.6
BD+03 2562,1,32.35,1.14
BD+05 4868 A,1,0.69,0.7
BD+14 4559,1,0.86,0.49
BD+14 4559,1,0.95,0.86
BD+15 2375,1,8.95,1.08
BD+15 2940,1,14.7,1.1
BD+20 2457,2,71.02,10.83
BD+20 2457,2,49,2.8
BD+20 2457,2,49,2.8
BD+20 274,1,17.3,0.8
BD+20 594,1,0.928,0.961
BD+20 594,1,0.956122,0.963861
BD+20 594,1,1.08,1.67
BD+37 3172,1,50.24,3.75
BD+42 2315,1,17.85,1.38
BD+45 564,1,NA,0.81
BD+48 738,1,11,0.74
BD+48 740,1,10.33,1.09
BD+49 828,1,7.6,1.52
BD+55 362,1,NA,0.909
BD+60 1417,1,0.797,1
BD+63 1405,1,NA,0.816
BD+63 1405,1,NA,0.816
BD-06 1339,2,NA,NA
BD-06 1339,2,NA,0.7
BD-06 1339,2,NA,0.7
BD-08 2823,2,NA,NA
BD-08 2823,2,0.71,0.5
BD-08 2823,2,NA,0.74
BD-08 2823,2,NA,0.74
BD-10 3166,1,NA,1.01
BD-10 3166,1,0.91,1.47
BD-10 3166,1,NA,1.1
BD-10 3166,1,0.969745,0.999531
BD-11 4672,2,0.639,0.651
BD-11 4672,2,0.52,0.571
BD-11 4672,2,0.639,0.651
BD-13 2130,1,NA,2.4
BD-13 2130,1,19.17,2.12
BD-14 3065 A,1,2.35,1.41
BD-14 3065 A,1,2.61,NA
BD-17 63,1,0.69,0.74
BD-17 63,1,NA,0.741
BD-17 63,1,NA,NA
BD-17 63,1,0.74,0.31
BD-210397,2,0.747,0.679
BD-210397,2,NA,0.691
BD-210397,2,0.747,0.679
BD-210397,2,NA,0.69
BEBOP-3,1,1.414,1.083
BEBOP-4 A,1,NA,1.507
Barnard's star,4,0.185,0.162
Barnard's star,4,0.185,0.162
Barnard's star,4,0.185,0.162
Barnard's star,4,0.185,0.162
Barnard's star,4,0.185,0.162
CD Cet,1,0.175,0.161
CD-35 2722,1,NA,0.4
CD-35 2722,1,NA,NA
CFBDSIR J145829+101343,1,NA,0.021
CFHTWIR-Oph 98 A,1,0.245,0.0147
CHXR 73,1,NA,0.35
CI Tau,1,NA,NA
COCONUTS-2 A,1,0.388,0.37
COCONUTS-2 A,1,0.388,0.37
CT Cha,1,NA,NA
CWISEP J193518.59-154620.3,1,NA,0.024
CoRoT-1,1,1.14,1.03
CoRoT-1,1,NA,NA
CoRoT-1,1,1.131,0.95
CoRoT-1,1,1.29,NA
CoRoT-1,1,NA,NA
CoRoT-1,1,1.11,0.95
CoRoT-1,1,1.23,1.22
CoRoT-10,1,0.548929,NA
CoRoT-10,1,0.79,0.89
CoRoT-10,1,0.743,0.904
CoRoT-10,1,0.79,0.89
CoRoT-11,1,1.374,1.26
CoRoT-11,1,1.33,1.23
CoRoT-11,1,1.58601,NA
CoRoT-11,1,1.37,1.27
CoRoT-11,1,1.36,1.56
CoRoT-11,1,1.37,1.27
CoRoT-11,1,1.37,1.27
CoRoT-12,1,1.03674,NA
CoRoT-12,1,1.116,1.078
CoRoT-12,1,1.049,1
CoRoT-12,1,1.116,1.078
CoRoT-12,1,1.046,1.018
CoRoT-12,1,1.116,1.078
CoRoT-13,1,1.274,1.086
CoRoT-13,1,1.01,1.09
CoRoT-13,1,1.13707,NA
CoRoT-13,1,1.01,1.09
CoRoT-13,1,1.01,1.09
CoRoT-14,1,1.21,1.13
CoRoT-14,1,1.21,1.13
CoRoT-14,1,1.19,1.125
CoRoT-16,1,1.19,1.098
CoRoT-16,1,1.19,1.098
CoRoT-17,1,1.62,1.043
CoRoT-17,1,1.59,1.04
CoRoT-17,1,1.59,1.04
CoRoT-18,1,1,0.95
CoRoT-18,1,0.883,0.88
CoRoT-18,1,0.934028,NA
CoRoT-18,1,0.924,0.861
CoRoT-18,1,1,0.95
CoRoT-18,1,1,0.95
CoRoT-19,1,1.65,1.21
CoRoT-19,1,1.65,1.21
CoRoT-19,1,1.65,1.21
CoRoT-19,1,1.65,1.21
CoRoT-19,1,1.6395,NA
CoRoT-19,1,1.576,1.181
CoRoT-2,1,NA,NA
CoRoT-2,1,0.901,0.997
CoRoT-2,1,NA,NA
CoRoT-2,1,0.902,0.97
CoRoT-2,1,NA,NA
CoRoT-2,1,NA,NA
CoRoT-2,1,0.902,0.97
CoRoT-2,1,NA,NA
CoRoT-2,1,NA,NA
CoRoT-2,1,0.937741,NA
CoRoT-2,1,0.907,1.018
CoRoT-2,1,0.937741,0.972
CoRoT-2,1,0.906,0.96
CoRoT-20,2,1.02,1.14
CoRoT-20,2,1.02,1.14
CoRoT-20,2,1.29981,NA
CoRoT-20,2,NA,1.14
CoRoT-20,2,1.34,1.11
CoRoT-20,2,1.16,1.1
CoRoT-20,2,NA,1.14
CoRoT-21,1,1.95,1.29
CoRoT-21,1,1.95,1.29
CoRoT-22,1,1.136,1.099
CoRoT-23,1,1.61,1.14
CoRoT-23,1,1.74,1.122
CoRoT-23,1,1.61,1.14
CoRoT-24,2,0.86,0.91
CoRoT-24,2,0.86,0.91
CoRoT-25,1,1.19,1.09
CoRoT-25,1,1.19,1.09
CoRoT-26,1,1.79,1.09
CoRoT-26,1,1.79,1.09
CoRoT-27,1,1.08,1.05
CoRoT-27,1,1.08,1.05
CoRoT-28,1,1.78,1.01
CoRoT-28,1,1.78,1.01
CoRoT-29,1,1.07719,0.9
CoRoT-29,1,0.9,0.97
CoRoT-29,1,0.9,0.97
CoRoT-3,1,1.56,1.37
CoRoT-3,1,1.56,1.37
CoRoT-3,1,1.44,1.41
CoRoT-3,1,1.575,1.403
CoRoT-3,1,1.54,1.359
CoRoT-30,1,0.91,0.98
CoRoT-31,1,2.15,1.25
CoRoT-32,1,0.79,1.08
CoRoT-32,1,0.79,1.08
CoRoT-35,1,1.65,1.01
CoRoT-36,1,1.52,1.32
CoRoT-4,1,1.1475,1.194
CoRoT-4,1,1.12271,NA
CoRoT-4,1,1.17,1.16
CoRoT-4,1,1.17,1.16
CoRoT-5,1,1.186,1
CoRoT-5,1,1.115,0.99
CoRoT-5,1,NA,NA
CoRoT-5,1,1.27299,NA
CoRoT-5,1,1.0516,1.025
CoRoT-5,1,1.186,1
CoRoT-6,1,1.043,1.054
CoRoT-6,1,1.025,1.05
CoRoT-6,1,1.025,1.05
CoRoT-6,1,NA,NA
CoRoT-7,3,NA,0.915
CoRoT-7,3,0.83,0.82
CoRoT-7,3,0.82,0.913
CoRoT-7,3,0.8389,0.884
CoRoT-7,3,0.864273,0.899
CoRoT-7,3,0.96,0.884
CoRoT-7,3,0.87,0.93
CoRoT-7,3,0.864273,0.899
CoRoT-7,3,NA,0.915
CoRoT-7,3,0.864273,0.899
CoRoT-7,3,0.864273,0.899
CoRoT-7,3,NA,0.915
CoRoT-8,1,0.77,0.88
CoRoT-8,1,0.802,0.89
CoRoT-8,1,0.898,0.878
CoRoT-8,1,0.77,0.88
CoRoT-9,1,0.96,0.96
CoRoT-9,1,0.96,0.96
CoRoT-9,1,0.94,0.99
CoRoT-9,1,NA,NA
CoRoT-9,1,0.938,0.96
DE CVn,1,NA,0.51
DENIS-P J082303.1-491201,1,NA,0.075
DH Tau,1,0.27,0.33
DH Tau,1,1.36687,0.683
DMPP-1,4,NA,1.21
DMPP-1,4,1.26,1.21
DMPP-1,4,NA,1.21
DMPP-1,4,1.26,1.21
DMPP-1,4,NA,1.21
DMPP-1,4,1.26,1.21
DMPP-1,4,1.26,1.21
DMPP-2,3,NA,1.41
DMPP-2,3,1.78,1.44
DMPP-2,3,NA,1.41
DMPP-2,3,NA,1.41
DMPP-3 A,1,NA,0.9
DMPP-3 A,1,0.91,0.87
DMPP-3 A,1,0.903733,0.86
DMPP-4,1,1.38,1.25
DMPP-6,2,1.27,1.079
DMPP-6,2,1.27,1.079
DMPP-7,1,NA,1.09
DMPP-8,1,1.24,0.99
DMPP-9,1,1.26,1.1
DP Leo,1,NA,0.69
DP Leo,1,NA,NA
DS Tuc A,1,0.872,0.959
DS Tuc A,1,0.951985,NA
DS Tuc A,1,0.964,1.01
EPIC 201170410,1,0.282,0.287
EPIC 201238110,1,0.374,NA
EPIC 201238110,1,NA,0.41
EPIC 201427007,1,0.94,NA
EPIC 201497682,1,NA,0.78
EPIC 201595106,2,0.932487,NA
EPIC 201595106,2,0.990833,1.018
EPIC 201595106,2,0.98,0.958
EPIC 201595106,2,0.93,NA
K2-166,2,NA,1.073
K2-16,3,NA,0.67
EPIC 201757695,1,0.655,0.727
K2-50,2,0.634,NA
K2-50,2,NA,0.611
EPIC 201841433,1,0.628461,0.802
EPIC 201841433,1,0.628,NA
EPIC 201841433,1,NA,0.802
K2-168,2,0.83,0.877
K2-168,2,NA,0.907
K2-168,2,0.904,NA
EPIC 206024342,3,NA,0.928
EPIC 206024342,3,0.823,NA
EPIC 206024342,3,0.823,NA
EPIC 206024342,3,1.1,NA
EPIC 206024342,3,0.94,NA
EPIC 206024342,3,1.1,NA
EPIC 206024342,3,0.823,NA
EPIC 206024342,3,0.94,NA
EPIC 206024342,3,1.5,NA
EPIC 206032309,1,NA,0.221
EPIC 206042996,2,0.668,NA
EPIC 206042996,2,NA,0.565
EPIC 206042996,2,0.5,NA
EPIC 206042996,2,0.57,NA
EPIC 206042996,2,0.5,NA
EPIC 206215704,1,NA,0.407
EPIC 206215704,1,0.367,NA
EPIC 206215704,1,0.25,NA
EPIC 206317286,2,0.669,NA
EPIC 206317286,2,NA,0.711
EPIC 206317286,2,0.73,NA
EPIC 206317286,2,0.758,0.832
EPIC 206317286,2,0.669,NA
EPIC 211822797,1,0.597044,0.585671
EPIC 211822797,1,0.58,0.62
EPIC 211822797,1,0.597044,0.585671
EPIC 211822797,1,0.59,0.61
EPIC 211822797,1,0.571699,0.663459
EPIC 211822797,1,0.642,NA
EPIC 211945201,1,1.387,1.17
EPIC 211945201,1,1.3636,1.158
EPIC 211945201,1,1.3636,1.158
EPIC 211945201,1,1.38,1.18
EPIC 211945201,1,1.36,NA
EPIC 211945201,1,1.410092,NA
EPIC 211945201,1,1.485,NA
EPIC 211945201,1,1.48,NA
EPIC 211945201,1,1.403,NA
EPIC 211945201,1,1.39,1.17
EPIC 211945201,1,1.38,1.18
EPIC 212297394,2,0.8,0.83
EPIC 212297394,2,NA,0.829
EPIC 212297394,2,0.749,NA
EPIC 212297394,2,0.776343,0.831
EPIC 212297394,2,0.8,0.83
EPIC 212297394,2,0.749,NA
EPIC 212424622,1,1.2247,NA
EPIC 212424622,1,NA,1.106
EPIC 212499991,1,NA,0.912
EPIC 212587672,2,0.9757,NA
EPIC 212587672,2,0.98,0.99
EPIC 212587672,2,NA,0.95
EPIC 212587672,2,0.952744,NA
EPIC 212587672,2,0.94987,1.13
EPIC 212587672,2,0.94987,1.13
EPIC 212587672,2,0.95,NA
EPIC 212587672,2,0.98,0.99
EPIC 212587672,2,0.9757,NA
EPIC 212624936,2,0.93,NA
EPIC 212624936,2,0.948,NA
EPIC 212624936,2,0.93,NA
EPIC 212737443,2,0.669035,0.724
EPIC 212737443,2,0.669035,0.724
EPIC 212737443,2,0.673,0.69
EPIC 212737443,2,0.673,0.69
EPIC 220492298,1,0.89,NA
K2-282,2,NA,0.94
K2-282,2,1.013,NA
K2-282,2,1,NA
EPIC 220674823,2,0.83,0.93
EPIC 220674823,2,0.98,0.97
EPIC 220674823,2,0.99,0.913
EPIC 220674823,2,1.02,NA
EPIC 220674823,2,0.981,0.902
EPIC 220674823,2,0.995,0.91
EPIC 220674823,2,0.869,0.945
EPIC 220674823,2,0.95,0.92
EPIC 220674823,2,0.97,NA
EPIC 220674823,2,0.95,NA
EPIC 220674823,2,0.99,0.913
EPIC 220674823,2,0.906429,0.966939
EPIC 220674823,2,0.988,0.95
EPIC 220674823,2,0.995,0.91
EPIC 220674823,2,0.83,0.93
EPIC 220674823,2,0.95,NA
EPIC 220674823,2,0.99,0.913
EPIC 220674823,2,0.99,0.913
EPIC 220674823,2,0.988,0.95
EPIC 220674823,2,1.02,NA
EPIC 220674823,2,0.98,0.97
EPIC 220674823,2,0.869,0.945
EPIC 220674823,2,0.906429,0.966939
EPIC 220674823,2,0.97,NA
EPIC 220674823,2,0.95,0.92
EPIC 228836835,1,0.42390099999999997,0.418179
EPIC 228836835,1,0.32,NA
EPIC 229004835,1,0.998,0.95
EPIC 229004835,1,0.995311,1.067
EPIC 229004835,1,0.999,0.97
EPIC 229004835,1,0.975013,NA
EPIC 246851721,1,1.586,1.317
EPIC 246851721,1,1.73931,NA
EPIC 246851721,1,1.586,1.317
EPIC 248847494,1,2.7,0.9
EPIC 249893012,3,1.71,1.05
EPIC 249893012,3,1.71,1.05
EPIC 249893012,3,1.71,1.05
FU Tau,1,NA,0.05
FU Tau,1,NA,NA
G 192-15,2,NA,0.132
G 192-15,2,NA,0.132
G 196-3,1,NA,NA
G 261-6,1,NA,0.118
G 264-012,2,0.305,0.297
G 264-012,2,0.305,0.297
G 268-110,1,NA,0.137
G 9-40,1,0.3073,0.29
G 9-40,1,0.3026,0.2952
G 9-40,1,0.3073,0.29
G 9-40,1,0.307,NA
G 9-40,1,0.32,NA
GJ 1002,2,0.137,0.12
GJ 1002,2,0.137,0.12
GJ 1061,3,0.156,0.12
GJ 1061,3,0.156,0.12
GJ 1061,3,0.156,0.12
GJ 1061,3,0.156,0.12
GJ 1061,3,0.156,0.12
GJ 1061,3,0.156,0.12
GJ 1132,2,0.2105,0.181
GJ 1132,2,0.207,0.181
GJ 1132,2,0.226407,NA
GJ 1132,2,0.2211,0.1945
GJ 1132,2,0.207,0.181
GJ 1132,2,0.207,0.192
GJ 1132,2,NA,NA
GJ 1132,2,0.255,0.181
GJ 1132,2,0.2105,0.181
GJ 1148,2,0.358519,0.344045
GJ 1148,2,0.358519,0.344045
GJ 1148,2,0.36664,0.373585
GJ 1148,2,0.36664,0.373585
GJ 1148,2,0.358519,0.344045
GJ 1151,1,0.1781,0.1639
GJ 1214,1,NA,NA
GJ 1214,1,0.2162,0.182
GJ 1214,1,0.214572,0.183607
GJ 1214,1,0.211,0.157
GJ 1214,1,0.2213,0.176
GJ 1214,1,0.201,NA
GJ 1214,1,0.216,0.15
GJ 1214,1,0.214572,0.183607
GJ 1214,1,NA,NA
GJ 1214,1,0.21,NA
GJ 1214,1,0.201,NA
GJ 1214,1,0.211,0.157
GJ 1214,1,0.179,0.156
GJ 1214,1,NA,NA
GJ 1214,1,0.215,0.178
GJ 1214,1,0.214572,0.183607
GJ 1214,1,0.21,0.153
GJ 1214,1,0.2064,0.157
GJ 1214,1,0.21,0.157
GJ 1214,1,0.211,0.157
GJ 1252,1,0.391,0.381
GJ 1252,1,0.391,0.381
GJ 1252,1,0.391,0.381
GJ 1252,1,0.390989,NA
GJ 1252,1,0.391,0.381
GJ 1252,1,0.391,0.381
GJ 1265,1,0.192,0.178
GJ 1289,1,NA,0.21
GJ 143,2,0.71,NA
GJ 143,2,0.695,0.73
GJ 143,2,0.73,0.76
GJ 15 A,2,0.375411,0.399648
GJ 15 A,2,0.3863,0.375
GJ 15 A,2,0.38,0.38
GJ 15 A,2,0.38,0.38
GJ 160.2,1,NA,0.69
GJ 163,3,NA,NA
GJ 163,3,NA,NA
GJ 163,3,NA,NA
GJ 179,1,NA,0.357
GJ 179,1,0.38,0.357
GJ 179,1,0.381487,0.393442
GJ 180,3,NA,0.43
GJ 180,3,NA,0.43
GJ 180,3,NA,0.43
GJ 180,3,NA,0.43
GJ 2030,2,NA,0.96
GJ 2030,2,NA,0.96
GJ 2056,1,NA,0.62
GJ 2126,1,0.728,0.65
GJ 229,2,NA,0.58
GJ 229,2,NA,0.509
GJ 229,2,NA,0.58
GJ 229,2,NA,0.58
GJ 229,2,NA,0.509
GJ 238,1,0.4314,0.4193
GJ 238,1,0.426676,NA
GJ 251,2,0.364,0.36
GJ 251,2,0.36,0.35
GJ 251,2,0.36,0.35
GJ 27.1,1,NA,0.53
GJ 273,2,0.293,0.29
GJ 273,2,0.293,0.29
GJ 3021,1,0.9,0.9
GJ 3082,1,NA,0.47
GJ 3090,2,0.516,0.519
GJ 3090,2,0.516,0.519
GJ 3090,2,0.516,0.519
GJ 3090,2,0.52,NA
GJ 3090,2,0.516,0.519
GJ 3138,3,0.5,0.681
GJ 3138,3,0.5,0.681
GJ 3138,3,0.5,0.681
GJ 317,2,0.431834,0.453271
GJ 317,2,NA,0.26
GJ 317,2,NA,0.42
GJ 317,2,NA,0.42
GJ 317,2,0.403,0.402
GJ 317,2,0.403,0.402
GJ 317,2,NA,0.42
GJ 317,2,NA,0.42
GJ 317,2,NA,0.24
GJ 317,2,0.431834,0.453271
GJ 3222,1,NA,0.89
GJ 328,2,0.63,0.65
GJ 328,2,NA,0.69
GJ 328,2,0.63,0.65
GJ 3293,4,0.404,0.42
GJ 3293,4,0.404,0.42
GJ 3293,4,0.404,0.42
GJ 3293,4,0.404,0.42
GJ 3293,4,0.404,0.42
GJ 3293,4,0.404,0.42
GJ 3323,2,0.119,0.164
GJ 3323,2,0.119,0.164
GJ 3341,1,0.439,0.47
GJ 338 B,1,0.58,0.64
GJ 338 B,1,0.58,0.64
GJ 341,1,0.5066,0.48
GJ 341,1,0.53,NA
GJ 3470,1,0.499698,0.497757
GJ 3470,1,0.526,0.557
GJ 3470,1,0.503,0.541
GJ 3470,1,0.499698,0.497757
GJ 3470,1,0.499698,NA
GJ 3470,1,0.499698,0.497757
GJ 3470,1,0.568,0.539
GJ 3470,1,0.48,0.51
GJ 3470,1,0.48,0.51
GJ 3470,1,0.547,0.539
GJ 3470,1,0.503,0.541
GJ 3473,2,0.364,0.36
GJ 3473,2,0.354529,NA
GJ 3473,2,0.364,0.36
GJ 3473,2,0.364,0.36
GJ 3512,2,0.139,0.123
GJ 3512,2,0.139,0.123
GJ 3512,2,0.139,0.123
GJ 3512,2,0.139,0.123
GJ 3512,2,0.139,0.123
GJ 357,3,0.337,0.342
GJ 357,3,0.337,0.342
GJ 357,3,0.36,NA
GJ 357,3,NA,NA
GJ 357,3,0.337,0.342
GJ 357,3,0.337,0.342
GJ 357,3,0.337,0.342
GJ 3634,1,0.43,0.45
GJ 367,3,0.457,0.454
GJ 367,3,0.46,NA
GJ 367,3,0.458,0.455
GJ 367,3,0.458,0.455
GJ 367,3,0.458,0.455
GJ 3779,1,0.281,0.27
GJ 3929,2,0.325635,NA
GJ 3929,2,0.32,0.313
GJ 3929,2,0.315,0.309
GJ 3929,2,0.32,0.313
GJ 393,1,0.426,0.426
GJ 3942,1,0.61,0.63
GJ 3988,1,0.19734,0.1842
GJ 3998,3,0.49,0.5
GJ 3998,3,0.5,0.52
GJ 3998,3,0.49,0.5
GJ 3998,3,0.5,0.52
GJ 3998,3,0.5,0.52
GJ 411,2,0.369083,0.391846
GJ 411,2,0.3685,0.3899
GJ 411,2,0.389,0.386
GJ 411,2,0.392,0.39
GJ 411,2,NA,NA
GJ 414 A,2,0.68,0.65
GJ 414 A,2,0.669922,0.694721
GJ 414 A,2,0.68,0.65
GJ 414 A,2,0.669922,0.694721
GJ 422,1,NA,0.35
GJ 422,1,NA,0.35
GJ 4274,2,0.19,0.18
GJ 4274,2,0.19,0.18
GJ 4276,1,0.407,0.406
GJ 433,3,NA,0.48
GJ 433,3,0.5,0.59
GJ 433,3,NA,0.48
GJ 433,3,NA,0.48
GJ 433,3,NA,0.48
GJ 433,3,NA,0.48
GJ 433,3,NA,0.48
GJ 436,1,NA,0.452
GJ 436,1,0.45,NA
GJ 436,1,NA,0.41
GJ 436,1,0.464,0.452
GJ 436,1,NA,0.44
GJ 436,1,0.454,0.459
GJ 436,1,0.425432,0.419868
GJ 436,1,0.416843,0.441167
GJ 436,1,NA,NA
GJ 436,1,0.464,0.452
GJ 436,1,0.425432,0.419868
GJ 436,1,0.425432,0.419868
GJ 436,1,NA,NA
GJ 436,1,0.425432,0.419868
GJ 436,1,NA,NA
GJ 436,1,0.455,0.47
GJ 436,1,0.464,0.452
GJ 436,1,0.422,0.445
GJ 436,1,NA,NA
GJ 436,1,0.455,0.556
GJ 436,1,0.449,0.445
GJ 436,1,0.446,0.452
GJ 436,1,0.425432,NA
GJ 436,1,0.437,0.452
GJ 463,1,0.483,0.486
GJ 463,1,0.49,0.49
GJ 463,1,0.49,0.49
GJ 463,1,0.49,0.49
GJ 480,1,NA,0.45
GJ 480,1,0.449,0.45
GJ 486,1,0.331472,NA
GJ 486,1,0.339,0.333
GJ 486,1,0.3243,0.312
GJ 486,1,0.328,0.323
GJ 504,1,NA,1.22
GJ 504,1,NA,NA
GJ 508.2,1,0.53,0.54
GJ 514,1,0.5,0.51
GJ 536,2,0.507819,0.50573
GJ 536,2,0.529,0.528
GJ 536,2,0.5,0.52
GJ 536,2,0.529,0.528
GJ 581,3,0.329702,0.310747
GJ 581,3,0.29,0.31
GJ 581,3,0.302,0.295
GJ 581,3,0.29,0.31
GJ 581,3,NA,NA
GJ 581,3,0.329702,0.310747
GJ 581,3,0.315254,0.318714
GJ 581,3,0.329702,0.310747
GJ 581,3,0.29,0.31
GJ 581,3,0.315254,0.318714
GJ 581,3,NA,NA
GJ 581,3,0.329702,0.310747
GJ 581,3,0.302,0.295
GJ 581,3,0.302,0.295
GJ 581,3,0.329702,0.310747
GJ 581,3,NA,NA
GJ 581,3,0.29,0.31
GJ 581,3,0.329702,0.310747
GJ 625,1,0.31,0.3
GJ 649,1,0.501728,0.529834
GJ 649,1,0.5,0.51
GJ 649,1,NA,0.54
GJ 667 C,5,NA,NA
GJ 667 C,5,NA,NA
GJ 667 C,5,NA,NA
GJ 667 C,5,NA,NA
GJ 667 C,5,NA,0.33
GJ 667 C,5,NA,NA
GJ 667 C,5,NA,NA
GJ 667 C,5,NA,NA
GJ 667 C,5,NA,0.33
GJ 667 C,5,NA,0.33
GJ 667 C,5,NA,0.33
GJ 667 C,5,NA,0.33
GJ 674,1,NA,0.35
GJ 676 A,4,NA,NA
GJ 676 A,4,NA,0.626
GJ 676 A,4,NA,NA
GJ 676 A,4,0.69,0.73
GJ 676 A,4,NA,0.71
GJ 676 A,4,NA,NA
GJ 676 A,4,NA,0.626
GJ 676 A,4,NA,0.626
GJ 676 A,4,NA,0.71
GJ 676 A,4,NA,NA
GJ 676 A,4,NA,0.626
GJ 676 A,4,NA,0.71
GJ 676 A,4,NA,NA
GJ 680,1,NA,0.456
GJ 682,2,NA,0.27
GJ 682,2,NA,0.27
GJ 685,1,0.54,0.55
GJ 687,2,0.397371,0.417834
GJ 687,2,0.43,0.45
GJ 687,2,NA,0.4
GJ 687,2,0.4183,0.413
GJ 687,2,NA,0.4
GJ 720 A,1,0.56,0.57
GJ 724,1,0.52226,0.5271
GJ 740,1,0.56,0.58
GJ 806,2,0.4144,0.413
GJ 806,2,0.43,NA
GJ 806,2,0.4144,0.413
GJ 832,1,0.441557,0.437474
GJ 832,1,NA,0.4491
GJ 832,1,0.48,0.45
GJ 832,1,NA,0.45
GJ 832,1,NA,0.45
GJ 832,1,NA,0.45
GJ 849,2,NA,0.49
GJ 849,2,NA,0.49
GJ 849,2,NA,0.49
GJ 849,2,0.53,0.65
GJ 849,2,0.468458,0.495859
GJ 849,2,0.463912,0.461286
GJ 849,2,0.45,0.45
GJ 849,2,NA,0.49
GJ 849,2,0.45,0.45
GJ 849,2,0.468458,0.495859
GJ 86,1,NA,0.8
GJ 86,1,NA,0.77
GJ 86,1,0.77,0.93
GJ 876,4,NA,0.334
GJ 876,4,0.352224,0.336778
GJ 876,4,0.352224,0.336778
GJ 876,4,0.352224,0.336778
GJ 876,4,0.367,0.369607
GJ 876,4,NA,0.37
GJ 876,4,NA,NA
GJ 876,4,0.352224,0.336778
GJ 876,4,0.3,0.32
GJ 876,4,NA,0.37
GJ 876,4,0.352224,0.336778
GJ 876,4,0.3,0.32
GJ 876,4,0.352224,0.336778
GJ 876,4,0.367,0.369607
GJ 876,4,0.352224,0.336778
GJ 876,4,NA,0.334
GJ 876,4,NA,0.334
GJ 876,4,NA,0.37
GJ 876,4,0.3,0.32
GJ 876,4,0.352224,0.336778
GJ 876,4,0.352224,0.336778
GJ 876,4,0.352224,0.336778
GJ 876,4,0.367,0.369607
GJ 876,4,0.3,0.32
GJ 876,4,NA,0.37
GJ 876,4,0.352224,0.336778
GJ 887,4,0.468,0.495
GJ 887,4,NA,NA
GJ 887,4,0.4712,0.489
GJ 887,4,0.4712,0.489
GJ 887,4,NA,NA
GJ 887,4,0.468,0.495
GJ 887,4,0.468,0.495
GJ 887,4,0.468,0.495
GJ 896 A,1,NA,0.43599
GJ 900 A,1,NA,1.08
GJ 9066,1,0.164,0.15
GJ 9066,1,NA,0.15
GJ 9404,1,NA,0.62
GJ 96,1,NA,0.6
GJ 9689,1,0.57,0.59
GJ 9714,1,NA,0.67
GJ 9773,1,0.362,0.358
GJ 9827,3,0.579,0.593
GJ 9827,3,0.58,0.62
GJ 9827,3,0.622,0.637
GJ 9827,3,0.602,0.606
GJ 9827,3,0.651,0.659
GJ 9827,3,0.613,0.614
GJ 9827,3,0.63,NA
GJ 9827,3,0.602,0.606
GJ 9827,3,0.5994,0.606
GJ 9827,3,0.651,0.659
GJ 9827,3,0.622,0.637
GJ 9827,3,0.579,0.593
GJ 9827,3,0.613,0.614
GJ 9827,3,0.58,0.62
GJ 9827,3,0.651,0.659
GJ 9827,3,0.602,0.606
GJ 9827,3,0.651,0.659
GJ 9827,3,0.602,0.606
GJ 9827,3,0.602,0.606
GJ 9827,3,0.651,0.659
GJ 9827,3,0.613,0.614
GJ 9827,3,0.58,0.62
GJ 9827,3,0.622,0.637
GJ 9827,3,0.602,0.606
GJ 9827,3,0.579,0.593
GJ 9827,3,0.58,0.62
GPX-1,1,1.6008,NA
GPX-1,1,1.56,1.68
GPX-1,1,NA,NA
GQ Lup,1,1.94153,NA
GQ Lup,1,NA,0.7
GSC 06214-00210,1,0.90484,0.694
GSC 06214-00210,1,NA,0.6
GSC 06214-00210,1,NA,0.9
GSC 06214-00210,1,NA,0.9
GU Psc,1,NA,0.325
Gaia-1,1,0.952,0.949
Gaia-1,1,0.962287,NA
Gaia-2,1,1.064,1
Gaia-2,1,1.08783,NA
Gaia-4,1,0.624,0.644
Gaia-5,1,0.345,0.339
Gaia22dkvL,1,NA,1.077
Gaia22dkvL,1,NA,1.046
Gaia22dkvL,1,NA,1.145
Gaia22dkvL,1,NA,1.157
Gaia22dkvL,1,NA,1.05
Gaia22dkvL,1,NA,1.288
Gaia22dkvL,1,NA,1.273
Gl 378,1,0.56,0.56
Gl 410,1,0.543,0.55
Gl 49,1,0.511,0.515
Gl 686,1,0.42,0.42
Gl 686,1,0.427,0.426
Gl 686,1,0.427,0.426
Gl 725 A,1,0.351,0.33
Gliese 12,1,0.269427,NA
Gliese 12,1,0.2617,0.2414
Gliese 12,1,0.269,0.241
Gliese 12,1,0.265,0.255
HAT-P-1,1,1.15,1.12
HAT-P-1,1,NA,NA
HAT-P-1,1,1.17839,1.126
HAT-P-1,1,1.135,1.133
HAT-P-1,1,1.174,1.151
HAT-P-1,1,1.115,1.133
HAT-P-1,1,1.15,1.12
HAT-P-1,1,1.112,1.134
HAT-P-1,1,NA,NA
HAT-P-1,1,1.18,NA
HAT-P-1,1,NA,NA
HAT-P-1,1,NA,NA
HAT-P-1,1,1.135,1.133
HAT-P-1,1,1.135,1.133
HAT-P-1,1,1.17839,1.126
HAT-P-1,1,1.135,1.133
HAT-P-11,2,0.765,0.829
HAT-P-11,2,0.76,NA
HAT-P-11,2,0.765,0.829
HAT-P-11,2,0.742,0.786
HAT-P-11,2,0.74,0.81
HAT-P-11,2,0.765,0.829
HAT-P-11,2,0.75,0.81
HAT-P-11,2,NA,0.811
HAT-P-11,2,0.76,0.86
HAT-P-11,2,0.74,NA
HAT-P-11,2,0.75,NA
HAT-P-11,2,0.695,0.812
HAT-P-11,2,0.75,0.81
HAT-P-11,2,0.759854,0.77
HAT-P-11,2,NA,NA
HAT-P-11,2,0.763,0.83
HAT-P-11,2,0.759854,0.77
HAT-P-11,2,0.77,0.88
HAT-P-11,2,0.75,0.81
HAT-P-11,2,NA,NA
HAT-P-11,2,0.683,0.809
HAT-P-11,2,NA,0.81
HAT-P-11,2,0.683,0.809
HAT-P-11,2,NA,0.809
HAT-P-11,2,NA,0.811
HAT-P-11,2,0.74,NA
HAT-P-11,2,NA,NA
HAT-P-12,1,0.7,NA
HAT-P-12,1,0.701,0.733
HAT-P-12,1,0.679,0.691
HAT-P-12,1,0.703594,0.74
HAT-P-12,1,0.703594,0.74
HAT-P-12,1,0.701,0.733
HAT-P-12,1,0.701,0.733
HAT-P-12,1,NA,NA
HAT-P-12,1,0.7,0.73
HAT-P-12,1,NA,0.733
HAT-P-12,1,0.701,0.73
HAT-P-12,1,0.701,0.733
HAT-P-12,1,NA,NA
HAT-P-12,1,0.701,0.733
HAT-P-12,1,0.701,0.733
HAT-P-13,2,1.56,1.22
HAT-P-13,2,1.82744,NA
HAT-P-13,2,NA,NA
HAT-P-13,2,NA,NA
HAT-P-13,2,NA,NA
HAT-P-13,2,1.56,1.22
HAT-P-13,2,NA,1.32
HAT-P-13,2,NA,NA
HAT-P-13,2,1.56,1.22
HAT-P-13,2,1.756,1.32
HAT-P-13,2,NA,NA
HAT-P-13,2,1.756,1.32
HAT-P-13,2,1.56,1.22
HAT-P-13,2,1.56,1.22
HAT-P-13,2,NA,NA
HAT-P-13,2,NA,1.32
HAT-P-13,2,1.756,1.32
HAT-P-14,1,1.53,1.32
HAT-P-14,1,NA,1.418
HAT-P-14,1,1.591,1.418
HAT-P-14,1,1.54522,1.433
HAT-P-14,1,1.82,2.65
HAT-P-14,1,1.468,1.386
HAT-P-14,1,1.55,NA
HAT-P-14,1,1.468,1.386
HAT-P-14,1,NA,NA
HAT-P-14,1,1.468,1.386
HAT-P-14,1,NA,NA
HAT-P-14,1,1.468,1.386
HAT-P-14,1,1.468,1.386
HAT-P-15,1,0.895095,NA
HAT-P-15,1,NA,NA
HAT-P-15,1,1.07,1
HAT-P-15,1,1.08,1.013
HAT-P-15,1,NA,1.013
HAT-P-15,1,1.08,1.013
HAT-P-15,1,1.092,1.02
HAT-P-15,1,1.08,1.013
HAT-P-16,1,NA,1.2
HAT-P-16,1,1.237,1.218
HAT-P-16,1,NA,NA
HAT-P-16,1,1.158,1.216
HAT-P-16,1,1.237,1.218
HAT-P-16,1,1.237,1.218
HAT-P-16,1,1.237,1.218
HAT-P-16,1,NA,NA
HAT-P-16,1,NA,NA
HAT-P-16,1,NA,1.218
HAT-P-16,1,NA,NA
HAT-P-16,1,NA,NA
HAT-P-16,1,1.24,NA
HAT-P-17,2,0.838,0.857
HAT-P-17,2,0.87,0.99
HAT-P-17,2,NA,0.857
HAT-P-17,2,0.837,0.857
HAT-P-17,2,0.838682,0.92
HAT-P-17,2,0.838,0.857
HAT-P-17,2,0.84,NA
HAT-P-17,2,0.84,0.88
HAT-P-17,2,0.86,0.886
HAT-P-17,2,NA,NA
HAT-P-17,2,0.838,0.857
HAT-P-17,2,0.838682,0.92
HAT-P-17,2,0.838,0.857
HAT-P-17,2,0.837,0.857
HAT-P-18,1,0.740113,0.773
HAT-P-18,1,0.717,0.77
HAT-P-18,1,NA,0.77
HAT-P-18,1,0.740113,NA
HAT-P-18,1,0.749,0.77
HAT-P-18,1,0.749,0.77
HAT-P-18,1,0.740113,0.773
HAT-P-18,1,NA,NA
HAT-P-18,1,0.749,0.77
HAT-P-18,1,NA,NA
HAT-P-18,1,0.749,0.77
HAT-P-18,1,0.749,0.77
HAT-P-19,1,0.82,0.842
HAT-P-19,1,0.795696,NA
HAT-P-19,1,0.773,0.807
HAT-P-19,1,0.82,0.842
HAT-P-19,1,0.82,0.842
HAT-P-19,1,0.795696,0.831
HAT-P-19,1,0.82,0.842
HAT-P-19,1,NA,NA
HAT-P-2,2,1.474,1.298
HAT-P-2,2,1.64,1.36
HAT-P-2,2,1.506,1.308
HAT-P-2,2,1.7,NA
HAT-P-2,2,1.68,1.279
HAT-P-2,2,NA,1.36
HAT-P-2,2,1.71,1.93
HAT-P-2,2,1.506,1.308
HAT-P-2,2,1.64,1.36
HAT-P-2,2,1.416,1.298
HAT-P-2,2,1.39,1.33
HAT-P-2,2,NA,1.33
HAT-P-2,2,NA,NA
HAT-P-2,2,1.39,1.33
HAT-P-2,2,NA,NA
HAT-P-2,2,NA,NA
HAT-P-2,2,NA,NA
HAT-P-2,2,NA,1.33
HAT-P-20,1,0.694,0.756
HAT-P-20,1,NA,0.756
HAT-P-20,1,0.678271,0.73
HAT-P-20,1,0.6796,0.742
HAT-P-20,1,0.68,NA
HAT-P-20,1,NA,NA
HAT-P-20,1,0.694,0.756
HAT-P-20,1,0.694,0.756
HAT-P-20,1,NA,NA
HAT-P-20,1,0.694,0.756
HAT-P-21,1,1.21,1.24
HAT-P-21,1,1.248,0.998
HAT-P-21,1,1.105,0.947
HAT-P-21,1,1.26,NA
HAT-P-21,1,NA,NA
HAT-P-21,1,1.21,1.24
HAT-P-21,1,1.105,0.947
HAT-P-21,1,1.105,0.947
HAT-P-22,1,1.062,0.936
HAT-P-22,1,1.04,NA
HAT-P-22,1,NA,NA
HAT-P-22,1,1.04,0.916
HAT-P-22,1,1.11,1.13
HAT-P-22,1,NA,0.916
HAT-P-22,1,NA,NA
HAT-P-22,1,1.04,0.916
HAT-P-22,1,1.04,0.916
HAT-P-22,1,1.04,0.916
HAT-P-22,1,NA,NA
HAT-P-23,1,NA,NA
HAT-P-23,1,1.203,1.13
HAT-P-23,1,NA,NA
HAT-P-23,1,1.15176,NA
HAT-P-23,1,1.203,1.13
HAT-P-23,1,0.96,0.58
HAT-P-23,1,1.089,1.104
HAT-P-23,1,NA,NA
HAT-P-23,1,1.29,1.13
HAT-P-23,1,1.203,1.13
HAT-P-23,1,1.203,1.13
HAT-P-24,1,1.38,1.37
HAT-P-24,1,NA,NA
HAT-P-24,1,1.317,1.191
HAT-P-24,1,1.41886,NA
HAT-P-24,1,1.317,1.191
HAT-P-24,1,1.317,1.191
HAT-P-24,1,NA,NA
HAT-P-24,1,1.317,1.191
HAT-P-24,1,NA,1.191
HAT-P-24,1,1.322,1.191
HAT-P-25,1,0.907682,0.993
HAT-P-25,1,0.959,1.01
HAT-P-25,1,0.919,1.012
HAT-P-25,1,0.959,1.01
HAT-P-25,1,NA,NA
HAT-P-25,1,0.907682,NA
HAT-P-25,1,0.959,1.01
HAT-P-25,1,0.959,1.01
HAT-P-26,1,NA,0.816
HAT-P-26,1,0.788,0.816
HAT-P-26,1,NA,NA
HAT-P-26,1,0.788,0.816
HAT-P-26,1,0.788,0.816
HAT-P-26,1,0.788,0.816
HAT-P-26,1,0.859778,NA
HAT-P-26,1,0.859778,0.846
HAT-P-26,1,0.87,1.12
HAT-P-26,1,0.916,0.796
HAT-P-27,1,0.87,0.92
HAT-P-27,1,0.864673,0.916
HAT-P-27,1,0.898,0.945
HAT-P-27,1,0.898,0.945
HAT-P-27,1,0.864673,0.916
HAT-P-27,1,NA,NA
HAT-P-27,1,0.898,0.945
HAT-P-27,1,0.864673,NA
HAT-P-28,1,1.103,1.025
HAT-P-28,1,1.103,1.025
HAT-P-28,1,1.04613,NA
HAT-P-28,1,1.103,1.025
HAT-P-28,1,1.103,1.025
HAT-P-29,1,NA,NA
HAT-P-29,1,1.224,1.207
HAT-P-29,1,1.224,1.207
HAT-P-29,1,1.224,1.207
HAT-P-29,1,1.237,1.199
HAT-P-29,1,1.23052,NA
HAT-P-29,1,1.23052,1.141
HAT-P-29,1,NA,1.207
HAT-P-29,1,1.3,1.45
HAT-P-29,1,1.224,1.207
HAT-P-29,1,1.272,1.206
HAT-P-3,1,0.833,0.928
HAT-P-3,1,0.87,0.9
HAT-P-3,1,0.87,1.06
HAT-P-3,1,0.85,0.925
HAT-P-3,1,0.85,NA
HAT-P-3,1,0.82,NA
HAT-P-3,1,0.833,0.928
HAT-P-3,1,0.824,0.936
HAT-P-3,1,0.799,0.917
HAT-P-3,1,0.833,0.928
HAT-P-3,1,0.833,0.928
HAT-P-3,1,0.8,0.92
HAT-P-3,1,NA,NA
HAT-P-3,1,NA,NA
HAT-P-3,1,0.834,NA
HAT-P-30,1,1.215,1.242
HAT-P-30,1,NA,NA
HAT-P-30,1,NA,NA
HAT-P-30,1,1.215,1.242
HAT-P-30,1,1.31,1.55
HAT-P-30,1,1.33,NA
HAT-P-30,1,1.215,1.242
HAT-P-30,1,1.215,1.242
HAT-P-30,1,1.34004,NA
HAT-P-30,1,NA,1.242
HAT-P-31,1,NA,NA
HAT-P-31,1,1.36,1.218
HAT-P-31,1,NA,1.218
HAT-P-31,1,1.46701,1.153
HAT-P-31,1,1.36,1.218
HAT-P-31,1,1.39,1.31
HAT-P-31,1,1.46701,NA
HAT-P-31,1,1.39,1.31
HAT-P-31,1,1.36,1.218
HAT-P-32,1,NA,NA
HAT-P-32,1,1.219,1.16
HAT-P-32,1,NA,NA
HAT-P-32,1,1.219,1.16
HAT-P-32,1,1.26304,NA
HAT-P-32,1,1.219,NA
HAT-P-32,1,1.367,1.132
HAT-P-32,1,1.19,1.09
HAT-P-32,1,NA,1.16
HAT-P-32,1,1.219,1.16
HAT-P-32,1,1.219,1.16
HAT-P-32,1,NA,NA
HAT-P-32,1,1.219,1.16
HAT-P-33,1,1.637,1.375
HAT-P-33,1,1.79,1.82
HAT-P-33,1,1.637,1.375
HAT-P-33,1,NA,1.38
HAT-P-33,1,1.637,1.375
HAT-P-33,1,1.637,1.375
HAT-P-33,1,NA,NA
HAT-P-33,1,1.91,NA
HAT-P-33,1,1.67,NA
HAT-P-34,1,1.535,1.392
HAT-P-34,1,1.53,1.392
HAT-P-34,1,NA,1.392
HAT-P-34,1,1.73,4.26
HAT-P-34,1,1.56954,1.336
HAT-P-34,1,1.53,1.392
HAT-P-34,1,NA,NA
HAT-P-34,1,1.45,1.36
HAT-P-34,1,NA,NA
HAT-P-34,1,1.57,NA
HAT-P-34,1,1.535,1.392
HAT-P-35,1,1.35672,1.18
HAT-P-35,1,1.35672,NA
HAT-P-35,1,1.435,1.236
HAT-P-35,1,NA,NA
HAT-P-35,1,3.82,23.56
HAT-P-35,1,1.435,1.236
HAT-P-35,1,1.435,1.236
HAT-P-36,1,1.096,1.022
HAT-P-36,1,NA,NA
HAT-P-36,1,1.041,1.03
HAT-P-36,1,1.041,1.03
HAT-P-36,1,1.041,1.03
HAT-P-36,1,1.096,1.022
HAT-P-36,1,1.108,1.049
HAT-P-36,1,1.096,1.022
HAT-P-36,1,1.096,1.022
HAT-P-36,1,1.07,NA
HAT-P-36,1,1,0.78
HAT-P-37,1,NA,NA
HAT-P-37,1,0.877,0.929
HAT-P-37,1,0.867368,NA
HAT-P-37,1,0.877,0.929
HAT-P-37,1,0.877,0.929
HAT-P-37,1,0.887,NA
HAT-P-37,1,0.877,0.929
HAT-P-38,1,0.923,0.886
HAT-P-38,1,1.00936,NA
HAT-P-38,1,1.00936,0.881
HAT-P-38,1,0.923,0.886
HAT-P-38,1,NA,NA
HAT-P-38,1,0.923,0.886
HAT-P-38,1,0.923,0.886
HAT-P-39,1,1.74624,NA
HAT-P-39,1,1.625,1.404
HAT-P-39,1,1.625,1.404
HAT-P-39,1,1.625,1.404
HAT-P-4,1,1.59,1.26
HAT-P-4,1,1.596,1.248
HAT-P-4,1,1.596,1.248
HAT-P-4,1,1.596,1.248
HAT-P-4,1,1.596,1.248
HAT-P-4,1,1.6,1.271
HAT-P-4,1,1.602,1.26
HAT-P-4,1,NA,1.26
HAT-P-4,1,1.6,NA
HAT-P-4,1,1.617,0.556
HAT-P-4,1,NA,NA
HAT-P-4,1,1.59,1.26
HAT-P-40,1,2.206,1.512
HAT-P-40,1,2.09465,NA
HAT-P-40,1,NA,NA
HAT-P-40,1,2.206,1.512
HAT-P-40,1,1.94,1.03
HAT-P-40,1,2.206,1.512
HAT-P-40,1,2.206,1.512
HAT-P-41,1,1.65082,NA
HAT-P-41,1,1.683,1.418
HAT-P-41,1,1.683,1.418
HAT-P-41,1,1.683,1.418
HAT-P-41,1,1.683,1.418
HAT-P-41,1,1.19,1.28
HAT-P-41,1,1.683,1.418
HAT-P-41,1,2.05,2.56
HAT-P-42,1,1.53,1.178
HAT-P-42,1,1.41374,NA
HAT-P-42,1,1.53,1.178
HAT-P-42,1,1.41374,1.059
HAT-P-42,1,NA,NA
HAT-P-42,1,1.53,1.178
HAT-P-42,1,1.53,1.178
HAT-P-43,1,NA,NA
HAT-P-43,1,1.103,1.048
HAT-P-43,1,1.103,1.048
HAT-P-43,1,1.103,1.048
HAT-P-43,1,1.103,1.048
HAT-P-43,1,1.1062,1.01
HAT-P-43,1,1.11,NA
HAT-P-43,1,1.08,1.03
HAT-P-44,2,1.033,0.86
HAT-P-44,2,1.03,NA
HAT-P-44,2,0.949,0.942
HAT-P-44,2,0.949,0.942
HAT-P-44,2,NA,NA
HAT-P-44,2,0.949,0.942
HAT-P-44,2,0.949,0.942
HAT-P-45,1,1.319,1.259
HAT-P-45,1,1.319,1.259
HAT-P-45,1,1.45054,NA
HAT-P-45,1,NA,NA
HAT-P-45,1,1.45054,0.99
HAT-P-45,1,1.319,1.259
HAT-P-46,1,1.396,1.284
HAT-P-46,1,NA,NA
HAT-P-46,1,1.39514,NA
HAT-P-46,1,1.39514,1.763
HAT-P-46,1,1.396,1.284
HAT-P-49,1,1.833,NA
HAT-P-49,1,2.06,2.22
HAT-P-49,1,1.833,1.543
HAT-P-49,1,1.833,1.543
HAT-P-49,1,1.833,1.543
HAT-P-49,1,1.96,NA
HAT-P-49,1,1.833,1.543
HAT-P-49,1,NA,NA
HAT-P-5,1,1.165,1.157
HAT-P-5,1,1.12,1.04
HAT-P-5,1,NA,NA
HAT-P-5,1,1.12956,NA
HAT-P-5,1,NA,NA
HAT-P-5,1,NA,NA
HAT-P-5,1,1.167,1.16
HAT-P-5,1,1.137,1.163
HAT-P-5,1,NA,NA
HAT-P-5,1,1.12,1.04
HAT-P-5,1,1.12,1.04
HAT-P-50,1,NA,NA
HAT-P-50,1,1.698,1.273
HAT-P-50,1,1.698,1.273
HAT-P-50,1,1.698,1.273
HAT-P-50,1,1.698,1.273
HAT-P-50,1,1.72958,NA
HAT-P-50,1,1.698,1.273
HAT-P-51,1,1.041,0.976
HAT-P-51,1,1.041,0.976
HAT-P-51,1,1.00689,NA
HAT-P-51,1,1.041,0.976
HAT-P-51,1,0.995,0.961
HAT-P-51,1,1.041,0.976
HAT-P-52,1,0.893,0.887
HAT-P-52,1,0.893,0.887
HAT-P-52,1,0.893,0.887
HAT-P-52,1,0.856613,0.84
HAT-P-52,1,0.86,NA
HAT-P-52,1,0.893,0.887
HAT-P-52,1,NA,NA
HAT-P-53,1,1.209,1.093
HAT-P-53,1,1.209,1.093
HAT-P-53,1,1.209,1.093
HAT-P-53,1,1.209,1.093
HAT-P-53,1,1.09703,NA
HAT-P-53,1,NA,NA
HAT-P-54,1,0.759375,NA
HAT-P-54,1,0.64,NA
HAT-P-54,1,0.617,0.645
HAT-P-54,1,NA,NA
HAT-P-54,1,0.68,NA
HAT-P-54,1,0.617,0.645
HAT-P-54,1,0.617,0.645
HAT-P-54,1,0.617,0.645
HAT-P-54,1,0.693,NA
HAT-P-54,1,NA,NA
HAT-P-55,1,1.011,1.013
HAT-P-55,1,1.105,1.028
HAT-P-55,1,1.011,1.013
HAT-P-55,1,1.011,1.013
HAT-P-55,1,1.011,1.013
HAT-P-55,1,1.011,1.013
HAT-P-55,1,1.06725,NA
HAT-P-55,1,NA,NA
HAT-P-56,1,1.47,1.42
HAT-P-56,1,1.428,1.296
HAT-P-56,1,1.428,1.296
HAT-P-56,1,NA,NA
HAT-P-56,1,1.439,NA
HAT-P-56,1,NA,NA
HAT-P-56,1,1.88,1.53
HAT-P-56,1,1.428,1.296
HAT-P-56,1,1.4707,NA
HAT-P-56,1,1.8,NA
HAT-P-56,1,1.428,1.296
HAT-P-57,1,1.5,1.47
HAT-P-57,1,1.85,2.77
HAT-P-57,1,1.5,1.47
HAT-P-57,1,1.51554,NA
HAT-P-57,1,1.5,1.47
HAT-P-58,1,NA,NA
HAT-P-58,1,1.53,1.031
HAT-P-58,1,1.53012,NA
HAT-P-59,1,1.15614,NA
HAT-P-59,1,NA,NA
HAT-P-59,1,1.1038,1.008
HAT-P-59,1,1.1038,1.008
HAT-P-6,1,NA,1.29
HAT-P-6,1,1.62,1.79
HAT-P-6,1,1.57,NA
HAT-P-6,1,1.46,1.29
HAT-P-6,1,1.46,1.29
HAT-P-6,1,1.518,1.295
HAT-P-6,1,NA,NA
HAT-P-6,1,1.463,1.29
HAT-P-6,1,1.46,1.29
HAT-P-6,1,NA,NA
HAT-P-6,1,1.46,1.29
HAT-P-60,1,2.197,1.435
HAT-P-60,1,2.18,NA
HAT-P-60,1,NA,NA
HAT-P-60,1,NA,NA
HAT-P-61,1,0.938,1.004
HAT-P-61,1,1.02592,NA
HAT-P-62,1,1.2406,NA
HAT-P-62,1,1.17,1.023
HAT-P-62,1,1.17,1.023
HAT-P-63,1,1.0408,NA
HAT-P-63,1,0.9661,0.925
HAT-P-64,1,1.75,NA
HAT-P-64,1,NA,NA
HAT-P-64,1,1.735,1.298
HAT-P-65,1,1.666,1.297
HAT-P-65,1,1.86,1.212
HAT-P-65,1,1.86,1.212
HAT-P-65,1,1.86,1.212
HAT-P-65,1,1.66978,NA
HAT-P-66,1,1.881,1.255
HAT-P-66,1,1.881,1.255
HAT-P-66,1,NA,NA
HAT-P-66,1,1.95,NA
HAT-P-66,1,1.881,1.255
HAT-P-67,1,2.546,1.642
HAT-P-67,1,2.65,NA
HAT-P-67,1,NA,NA
HAT-P-67,1,2.62,1.73
HAT-P-67,1,2.546,1.642
HAT-P-68,1,0.794584,NA
HAT-P-68,1,0.6701,0.6785
HAT-P-68,1,0.6701,0.6785
HAT-P-69,1,1.926,1.648
HAT-P-69,1,1.926,1.648
HAT-P-69,1,NA,NA
HAT-P-69,1,1.926,1.648
HAT-P-69,1,1.91,NA
HAT-P-7,1,1.99,1.35
HAT-P-7,1,1.99,NA
HAT-P-7,1,1.84,1.47
HAT-P-7,1,NA,NA
HAT-P-7,1,1.99356,1.347
HAT-P-7,1,1.955,1.511
HAT-P-7,1,1.84,1.47
HAT-P-7,1,1.84,1.47
HAT-P-7,1,2,1.56
HAT-P-7,1,1.991,NA
HAT-P-7,1,NA,NA
HAT-P-7,1,2,1.51
HAT-P-7,1,NA,1.361
HAT-P-7,1,1.96,1.47
HAT-P-7,1,1.99356,1.347
HAT-P-7,1,2,1.51
HAT-P-7,1,2.71,1.66
HAT-P-7,1,1.991,1.52
HAT-P-7,1,1.991,1.52
HAT-P-7,1,1.991,1.52
HAT-P-7,1,1.952,1.449
HAT-P-7,1,1.99356,1.347
HAT-P-7,1,1.84,1.47
HAT-P-7,1,1.973,1.515
HAT-P-70,1,NA,NA
HAT-P-70,1,1.858,1.89
HAT-P-70,1,1.858,1.89
HAT-P-70,1,1.97,NA
HAT-P-70,1,1.858,1.89
HAT-P-8,1,NA,NA
HAT-P-8,1,NA,1.192
HAT-P-8,1,1.58,1.28
HAT-P-8,1,1.58,1.28
HAT-P-8,1,1.58,1.28
HAT-P-8,1,1.4311,NA
HAT-P-8,1,1.58,1.28
HAT-P-8,1,1.475,1.192
HAT-P-8,1,NA,NA
HAT-P-8,1,1.57,1.27
HAT-P-9,1,1.338,1.281
HAT-P-9,1,1.3,NA
HAT-P-9,1,1.338,1.281
HAT-P-9,1,1.32,1.28
HAT-P-9,1,1.339,1.28
HAT-P-9,1,NA,1.28
HAT-P-9,1,1.32,1.28
HAT-P-9,1,1.32,1.28
HAT-P-9,1,1.32,1.28
HAT-P-9,1,NA,NA
HATS-1,1,1.038,0.986
HATS-1,1,0.913091,NA
HATS-1,1,NA,NA
HATS-1,1,1.038,0.986
HATS-1,1,1.038,0.986
HATS-1,1,1.038,0.986
HATS-10,1,1.105,1.101
HATS-10,1,1.105,1.101
HATS-10,1,1.105,1.101
HATS-10,1,1.23194,NA
HATS-11,1,0.89,NA
HATS-11,1,1.444,1
HATS-11,1,1.54,1.33
HATS-11,1,1.46198,NA
HATS-11,1,1.444,1
HATS-11,1,1.46198,1.06
HATS-11,1,1.51,NA
HATS-12,1,NA,NA
HATS-12,1,1.29462,1.214365
HATS-12,1,1.17,1.16
HATS-12,1,1.22,NA
HATS-12,1,NA,NA
HATS-12,1,2.21,1.489
HATS-12,1,0.822,NA
HATS-13,1,0.887,0.962
HATS-13,1,0.809868,NA
HATS-13,1,0.887,0.962
HATS-13,1,0.887,0.962
HATS-13,1,NA,NA
HATS-13,1,0.887,0.962
HATS-13,1,0.887,0.962
HATS-14,1,0.933,0.967
HATS-14,1,0.933,0.967
HATS-14,1,0.933,0.967
HATS-14,1,0.93,0.97
HATS-14,1,0.984866,NA
HATS-14,1,NA,NA
HATS-15,1,1.61423,NA
HATS-15,1,0.922,0.871
HATS-16,1,1.18274,NA
HATS-16,1,1.238,0.97
HATS-16,1,1.238,0.97
HATS-16,1,NA,NA
HATS-17,1,NA,NA
HATS-17,1,1.32,NA
HATS-17,1,1.091,1.131
HATS-17,1,1.091,1.131
HATS-17,1,1.091,1.131
HATS-18,1,1.02,1.037
HATS-18,1,1.01656,NA
HATS-18,1,1.02,1.037
HATS-18,1,NA,NA
HATS-18,1,1.02,1.037
HATS-2,1,0.898,0.882
HATS-2,1,0.876,0.904
HATS-2,1,0.898,0.882
HATS-2,1,0.931471,NA
HATS-2,1,0.898,0.882
HATS-2,1,0.898,0.882
HATS-2,1,NA,NA
HATS-22,1,0.689,0.759
HATS-22,1,0.689,0.759
HATS-22,1,0.689,0.759
HATS-22,1,NA,NA
HATS-22,1,0.689,0.759
HATS-22,1,0.793235,NA
HATS-23,1,1.199,1.121
HATS-23,1,1.2,NA
HATS-23,1,1.199,1.121
HATS-24,1,NA,NA
HATS-24,1,1.194,1.218
HATS-24,1,1.172,1.212
HATS-24,1,1.12,1.07
HATS-24,1,1.172,1.212
HATS-24,1,1.14759,NA
HATS-24,1,1.12,1.07
HATS-24,1,1.172,1.212
HATS-25,1,1.107,0.994
HATS-25,1,1.11852,NA
HATS-25,1,NA,NA
HATS-25,1,1.107,0.994
HATS-25,1,1.107,0.994
HATS-26,1,2.04,1.299
HATS-26,1,1.91031,NA
HATS-26,1,2.04,1.299
HATS-26,1,NA,NA
HATS-26,1,2.04,1.299
HATS-27,1,1.74,1.415
HATS-27,1,1.68054,NA
HATS-27,1,NA,NA
HATS-27,1,1.74,1.415
HATS-27,1,1.74,1.415
HATS-28,1,0.922,0.929
HATS-28,1,0.92,NA
HATS-28,1,0.922,0.929
HATS-28,1,NA,NA
HATS-29,1,1.07,NA
HATS-29,1,1.073,1.032
HATS-29,1,1.066,1.055
HATS-29,1,1.073,1.032
HATS-29,1,1.073,1.032
HATS-29,1,1.073,1.032
HATS-3,1,1.404,1.209
HATS-3,1,1.404,1.209
HATS-3,1,1,0.44
HATS-3,1,1.404,1.209
HATS-3,1,1.4,1.21
HATS-3,1,NA,NA
HATS-3,1,1.4,NA
HATS-3,1,1.404,1.209
HATS-30,1,NA,NA
HATS-30,1,1.061,1.093
HATS-30,1,1.15706,NA
HATS-30,1,1.061,1.093
HATS-30,1,1.061,1.093
HATS-31,1,1.66165,NA
HATS-31,1,1.87,1.275
HATS-31,1,1.87,1.275
HATS-32,1,1.097,1.099
HATS-32,1,NA,NA
HATS-32,1,1.00957,NA
HATS-32,1,1.097,1.099
HATS-33,1,1.022,1.062
HATS-33,1,1.022,1.062
HATS-33,1,NA,NA
HATS-33,1,1.022,1.062
HATS-33,1,1.03997,NA
HATS-33,1,1.022,1.062
HATS-33,1,1.022,1.062
HATS-34,1,0.98,0.955
HATS-34,1,0.98,0.955
HATS-34,1,0.940697,NA
HATS-34,1,0.98,0.955
HATS-35,1,1.35,NA
HATS-35,1,1.433,1.317
HATS-35,1,1.433,1.317
HATS-35,1,1.433,1.317
HATS-35,1,NA,NA
HATS-36,1,1.08854,NA
HATS-36,1,1.0878,NA
HATS-36,1,1.15,NA
HATS-36,1,1.1,1.1
HATS-36,1,1.155,1.222
HATS-37 A,1,0.877,0.843
HATS-38,1,1.105,0.89
HATS-38,1,NA,NA
HATS-38,1,1.11563,NA
HATS-39,1,1.621,1.379
HATS-39,1,1.621,1.379
HATS-39,1,1.621,1.379
HATS-39,1,1.78295,NA
HATS-39,1,NA,NA
HATS-4,1,0.925,1.001
HATS-4,1,0.925,1.001
HATS-4,1,0.93,1
HATS-4,1,0.982638,NA
HATS-4,1,0.925,1.001
HATS-4,1,NA,NA
HATS-4,1,0.925,1.001
HATS-40,1,2.08347,NA
HATS-40,1,2.26,1.561
HATS-40,1,2.26,1.561
HATS-40,1,2.26,1.561
HATS-41,1,1.71,1.496
HATS-41,1,1.71,1.496
HATS-41,1,NA,NA
HATS-41,1,1.71,1.496
HATS-41,1,1.62776,NA
HATS-42,1,1.26526,NA
HATS-42,1,1.48,1.273
HATS-42,1,NA,NA
HATS-42,1,1.48,1.273
HATS-42,1,1.48,1.273
HATS-43,1,0.812,0.837
HATS-43,1,0.812,0.837
HATS-43,1,0.812,0.837
HATS-43,1,NA,NA
HATS-43,1,0.877856,NA
HATS-43,1,0.812,0.837
HATS-44,1,0.847,0.86
HATS-44,1,0.885702,NA
HATS-44,1,0.847,0.86
HATS-45,1,1.315,1.272
HATS-45,1,1.23733,NA
HATS-45,1,1.315,1.272
HATS-45,1,1.315,1.272
HATS-45,1,NA,NA
HATS-46,1,0.853,0.917
HATS-46,1,0.853,0.917
HATS-46,1,NA,NA
HATS-46,1,0.877585,NA
HATS-46,1,0.853,0.917
HATS-47,1,NA,NA
HATS-47,1,0.6983,NA
HATS-47,1,0.6564,0.674
HATS-47,1,0.6564,0.674
HATS-48 A,1,0.7152,0.7279
HATS-48 A,1,NA,NA
HATS-48 A,1,0.7152,0.7279
HATS-48 A,1,0.76701,NA
HATS-49,1,0.6977,0.7133
HATS-49,1,0.775548,NA
HATS-5,1,0.871,0.936
HATS-5,1,0.87,0.94
HATS-5,1,0.871,0.936
HATS-5,1,0.871,0.936
HATS-5,1,NA,NA
HATS-5,1,0.871,0.936
HATS-5,1,0.87551,NA
HATS-50,1,1.117,1.168
HATS-50,1,1.2148,NA
HATS-51,1,1.44,1.187
HATS-51,1,1.22959,NA
HATS-51,1,1.44,1.187
HATS-51,1,1.44,1.187
HATS-51,1,NA,NA
HATS-52,1,1.02,NA
HATS-52,1,1.046,1.111
HATS-52,1,1.046,1.111
HATS-52,1,NA,NA
HATS-53,1,NA,NA
HATS-53,1,1.101,0.964
HATS-53,1,1.101,0.964
HATS-53,1,1.06,NA
HATS-54,1,1.23,1.05
HATS-54,1,1.31,NA
HATS-54,1,1.317,1.097
HATS-55,1,1.07,NA
HATS-55,1,1.126,1.1955
HATS-55,1,NA,NA
HATS-55,1,1.126,1.1955
HATS-56,1,NA,NA
HATS-56,1,2.201,1.573
HATS-56,1,2.13,NA
HATS-56,1,2.201,1.573
HATS-57,1,0.96,1.026
HATS-57,1,NA,NA
HATS-57,1,0.96,1.026
HATS-57,1,0.97,NA
HATS-57,1,0.96,1.026
HATS-58 A,1,NA,NA
HATS-58 A,1,1,NA
HATS-58 A,1,1.433,1.461
HATS-58 A,1,1.433,1.461
HATS-59,2,1.036,1.038
HATS-59,2,1.1,NA
HATS-59,2,NA,NA
HATS-59,2,1.036,1.038
HATS-6,1,0.57,0.574
HATS-6,1,0.596801,NA
HATS-6,1,0.57,0.574
HATS-6,1,NA,NA
HATS-6,1,0.57,0.574
HATS-6,1,0.57,0.574
HATS-60,1,1.46,1.097
HATS-60,1,1.47,NA
HATS-60,1,1.46,1.097
HATS-60,1,NA,NA
HATS-60,1,1.46,1.097
HATS-61,1,1.664,1.076
HATS-61,1,NA,NA
HATS-61,1,1.64,NA
HATS-62,1,0.944511,NA
HATS-62,1,0.933,0.896
HATS-63,1,1.07,0.931
HATS-63,1,1.07,0.931
HATS-63,1,1.03865,NA
HATS-63,1,NA,NA
HATS-64,1,2.09179,NA
HATS-64,1,2.113,1.564
HATS-64,1,NA,NA
HATS-64,1,2.113,1.564
HATS-65,1,1.29988,NA
HATS-65,1,1.31,1.257
HATS-65,1,1.31,1.257
HATS-66,1,1.73409,NA
HATS-66,1,1.841,1.411
HATS-66,1,1.841,1.411
HATS-67,1,1.441,1.435
HATS-67,1,NA,NA
HATS-67,1,1.441,1.435
HATS-67,1,1.43,NA
HATS-68,1,1.748,1.351
HATS-68,1,2.00441,NA
HATS-68,1,1.748,1.351
HATS-68,1,1.748,1.351
HATS-68,1,NA,NA
HATS-69,1,0.8785,0.892
HATS-69,1,NA,NA
HATS-69,1,0.883426,NA
HATS-69,1,0.8785,0.892
HATS-7,1,0.815,0.849
HATS-7,1,0.815,0.849
HATS-7,1,0.781959,NA
HATS-7,1,0.815,0.849
HATS-7,1,0.815,0.849
HATS-70,1,1.881,1.78
HATS-70,1,1.881,1.78
HATS-70,1,1.881,1.78
HATS-70,1,2.12128,NA
HATS-70,1,NA,NA
HATS-71,1,NA,NA
HATS-71,1,0.445372,NA
HATS-71,1,0.4783,0.4861
HATS-71,1,0.4783,0.4861
HATS-72,1,0.79,NA
HATS-72,1,NA,NA
HATS-72,1,0.7214,0.7311
HATS-72,1,0.7214,0.7311
HATS-74 A,1,0.5758,0.601
HATS-74 A,1,0.615219,NA
HATS-75,1,0.5848,0.6017
HATS-75,1,0.587106,NA
HATS-76,1,0.6259,0.662
HATS-76,1,0.633668,NA
HATS-77,1,0.69386,NA
HATS-77,1,0.6428,0.655
HATS-8,1,1.086,1.056
HATS-8,1,1.086,1.056
HATS-8,1,1.11542,NA
HATS-9,1,1.592,NA
HATS-9,1,1.503,1.03
HATS-9,1,1.94,NA
HATS-9,1,1.58042,0.963
HATS-9,1,1.56,1.1
HATS-9,1,1.58042,NA
HATS-9,1,1.503,1.03
HD 100508,1,NA,0.94
HD 100508,1,NA,0.94
HD 100546,1,NA,2.4
HD 100655,1,9.3,2.4
HD 100655,1,10.06,2.28
HD 100777,1,1.04,0.83
HD 100777,1,NA,1.01
HD 100777,1,NA,1.08
HIP 56998,2,0.630715,NA
HIP 56998,2,0.63,0.653
HIP 56998,2,0.63,0.653
HIP 56998,2,0.630715,NA
HD 10180,6,1.109,1.06
HD 10180,6,NA,1.06
HD 10180,6,NA,NA
HD 10180,6,NA,1.06
HD 10180,6,NA,NA
HD 10180,6,1.109,1.06
HD 10180,6,NA,1.06
HD 10180,6,1.109,1.06
HD 10180,6,NA,1.06
HD 10180,6,1.109,1.06
HD 10180,6,NA,1.06
HD 10180,6,NA,NA
HD 10180,6,1.109,1.06
HD 10180,6,1.109,1.06
HD 10180,6,NA,1.06
HD 101930,1,0.86,0.57
HD 101930,1,NA,0.74
HD 102117,1,1.23,1.06
HD 102117,1,1.24307,1.01
HD 102117,1,NA,1.03
HD 102117,1,NA,1.11
HD 102117,1,NA,0.95
HD 102195,1,NA,0.92
HD 102195,1,0.82,0.76
HD 102195,1,NA,0.87
HD 102195,1,0.835,0.926
HD 102272,1,10.3,1.45
HD 102272,1,10.1,1.9
HD 102272,1,NA,1.6
HD 102329,2,9.82,3.21
HD 102329,2,6.3,1.95
HD 102329,2,NA,1.3
HD 102843,1,NA,0.95
HD 102888,1,8.6,2.42
HD 102956,1,4.41,1.59
HD 102956,1,4.55,1.66
HD 102956,1,4.4,1.68
HD 103197,1,0.88,0.8
HD 103197,1,NA,0.9
HD 103720,1,0.73,0.794
HD 103774,1,NA,1.335
HD 103891,1,NA,1.28
HD 103891,1,2.22,1.28
HD 103949,1,NA,0.77
HD 104067,2,0.74,0.62
HD 104067,2,0.78,0.82
HD 104067,2,NA,0.791
HD 104067,2,0.781188,0.817543
HD 104067,2,0.78,0.82
HD 10442,1,4.73,2.58
HD 10442,1,1.97,1.01
HD 10442,1,1.97,1.01
HD 10442,1,NA,1.56
HD 104985,1,11.6298,NA
HD 104985,1,11.12,1.22
HD 104985,1,11,2.3
HD 105618,2,NA,1.01
HD 105618,2,NA,1.01
HD 105779,1,0.94,0.89
HD 106252,1,NA,1.05
HD 106252,1,NA,1.007
HD 106252,1,1.11786,1.06
HD 106252,1,1.1,1.01
HD 106252,1,1.05,1.03
HD 106270,1,2.5,1.32
HD 106270,1,NA,1.33
HD 106270,1,2.66,1.39
HD 106270,1,NA,1.48
HD 106315,2,1.269,1.154
HD 106315,2,1.281,1.027
HD 106315,2,1.296,1.091
HD 106315,2,1.269,NA
HD 106315,2,1.29,1.08
HD 106315,2,1.273595,1.119172
HD 106315,2,1.18,1.07
HD 106315,2,1.2427,NA
HD 106315,2,1.222,1.091
HD 106315,2,1.2427,NA
HD 106315,2,1.273595,1.119172
HD 106315,2,1.296,1.091
HD 106315,2,1.31,1.079
HD 106315,2,1.18,1.07
HD 106315,2,1.269,1.154
HD 106315,2,1.269,NA
HD 106315,2,1.299,1.024
HD 106315,2,1.29,1.08
HD 106315,2,1.18,1.07
HD 106315,2,1.2427,1.33
HD 106315,2,1.281,1.027
HD 10647,1,NA,NA
HD 10647,1,NA,1.1
HD 10647,1,1.1,1.11
HD 106515 A,1,NA,0.93
HD 106515 A,1,0.91,0.888
HD 106515 A,1,NA,0.89
HD 106515 A,1,1.62,0.97
HD 106906,1,NA,1.5
HD 106906,1,2.12351,1.32
HD 10697,1,1.79,1.13
HD 10697,1,NA,1.13
HD 10697,1,NA,0.99
HD 10697,1,1.83908,0.99
HD 10697,1,1.863076,1.155848
HD 10697,1,NA,1.112
HD 107148,2,1.169193,1.105215
HD 107148,2,NA,1.12
HD 107148,2,1.169193,1.105215
HD 108147,1,1.20664,1.22
HD 108147,1,NA,1.27
HD 108202,1,NA,0.74
HD 108202,1,NA,0.739
HD 108236,5,0.877,0.869
HD 108236,5,0.888,0.97
HD 108236,5,0.864173,NA
HD 108236,5,0.888,0.97
HD 108236,5,0.888,0.97
HD 108236,5,0.877,0.869
HD 108236,5,0.888,0.97
HD 108236,5,0.864173,NA
HD 108236,5,0.877,0.869
HD 108236,5,0.888,0.97
HD 108236,5,0.888,0.97
HD 108236,5,0.864173,NA
HD 108236,5,0.877,0.869
HD 108341,1,0.79,0.843
HD 108341,1,NA,0.843
HD 108863,1,7.19,2.17
HD 108863,1,5.6,1.85
HD 108863,1,5.74,1.59
HD 108874,2,1.05,1.1
HD 108874,2,NA,1
HD 108874,2,NA,0.99
HD 108874,2,NA,0.99
HD 108874,2,1.08736,0.97
HD 108874,2,NA,0.95
HD 108874,2,1.091098,0.995578
HD 108874,2,1.091098,0.995578
HD 108874,2,NA,0.99
HD 108874,2,NA,0.95
HD 108874,2,1.08736,0.97
HD 108874,2,NA,0.99
HD 109246,1,1.02,1.01
HD 109246,1,1.07,1.2
HD 109271,2,NA,1.047
HD 109271,2,NA,1.047
HD 109286,1,1.089,0.98
HD 109749,1,1.22,1.13
HD 109749,1,1.24,1.2
HD 109749,1,1.28,1.23
HD 10975,1,11.16,1.41
HD 109833,2,1,1.08
HD 109833,2,0.98,NA
HD 109833,2,1,1.08
HD 109833,2,0.983215,NA
HD 109988,1,NA,0.88
HD 110014,1,20.9,2.17
HD 110014,1,NA,2.09
HD 110014,1,NA,2.1
HD 110067,6,0.788,0.798
HD 110067,6,0.788,0.798
HD 110067,6,0.788,0.798
HD 110067,6,0.788,0.798
HD 110067,6,0.788,0.798
HD 110067,6,0.788,0.798
HD 110082,1,1.19,1.21
HD 110082,1,1.14582,NA
HD 110113,2,0.968,0.997
HD 110113,2,0.968,0.997
HD 110113,2,0.986649,NA
HD 110113,2,0.986649,NA
HD 110113,2,0.968,0.997
HD 110537,1,NA,1.02
HD 11112,1,NA,1.07
HD 111232,2,0.9,0.84
HD 111232,2,NA,0.96
HD 111232,2,NA,NA
HD 111232,2,NA,0.78
HD 111232,2,NA,0.83
HD 111232,2,NA,0.75
HD 111232,2,NA,0.96
HD 111232,2,NA,0.83
HD 111591,1,8.03,1.94
HD 111998,1,1.45,1.18
HD 111998,1,NA,1.4
HD 112300,1,65.8,1.4
HD 112570,1,9.85,1.15
HD 112640,1,39,1.8
HD 113337,2,1.5,NA
HD 113337,2,NA,1.41
HD 113337,2,1.5,1.4
HD 113337,2,NA,1.41
HD 113337,2,NA,1.4
HIP 8541,2,NA,2.009
HD 113538,2,0.53,0.585
HD 113538,2,0.65,0.7
HD 113538,2,0.53,0.585
HD 113538,2,0.65,0.7
HD 113996,1,25.11,1.49
HD 114082,1,1.49,1.47
HD 114386,2,NA,0.8
HD 114386,2,0.76,0.6
HD 114386,2,NA,0.68
HD 114386,2,NA,0.8
HD 114729,1,NA,0.93
HD 114729,1,1.650594,0.955311
HD 114729,1,1.55,1.24
HD 114729,1,NA,1
HD 114729,1,1.473,0.936
HD 114783,2,0.839444,0.85
HD 114783,2,NA,0.853
HD 114783,2,NA,0.9
HD 114783,2,0.840622,0.866925
HD 114783,2,NA,0.92
HD 114783,2,NA,0.9
HD 114783,2,0.840622,0.866925
HD 114783,2,NA,0.853
HD 114783,2,NA,0.9
HD 11505,1,NA,1.03
HD 11506,3,NA,1.268
HD 11506,3,1.24,1.51
HD 11506,3,NA,1.22
HD 11506,3,1.38,1.19
HD 11506,3,NA,1.12
HD 11506,3,1.35033,1.12
HD 11506,3,1.34,1.24
HD 11506,3,1.33,1.24
HD 11506,3,1.34,1.24
HD 11506,3,NA,1.22
HD 11506,3,NA,1.12
HD 11506,3,1.33,1.24
HD 11506,3,1.35033,1.12
HD 11506,3,NA,1.268
HD 11506,3,NA,1.22
HD 11506,3,NA,1.12
HD 115404 A,2,NA,0.83
HD 115404 A,2,NA,0.83
HD 115954,1,1.213,1.18
HD 115954,1,NA,1.18
HD 116029,2,4.89,0.83
HD 116029,2,4.6,1.58
HD 116029,2,NA,1.33
HD 117207,1,1.128259,1.024232
HD 117207,1,NA,1.031
HD 117207,1,NA,1.08
HD 117207,1,1.11,0.96
HD 117207,1,1.074,1.053
HD 117207,1,NA,1.053
HD 117207,1,NA,1.04
HD 11755,1,20.58,0.72
HD 11755,1,27.3,0.9
HD 117618,1,NA,1.05
HD 117618,1,1.2,1.17
HD 117618,1,1.18438,1.1
HD 117618,1,NA,1.077
HD 118203,2,2.06,1.84
HD 118203,2,NA,1.23
HD 118203,2,2.05,NA
HD 118203,2,2.1,1.13
HD 118203,2,2.102,1.251
HD 118203,2,2.04,1.27
HD 118203,2,1.993,1.353
HD 118203,2,2.03,1.22
HD 118203,2,2.04,1.27
HD 118203,2,2.03,1.22
HD 11964,2,NA,1.08
HD 11964,2,2.00971,0.91
HD 11964,2,NA,1.12
HD 11964,2,2.0475,1.151343
HD 11964,2,2.0475,1.151343
HD 11964,2,2.00971,0.91
HD 11977,1,10.09,1.91
HD 11977,1,NA,1.8
HD 11977,1,NA,2.31
HD 120084,1,NA,2.15
HD 120084,1,9.12,2.39
HD 120084,1,10.37,2.16
HD 120084,1,NA,2.504
HD 120084,1,11.03,2.661
HD 121504,1,NA,1.18
HD 121504,1,1.07,1.62
HD 12235,2,NA,1.1
HD 12235,2,NA,1.1
HD 122562,1,NA,1.241
HD 124330,1,NA,1.15
HD 12484,1,NA,1.01
HD 125271,1,NA,0.75
HD 125390,1,NA,1.6
HD 125390,1,NA,1.82
HD 125390,1,6.47,1.36
HD 125595,1,0.74,0.29
HD 125595,1,NA,0.756
HD 125595,1,NA,NA
HD 125612,3,1.07,1.19
HD 125612,3,NA,1.091
HD 125612,3,NA,1.05
HD 125612,3,1.05,1.1
HD 125612,3,1.05,1.11
HD 125612,3,1.05,1.11
HD 125612,3,NA,1.091
HD 125612,3,NA,1.05
HD 125612,3,NA,1.091
HD 125612,3,NA,1.05
HD 125612,3,1.05,1.11
HD 12648,1,9.2,1.2
HD 12648,1,11.02,0.67
HD 126525,1,0.979,0.897
HD 12661,2,NA,1.158
HD 12661,2,1.198172,1.084826
HD 12661,2,1.11,1.02
HD 12661,2,1.21377,1
HD 12661,2,1.096,1.07
HD 12661,2,1.2,1.2
HD 12661,2,1.21377,1
HD 12661,2,1.198172,1.084826
HD 12661,2,1.11,1.02
HD 12661,2,1.21377,1
HD 12661,2,1.21377,1
HD 12661,2,NA,1.158
HD 126614,1,1.369794,1.021245
HD 126614,1,1.32,1.26
HD 126614,1,NA,0.96
HD 126614,1,1.09,1.145
HD 127506,1,NA,0.73
HD 128311,2,0.783313,0.837059
HD 128311,2,0.76,0.828
HD 128311,2,NA,0.828
HD 128311,2,NA,0.8
HD 128311,2,NA,0.84
HD 128311,2,NA,0.828
HD 128311,2,0.76,0.828
HD 128311,2,0.783313,0.837059
HD 128311,2,NA,0.828
HD 128311,2,NA,0.84
HD 128311,2,NA,0.828
HD 128356,1,0.85,0.65
HD 128717,1,1.248,1.212
HD 129445,1,NA,1.09
HD 129445,1,NA,0.99
HD 130322,1,0.85,0.92
HD 130322,1,NA,0.79
HD 130322,1,0.872418,0.932783
HD 130322,1,NA,0.836
HD 130322,1,NA,0.85
HD 131496,1,4.44,1.34
HD 131496,1,4.3,1.61
HD 131496,1,5.54,1.62
HD 13167,1,2.39,1.35
HD 13189,1,38.41,2.24
HD 13189,1,41.9843,NA
HD 132406,1,1.34,1.03
HD 132406,1,NA,0.973
HD 132406,1,1.35486,1.03
HD 132406,1,NA,NA
HD 132406,1,NA,1.09
HD 132563,1,1.29577,1.231
HD 133131 A,3,NA,0.95
HD 133131 A,3,NA,0.95
HD 133131 B,3,NA,0.93
HD 134060,2,NA,1.095
HD 134060,2,NA,1.095
HD 134606,5,1.158,1.046
HD 134606,5,1.158,1.046
HD 134606,5,1.158,1.046
HD 134606,5,1.158,1.046
HD 134606,5,1.158,1.046
HD 134987,2,1.25,1.1
HD 134987,2,1.292303,1.092644
HD 134987,2,NA,1.1
HD 134987,2,1.22,1.1
HD 134987,2,NA,1.05
HD 134987,2,1.25,1.1
HD 134987,2,1.292303,1.092644
HD 135344 A,1,1.5,NA
HD 135625,1,NA,1.28
HD 135694,1,1.08,1.02
HD 135694,1,1.0726,0.913
HD 135694,1,1.05,0.9
HD 135694,1,1.08,NA
HD 135872,1,NA,1.646
HD 136118,1,NA,1.18
HD 136118,1,NA,1.21
HD 136352,3,1.02607,NA
HD 136352,3,1.054,0.876
HD 136352,3,NA,NA
HD 136352,3,1.058,0.87
HD 136352,3,1.012,0.906
HD 136352,3,NA,0.81
HD 136352,3,NA,NA
HD 136352,3,1.054,0.876
HD 136352,3,NA,0.81
HD 136352,3,1.02607,NA
HD 136352,3,1.058,0.87
HD 136352,3,1.012,0.906
HD 136352,3,1.054,0.876
HD 136352,3,NA,NA
HD 136352,3,NA,0.81
HD 136352,3,1.02607,NA
HD 136352,3,1.058,0.87
HD 136352,3,1.012,0.906
HD 136418,1,3.4,1.33
HD 136418,1,3.78,1.48
HD 136925,1,1.193078,0.875104
HD 13724,1,NA,1.004
HD 137388,1,0.82,0.86
HD 137388,1,0.88,0.68
HD 137496,2,1.59,1.04
HD 137496,2,1.59,1.04
HD 13808,2,0.781,0.771
HD 13808,2,0.781,0.771
HD 13908,2,1.67,1.29
HD 13908,2,1.67,1.29
HD 13931,1,1.301756,1.015973
HD 13931,1,1.23,1.022
HD 13931,1,NA,1.022
HD 13931,1,NA,1.022
HD 13931,1,1.25,1.3
HD 139357,1,11.47,1.35
HD 139357,1,NA,1.35
HD 139357,1,NA,2.69
HD 1397,1,2.48771,NA
HD 1397,1,2.336,1.324
HD 1397,1,2.336,1.324
HD 1397,1,2.341,1.257
HD 14067,1,12.4,2.4
HD 14067,1,12.4,2.4
HD 14067,1,NA,2.4
HD 14067,1,10.7687,NA
HD 14067,1,NA,2.577
HD 140901,2,NA,0.99
HD 140901,2,NA,0.99
HD 140901,2,NA,1.06
HD 141004,1,NA,NA
HD 141004,1,1.389372,1.051904
HD 141399,4,1.387236,1.091086
HD 141399,4,1.46,1.14
HD 141399,4,NA,1.07
HD 141399,4,1.387236,1.091086
HD 141399,4,1.46,1.14
HD 141399,4,NA,1.07
HD 141399,4,NA,1.07
HD 141399,4,1.46,1.14
HD 141399,4,1.387236,1.091086
HD 141399,4,NA,1.07
HD 141399,4,1.387236,1.091086
HD 141399,4,1.46,1.14
HD 141937,1,0.99,1.03
HD 141937,1,NA,1.1
HD 141937,1,NA,NA
HD 141937,1,1.03,1.09
HD 142,3,NA,1.21
HD 142,3,NA,NA
HD 142,3,NA,1.24
HD 142,3,NA,1.15
HD 142,3,NA,1.21
HD 142,3,1.47,1.232
HD 142,3,1.47,1.232
HD 142,3,NA,1.21
HD 142022 A,1,1.04,0.9
HD 142022 A,1,NA,0.98
HD 142022 A,1,NA,0.99
HD 142245,1,4.63,3.5
HD 142245,1,5.2,1.69
HD 142415,1,1.04,1.07
HD 142415,1,NA,1.03
HD 143105,1,NA,1.51
HD 143361,1,NA,0.95
HD 143361,1,0.916,0.968
HD 143361,1,NA,0.95
HD 143361,1,NA,0.968
HD 143361,1,0.99,0.95
HD 143361,1,NA,1.06
HD 143811 A,1,NA,1.32
HD 143811 A,1,NA,1.3
HD 144899,1,NA,1.16
HD 145377,1,1.05,1.2
HD 145377,1,1.14,1.12
HD 145457,1,NA,1
HD 145457,1,9.9,1.9
HD 145457,1,10.52,1.23
HD 145457,1,9.9,1.9
14 Her,2,NA,0.97
14 Her,2,0.995819,0.969205
14 Her,2,NA,0.91
HD 145934,1,NA,2.058
HD 145934,1,6.930587,1.812692
HD 145934,1,5.38,1.748
HD 1461,2,NA,1.02
HD 1461,2,1.152288,1.03064
HD 1461,2,1.11,1.018
HD 1461,2,1.12896,1.03
HD 1461,2,NA,1.02
HD 1461,2,1.152288,1.03064
HD 147018,2,NA,0.927
HD 147018,2,NA,0.927
HD 147379,1,NA,0.6
HD 147379,1,0.628304,0.648011
HD 147379,1,0.57,0.58
HD 147379,1,NA,0.58
HD 147513,1,NA,1.11
HD 14787,1,5.01,1.43
HD 147873,2,2.29,1.38
HD 147873,2,2.29,1.38
HD 148156,1,1.21,1.22
HD 148164,2,1.34,1.21
HD 148164,2,1.34,1.21
HD 149026,1,NA,NA
HD 149026,1,1.368,1.294
HD 149026,1,NA,NA
HD 149026,1,1.45,1.3
HD 149026,1,1.29,1.271
HD 149026,1,1.368,1.294
HD 149026,1,1.46,NA
HD 149026,1,1.5,1.3
HD 149026,1,1.534,1.34
HD 149026,1,NA,1.345
HD 149026,1,1.541,1.345
HD 149026,1,1.41,1.42
HD 149143,1,1.63,1.73
HD 149143,1,1.49,1.21
HD 149143,1,1.44,1.2
HD 149143,1,NA,1.1
HD 149806,1,NA,0.93
HD 150010,1,16.2,1.3
HD 1502,1,4.67,1.46
HD 1502,1,4.5,1.61
HD 150706,1,NA,1.17
HD 150706,1,0.96,1.17
HD 151450,2,NA,1.14
HD 151450,2,NA,1.14
HD 152079,1,1.15,1.1
HD 152079,1,1.128,1.147
HD 152079,1,NA,1.023
HD 152581,1,5.14,1.3
HD 152581,1,4.8,0.927
HD 152581,1,4.8,1.72
HD 152843,2,1.43,1.15
HD 152843,2,1.39619,NA
HD 152843,2,1.43,1.15
HD 152843,2,1.43,1.15
HD 152843,2,1.39619,NA
HD 152843,2,1.43,1.15
HD 15337,2,0.856,0.9
HD 15337,2,0.855,0.829
HD 15337,2,0.841842,NA
HD 15337,2,0.839,0.851
HD 15337,2,0.841842,NA
HD 15337,2,0.855,0.829
HD 15337,2,0.856,0.9
HD 15337,2,0.839,0.851
HD 153557,3,NA,0.79
HD 153557,3,NA,0.79
HD 153557,3,NA,0.79
HD 153950,1,1.34,1.12
HD 153950,1,1.28,1.25
HD 154088,1,NA,0.91
HD 154345,1,0.85,0.71
HD 154345,1,NA,0.88
HD 154345,1,NA,0.88
HD 154345,1,0.869746,0.95
HD 154345,1,NA,0.893
HD 154345,1,NA,0.89
HD 154345,1,0.87005,0.886394
HD 154345,1,NA,NA
HD 154391,1,8.56,2.07
HD 154672,1,1.32,1.18
HD 154672,1,1.35827,1.03
HD 154672,1,1.44,1.08
HD 154857,2,2.27465,0.99
HD 154857,2,1.76,1.718
HD 154857,2,2.3,1.96
HD 154857,2,1.76,1.718
HD 155193,1,NA,1.221
HD 155358,2,1.38,1.15
HD 155358,2,NA,0.92
HD 155358,2,NA,0.92
HD 155918,2,NA,1.03
HD 155918,2,NA,1.03
HD 156098,2,NA,1.29
HD 156098,2,NA,1.29
HD 156279,2,0.966117,0.959814
HD 156279,2,NA,0.94
HD 156279,2,NA,0.997
HD 156279,2,NA,0.93
HD 156279,2,0.95,0.95
HD 156279,2,0.966117,0.959814
HD 156279,2,NA,0.997
HD 156279,2,NA,0.93
HD 156279,2,NA,0.94
HD 156411,1,2.16,1.25
HD 156668,2,0.72,0.772
HD 156668,2,0.760432,0.79
HD 156668,2,0.774528,0.785167
HD 156668,2,0.774528,0.785167
HD 156846,1,NA,1.43
HD 156846,1,1.9,1.38
HD 156846,1,2.12,1.35
HD 158038,1,4.8,1.65
HD 158038,1,4.5,1.3
HD 158259,5,1.26,NA
HD 158259,5,1.21,1.08
HD 158259,5,1.21,1.08
HD 158259,5,1.21,1.08
HD 158259,5,1.21,1.08
HD 158259,5,1.21,1.08
HD 158996,1,50.3,1.8
HD 15906,2,0.74413,NA
HD 15906,2,0.762,0.79
HD 15906,2,0.762,0.79
HD 159243,2,1.12,1.125
HD 159243,2,1.12,1.125
HD 159868,2,NA,1.087
HD 159868,2,2.13,1.19
HD 159868,2,2.06273,0.97
HD 159868,2,1.97,1.42
HD 159868,2,2.13,1.19
HD 159868,2,NA,1.087
HD 1605,2,3.8,1.31
HD 1605,2,4.33,1.72
HD 1605,2,3.49,1.33
HD 1605,2,3.8,1.31
HD 1605,2,3.49,1.33
HD 160691,4,NA,1.08
HD 160691,4,1.33,1.13
HD 160691,4,NA,1.08
HD 160691,4,1.37818,1.03
HD 160691,4,NA,1.08
HD 160691,4,NA,NA
HD 160691,4,NA,1.08
HD 160691,4,1.37818,1.03
HD 160691,4,NA,1.08
HD 160691,4,NA,1.08
HD 160691,4,1.33,1.13
HD 160691,4,NA,NA
HD 160691,4,1.37818,1.03
HD 160691,4,NA,1.1
HD 160691,4,1.33,1.13
HD 160691,4,NA,1.08
HD 160691,4,NA,NA
HD 160691,4,NA,1.08
HD 160691,4,1.37818,1.03
HD 160691,4,NA,NA
HD 160691,4,1.33,1.13
HD 161178,1,10.95,1.06
HD 16141,1,NA,1.12
HD 16141,1,1.48,1.11
HD 16141,1,1.54858,1.101155
HD 16175,1,1.72,1.63
HD 16175,1,NA,1.34
HD 16175,1,NA,1.34
HD 16175,1,1.68,1.29
HD 162020,1,NA,0.75
HD 162020,1,0.75,0.42
HD 163607,2,1.76,1.12
HD 163607,2,1.63,1.09
HD 163607,2,1.76,1.12
HD 163607,2,1.76,1.12
HD 163607,2,1.76,1.12
HD 163607,2,1.63,1.09
HD 16417,1,NA,1.2
HD 164509,1,1.11,1.12
HD 164509,1,1.06,1.13
HD 164595,1,NA,0.99
HD 164604,2,NA,NA
HD 164604,2,NA,0.77
HD 164604,2,NA,0.8
HD 164604,2,0.78,0.77
HD 164604,2,0.78,0.77
HD 164604,2,0.78,0.77
HD 164604,2,0.78,0.77
HD 164922,4,0.999,0.874
HD 164922,4,1.001813,0.921146
HD 164922,4,0.97,0.76
HD 164922,4,0.946,0.926
HD 164922,4,NA,0.94
HD 164922,4,0.946,0.926
HD 164922,4,0.999,0.874
HD 164922,4,1.001813,0.921146
HD 164922,4,1.001813,0.921146
HD 164922,4,0.946,0.926
HD 164922,4,1.001813,0.921146
HD 165131,1,NA,1.1
HD 165131,1,NA,1.06
HD 165155,1,0.95,1.02
HD 1666,1,1.93,1.5
HD 166724,1,NA,0.81
HD 166724,1,NA,0.81
HD 167042,1,4.3,1.64
HD 167042,1,4.902164,1.690936
HD 167042,1,4.63,1.39
HD 167042,1,NA,1.72
HD 167677,1,NA,0.96
HD 167677,1,NA,1
HD 167768,1,9.7,1.08
HD 168009,1,1.209505,0.986073
HD 168443,2,1.711479,1.042438
HD 168443,2,1.51,0.995
HD 168443,2,NA,NA
HD 168443,2,1.67935,0.98
HD 168443,2,1.67935,0.98
HD 168443,2,NA,0.98
HD 168443,2,NA,1.064
HD 168443,2,1.51,0.995
HD 168443,2,1.711479,1.042438
HD 168443,2,1.67935,0.98
HD 168443,2,NA,1.063
HD 168443,2,NA,NA
HD 168443,2,NA,0.98
HD 168443,2,1.67935,0.98
HD 168746,1,1.09,1.07
HD 168746,1,NA,0.93
HD 168746,1,1.101458,0.894854
HD 168746,1,NA,0.88
HD 168863,1,NA,0.8
HD 168863,1,NA,0.826
HD 1690,1,21.66,1.86
HD 1690,1,16.7,1.09
HD 16905,1,NA,0.847
HD 16905,1,NA,0.79
HD 16905,1,NA,0.85
HD 169142,1,NA,1.85
HD 169830,2,NA,1.17
HD 169830,2,NA,1.4
HD 169830,2,1.935709,1.406679
HD 169830,2,1.2,1.4
HD 169830,2,NA,1.4
HD 169830,2,NA,1.17
HD 169830,2,NA,1.41
HD 169830,2,NA,1.4
HD 169830,2,1.935709,1.406679
HD 170469,1,1.27459,1.134802
HD 170469,1,1.24,1.1
HD 170469,1,1.22,1.14
HD 17092,1,NA,1.55
HD 17092,1,NA,2.3
HD 17092,1,13.58,6.73
HD 171028,1,NA,NA
HD 171028,1,2.47,1.53
HD 171238,1,1.01,0.96
HD 171238,1,NA,0.943
HD 171238,1,NA,0.92
HD 17156,1,1.5007,1.275
HD 17156,1,1.47,1.2
HD 17156,1,1.44,1.24
HD 17156,1,1.47,1.23
HD 17156,1,1.487,1.297
HD 17156,1,1.44,1.24
HD 17156,1,NA,NA
HD 17156,1,1.517,1.285
HD 17156,1,1.55,NA
HD 17156,1,1.508,1.275
HD 17156,1,1.55,1.41
HD 173416,1,NA,1.3
HD 173416,1,13.5,2
HD 173416,1,13.5,2
HD 174205,1,26.6,1.8
HD 175167,1,NA,1.102
HD 175167,1,1.75,1.37
HD 175167,1,NA,1.17
HD 175167,1,NA,1
HD 175167,1,NA,1.09
HD 175167,1,NA,NA
HD 175541,1,4.47,2.12
HD 175541,1,4.492601,1.449242
HD 175541,1,3.8,1.65
HD 175541,1,4.19,1.39
HD 175607,1,0.7,0.71
HD 175607,1,NA,NA
HD 17674,1,1.18,0.98
HD 176986,3,0.782,0.789
HD 176986,3,NA,NA
HD 176986,3,0.782,0.789
HD 176986,3,0.782,0.789
HD 176986,3,NA,NA
HD 176986,3,0.782,0.789
HD 176986,3,0.782,0.789
HD 177565,1,NA,1
HD 177830,2,2.62,1.47
HD 177830,2,3.30878,NA
HD 177830,2,3.26,1.7
HD 177830,2,3.576443,1.319406
HD 177830,2,2.62,1.47
HD 177830,2,3.576443,1.319406
HD 178911 B,1,1.08,1.24
HD 178911 B,1,1.031763,1.02556
HD 178911 B,1,NA,1.06
HD 178911 B,1,NA,1.014
HD 178911 B,1,NA,0.87
HD 179079,1,1.599,1.146
HD 179079,1,1.63,1.14
HD 179079,1,NA,NA
HD 179079,1,1.7,1.53
HD 179949,1,NA,1.21
HD 179949,1,NA,1.24
HD 179949,1,NA,NA
HD 179949,1,1.266865,1.220173
HD 180053,1,4.06,1.75
HD 18015,1,3.13,1.49
HD 18015,1,NA,1.5
HD 180314,1,8.13,2.2
HD 180314,1,9.2,2.6
HD 180314,1,9.2,2.6
HD 180314,1,NA,2.3
HD 180617,1,0.481,0.484
HD 180617,1,0.453,0.45
HD 180902,1,3.78,1.52
HD 180902,1,4.16,1.41
HD 180902,1,4.1,1.52
HD 181234,1,NA,1.011
HD 181234,1,NA,0.94
HD 181234,1,1.059423,0.97304
HD 181234,1,1.05,1.01
HD 181234,1,NA,1.01
HD 181342,1,4.71,1.69
HD 181342,1,4.6,1.84
HD 181342,1,5.09,2.25
HD 181342,1,5.31,1.64
HD 181342,1,5.12,1.89
HD 18143,2,NA,0.85
HD 18143,2,NA,0.85
HD 181433,3,NA,0.78
HD 181433,3,NA,NA
HD 181433,3,NA,0.78
HD 181433,3,0.79,0.63
HD 181433,3,0.810841,0.81
HD 181433,3,NA,0.86
HD 181433,3,NA,0.871
HD 181433,3,NA,0.78
HD 181433,3,0.810841,0.81
HD 181433,3,NA,NA
HD 181433,3,NA,0.78
HD 181433,3,NA,0.86
HD 181433,3,NA,0.78
HD 181433,3,NA,0.86
HD 181433,3,NA,NA
HD 181433,3,NA,0.78
HD 181433,3,NA,0.869
HD 181433,3,0.810841,0.81
HD 181720,1,1.39,0.92
HD 181720,1,1.5,1.03
HD 183263,2,NA,1.17
HD 183263,2,1.29106,1.06
HD 183263,2,NA,1.2
HD 183263,2,1.29106,1.06
HD 183263,2,1.29106,1.06
HD 183263,2,NA,1.06
HD 183263,2,1.293337,1.170583
HD 183263,2,1.23,1.31
HD 183263,2,1.293337,1.170583
HD 183263,2,1.29106,1.06
HD 183263,2,NA,1.2
HD 183263,2,NA,1.121
HD 183263,2,NA,1.06
HD 183263,2,1.29106,1.06
HD 183579,1,0.96,0.996
HD 183579,1,0.974669,NA
HD 183579,1,0.985,1.031
HD 183579,1,0.974,1.034
HD 184010,3,4.86,1.35
HD 184010,3,4.86,1.35
HD 184010,3,4.86,1.35
HD 18438,1,88.475,1.84
HD 185269,1,2,1.57
HD 185269,1,NA,1.33
HD 185269,1,1.88,1.28
HD 185269,1,2,1.3
HD 185283,1,NA,0.8
HD 18599,1,0.798,0.807
HD 18599,1,0.767,0.863
HD 18599,1,0.802633,NA
HD 187085,1,NA,1.22
HD 187085,1,1.27,1.189
HD 187123,2,1.15043,1.04
HD 187123,2,NA,1
HD 187123,2,NA,1.192
HD 187123,2,1.15043,1.04
HD 187123,2,1.15043,1.04
HD 187123,2,1.154992,1.020234
HD 187123,2,NA,NA
HD 187123,2,NA,1.192
HD 187123,2,1.15043,1.04
HD 187123,2,1.154992,1.020234
HD 187123,2,NA,1.037
HD 187123,2,1.15043,1.04
HD 18742,1,5.13,1.36
HD 18742,1,4.9,1.6
HD 18742,1,5.88,2.58
HD 188015,1,1.125296,1.042676
HD 188015,1,NA,1.08
HD 188015,1,NA,1.09
HD 188641,1,NA,1.07
HD 189567,2,NA,0.83
HD 189567,2,NA,NA
HD 189567,2,NA,NA
HD 189567,2,NA,0.83
HD 189733,1,0.776484,0.84
HD 189733,1,0.756,0.806
HD 189733,1,0.776484,NA
HD 189733,1,0.766,NA
HD 189733,1,0.76,0.82
HD 189733,1,NA,NA
HD 189733,1,0.805,NA
HD 189733,1,0.782719,0.827851
HD 189733,1,NA,NA
HD 189733,1,0.776484,0.84
HD 189733,1,0.752,0.84
HD 189733,1,0.765,0.812
HD 189733,1,0.756,0.806
HD 189733,1,NA,0.84
HD 189733,1,0.776484,0.84
HD 189733,1,0.75,0.79
HD 189733,1,NA,NA
HD 189733,1,0.756,0.806
HD 189733,1,0.776484,0.84
HD 189733,1,0.805,0.846
HD 189733,1,0.756,0.806
HD 190007,1,0.79,0.77
HD 190007,1,NA,0.77
HD 190228,1,NA,1.22
HD 190228,1,NA,1.415
HD 190360,2,1.16804,0.98
HD 190360,2,1.201,0.991
HD 190360,2,NA,0.983
HD 190360,2,1.14,0.99
HD 190360,2,NA,0.96
HD 190360,2,1.165616,0.986343
HD 190360,2,1.16804,0.98
HD 190360,2,1.13,0.96
HD 190360,2,NA,1
HD 190360,2,NA,NA
HD 190360,2,1.165616,0.986343
HD 190360,2,1.201,0.991
HD 190360,2,NA,NA
HD 190360,2,NA,0.96
HD 190360,2,1.16804,0.98
HD 190360,2,1.16804,0.98
HD 190647,1,NA,1.1
HD 190647,1,1.376,1.069
HD 190647,1,1.45,1.14
HD 190984,1,NA,0.91
HD 190984,1,1.53,0.91
HD 191806,1,NA,1.07
HD 191806,1,NA,1.14
HD 191806,1,NA,1.14
HD 191939,6,0.94,0.81
HD 191939,6,0.94,0.81
HD 191939,6,0.945,0.92
HD 191939,6,0.945,0.92
HD 191939,6,0.94,0.81
HD 191939,6,0.934,0.8222
HD 191939,6,0.92,NA
HD 191939,6,0.94,0.81
HD 191939,6,0.94,0.81
HD 191939,6,0.945,0.92
HD 191939,6,0.920435,0.95
HD 191939,6,0.934,0.8222
HD 191939,6,0.94,0.81
HD 191939,6,0.920435,NA
HD 191939,6,0.945,0.92
HD 191939,6,0.94,0.81
HD 191939,6,0.94,0.81
HD 191939,6,0.934,0.8222
HD 191939,6,0.94,0.81
HD 191939,6,0.920435,NA
HD 191939,6,0.945,0.92
HD 191939,6,0.94,0.81
HD 191939,6,0.94,0.81
HD 191939,6,0.94,0.81
HD 191939,6,0.934,0.8222
HD 191939,6,0.94,0.81
HD 191939,6,0.94,0.81
HD 191939,6,0.94,0.81
HD 191939,6,0.94,0.81
HD 191939,6,0.94,0.81
HD 192263,1,0.783641,0.820538
HD 192263,1,NA,0.75
HD 192263,1,NA,NA
HD 192263,1,0.73,0.807
HD 192263,1,NA,0.81
HD 192263,1,NA,0.74
HD 192263,1,NA,NA
HD 192263,1,0.74,0.66
HD 192310,2,0.857922,0.844324
HD 192310,2,NA,0.8
HD 192310,2,0.73,0.85
HD 192310,2,NA,NA
HD 192310,2,NA,NA
HD 192310,2,NA,0.8
HD 192699,1,3.9,1.68
HD 192699,1,NA,1.69
HD 192699,1,4.41,1.38
HD 192699,1,4.31,1.61
HD 194490,1,NA,1.06
HD 195019,1,NA,1.06
HD 195019,1,NA,0.98
HD 195019,1,1.47866,1.03
HD 195019,1,1.47866,1.03
HD 195019,1,NA,1.07
HD 195019,1,1.555809,1.049075
HD 195019,1,1.48,1.21
HD 196050,1,NA,1.1
HD 196050,1,NA,1.18
HD 196050,1,NA,1.13
HD 196050,1,NA,1.27
HD 196050,1,NA,NA
HD 196050,1,1.42,1.31
HD 196067,2,NA,1.26
HD 196067,2,1.71,1.16
HD 196067,2,1.73,1.29
HD 196067,2,1.71,1.16
HD 19615,1,32.3,1.1
HD 196885 A,1,1.43072,1.18
HD 196885 A,1,NA,1.33
HD 196885 A,1,1.31,1.28
HD 197037,1,NA,1.11
HD 199509,1,NA,1.04
HD 19994,1,NA,1.34
HD 19994,1,NA,1.365
HD 20003,2,NA,0.875
HD 20003,2,NA,0.875
HD 200964,2,4.92,1.39
HD 200964,2,4.69,1.97
HD 200964,2,4.3,1.44
HD 200964,2,4.92,1.39
HD 200964,2,4.3,1.44
HD 202206,1,1.04,1.07
HD 202206,1,NA,NA
HD 202206,1,NA,1.15
HD 202696,2,6.43,1.91
HD 202696,2,6.43,1.91
HD 202772 A,1,2.591,1.72
HD 202772 A,1,2.591,1.72
HD 202772 A,1,2.62,NA
HD 203030,1,NA,NA
HD 203030,1,NA,NA
HD 20329,1,1.11,NA
HD 20329,1,1.13,0.9
HD 203387,2,NA,2.817
HD 203387,2,NA,2.817
HD 2039,1,NA,0.98
HD 2039,1,NA,NA
HD 2039,1,1.19,1.23
HD 204313,3,1.1,1.03
HD 204313,3,NA,1.02
HD 204313,3,NA,1.045
HD 204313,3,NA,1.02
HD 204313,3,NA,1.045
HD 204313,3,NA,1.03
HD 204313,3,NA,1.02
HD 204313,3,NA,1.03
HD 204313,3,NA,1.03
HD 204313,3,NA,1.045
HD 204941,1,0.72,0.74
HD 204941,1,0.78,0.58
HD 205158,1,NA,1.16
HD 205739,1,1.33,1.22
HD 206255,1,NA,1.42
HD 206610,1,4.92,1.93
HD 206610,1,6.1,1.56
HD 206610,1,6.12,1.55
HD 206893,2,NA,1.24
HD 206893,2,NA,1.31
HD 206893,2,NA,1.32
HD 206893,2,NA,1.32
HD 207496,1,0.8,NA
HD 207496,1,0.769,0.8
HD 20781,5,NA,0.7
HD 20781,5,NA,0.7
HD 20781,5,NA,0.7
HD 20781,5,NA,0.7
HD 20782,5,1.11,1.07
HD 20782,5,1.12681,1.04
HD 20782,5,1.12681,1.04
HD 20782,5,1.09,1.02
HD 20782,5,NA,1
HD 207832,2,0.89,1.05
HD 207832,2,0.901,0.94
HD 207832,2,0.96,1.02
HD 207832,2,0.901,0.94
HD 207897,1,0.779,0.8
HD 207897,1,0.7827,0.8208
HD 207897,1,0.78,NA
HD 20794,4,0.93,0.79
HD 20794,4,NA,0.813
HD 20794,4,NA,0.7
HD 20794,4,NA,NA
HD 20794,4,NA,0.7
HD 20794,4,NA,NA
HD 20794,4,0.93,0.79
HD 20794,4,NA,0.813
HD 20794,4,NA,0.813
HD 20794,4,0.93,0.79
HD 208487,1,NA,0.95
HD 208487,1,1.16,1.15
HD 208487,1,NA,1.13
HD 208487,1,NA,1.05
HD 208527,1,51.1,1.6
HD 20868,1,0.79,0.78
HD 20868,1,0.76,0.39
HD 208897,1,4.98,1.25
HD 208897,1,4.98,1.25
HD 209458,1,1.125,1.101
HD 209458,1,1.155,1.119
HD 209458,1,NA,NA
HD 209458,1,1.162,1.148
HD 209458,1,NA,NA
HD 209458,1,1.19,NA
HD 209458,1,1.155,1.119
HD 209458,1,1.18655,1.13
HD 209458,1,1.18655,1.13
HD 209458,1,1.199976,1.069175
HD 209458,1,NA,NA
HD 209458,1,1.15,1.03
HD 209458,1,NA,NA
HD 209458,1,1.146,NA
HD 209458,1,1.18655,1.13
HD 209458,1,1.155,1.119
HD 209458,1,1.203,1
HD 209458,1,1.2,1.26
HD 209458,1,1.19,1.23
HD 209458,1,1.19,1.23
HD 209458,1,1.1,1.1
HD 209458,1,1.18,1.06
HD 209458,1,1.155,1.119
HD 210193,1,NA,1.04
HD 210277,1,1.07,1.01
HD 210277,1,NA,0.92
HD 210277,1,1.114173,0.963925
HD 210277,1,NA,1.01
HD 210277,1,NA,0.92
HD 210702,1,4.54,1.33
HD 210702,1,5.1,1.68
HD 210702,1,4.92,1.61
HD 210702,1,NA,1.85
HD 211403,1,1.206,1.2
HD 211810,1,1.13,1.03
HD 211970,1,NA,0.61
HD 212301,1,1.16,1.55
HD 212301,1,NA,1.27
HD 212771,1,5,1.15
HD 212771,1,5.27,1.56
HD 212771,1,4.55,2.41
HD 213240,1,1.51,1.57
HD 213240,1,NA,1.22
HD 213240,1,NA,1.22
HD 213472,1,1.433902,1.048132
HD 213519,1,NA,1.05
HD 213885,2,1.13,NA
HD 213885,2,1.1011,1.068
HD 213885,2,1.1011,1.068
HD 21411,1,NA,0.89
HD 214823,1,NA,1.115
HD 214823,1,NA,1.22
HD 214823,1,2.04,1.31
HD 214823,1,NA,1.22
HD 215152,4,0.73,0.77
HD 215152,4,NA,NA
HD 215152,4,0.73,0.77
HD 215152,4,NA,NA
HD 215152,4,NA,NA
HD 215152,4,0.73,0.77
HD 215152,4,0.73,0.77
HD 215152,4,NA,NA
HD 21520,1,1.044,1.09
HD 21520,1,1.04,NA
HD 215497,2,NA,0.872
HD 215497,2,NA,NA
HD 215497,2,0.85,0.67
HD 215497,2,NA,0.92
HD 215497,2,NA,0.872
HD 216435,1,NA,1.25
HD 216435,1,NA,1.3
HD 216437,1,NA,1.165
HD 216437,1,NA,1.06
HD 216437,1,NA,1.15
HD 216437,1,NA,1.22
HD 216437,1,1.394,1.165
HD 216520,2,0.76,0.82
HD 216520,2,0.782767,0.791263
HD 216520,2,0.76,0.82
HD 216536,1,12.5,1.36
HD 216536,1,9.83,0.81
HD 216770,1,NA,0.9
HD 216770,1,0.93,0.74
HD 21693,2,NA,0.8
HD 21693,2,NA,0.8
HD 217107,2,1.19931,0.98
HD 217107,2,NA,1.135
HD 217107,2,1.17195,1.059631
HD 217107,2,NA,1.02
HD 217107,2,1.11,1
HD 217107,2,1.2245,1.045
HD 217107,2,NA,1.053
HD 217107,2,1.19931,0.98
HD 217107,2,1.19931,0.98
HD 217107,2,NA,1.02
HD 217107,2,1.2245,1.045
HD 217107,2,NA,1.053
HD 217107,2,NA,1.108
HD 217107,2,NA,1.132
HD 217107,2,1.19931,0.98
HD 217107,2,1.17195,1.059631
GJ 143,2,0.71,NA
GJ 143,2,0.695,0.73
HD 217786,2,1.27,1.02
HD 217786,2,NA,1.02
HD 217786,2,NA,1.14
HD 217786,2,NA,1.14
HD 217958,1,NA,1.08
HD 218566,1,0.86,0.85
HD 218566,1,0.830795,0.855318
HD 218566,1,0.85,0.76
HD 219077,1,NA,1.51
HD 219077,1,NA,1.05
HD 219077,1,NA,0.92
HD 219077,1,1.91,1.05
HD 219134,6,0.750598,NA
HD 219134,6,0.778,0.78
HD 219134,6,0.757466,0.788484
HD 219134,6,NA,NA
HD 219134,6,0.778,0.81
HD 219134,6,0.778,0.78
HD 219134,6,0.778,0.81
HD 219134,6,0.77,0.794
HD 219134,6,0.778,0.78
HD 219134,6,0.778,0.81
HD 219134,6,0.778,0.81
HD 219134,6,0.77,0.794
HD 219134,6,0.75,NA
HD 219134,6,0.757466,0.788484
HD 219134,6,NA,NA
HD 219134,6,0.77,0.794
HD 219134,6,0.778,0.81
HD 219134,6,0.757466,0.788484
HD 219134,6,0.778,0.78
HD 219134,6,NA,NA
HD 219134,6,0.778,0.81
HD 219134,6,0.77,0.794
HD 219134,6,NA,NA
HD 219134,6,0.757466,0.788484
HD 219134,6,0.77,0.794
HD 219134,6,0.757466,0.788484
HD 219134,6,0.778,0.78
HD 219134,6,0.77,0.794
HD 219134,6,NA,0.794
HD 219134,6,NA,NA
HD 219139,1,11.22,1.46
HD 219415,1,2.9,1
HD 219666,1,1.059,1.02
HD 219666,1,1.03,0.92
HD 219666,1,1.03,0.92
HD 219666,1,1.03,0.92
HD 219666,1,1.03,0.92
HD 219666,1,1.05,NA
HD 219828,2,1.56,1.31
HD 219828,2,1.69,1.23
HD 219828,2,NA,1.24
HD 219828,2,NA,1.04
HD 219828,2,1.61,1.18
HD 219828,2,1.61,1.18
HD 219828,2,1.69,1.23
HD 219828,2,NA,1.04
HD 220074,1,49.7,1.2
HD 220074,1,54.92,2.2
HD 220197,1,0.98,0.91
HD 220689,1,NA,1.04
HD 220689,1,1.068,1.016
HD 220689,1,1.07,1.04
HD 220773,1,NA,1.16
HD 220842,1,NA,1.13
HD 221287,1,NA,1.25
HD 221416,1,2.90324,NA
HD 221416,1,2.943,1.212
HD 221416,1,2.943,1.212
HD 221420,1,NA,1.28
HD 221420,1,NA,1.06
HD 221420,1,NA,1.34
HD 221420,1,NA,1.34
HD 221420,1,1.947,1.351
HD 221420,1,NA,1.67
HD 221585,1,NA,1.19
HD 222076,1,4.1,1.07
HD 222076,1,4.28,1.28
HD 222155,1,NA,1.13
HD 222155,1,1.85,1.21
HD 222155,1,1.67,1.13
HD 222237,1,NA,0.7
HD 222237,1,0.71,0.76
HD 222582,1,NA,1
HD 222582,1,1.145017,0.969129
HD 222582,1,1.13,1.12
HD 222582,1,NA,0.99
HD 224018,3,1.147,1.013
HD 224018,3,1.147,1.013
HD 224018,3,1.147,1.013
HD 224538,1,NA,1.34
HD 224538,1,1.54,1.34
HD 224538,1,NA,1.23
HD 224693,1,1.7,1.33
HD 224693,1,1.93,1.31
HD 22496,1,0.674,0.684
HD 22532,1,5.69,1.57
HD 22781,1,NA,0.75
HD 22946,3,1.117,1.098
HD 23079,2,NA,1.01
HD 23079,2,NA,1.1
HD 23079,2,1.07,1.12
HD 23079,2,1.08,1.16
HD 23079,2,1.08,1.16
HD 23127,1,1.64,1.42
HD 23127,1,NA,1.13
HD 23127,1,1.49,1.208
HD 231701,1,1.35,1.14
HD 231701,1,1.42,1.52
HD 231701,1,1.53,1.21
HD 233604,1,10.9,1.5
HD 233832,1,0.738364,0.82
HD 233832,1,0.68,0.71
HD 23472,5,0.71,0.67
HD 23472,5,0.73,0.75
HD 23472,5,0.69,NA
HD 23472,5,0.69,NA
HD 23472,5,0.71,0.67
HD 23472,5,0.73,0.75
HD 23472,5,0.71,0.67
HD 23472,5,0.69,NA
HD 23472,5,0.69,NA
HD 23472,5,0.71,0.67
HD 23472,5,0.69,NA
HD 23472,5,0.71,0.67
HD 235088,1,0.7984,0.8531
HD 235088,1,0.789,0.843
HD 235088,1,0.772,0.849
HD 235088,1,0.78,NA
HD 23596,1,NA,1.1
HD 23596,1,NA,1.32
HD 23596,1,1.53,1.47
HD 23596,1,NA,1.159
HD 23596,1,1.57785,1.1
HD 238090,1,0.57,0.578
HD 238914,1,12.73,1.47
HD 240210,1,NA,0.82
HD 240237,1,32,1.69
HD 240237,1,71.23,8.76
HD 24040,2,NA,1.221
HD 24040,2,NA,1.18
HD 24040,2,1.387296,1.10394
HD 24040,2,1.37879,1.03
HD 24040,2,1.3,1.11
HD 24040,2,NA,1.18
HD 24040,2,1.387296,1.10394
HD 24064,1,38,1
HD 24064,1,40,1.61
HD 24085,1,NA,1.22
HD 25015,1,NA,0.86
HD 25015,1,0.83,0.86
HD 25015,1,NA,0.86
HD 25171,1,1.23,1.076
HD 25171,1,1.18,1.09
HD 25463,2,1.4182,1.251
HD 25463,2,1.41,1.19
HD 25463,2,1.42717,NA
HD 25463,2,1.4182,1.251
HD 25463,2,1.41,1.19
HD 25463,2,1.42717,NA
HD 25723,1,13.76,2.12
HD 25912,2,NA,1.08
HD 25912,2,NA,1.08
HD 260655,2,0.439,0.439
HD 260655,2,0.47,NA
HD 260655,2,0.47,NA
HD 260655,2,0.439,0.439
HD 26161,1,1.455981,1.132916
HD 26161,1,NA,1.12
HD 2638,1,0.94,0.77
HD 2638,1,NA,0.92
HD 2638,1,NA,0.93
HD 2685,1,1.56,1.43
HD 2685,1,1.56,1.43
HD 2685,1,1.59,NA
HD 2685,1,1.56,1.43
HD 27442,1,NA,1.23
HD 27442,1,NA,1.2
HD 27631,1,1,0.94
HD 27631,1,NA,0.94
HD 27631,1,0.923,0.944
HD 27894,3,NA,0.873
HD 27894,3,NA,0.8
HD 27894,3,NA,0.8
HD 27894,3,NA,NA
HD 27894,3,NA,0.81
HD 27894,3,NA,0.8
HD 27894,3,NA,0.81
HD 27894,3,NA,0.8
HD 27894,3,NA,0.871
HD 27969,1,1.27,1.16
HD 28109,3,1.425,1.227
HD 28109,3,1.446,1.26
HD 28109,3,1.41189,NA
HD 28109,3,1.446,1.26
HD 28109,3,1.425,1.227
HD 28109,3,1.41189,NA
HD 28109,3,1.41189,NA
HD 28109,3,1.446,1.26
HD 28109,3,1.425,1.227
HD 28185,2,1.048,0.974
HD 28185,2,1.03,1.02
HD 28185,2,NA,0.99
HD 28185,2,NA,0.99
HD 28185,2,1.076441,1.023031
HD 28185,2,NA,1.24
HD 28185,2,NA,0.98
HD 28185,2,1.048,0.974
HD 28185,2,NA,0.99
HD 28192,1,NA,1.08
HD 28254,1,NA,1.1
HD 28254,1,1.48,1.06
HD 284149 A,1,1.36,NA
HD 284149 A,1,NA,NA
HD 28471,3,1.08,0.98
HD 28471,3,1.08,0.98
HD 28471,3,1.08,0.98
HD 285507,1,0.656,0.734
HD 285507,1,0.69,0.82
HD 285968,1,NA,0.5
HD 285968,1,0.478214,0.509289
HD 285968,1,0.486907,0.484967
HD 28678,1,6.48,1.53
HD 28678,1,6.98,3.16
HD 28678,1,6.2,1.74
HD 29021,1,0.85,0.85
HD 29021,1,NA,0.86
HD 290327,1,1,0.9
HD 290327,1,0.95,0.84
HD 29399,1,4.845,1.361
HD 29399,1,4.5,1.17
HD 2952,1,12.02,2.54
HD 2952,1,10.9,1.91
HD 2952,1,10.76,1.97
HD 29985,1,NA,0.75
HD 29985,1,NA,0.718
HD 30177,2,1.13,0.93
HD 30177,2,1.19258,0.98
HD 30177,2,NA,0.988
HD 30177,2,NA,0.95
HD 30177,2,1.019,1.053
HD 30177,2,NA,0.98
HD 30177,2,NA,0.988
HD 30177,2,NA,0.98
HD 30562,1,1.53,1.23
HD 30562,1,NA,1.219
HD 30562,1,1.61,1.12
HD 30562,1,1.637,1.219
HD 30669,1,0.91,0.92
HD 30856,1,4.73,1.65
HD 30856,1,4.4,1.17
HD 30856,1,4.2,1.35
HD 31253,1,1.8288,1.325015
HD 31253,1,1.71,1.23
HD 31253,1,1.75,1.7
HD 31527,3,NA,0.96
HD 31527,3,NA,0.96
HD 31527,3,NA,0.96
HD 3167,4,0.87,0.94
HD 3167,4,NA,NA
HD 3167,4,0.83,NA
HD 3167,4,0.872,0.866
HD 3167,4,0.871,0.852
HD 3167,4,0.835,0.877
HD 3167,4,0.88,0.837
HD 3167,4,0.86,0.86
HD 3167,4,0.828,0.883
HD 3167,4,0.836616,0.89032
HD 3167,4,0.88,NA
HD 3167,4,0.88,0.837
HD 3167,4,0.86,0.86
HD 3167,4,0.87,0.94
HD 3167,4,0.872,0.866
HD 3167,4,0.871,0.852
HD 3167,4,0.828,0.883
HD 3167,4,NA,NA
HD 3167,4,0.836616,0.89032
HD 3167,4,0.835,0.877
HD 3167,4,0.88,NA
HD 3167,4,0.88,0.837
HD 3167,4,NA,NA
HD 3167,4,0.83,NA
HD 3167,4,0.872,0.866
HD 3167,4,0.88,0.837
HD 3167,4,0.86,0.86
HD 3167,4,0.871,0.852
HD 3167,4,0.88,0.837
HD 3167,4,0.871,0.852
HD 32518,1,10.22,1.13
HD 32518,1,10.22,1.13
HD 32963,1,NA,0.94
HD 32963,1,1.111044,0.981028
HD 32963,1,NA,1.03
HD 330075,1,NA,0.7
HD 330075,1,0.84,0.47
HD 331093,1,NA,1.03
HD 33142,3,4.2,1.48
HD 33142,3,3.97,1.78
HD 33142,3,4.45,1.41
HD 33142,3,4.17,1.52
HD 33142,3,4.17,1.52
HD 33142,3,NA,1.62
HD 33142,3,4.17,1.52
HD 332231,1,1.27,NA
HD 332231,1,1.277,1.127
HD 332231,1,1.266,1.1642
HD 332231,1,1.277,1.127
HD 332231,1,1.277,1.127
HD 33283,1,1.74,1.47
HD 33283,1,1.97,1.38
HD 33283,1,1.2,1.24
HD 33564,1,NA,1.25
HD 33844,2,5.39,1.55
HD 33844,2,5.507,1.471
HD 33844,2,5.39,1.84
HD 33844,2,5.29,1.78
HD 33844,2,5.507,1.471
HD 33844,2,5.29,1.78
HD 33844,2,5.39,1.55
HD 34445,6,1.478752,1.11037
HD 34445,6,1.38,1.07
HD 34445,6,1.38,1.07
HD 34445,6,1.38,1.14
HD 34445,6,1.38,1.07
HD 34445,6,1.38,1.07
HD 34445,6,1.38,1.07
HD 34445,6,1.38,1.07
HD 34445,6,1.38,1.07
HD 35759,1,NA,1.15
HD 35843,2,0.897,0.94
HD 35843,2,0.897,0.94
HD 35843,2,0.879321,NA
HD 360,1,10.86,1.69
HD 36384,1,38.4,1.14
HD 3651,1,0.873266,0.9
HD 3651,1,0.871954,0.888252
HD 3651,1,NA,0.799
HD 3651,1,NA,NA
HD 3651,1,0.873266,0.9
HD 3651,1,NA,0.882
HD 37124,3,NA,0.91
HD 37124,3,NA,0.85
HD 37124,3,0.949168,0.812728
HD 37124,3,NA,0.78
HD 37124,3,NA,0.78
HD 37124,3,NA,0.78
HD 37124,3,NA,0.78
HD 37124,3,NA,0.91
HD 37124,3,0.949168,0.812728
HD 37124,3,NA,0.85
HD 37124,3,NA,0.85
HD 37124,3,0.949168,0.812728
HD 37124,3,NA,0.78
HD 37124,3,NA,0.78
HD 37605,2,0.982419,0.92
HD 37605,2,0.982419,0.92
HD 37605,2,0.95,0.68
HD 37605,2,0.901,1
HD 37605,2,0.91,0.94
HD 37605,2,NA,NA
HD 37605,2,0.91,0.94
HD 37605,2,0.901,1
HD 37605,2,NA,1
HD 3765,1,0.83061,0.851785
HD 38283,1,1.49,1.37
HD 38283,1,NA,1.085
HD 38529,2,NA,0.98
HD 38529,2,2.83515,0.98
HD 38529,2,2.56,1.41
HD 38529,2,2.82,1.39
HD 38529,2,2.83515,0.98
HD 38529,2,2.857838,1.529286
HD 38529,2,NA,1.477
HD 38529,2,2.56,1.41
HD 38529,2,NA,1.34
HD 38529,2,2.83515,0.98
HD 38529,2,NA,0.98
HD 38529,2,2.857838,1.529286
HD 38529,2,NA,1.477
HD 38529,2,2.58,1.36
HD 38529,2,2.83515,0.98
HD 38801,1,2.41,1.29
HD 38801,1,2.41,1.29
HD 38801,1,2.029,1.207
HD 38801,1,2.38,1.64
HD 38801,1,2.53,1.36
HD 39091,3,1.17,1.07
HD 39091,3,NA,1.1
HD 39091,3,1.19,1.07
HD 39091,3,NA,NA
HD 39091,3,NA,1.1
HD 39091,3,NA,1.094
HD 39091,3,NA,1.1
HD 39091,3,1.1,1.02
HD 39091,3,1.1,1.094
HD 39091,3,1.1,1.094
HD 39194,3,NA,0.86
HD 39194,3,NA,0.67
HD 39194,3,NA,0.86
HD 39194,3,NA,0.67
HD 39194,3,NA,0.67
HD 39194,3,NA,0.86
HD 39855,1,NA,0.87
HD 40307,5,NA,0.77
HD 40307,5,0.716684,0.79
HD 40307,5,NA,0.77
HD 40307,5,NA,NA
HD 40307,5,NA,NA
HD 40307,5,NA,0.77
HD 40307,5,NA,0.77
HD 40307,5,0.716684,0.79
HD 40307,5,NA,0.77
HD 40307,5,0.716684,0.79
HD 40307,5,NA,0.77
HD 40307,5,NA,NA
HD 40307,5,0.716684,0.79
HD 40307,5,NA,0.77
HD 40307,5,NA,0.77
HD 40307,5,NA,0.77
HD 40307,5,0.716684,0.79
HD 40956,1,8.56,2
HD 40979,1,NA,1.154
HD 40979,1,1.236819,1.234706
HD 40979,1,1.21,1.45
HD 40979,1,1.2352,1.16
HD 41004 A,2,NA,NA
HD 41004 B,2,NA,NA
HD 41004 B,2,NA,0.4
HD 4113,1,NA,0.99
HD 4113,1,NA,1.05
HD 4113,1,NA,1.008
HD 42012,1,0.82,0.83
HD 4203,2,NA,1.13
HD 4203,2,1.42,1.25
HD 4203,2,1.497489,1.137206
HD 4203,2,NA,1.06
HD 4203,2,1.49795,0.99
HD 4203,2,1.49795,0.99
HD 4203,2,NA,1.13
HD 4203,2,1.497489,1.137206
HD 4208,1,NA,0.87
HD 4208,1,0.846,0.883
HD 4208,1,0.92,0.9
HD 4208,1,NA,0.93
HD 4208,1,0.935398,0.846671
HD 42618,1,0.989061,0.919887
HD 42618,1,0.999,1.015
HD 4308,1,1.02,0.93
HD 4308,1,NA,0.83
HD 4313,1,5.14,1.63
HD 4313,1,4.91,2.47
HD 4313,1,4.9,1.72
HD 43197,2,1,0.96
HD 43197,2,NA,0.96
HD 43197,2,NA,0.96
HD 43691,1,1.6,1.32
HD 43691,1,NA,1.38
HD 44219,1,NA,1.2
HD 44219,1,1.32,1
HD 45184,2,1.075139,1.014904
HD 45184,2,NA,1.03
HD 45184,2,NA,1.03
HD 45184,2,1.075139,1.014904
HD 45350,1,NA,1.02
HD 45350,1,NA,1.02
HD 45350,1,1.257964,1.047175
HD 45350,1,1.26442,0.98
HD 45364,2,NA,0.82
HD 45364,2,0.89,0.82
HD 45364,2,NA,0.82
HD 45364,2,0.89,0.82
HD 45652,1,NA,0.83
HD 45652,1,0.94,0.92
HD 45652,1,0.96,0.54
HD 457,1,NA,1.15
HD 46375,1,NA,0.92
HD 46375,1,0.914196,0.932831
HD 46375,1,NA,1
HD 47186,2,1.08,0.96
HD 47186,2,NA,NA
HD 47186,2,NA,NA
HD 4732,2,5.4,1.74
HD 4732,2,5.03,1.39
HD 4732,2,5.03,1.39
HD 4732,2,5.4,1.74
HD 47366,2,7.3,1.81
HD 47366,2,6.2,2.19
HD 47366,2,7.3,1.81
HD 47366,2,7.3,1.81
HD 47366,2,6.2,2.19
HD 47366,2,7.3,1.81
HD 47536,1,23.47,2.1
HD 47536,1,NA,0.98
HD 4760,1,42.4,1.05
HD 48265,2,1.901,1.312
HD 48265,2,2.05,1.28
HD 48265,2,NA,1.38
HD 48265,2,NA,0.93
HD 48265,2,NA,1.38
HD 48948,3,0.679,0.686
HD 48948,3,0.679,0.686
HD 48948,3,0.679,0.686
HD 4917,1,5.01,1.32
HD 49674,1,1.043803,1.064018
HD 49674,1,1.04257,0.99
HD 49674,1,NA,1.06
HD 49674,1,1.02,1.03
HD 49674,1,NA,1
HD 50499,2,1.432954,1.253184
HD 50499,2,NA,1.28
HD 50499,2,NA,1.24
HD 50499,2,1.351,1.253
HD 50499,2,1.42,1.31
HD 50499,2,1.42,1.31
HD 50499,2,1.432954,1.253184
HD 50554,1,1.12993,1.11
HD 50554,1,1.02,1.04
HD 50554,1,NA,1.05
HD 50554,1,NA,1.1
HD 50554,1,1.145857,1.037039
HD 50554,1,1.096,1.065
HD 51608,2,NA,0.8
HD 51608,2,NA,0.8
HD 52265,1,1.32,1.32
HD 52265,1,1.380441,1.215534
HD 52265,1,NA,1.2
HD 52265,1,NA,1.204
HD 52265,1,1.1,1.18
HD 52265,1,NA,1.13
HD 5278,2,1.194,1.126
HD 5278,2,1.13742,NA
HD 5278,2,1.194,1.126
HD 5278,2,1.194,1.126
HD 5319,2,4.06,1.27
HD 5319,2,3.26,1.56
HD 5319,2,3.85,1.51
HD 5319,2,4.06,1.27
HD 5319,2,4.19,1.44
HD 5319,2,4.06,1.27
HD 5319,2,3.85,1.51
HD 5319,2,4.06,1.27
HD 55696,1,1.52,1.29
HD 55696,1,NA,1.29
HD 5583,1,9.09,1.01
HD 5608,1,5.14,1.53
HD 5608,1,5.5,1.55
HD 5608,1,5.914,1.731
HD 5608,1,5.09,1.98
HD 5608,1,5.43,1.29
HD 564,1,1.01,0.961
HD 56414,1,1.751,1.89
HD 56414,1,1.8,NA
HD 56957,1,NA,1.03
HD 5891,1,10.64,1.93
HD 5891,1,8.7,1.91
HD 59686 A,1,13.2,1.9
HD 60292,1,27,1.7
HD 60532,2,2.57,1.5
HD 60532,2,NA,1.44
HD 60532,2,NA,1.44
HD 60532,2,2.57,1.5
HD 6061,1,1.0072,1.0269
HD 6061,1,0.99,NA
HD 6061,1,1.03,1
HD 62364,2,NA,1.19
HD 62364,2,NA,1.3
HD 62364,2,NA,1.2
HD 62364,2,1.401,1.157
HD 62364,2,NA,1.3
HD 62364,2,NA,1.19
HD 62509,1,NA,NA
HD 62509,1,NA,2
HD 62509,1,8.9,1.7
HD 62509,1,NA,1.73
HD 62549,1,NA,1.08
HD 63433,3,0.912,0.99
HD 63433,3,0.934,0.956
HD 63433,3,0.902932,NA
HD 63433,3,0.912,0.99
HD 63433,3,0.912,0.99
HD 63433,3,0.9169,0.9883
HD 63433,3,0.912,0.99
HD 63433,3,0.912,0.99
HD 63433,3,0.912,0.99
HD 63433,3,0.9169,0.9883
HD 63433,3,0.934,0.956
HD 63433,3,0.912,0.99
HD 63433,3,0.912,0.99
HD 63433,3,0.902932,NA
HD 63433,3,0.934,0.994
HD 63433,3,0.912,0.99
HD 63454,1,NA,0.8
HD 63454,1,1.05,0.84
HD 63454,1,0.77,0.42
HD 63765,1,NA,0.865
HD 63765,1,0.83,0.65
HD 63935,2,0.959,0.933
HD 63935,2,0.9598,0.9406
HD 63935,2,0.96,NA
HD 63935,2,0.959,0.933
HD 63935,2,0.9598,0.9406
HD 63935,2,0.962324,NA
HD 64114,1,NA,0.95
HD 64121,1,5.44,1.64
HD 6434,1,NA,0.79
HD 6434,1,1.12,1.1
HD 6434,1,1.14,0.89
HD 65216,2,NA,0.874
HD 65216,2,0.886644,1
HD 65216,2,NA,0.92
HD 65216,2,0.88,0.88
HD 65216,2,NA,0.874
HD 66141,1,21.4,1.1
HD 66428,2,NA,1.061
HD 66428,2,NA,1.1
HD 66428,2,1.15753,1.01
HD 66428,2,1.13,1
HD 66428,2,1.102,1.083
HD 66428,2,1.169119,1.050575
HD 66428,2,NA,1.01
HD 66428,2,NA,1.145
HD 66428,2,NA,1.145
HD 66428,2,NA,1.01
HD 66428,2,1.169119,1.050575
HD 67087,2,1.55,1.36
HD 67087,2,1.55,1.36
HD 68402,1,1.02,1.12
HD 68402,1,NA,1.12
HD 68475,1,NA,0.83
HD 6860,1,86.4,2.49
HD 68988,2,1.255733,1.171665
HD 68988,2,1.19,1.28
HD 68988,2,NA,1.2
HD 68988,2,NA,1.18
HD 68988,2,NA,1.211
HD 68988,2,NA,1.201
HD 68988,2,1.255733,1.171665
HD 69123,1,7.72,1.68
HD 69123,1,NA,1.68
HD 69830,3,NA,NA
HD 69830,3,0.886947,0.889787
HD 69830,3,NA,0.86
HD 69830,3,NA,NA
HD 69830,3,0.886947,0.889787
HD 69830,3,NA,0.86
HD 69830,3,0.886947,0.889787
HD 69830,3,NA,NA
HD 69830,3,NA,0.86
HD 70573,1,NA,1
HD 70642,1,NA,1.078
HD 70642,1,0.984,1.078
HD 70642,1,1.02,0.96
HD 70642,1,NA,1.05
HD 70642,1,NA,1
HD 7199,1,0.96,0.89
HD 7199,1,0.97,0.77
HD 7199,1,NA,NA
HD 72490,1,4.96,1.21
HD 72659,2,1.522214,1.053144
HD 72659,2,1.45071,1.09
HD 72659,2,1.46,1.43
HD 72659,2,NA,1.09
HD 72659,2,NA,1.246
HD 72659,2,1.36,1.06
HD 72659,2,1.36,1.033
HD 72659,2,NA,1.068
HD 72659,2,NA,0.95
HD 72659,2,NA,1.068
HD 72659,2,1.36,1.033
HD 72659,2,NA,1.246
HD 72659,2,NA,1.09
HD 72892,1,1.22,1.02
HD 72892,1,NA,1.01
HD 73256,1,NA,1
HD 73267,2,NA,0.89
HD 73267,2,1.04,0.89
HD 73267,2,0.909,0.897
HD 73267,2,NA,0.93
HD 73267,2,NA,0.93
HD 73267,2,NA,0.89
HD 73344,3,1.22568,NA
HD 73344,3,1.438,NA
HD 73344,3,1.22,1.19
HD 73344,3,1.22,1.2
HD 73344,3,1.22,1.19
HD 73344,3,1.22,1.19
HD 73526,2,1.53,1.14
HD 73526,2,NA,1.014
HD 73526,2,NA,1.05
HD 73526,2,NA,1.014
HD 73534,1,2.63,1.4
HD 73534,1,2.39,1.228
HD 73534,1,NA,1.17
HD 73534,1,2.58,1.16
HD 73534,1,2.58,1.16
HD 73583,2,0.65,0.73
HD 73583,2,0.677,0.702
HD 73583,2,0.63,NA
HD 73583,2,0.65,0.73
HD 73583,2,0.63,NA
HD 73583,2,0.65,0.73
HD 73583,2,0.677,0.702
HD 74156,2,NA,1.27
HD 74156,2,NA,1.1
HD 74156,2,NA,1.238
HD 74156,2,1.47932,1.1
HD 74156,2,1.64,1.24
HD 74156,2,1.510576,1.15133
HD 74156,2,NA,1.238
HD 74156,2,1.64,1.24
HD 74156,2,NA,1.1
HD 74156,2,NA,1.238
HD 74156,2,NA,1.27
HD 74156,2,1.510576,1.15133
HD 74156,2,1.47932,1.1
HD 74156,2,NA,1.238
HD 7449,1,1.01,1.05
HD 7449,1,1.02881,1.12
HD 7449,1,NA,1.196
HD 7449,1,NA,1.053
HD 7449,1,0.97,1.14
HD 74698,2,1.333,1.039
HD 74698,2,1.333,1.039
HD 75289,1,NA,1.21
HD 75289,1,1.23,1.29
HD 75289,1,NA,1.15
HD 75289,1,NA,1.15
HD 75302,1,NA,1.06
HD 75784,2,3.3,1.41
HD 75784,2,3.4,1.26
HD 75784,2,3.4,1.26
HD 75784,2,3.17,1.33
HD 75784,2,3.4,1.26
HD 75784,2,3.4,1.26
HD 75898,2,1.55,1.43
HD 75898,2,1.58,1.26
HD 75898,2,1.6,1.28
HD 75898,2,NA,1.295
HD 75898,2,NA,1.295
HD 76700,1,1.37,0.99
HD 76700,1,NA,1.13
HD 76700,1,NA,1
HD 76920,1,7.47,1.17
HD 76920,1,8.33,1
HD 76920,1,8.68,1.22
HD 77338,1,0.88,0.93
HD 77338,1,0.97,1.37
HD 77946,1,1.3174,1.1973
HD 77946,1,1.31,1.17
HD 77946,1,1.32944,NA
HD 79181,1,11.06,1.28
HD 7924,3,NA,NA
HD 7924,3,0.77984,0.802036
HD 7924,3,0.78,0.832
HD 7924,3,0.78,0.65
HD 7924,3,0.7821,0.832
HD 7924,3,0.79108,0.87
HD 7924,3,0.77984,0.802036
HD 7924,3,NA,NA
HD 7924,3,0.7821,0.832
HD 7924,3,NA,NA
HD 7924,3,0.77984,0.802036
HD 7924,3,0.7821,0.832
HD 79498,1,1.05,1.08
HD 79498,1,NA,1.06
HD 80606,1,1.04,1.15
HD 80606,1,0.978,0.97
HD 80606,1,1.037,1.018
HD 80606,1,1.08884,0.97
HD 80606,1,1.037,1.018
HD 80606,1,1.066485,1.047138
HD 80606,1,1.05,1.05
HD 80606,1,NA,0.958
HD 80653,2,1.224,NA
HD 80653,2,1.22,1.18
HD 80653,2,1.22,1.18
HD 80653,2,1.25505,NA
HD 80869,1,NA,1.08
HD 80869,1,1.062,1.08
HD 80869,1,NA,1.06
HD 80883,1,NA,0.88
HD 80913,1,NA,1.11
HD 81040,1,NA,1.03
HD 81040,1,NA,0.962
HD 81040,1,NA,0.99
HD 81040,1,0.86,0.96
HD 81040,1,0.91,1.05
HD 81040,1,NA,NA
HD 81688,1,13,2.1
HD 81688,1,11.13,1.07
HD 81688,1,NA,1.1
HD 81817,2,NA,4.3
HD 81817,2,83.8,4.3
HD 81817,2,NA,4.3
HD 82886,1,4.8,1.06
HD 82886,1,5.26,2.53
HD 82943,2,NA,1.15
HD 82943,2,1.198905,1.147658
HD 82943,2,1.1826,1.08
HD 82943,2,1.1826,1.08
HD 82943,2,1.03,1.04
HD 82943,2,NA,1.15
HD 82943,2,1.1826,1.08
HD 82943,2,1.198905,1.147658
HD 82943,2,1.03,1.04
HD 82943,2,1.1826,1.08
HD 8326,1,NA,0.8
HD 83443,2,1.015179,1.007005
HD 83443,2,NA,0.79
HD 83443,2,1.00468,0.95
HD 83443,2,0.94,1
HD 83443,2,0.94,0.79
HD 83443,2,NA,0.9
HD 83443,2,1.00468,0.95
HD 83443,2,0.94,1
HD 8535,1,1.19,1.13
HD 85390,1,NA,0.758
HD 85390,1,0.8,0.54
HD 85390,1,NA,0.76
TOI-1774,2,1.1303,0.991
HD 8574,1,NA,1.122
HD 8574,1,1.41292,1.12
HD 8574,1,1.38,1.34
HD 8574,1,1.423047,1.090782
HD 86065,1,NA,0.81
HD 86081,1,1.22,1.21
HD 86081,1,1.46,1.21
HD 86081,1,1.58,1.39
HD 86226,2,1.053,1.019
HD 86226,2,1.03,1.08
HD 86226,2,1.02,1.06
HD 86226,2,NA,1.02
HD 86226,2,1.053,1.019
HD 86226,2,1.03,NA
HD 86226,2,1.03,1.08
HD 86226,2,1.053,1.019
HD 86264,1,1.88,1.42
HD 86264,1,NA,1.26
HD 86264,1,NA,1.42
HD 86728,1,1.237,0.967
HD 8673,1,1.50225,1.28
HD 8673,1,NA,1.28
HD 86950,1,8.8,1.66
HD 87646,1,1.55,1.12
HD 87816,2,9,2.41
HD 87816,2,9,2.41
HD 87883,1,NA,NA
HD 87883,1,NA,0.8
HD 87883,1,NA,0.81
HD 87883,1,0.76,0.82
HD 87883,1,0.798557,0.825766
HD 87883,1,0.79,0.66
HD 88072,1,NA,1.04
HD 88133,1,1.93,1.2
HD 88133,1,2.01,1.23
HD 88133,1,2.03023,0.94
HD 88133,1,2.2,1.26
HD 88133,1,2.2,1.26
HD 88133,1,1.943,1.18
HD 88986,1,1.543,1.25
HD 89307,1,1.01,1.05
HD 89307,1,1.0924,1.09
HD 89307,1,1.1,1.27
HD 89307,1,1.05,1.028
HD 89307,1,NA,1.028
HD 89307,1,NA,1.03
HD 89345,1,1.78598,NA
HD 89345,1,1.747,1.157
HD 89345,1,1.733,1.324
HD 89345,1,1.657,NA
HD 89345,1,1.657,1.12
HD 89345,1,1.657,1.12
HD 89744,1,2.13257,1.21
HD 89744,1,NA,1.558
HD 89744,1,NA,1.86
HD 89839,1,NA,1.21
HD 89839,1,NA,1.21
HD 89839,1,NA,1.3
HD 89839,1,NA,1.3
HD 90156,1,NA,0.84
HD 90156,1,0.920286,0.855954
HD 9174,1,1.67,1.03
HD 92788,2,1.14,1.15
HD 92788,2,NA,1.1
HD 92788,2,1.161955,1.07575
HD 92788,2,1.05,1.06
HD 92788,2,1.11,1.15
HD 92788,2,NA,1.032
HD 92788,2,1.14,1.15
HD 92788,2,1.161955,1.07575
HD 93083,1,NA,0.7
HD 93351,2,NA,0.94
HD 93351,2,NA,0.94
HD 93385,3,NA,1.04
HD 93385,3,NA,1.04
HD 93385,3,NA,1.04
HD 93963 A,2,1.043,1.109
HD 93963 A,2,1.03,1.09
HD 93963 A,2,1.05,NA
HD 93963 A,2,1.0311,1.0844
HD 93963 A,2,1.043,1.109
HD 93963 A,2,1.05,NA
HD 93963 A,2,1.0311,1.0844
HD 9446,2,1,1
HD 9446,2,1,1
HD 94771,1,1.903,1.2
HD 94834,1,4.2,1.11
HD 94890,2,10.71,1.74
HD 94890,2,10.71,1.74
HD 95086,1,NA,1.6
HD 95086,1,1.48667,1.77
HD 95086,1,NA,1.6
HD 95086,1,1.48667,1.77
HD 95086,1,NA,NA
HD 95089,2,4.9,1.58
HD 95089,2,5.08,1.54
HD 95089,2,NA,1.38
HD 95089,2,5.08,1.54
HD 95127,1,41.01,3.7
HD 95127,1,20,1.2
HD 95338,1,0.87,NA
HD 95338,1,NA,NA
HD 95338,1,0.87,0.83
HD 95338,1,0.868,0.848
HD 95544,1,1.088,1.09
HD 95544,1,NA,1.01
HD 95544,1,NA,1.09
GJ 411,2,NA,NA
GJ 411,2,0.3685,0.3899
GJ 411,2,0.369083,0.391846
HD 95872,1,NA,0.95
HD 95872,1,0.84,0.7
HD 96063,1,4.75,1.37
HD 96063,1,4.5,1.02
HD 96127,1,51.1,10.94
HD 96127,1,35,0.91
HD 96167,1,1.94,1.27
HD 96167,1,1.85,1.67
HD 96167,1,1.94,1.27
HD 96167,1,1.86,1.31
HD 96700,3,NA,0.89
HD 96700,3,NA,0.89
HD 96700,3,NA,0.89
HD 96992,1,7.43,0.96
HD 97037,1,NA,1.06
HD 97048,1,2.25,2.4
HD 97658,1,0.77,NA
HD 97658,1,NA,NA
HD 97658,1,NA,0.741
HD 97658,1,0.728,0.85
HD 97658,1,0.754247,0.771773
HD 97658,1,0.68,0.78
HD 97658,1,0.74,0.89
HD 97658,1,0.68,0.78
HD 97658,1,0.771397,0.86
HD 97658,1,NA,NA
HD 97658,1,0.741,0.77
HD 97658,1,0.703,0.747
HD 98219,1,4.5,1.3
HD 98219,1,4.6,1.41
HD 98219,1,3.85,1.71
HD 98649,1,1,1
HD 98649,1,1.01,1.03
HD 98649,1,NA,1.02
HD 98649,1,NA,0.97
HD 98736,1,0.93,0.92
HD 99109,1,0.98,0.76
HD 99109,1,0.986304,0.969168
HD 99109,1,NA,0.93
HD 99283,1,11.21,1.76
HD 99492,2,0.822539,0.855745
HD 99492,2,0.78,0.85
HD 99492,2,NA,0.775
HD 99492,2,NA,0.85
HD 99492,2,0.83,0.48
HD 99492,2,0.750336,0.85
HD 99492,2,0.96,0.83
HD 99492,2,NA,0.85
HD 99706,2,5.4,1.72
HD 99706,2,5.52,1.46
HD 99706,2,6.29,1.7
HD 99706,2,NA,1.72
HIP 105854,1,NA,2.1
HIP 107772,1,NA,0.63
HIP 107773,1,11.6,2.42
HIP 109384,1,NA,0.78
HIP 109600,1,NA,0.87
HIP 111909,2,4.53,1.28
HIP 111909,2,4.53,1.28
HIP 113103,2,0.742,0.761
HIP 113103,2,0.742,0.761
HIP 113103,2,0.76,NA
HIP 114933,1,5.27,1.39
HIP 114933,1,5.27,1.39
HIP 116454,1,0.716,0.755
HIP 116454,1,0.716,0.775
HIP 116454,1,0.72,0.81
HIP 116454,1,0.758,0.8
HIP 116454,1,0.77,NA
HIP 12961,1,0.65,0.69
HIP 12961,1,0.660799,0.62
HIP 14810,3,1,0.99
HIP 14810,3,NA,0.99
HIP 14810,3,1.07,1.01
HIP 14810,3,1.04,0.81
HIP 14810,3,1.02639,0.98
HIP 14810,3,1,0.99
HIP 14810,3,1.07,1.01
HIP 14810,3,1.02639,0.98
HIP 14810,3,1.07,1.01
HIP 14810,3,1,0.99
HIP 18606,1,4.83,1.21
HIP 19976,1,NA,0.67
HIP 21152,1,NA,1.3
HIP 21152,1,NA,1.4
TOI-469,3,0.98,0.901
TOI-469,3,0.98,0.89
TOI-469,3,0.98,0.89
TOI-469,3,0.98,0.901
HIP 34222,1,NA,0.62
HIP 35173,1,NA,0.79
HIP 35965,1,NA,0.78
HIP 38594,2,NA,0.61
HIP 38594,2,NA,0.61
HIP 39017,1,NA,1.52
HIP 41378,6,1.343,1.168
HIP 41378,6,1.31,NA
HIP 41378,6,1.273,1.16
HIP 41378,6,1.4,1.15
HIP 41378,6,1.30883,NA
HIP 41378,6,1.4,1.15
HIP 41378,6,1.343,1.168
HIP 41378,6,1.273,1.16
HIP 41378,6,1.273,1.16
HIP 41378,6,1.35,1.14
HIP 41378,6,1.28,NA
HIP 41378,6,1.343,1.168
HIP 41378,6,1.4,1.15
HIP 41378,6,1.343,1.168
HIP 41378,6,1.4,1.15
HIP 41378,6,1.273,1.16
HIP 41378,6,1.273,1.16
HIP 41378,6,1.4,1.15
HIP 41378,6,1.35,1.14
HIP 41378,6,1.343,1.168
HIP 41378,6,1.273,1.16
HIP 4845,1,NA,0.62
HIP 48714,1,NA,0.58
HIP 5158,2,0.75,0.43
HIP 5158,2,NA,0.78
HIP 5158,2,0.754089,0.78
HIP 5158,2,0.754089,0.78
HIP 54373,2,NA,0.57
HIP 54373,2,NA,0.57
HIP 54515,1,NA,1.9
HIP 54597,1,0.66,0.69
HIP 54597,1,NA,0.8
HIP 55507,1,NA,0.65
HIP 56640,1,4.93,1.04
HIP 56640,1,NA,1.75
HIP 56640,1,4.93,1.04
HIP 56640,1,NA,1.04
HIP 57274,3,0.78,0.29
HIP 57274,3,0.7984,0.71
HIP 57274,3,NA,NA
HIP 57274,3,0.68,0.73
HIP 57274,3,0.68,0.73
HIP 57274,3,0.68,0.73
HIP 5763,1,NA,0.72
HIP 63242,1,NA,1.54
HIP 65 A,1,0.764401,NA
HIP 65 A,1,0.7242,0.781
HIP 65 A,1,NA,0.74
HIP 65 A,1,0.7242,0.781
HIP 65407,2,NA,0.93
HIP 65407,2,NA,0.93
HIP 65426,1,1.77,1.96
HIP 65891,1,NA,2.49
HIP 65891,1,8.93,2.5
HIP 66074,1,0.69,0.705
HIP 67522,2,1.38,NA
HIP 67522,2,1.33729,NA
HIP 67522,2,1.38,1.22
HIP 67522,2,1.38,1.22
HIP 67522,2,NA,NA
HIP 67522,2,1.38,1.22
HIP 67537,1,NA,2.41
HIP 67537,1,8.69,2.41
HIP 67537,1,NA,2.316
HIP 67851,2,5.87,1.3
HIP 67851,2,5.72,1.19
HIP 67851,2,NA,1.896
HIP 67851,2,5.92,1.63
HIP 67851,2,5.45,1.28
HIP 67851,2,5.92,1.63
HIP 67851,2,5.948,1.394
HIP 67851,2,NA,1.896
HIP 67851,2,5.92,1.63
HIP 67851,2,5.45,1.28
HIP 67851,2,5.92,1.63
HIP 67851,2,5.948,1.394
HIP 67851,2,5.72,1.19
HIP 67851,2,5.87,1.3
HIP 70849,1,NA,0.647
HIP 70849,1,NA,0.63
HIP 70849,1,NA,0.65
HIP 71135,1,NA,0.66
HIP 74890,1,4.62,1.31
HIP 74890,1,5.77,1.74
HIP 75092,1,4.53,1.28
HIP 75092,1,4.53,1.28
HIP 77900,1,NA,NA
HIP 78530,1,NA,2.5
HIP 78530,1,2.10876,2.192
HIP 78530,1,NA,2.5
HIP 79098 AB,1,NA,3.75
HIP 79431,1,NA,0.49
HIP 81208 C,1,NA,0.135
HIP 8152,2,0.95,0.91
HIP 8152,2,0.918917,NA
HIP 8152,2,0.9603,0.9373
HIP 8152,2,0.9603,0.9373
HIP 8152,2,0.95,0.91
HIP 8152,2,0.918917,NA
HIP 8541,2,NA,1.17
HIP 8541,2,6.84,0.96
HIP 8541,2,NA,2.009
HIP 8541,2,7.83,1.17
HIP 86221,1,NA,0.79
HIP 90988,1,3.94,1.3
HIP 90988,1,NA,1.613
HIP 90988,1,3.94,1.3
HIP 91258,1,0.89,0.97
HIP 91258,1,1,0.95
HIP 94235,1,1.08958,NA
HIP 94235,1,1.08,1.094
HIP 94235,1,1.08958,1.1
HIP 948,1,NA,0.71
HIP 9618,2,0.9593,0.942
HIP 9618,2,0.9662,1.022
HIP 9618,2,0.97,NA
HIP 9618,2,0.95,0.93
HIP 9618,2,0.9593,0.942
HIP 9618,2,0.95,0.93
HIP 9618,2,0.9662,1.022
HIP 9618,2,0.97,NA
HIP 97166,2,0.8418,0.9342
HIP 97166,2,0.87,NA
HIP 97166,2,0.836,0.898
HIP 97166,2,0.8418,0.9342
HIP 97166,2,0.836,0.898
HIP 97233,1,NA,1.81
HIP 97233,1,NA,1.74
HIP 97233,1,5.34,1.93
HIP 99770,1,NA,1.85
HIP 99770,1,NA,1.9
HN Lib,1,0.299,0.291
HN Peg,1,NA,NA
HR 2562,1,NA,1.3
HR 2562,1,1.334,1.368
HR 5183,1,NA,1.07
HR 5183,1,1.555268,1.099514
HR 5183,1,1.53,1.07
HR 810,1,NA,1.03
HR 810,1,NA,NA
HR 810,1,1.13,1.34
HR 810,1,NA,1.03
HR 810,1,NA,NA
HR 858,3,1.258,1.204
HR 858,3,1.28,NA
HR 858,3,1.31,1.145
HR 858,3,1.2845,NA
HR 858,3,1.258,1.204
HR 858,3,1.31,1.145
HR 858,3,1.2845,NA
HR 858,3,1.258,1.204
HR 858,3,1.31,1.145
HR 8799,4,1.49338,1.61
HR 8799,4,1.49338,1.61
HR 8799,4,NA,1.5
HR 8799,4,NA,1.51
HR 8799,4,1.49338,1.61
HR 8799,4,1.49338,1.61
HR 8799,4,NA,1.5
HR 8799,4,NA,1.51
HR 8799,4,1.49338,1.61
HR 8799,4,1.49338,1.61
HR 8799,4,NA,1.5
HR 8799,4,NA,1.51
HR 8799,4,1.49338,1.61
HR 8799,4,NA,1.51
HR 8799,4,1.49338,1.61
HR 8799,4,NA,NA
HS Psc,1,0.65,0.69
HU Aqr,2,NA,0.88
HU Aqr,2,NA,0.88
IC 4651 9122,1,NA,2.1
IRAS 04125+2902,1,1.45,0.7
IRAS 04125+2902,1,1.14998,NA
ITG 15 A,1,NA,NA
K2-10,1,0.721,NA
K2-10,1,0.98,0.92
K2-10,1,0.93,0.94
K2-10,1,0.902012,0.958188
K2-10,1,0.956,0.88
K2-10,1,0.968923,0.973
K2-10,1,1.08,0.92
K2-10,1,0.86,NA
K2-100,1,1.227,1.21
K2-100,1,1.22,NA
K2-100,1,1.21742,1.153
K2-100,1,1.21742,1.153
K2-100,1,1.21742,1.153
K2-100,1,1.22,1.23
K2-100,1,1.19,1.18
K2-100,1,1.19,1.18
K2-100,1,1.273,NA
K2-100,1,1.572,NA
K2-100,1,1.23,NA
K2-100,1,1.24,1.15
K2-101,1,0.769722,0.833034
K2-101,1,0.725,NA
K2-101,1,0.73,0.8
K2-101,1,0.682,NA
K2-101,1,0.800765,0.75
K2-101,1,0.800765,0.75
K2-101,1,0.76,0.82
K2-102,1,0.71,0.77
K2-102,1,0.768432,0.736
K2-104,1,0.303,NA
K2-104,1,0.502513,0.500534
K2-104,1,0.5573,NA
K2-104,1,0.484,NA
K2-104,1,0.492279,0.426533
K2-104,1,0.48,0.51
K2-104,1,0.502513,0.500534
K2-104,1,0.48,0.51
K2-105,1,0.90883100000000006,0.964948
K2-105,1,0.915405,0.941
K2-105,1,0.915405,0.941
K2-105,1,0.95,1.01
K2-105,1,0.91,0.99
K2-105,1,0.97,NA
K2-105,1,0.947,NA
K2-105,1,0.905,0.94
K2-105,1,0.92,NA
K2-105,1,0.98,NA
K2-105,1,0.97,1.05
K2-107,1,1.334682,1.257584
K2-107,1,1.73,NA
K2-107,1,1.908,NA
K2-107,1,1.78,1.3
K2-107,1,1.81,1.3
K2-107,1,1.78,1.3
K2-108,1,1.76,1.17
K2-108,1,1.797,NA
K2-108,1,1.77,NA
K2-108,1,2.306381,1.28805
K2-108,1,1.75,1.121
K2-108,1,1.75,2.83
K2-108,1,1.75896,0.964
K2-108,1,1.75896,NA
K2-108,1,1.75896,0.964
K2-11,1,5.15,1.35
K2-11,1,0.78,NA
K2-11,1,0.83,0.89
K2-11,1,0.896,NA
K2-110,1,0.68,NA
K2-110,1,0.71181,0.811
K2-110,1,0.71,0.7
K2-110,1,0.686,NA
K2-110,1,0.71181,0.811
K2-110,1,0.71,0.75
K2-110,1,0.692198,0.724359
K2-110,1,0.713,0.738
K2-110,1,0.713,0.738
K2-111,2,1.25,0.84
K2-111,2,1.17,NA
K2-111,2,0.922706,0.876863
K2-111,2,0.884,0.83
K2-111,2,1.25,0.84
K2-111,2,1.275,NA
K2-111,2,1.23,0.88
K2-111,2,1.25,0.84
K2-111,2,1.25,0.84
K2-111,2,1.25,0.84
K2-111,2,1.25,0.84
K2-113,1,1.24,1.04
K2-113,1,1.047,1.007
K2-113,1,1.33,NA
K2-113,1,1.22,NA
K2-113,1,1.288,NA
K2-113,1,1.047,1.007
K2-114,1,0.9,NA
K2-114,1,0.832,0.863
K2-114,1,0.875936,0.81
K2-114,1,0.824,0.86
K2-114,1,0.87,0.89
K2-114,1,0.854,NA
K2-114,1,0.84,0.89
K2-114,1,0.875936,0.81
K2-114,1,0.828,0.832
K2-114,1,0.875936,NA
K2-115,1,0.86,NA
K2-115,1,0.881,0.831
K2-115,1,0.88,0.95
K2-115,1,NA,NA
K2-115,1,0.855,0.918
K2-115,1,0.85554,1.026
K2-115,1,0.86,NA
K2-115,1,0.831,NA
K2-115,1,0.881,0.831
K2-115,1,0.88,0.95
K2-115,1,0.85554,1.026
K2-116,1,0.6694,0.694512
K2-116,1,0.687426,0.726778
K2-116,1,0.66,NA
K2-116,1,0.6694,0.694512
K2-117,2,0.52,NA
K2-117,2,0.4,NA
K2-117,2,0.513,0.532
K2-117,2,0.491598,0.582006
K2-117,2,0.51,0.54
K2-117,2,0.514745,NA
K2-117,2,0.514745,0.512437
K2-117,2,0.514745,0.512437
K2-117,2,0.52,NA
K2-117,2,0.51,0.54
K2-117,2,0.491598,0.582006
K2-117,2,0.4,NA
K2-117,2,0.513,0.532
K2-118,1,0.702,NA
K2-118,1,0.734626,0.756446
K2-119,1,0.679343,0.762669
K2-119,1,0.71,NA
K2-119,1,0.589,NA
K2-119,1,0.739177,0.71
K2-119,1,0.71,0.76
K2-119,1,0.739177,0.71
K2-12,1,1.117,0.965
K2-12,1,1.084,NA
K2-12,1,1.31,1.18
K2-12,1,0.92,NA
K2-12,1,1.005112,0.935733
K2-12,1,1.01,1.01
K2-121,1,0.768,0.711514
K2-121,1,0.71,NA
K2-121,1,0.65,NA
K2-121,1,0.686484,0.72709
K2-121,1,0.68,0.72
K2-121,1,0.649127,0.74
K2-121,1,0.67,0.69
K2-121,1,0.675,0.71
K2-121,1,0.768,0.711514
K2-121,1,0.637,NA
K2-121,1,0.649127,0.74
K2-122,1,0.532,NA
K2-122,1,0.612,0.644
K2-122,1,0.63,NA
K2-122,1,0.613895,0.59928
K2-122,1,0.59,0.63
K2-122,1,0.590802,0.629589
K2-122,1,0.6,0.62
K2-122,1,0.613895,0.59928
K2-123,1,0.609039,0.595401
K2-123,1,0.571015,0.649093
K2-123,1,0.598,NA
K2-123,1,0.637,NA
K2-123,1,0.59,0.62
K2-123,1,0.592,0.615
K2-123,1,0.609039,0.595401
K2-123,1,0.64,NA
K2-124,1,0.394,NA
K2-124,1,0.388,0.39
K2-124,1,0.35,NA
K2-124,1,0.41,0.43
K2-124,1,0.4094,0.402051
K2-124,1,0.299,NA
K2-124,1,0.344292,0.436372
K2-125,1,0.402049,0.494727
K2-126,1,0.66,NA
K2-126,1,0.668695,0.666
K2-126,1,0.625,NA
K2-126,1,0.588892,0.610472
K2-126,1,0.62115,0.697192
K2-126,1,0.668695,0.666
K2-126,1,0.65,0.69
K2-127,1,0.66,0.72
K2-127,1,0.676994,0.699933
K2-127,1,0.982,NA
K2-127,1,0.75,NA
K2-127,1,0.980071,NA
K2-127,1,0.980071,0.84
K2-128,1,0.777569,0.711248
K2-128,1,0.578,NA
K2-128,1,0.650657,0.686997
K2-129,1,0.215,NA
K2-129,1,0.36001,0.360031
K2-13,1,0.78,0.8
K2-13,1,1.09,0.94
K2-13,1,0.88,NA
K2-130,1,0.663,NA
K2-130,1,0.64361,0.675067
K2-130,1,0.744261,0.69563
K2-131,1,0.755722,NA
K2-131,1,0.81,NA
K2-131,1,0.75,0.84
K2-131,1,0.744,0.793
K2-131,1,0.7595,0.803
K2-131,1,0.81,0.84
K2-131,1,0.765322,0.802828
K2-132,1,3.85,1.08
K2-132,1,2.162531,0.984438
K2-132,1,3.85,1.08
K2-132,1,4.11,1.19
K2-132,1,3.85,1.08
K2-132,1,3.79,NA
K2-133,4,0.455,0.461
K2-133,4,0.47,0.51
K2-133,4,0.455,0.461
K2-133,4,0.47,0.51
K2-133,4,0.455,0.461
K2-133,4,0.47,0.51
K2-133,4,0.46,NA
K2-133,4,0.455,0.461
K2-136,3,0.723,0.686
K2-136,3,0.677,0.742
K2-136,3,0.66,0.74
K2-136,3,0.77,NA
K2-136,3,0.66,0.74
K2-136,3,0.71,0.71
K2-136,3,0.677,0.742
K2-136,3,0.71,0.71
K2-136,3,0.723,0.686
K2-136,3,0.677,0.742
K2-136,3,0.723,0.686
K2-136,3,0.66,0.74
K2-137,1,0.442,0.463
K2-137,1,0.29,NA
K2-138,6,0.834,0.891
K2-138,6,0.86,0.93
K2-138,6,0.863,0.935
K2-138,6,0.839,0.916
K2-138,6,0.863,0.935
K2-138,6,0.86,0.93
K2-138,6,0.834,0.891
K2-138,6,0.839,0.916
K2-138,6,0.839,0.916
K2-138,6,0.863,0.935
K2-138,6,0.86,0.93
K2-138,6,0.834,0.891
K2-138,6,0.834,0.891
K2-138,6,0.863,0.935
K2-138,6,0.839,0.916
K2-138,6,0.86,NA
K2-138,6,0.86,0.93
K2-138,6,0.839,0.916
K2-138,6,0.863,0.935
K2-138,6,0.86,0.93
K2-138,6,0.834,0.891
K2-138,6,0.839,0.916
K2-138,6,0.834,0.891
K2-138,6,0.863,0.935
K2-139,1,0.872288,0.948628
K2-139,1,0.93,NA
K2-139,1,0.88,0.96
K2-139,1,0.913,NA
K2-139,1,0.862,0.919
K2-14,1,0.56,NA
K2-14,1,0.623332,0.623433
K2-14,1,0.708,NA
K2-14,1,0.386,0.433
K2-14,1,0.45,0.47
K2-140,1,1.06,0.96
K2-140,1,0.987,1.005
K2-140,1,0.99,1
K2-140,1,1.047599,1.017113
K2-140,1,1.01702,NA
K2-140,1,0.987,1.005
K2-141,2,0.6862,0.706
K2-141,2,0.674,0.662
K2-141,2,0.681,0.708
K2-141,2,0.72,NA
K2-141,2,0.681,0.708
K2-141,2,0.681,0.708
K2-141,2,0.681,0.708
K2-146,2,0.225,NA
K2-146,2,0.33,0.33
K2-146,2,0.35,0.358
K2-146,2,0.325729,0.306161
K2-146,2,0.33,0.331
K2-146,2,0.325729,0.306161
K2-146,2,0.5,NA
K2-146,2,0.226,NA
K2-146,2,0.35,0.358
K2-146,2,0.35,0.358
K2-146,2,0.33,0.331
K2-147,1,0.311,NA
K2-147,1,0.31,NA
K2-147,1,0.554,0.583
K2-147,1,0.578,0.563
K2-148,3,0.632,0.65
K2-148,3,0.371,NA
K2-148,3,0.632,0.65
K2-148,3,0.371,NA
K2-148,3,0.371,NA
K2-148,3,0.632,0.65
K2-149,1,0.568,0.595
K2-15,1,0.68,0.72
K2-15,1,0.78,0.81
K2-15,1,0.8,NA
K2-15,1,0.76,NA
K2-150,1,0.36,NA
K2-150,1,0.436,0.457
K2-151,1,0.429,0.44
K2-151,1,0.45,NA
K2-151,1,0.45,0.47
K2-151,1,0.321,NA
K2-152,1,0.61,0.63
K2-152,1,0.631,0.654
K2-153,1,0.495,0.512
K2-153,1,0.53,0.55
K2-154,2,0.649,0.672
K2-154,2,0.63,0.65
K2-154,2,0.63,0.65
K2-154,2,0.649,0.672
K2-155,3,0.58,0.65
K2-155,3,0.526,0.54
K2-155,3,0.526,0.54
K2-155,3,0.655766,NA
K2-155,3,0.526,0.54
K2-155,3,0.58,0.65
K2-155,3,0.58,0.65
K2-155,3,0.526,0.54
K2-156,1,0.615543,0.642263
K2-156,1,0.66,0.66
K2-156,1,0.62,NA
K2-157,3,0.86,0.89
K2-157,3,0.88,NA
K2-157,3,0.875749,0.939509
K2-157,3,0.86,0.89
K2-157,3,0.86,0.89
K2-158,2,0.95,0.92
K2-158,2,0.892097,0.932757
K2-158,2,0.95,0.92
K2-159,1,0.83,0.9
K2-159,1,0.829915,0.8857
K2-16,3,0.67,0.69
K2-16,3,0.71,NA
K2-16,3,0.544,NA
K2-16,3,0.64,0.67
K2-16,3,0.66,0.68
K2-16,3,0.66,0.68
K2-16,3,0.544,NA
K2-16,3,0.64,0.67
K2-16,3,0.71,NA
K2-16,3,0.67,0.69
K2-160,1,0.913754,0.982829
K2-161,1,2.568173,0.986876
K2-162,1,0.725626,0.776634
K2-162,1,0.69,0.75
K2-163,1,0.762201,0.826112
K2-164,1,1.06,NA
K2-164,1,2.196069,1.180894
K2-164,1,1.27,NA
K2-165,3,0.803827,0.834847
K2-165,3,0.803827,0.834847
K2-165,3,0.837606,NA
K2-165,3,0.803827,0.834847
K2-166,2,1.61,1.16
K2-166,2,1.196219,1.072665
K2-167,1,1.829853,1.016265
K2-167,1,1.46,1.337
K2-167,1,1.47131,NA
K2-167,1,1.494,1.01
K2-167,1,1.499,1.02
K2-167,1,1.499,1.084
K2-167,1,1.18,NA
K2-168,2,0.904,NA
K2-168,2,0.83,0.877
K2-168,2,0.88,NA
K2-168,2,0.874211,0.906739
K2-169,1,0.981,NA
K2-169,1,0.919053,0.986144
K2-169,1,0.83,NA
K2-17,1,0.556,NA
K2-17,1,0.600869,0.624878
K2-17,1,0.66,0.71
K2-17,1,0.63,NA
K2-17,1,0.626014,0.657836
K2-17,1,0.478,0.532
K2-170,2,1.0849,NA
K2-170,2,0.98,NA
K2-170,2,0.981614,0.963657
K2-170,2,1.0849,NA
K2-170,2,0.98,NA
K2-170,2,0.981614,0.963657
K2-171,1,2.378,NA
K2-171,1,1.717458,0.891587
K2-171,1,0.77,NA
K2-172,2,0.824,NA
K2-172,2,0.868889,0.934356
K2-172,2,0.86,NA
K2-172,2,0.857949,0.977
K2-172,2,0.868889,0.934356
K2-172,2,0.824,NA
K2-172,2,0.86,NA
K2-173,1,0.843154,0.881538
K2-173,1,1.00118,0.983
K2-174,1,0.758892,0.66
K2-174,1,0.676,0.7
K2-174,1,0.673,NA
K2-174,1,0.758892,NA
K2-174,1,0.63908,0.668401
K2-174,1,0.758892,0.66
K2-174,1,0.669,NA
K2-175,1,1.420038,1.094693
K2-176,1,0.911,NA
K2-176,1,0.86416,0.938545
K2-177,1,1.213565,1.210525
K2-178,1,0.889347,NA
K2-178,1,0.887267,0.95109
K2-178,1,0.938,NA
K2-179,1,0.768067,0.824345
K2-179,1,0.639,NA
K2-179,1,0.709349,0.848
K2-18,2,0.444516,NA
K2-18,2,0.411,0.359
K2-18,2,0.36,NA
K2-18,2,0.411,0.359
K2-18,2,0.411,0.359
K2-18,2,0.468,0.32
K2-18,2,0.444516,0.440668
K2-18,2,0.4,0.42
K2-18,2,0.249,NA
K2-18,2,0.394,0.413
K2-18,2,0.4445,0.4951
K2-18,2,0.411,0.359
K2-180,1,0.65,NA
K2-180,1,0.681111,0.730322
K2-180,1,0.72,0.72
K2-180,1,0.69,0.71
K2-180,1,0.638,0.67
K2-180,1,0.697439,NA
K2-180,1,0.697439,0.93
K2-180,1,0.6867,NA
K2-180,1,0.72,0.72
K2-180,1,0.719,0.735
K2-181,1,1.11,NA
K2-181,1,1.04,1.022
K2-181,1,1.05734,0.983
K2-181,1,0.999244,1.043879
K2-181,1,1.06,0.96
K2-181,1,1.071,NA
K2-181,1,1.05734,0.983
K2-181,1,1.07,0.99
K2-182,1,0.790862,0.878
K2-182,1,0.790138,0.846996
K2-182,1,0.789,0.823
K2-182,1,0.8,0.88
K2-182,1,0.822,NA
K2-182,1,0.82,NA
K2-182,1,0.790862,0.878
K2-182,1,0.79,NA
K2-182,1,0.8,0.84
K2-182,1,0.793,0.865
K2-183,3,0.984,NA
K2-183,3,0.873283,0.942219
K2-183,3,0.87,NA
K2-183,3,0.97,0.93
K2-183,3,0.984,NA
K2-183,3,0.92,NA
K2-183,3,0.968558,0.95
K2-183,3,0.87,NA
K2-183,3,0.873283,0.942219
K2-183,3,0.968558,0.95
K2-183,3,0.873283,0.942219
K2-183,3,0.97,0.93
K2-183,3,0.92,NA
K2-183,3,0.87,NA
K2-183,3,0.984,NA
K2-184,1,0.767142,0.89
K2-184,1,0.78,0.86
K2-184,1,0.767142,0.89
K2-184,1,0.79,NA
K2-184,1,0.764371,0.818986
K2-184,1,0.75,0.84
K2-184,1,0.816,NA
K2-185,2,0.94,0.96
K2-185,2,0.914349,0.976219
K2-185,2,0.891,NA
K2-185,2,0.94,0.96
K2-185,2,0.891,NA
K2-185,2,NA,NA
K2-186,1,1.0574,NA
K2-186,1,0.98083,1.018617
K2-187,4,0.919,NA
K2-187,4,0.83,NA
K2-187,4,0.92,0.98
K2-187,4,0.894913,0.966999
K2-187,4,0.919,NA
K2-187,4,0.894913,0.966999
K2-187,4,0.83,NA
K2-187,4,0.96,NA
K2-187,4,0.92,0.98
K2-187,4,0.96,NA
K2-187,4,0.919,NA
K2-187,4,0.92,0.98
K2-187,4,0.92027,0.93
K2-187,4,0.83,NA
K2-187,4,0.894913,0.966999
K2-187,4,0.92027,0.93
K2-187,4,0.96,NA
K2-187,4,0.894913,0.966999
K2-187,4,0.83,NA
K2-187,4,0.92,0.98
K2-187,4,0.919,NA
K2-188,2,1.19,1.06
K2-188,2,1.109202,1.106611
K2-188,2,1.22,NA
K2-188,2,1.109202,1.106611
K2-188,2,1.19,NA
K2-188,2,1.19,1.06
K2-188,2,1.181,NA
K2-188,2,1.21722,1.07
K2-188,2,1.21722,1.07
K2-189,2,0.879,0.85
K2-189,2,0.862285,0.927528
K2-189,2,0.882,NA
K2-189,2,0.87,0.94
K2-189,2,0.88,NA
K2-189,2,0.87,0.94
K2-189,2,0.882,NA
K2-189,2,0.866405,0.956
K2-189,2,0.879,0.85
K2-189,2,0.866405,0.956
K2-189,2,0.862285,0.927528
K2-19,3,0.81,0.84
K2-19,3,0.833805,0.895163
K2-19,3,0.86,0.93
K2-19,3,0.840476,NA
K2-19,3,0.840476,0.92
K2-19,3,0.86,0.93
K2-19,3,0.82,0.88
K2-19,3,0.881,0.918
K2-19,3,0.84,NA
K2-19,3,1.01,0.99
K2-19,3,0.82,0.88
K2-19,3,0.823,NA
K2-19,3,0.824,0.892
K2-19,3,0.914,0.902
K2-19,3,0.913,0.949
K2-19,3,0.88,0.89
K2-19,3,0.86,0.93
K2-19,3,0.84,NA
K2-19,3,0.86,0.93
K2-19,3,1.01,0.99
K2-19,3,0.823,NA
K2-19,3,0.82,0.88
K2-19,3,0.833805,0.895163
K2-19,3,0.82,0.88
K2-19,3,0.88,0.89
K2-19,3,0.913,0.949
K2-19,3,0.86,0.93
K2-19,3,0.81,0.84
K2-19,3,0.914,0.902
K2-19,3,0.881,0.918
K2-19,3,0.824,0.892
K2-19,3,0.82,0.88
K2-19,3,0.833805,0.895163
K2-19,3,0.82,0.88
K2-19,3,1.01,0.99
K2-19,3,0.86,0.93
K2-19,3,0.86,0.93
K2-19,3,0.84,NA
K2-19,3,0.824,0.892
K2-190,2,0.912206,0.904597
K2-190,2,1,NA
K2-190,2,0.980624,0.991
K2-190,2,0.912206,0.904597
K2-191,1,0.839696,0.900994
K2-191,1,0.891502,0.832
K2-191,1,0.891502,0.832
K2-191,1,0.8988,NA
K2-192,1,0.791,NA
K2-192,1,0.828268,0.872619
K2-192,1,0.81,0.9
K2-192,1,0.825553,0.874
K2-193,1,0.95685,0.9943
K2-193,1,0.83,NA
K2-193,1,0.98,1.01
K2-193,1,1.0085,NA
K2-193,1,0.982083,0.984
K2-194,1,1.312,NA
K2-194,1,1.31129,1.2
K2-194,1,1.281115,1.110086
K2-195,2,0.99,0.94
K2-195,2,0.906367,0.963364
K2-195,2,0.948,NA
K2-195,2,0.95,NA
K2-195,2,0.993569,1.03
K2-195,2,0.906367,0.963364
K2-195,2,0.948,NA
K2-196,1,1.538801,1.162095
K2-197,1,0.923,0.997
K2-197,1,0.923,0.997
K2-197,1,0.93,1
K2-197,1,0.910305,0.974836
K2-197,1,0.96,NA
K2-198,3,0.801,NA
K2-198,3,0.778475,0.835734
K2-198,3,0.778475,0.835734
K2-198,3,0.757,0.799
K2-198,3,0.781501,0.879
K2-198,3,0.781501,0.879
K2-198,3,0.757,0.799
K2-198,3,0.781501,0.879
K2-198,3,0.757,0.799
K2-198,3,0.778475,0.835734
K2-198,3,0.801,NA
K2-199,2,0.682,0.711
K2-199,2,0.68,0.73
K2-199,2,0.7,NA
K2-199,2,0.68,0.69
K2-199,2,0.582,NA
K2-199,2,0.701485,NA
K2-199,2,0.667422,0.705681
K2-199,2,0.701485,0.717
K2-199,2,0.68,0.69
K2-199,2,0.68,0.73
K2-199,2,0.667422,0.705681
K2-199,2,0.7,NA
K2-199,2,0.682,0.711
K2-199,2,0.667422,0.705681
K2-199,2,0.701485,0.717
K2-199,2,0.582,NA
K2-200,1,0.8,NA
K2-200,1,0.791736,0.860208
K2-200,1,0.807647,0.834
K2-201,2,0.92,NA
K2-201,2,0.878161,0.956055
K2-201,2,0.92,NA
K2-201,2,0.878161,0.956055
K2-2016-BLG-0005L,1,NA,0.584
K2-2016-BLG-0005L,1,NA,0.574
K2-202,1,0.923,NA
K2-202,1,0.910685,0.971461
K2-203,1,0.765,0.793
K2-203,1,0.776,NA
K2-203,1,0.762994,0.793531
K2-204,1,1.177665,1.009256
K2-204,1,1.09,NA
K2-204,1,1.253,1.076
K2-205,1,1.077574,0.951027
K2-205,1,1.197,NA
K2-206,1,0.758046,0.789481
K2-207,1,0.928158,0.941851
K2-207,1,0.929,NA
K2-208,1,0.872,0.881
K2-208,1,0.889,NA
K2-208,1,0.862368,0.925184
K2-209,1,0.712365,0.74479
K2-21,2,0.46,0.523
K2-21,2,0.6,NA
K2-21,2,0.646783,0.676023
K2-21,2,0.576,NA
K2-21,2,0.6,0.64
K2-21,2,0.646783,0.676023
K2-21,2,0.46,0.523
K2-21,2,0.654523,0.63
K2-21,2,0.6,NA
K2-21,2,0.6,0.64
K2-21,2,0.576,NA
K2-210,1,0.89,NA
K2-210,1,0.85179,0.911717
K2-211,1,0.79,NA
K2-211,1,0.815727,0.881912
K2-211,1,0.818,0.851
K2-211,1,0.839,NA
K2-212,1,0.678,0.622
K2-212,1,0.67,NA
K2-212,1,0.706632,NA
K2-212,1,0.598075,0.621928
K2-212,1,0.648,NA
K2-212,1,0.65,0.67
K2-213,1,1.20424,1.069596
K2-214,1,1.27,1.05
K2-214,1,1.123168,1.022196
K2-214,1,1.251,NA
K2-214,1,1.236,1.03
K2-214,1,1.29,NA
K2-215,1,1.0807,NA
K2-215,1,0.974398,0.999987
K2-216,1,0.699,0.72
K2-216,1,0.638,NA
K2-216,1,0.665648,0.699496
K2-216,1,0.71,NA
K2-216,1,0.71,NA
K2-216,1,0.69,0.74
K2-216,1,0.72,0.7
K2-217,1,1.333718,1.102661
K2-217,1,1.278,NA
K2-218,1,1.008231,1.047488
K2-218,1,1.102,NA
K2-219,3,1.189232,1.021545
K2-219,3,1.321,NA
K2-219,3,1.321,NA
K2-219,3,1.189232,1.021545
K2-219,3,1.189232,1.021545
K2-219,3,1.321,NA
K2-22,1,0.57,NA
K2-22,1,0.57,0.6
K2-22,1,0.64,NA
K2-22,1,0.581569,0.595292
K2-22,1,0.54,NA
K2-22,1,0.382,0.421
K2-22,1,0.58,NA
K2-220,1,0.929546,0.959636
K2-220,1,0.99,NA
K2-220,1,1.026,0.91
K2-220,1,1.056,NA
K2-220,1,1.02,0.96
K2-221,1,0.947599,1.010842
K2-221,1,1.0711,NA
K2-222,1,1.072,0.94
K2-222,1,1.072,0.94
K2-222,1,1.115,0.989
K2-222,1,1.0623,NA
K2-222,1,1.09,1
K2-222,1,1.040375,0.950497
K2-222,1,1.093,0.92
K2-222,1,0.96,NA
K2-223,2,0.99,1.06
K2-223,2,1,NA
K2-223,2,1.013236,1.067005
K2-223,2,1.013236,1.067005
K2-223,2,0.99,1.06
K2-223,2,1,NA
K2-224,2,0.839998,0.902181
K2-224,2,0.84,0.91
K2-224,2,NA,NA
K2-224,2,0.84,0.91
K2-225,1,1.7,1.27
K2-225,1,1.209303,1.114596
K2-225,1,1.7,1.482
K2-226,1,0.889,0.856
K2-226,1,0.91,0.88
K2-226,1,0.82447,0.885981
K2-227,1,0.890666,0.950811
K2-228,1,0.699017,0.742115
K2-228,1,0.65,0.71
K2-229,2,0.793,0.837
K2-229,2,0.774,0.84
K2-229,2,0.79,0.87
K2-229,2,0.79,NA
K2-229,2,0.781,0.804
K2-229,2,0.801878,0.85791
K2-229,2,0.793,0.837
K2-229,2,0.79,0.87
K2-229,2,0.801878,0.85791
K2-229,2,0.774,0.84
K2-230,1,1.181244,1.1312
K2-230,1,1.39,1.11
K2-231,1,0.95,1.01
K2-231,1,1.0306,NA
K2-232,1,1.22,NA
K2-232,1,1.161,1.188
K2-232,1,1.161,1.188
K2-232,1,1.233,1.039
K2-233,3,0.745,0.8
K2-233,3,0.71,0.79
K2-233,3,0.71,0.79
K2-233,3,0.71,0.79
K2-233,3,0.745,0.8
K2-233,3,0.71,0.79
K2-233,3,0.71,0.79
K2-233,3,0.745,0.8
K2-233,3,0.745,0.8
K2-233,3,0.71,0.79
K2-237,1,1.27146,NA
K2-237,1,1.43,1.28
K2-237,1,1.38,1.23
K2-237,1,1.43,1.28
K2-237,1,1.38,1.23
K2-237,1,1.43,1.28
K2-237,1,1.236,1.256
K2-237,1,1.261,1.263
K2-237,1,NA,NA
K2-238,1,1.59,1.19
K2-238,1,NA,NA
K2-238,1,1.59,1.19
K2-239,3,0.36,0.4
K2-239,3,0.36,0.4
K2-239,3,0.36,0.4
K2-24,2,1.51,1.2
K2-24,2,1.16,1.07
K2-24,2,1.249,NA
K2-24,2,1.068173,1.095122
K2-24,2,1.21,1.12
K2-24,2,1.16,1.07
K2-24,2,1.21,1.12
K2-24,2,1.21,1.12
K2-24,2,0.77,NA
K2-24,2,1.068173,1.095122
K2-24,2,1.16,1.07
K2-24,2,1.249,NA
K2-24,2,1.51,1.2
K2-24,2,1.21,1.12
K2-24,2,1.21,1.12
K2-24,2,1.21,1.12
K2-24,2,0.77,NA
K2-24,2,1.16,1.07
K2-240,2,0.54,0.58
K2-240,2,0.54,0.58
K2-241,1,0.75,0.71
K2-242,1,0.37,0.38
K2-243,2,1.39,1.29
K2-243,2,1.39,1.29
K2-244,1,0.890903,NA
K2-244,1,0.92,0.86
K2-245,1,0.956,0.88
K2-245,1,1.25,0.83
K2-246,1,0.94,0.87
K2-247,2,0.69,0.74
K2-247,2,0.69,0.74
K2-248,1,0.92,0.88
K2-249,1,1.57,1.32
K2-25,1,NA,NA
K2-25,1,0.290216,NA
K2-25,1,0.295,0.294
K2-25,1,0.295,0.294
K2-25,1,0.290216,0.265494
K2-25,1,0.295,0.294
K2-25,1,0.2932,0.2634
K2-250,1,0.81,0.8
K2-250,1,0.797,0.809
K2-251,1,0.49,0.52
K2-252,1,0.82,0.79
K2-253,1,1.1,1.08
K2-253,1,1.08492,NA
K2-254,2,0.67,0.71
K2-254,2,0.67,0.71
K2-255,1,0.69,0.71
K2-257,1,0.5,0.52
K2-258,1,1.31,1.21
K2-259,1,1.13,1.14
K2-259,1,1.077775,NA
K2-26,1,0.52,NA
K2-26,1,0.515263,0.512936
K2-26,1,0.51,0.53
K2-26,1,0.515263,NA
K2-26,1,0.52,0.56
K2-26,1,0.51,NA
K2-260,1,1.69,1.39
K2-260,1,1.77,NA
K2-260,1,1.69,1.39
K2-260,1,1.755,1.637
K2-260,1,1.69,1.39
K2-260,1,1.69,1.39
K2-261,1,1.641,1.266
K2-261,1,1.669,1.105
K2-261,1,1.663,1.107
K2-261,1,1.642,1.09
K2-261,1,1.65,1.1
K2-261,1,NA,NA
K2-261,1,1.73,NA
K2-261,1,1.679,1.09
K2-261,1,1.65,1.1
K2-261,1,1.65,1.1
K2-263,1,0.85,0.88
K2-263,1,0.837459,NA
K2-263,1,0.85,0.88
K2-263,1,0.879,NA
K2-263,1,0.85,0.88
K2-264,2,0.473,0.471
K2-264,2,0.473,0.496
K2-264,2,0.473,0.471
K2-264,2,0.473,0.496
K2-265,1,0.91,NA
K2-265,1,0.930331,NA
K2-265,1,0.92,0.901
K2-265,1,0.924,0.9
K2-265,1,0.930331,0.94
K2-265,1,0.977,0.915
K2-265,1,0.889069,NA
K2-265,1,0.914,NA
K2-265,1,0.81,NA
K2-266,4,0.703,0.686
K2-266,4,0.703,0.686
K2-266,4,0.703,0.686
K2-266,4,0.733789,NA
K2-266,4,0.703,0.686
K2-266,4,0.703,0.686
K2-266,4,0.733789,NA
K2-268,5,0.78,0.84
K2-268,5,0.773,NA
K2-268,5,0.78,0.84
K2-268,5,0.801255,0.839
K2-268,5,0.78,0.84
K2-268,5,0.78,0.84
K2-268,5,0.773,NA
K2-268,5,0.713,NA
K2-268,5,0.78,NA
K2-268,5,0.801255,0.839
K2-268,5,0.78,0.84
K2-268,5,0.773,NA
K2-268,5,0.78,0.84
K2-268,5,0.773,NA
K2-268,5,0.78,0.84
K2-268,5,0.773,NA
K2-269,1,1.45,1.16
K2-269,1,1.49612,1.18
K2-269,1,1.309274,NA
K2-269,1,1.28,NA
K2-27,1,0.885,0.866
K2-27,1,0.89,NA
K2-27,1,0.932,NA
K2-27,1,0.88,NA
K2-27,1,0.89254,0.89
K2-27,1,0.876,0.88
K2-27,1,0.81,NA
K2-27,1,1.03,1.01
K2-27,1,0.85,0.89
K2-27,1,0.855055,0.92012
K2-270,2,0.77,0.85
K2-270,2,0.82,NA
K2-270,2,0.735,NA
K2-270,2,0.77,0.85
K2-270,2,0.826001,0.754
K2-270,2,0.826001,0.754
K2-270,2,0.735,NA
K2-270,2,0.772,NA
K2-270,2,0.82,NA
K2-271,1,1.02304,0.98
K2-271,1,1.02304,0.98
K2-271,1,1.02304,NA
K2-271,1,0.83,NA
K2-271,1,0.928,NA
K2-271,1,0.99,0.83
K2-272,1,0.817851,0.93
K2-272,1,0.802,NA
K2-272,1,0.81,0.81
K2-272,1,0.83,0.86
K2-272,1,0.817851,0.93
K2-272,1,0.74,NA
K2-272,1,0.802,NA
K2-273,1,0.872,NA
K2-273,1,0.85,0.89
K2-273,1,0.838,NA
K2-273,1,0.84,0.9
K2-273,1,0.86968,0.843
K2-273,1,0.86,NA
K2-273,1,0.86968,0.843
K2-273,1,0.799,NA
K2-274,1,0.74,NA
K2-274,1,0.747608,NA
K2-274,1,0.74,0.81
K2-274,1,0.7,0.79
K2-274,1,0.734473,0.84
K2-274,1,0.734473,0.84
K2-274,1,0.7209,NA
K2-274,1,0.794,NA
K2-275,2,0.735345,0.772
K2-275,2,0.735345,NA
K2-275,2,0.73,0.79
K2-275,2,0.704,NA
K2-275,2,0.735345,0.772
K2-275,2,0.75,NA
K2-275,2,0.727072,NA
K2-275,2,0.69,0.77
K2-275,2,0.704,NA
K2-275,2,0.735345,0.772
K2-275,2,0.735345,NA
K2-275,2,0.73,0.79
K2-275,2,0.75,NA
K2-275,2,0.69,0.77
K2-276,1,0.816,NA
K2-276,1,0.85,0.82
K2-276,1,0.890703,0.79
K2-276,1,0.77,NA
K2-277,1,1.01,NA
K2-277,1,0.97,1.02
K2-277,1,0.975383,1.008
K2-277,1,0.946965,NA
K2-277,1,0.974,NA
K2-277,1,0.952,0.98
K2-277,1,0.975383,1.008
K2-277,1,0.975383,NA
K2-277,1,0.973,0.974
K2-278,1,0.9,NA
K2-278,1,1.70729,0.98
K2-278,1,1.766,NA
K2-278,1,1.61,1.4
K2-279,1,0.86,0.79
K2-279,1,0.894218,0.945
K2-279,1,0.857,NA
K2-279,1,0.76,NA
K2-28,1,0.279867,0.201355
K2-28,1,0.341024,NA
K2-28,1,0.18,NA
K2-28,1,0.184,NA
K2-28,1,0.28,0.201
K2-28,1,0.288,0.257
K2-28,1,0.288,0.257
K2-280,1,1.367,NA
K2-280,1,1.28,1.11
K2-280,1,1.45,NA
K2-280,1,1.279,1.17
K2-280,1,1.28,1.03
K2-280,1,1.06414,NA
K2-281,1,0.664,NA
K2-281,1,0.75,NA
K2-281,1,0.76,0.82
K2-282,2,0.94,0.95
K2-282,2,1.013,NA
K2-282,2,1,NA
K2-282,2,0.93,NA
K2-283,1,0.82,0.89
K2-283,1,0.709,NA
K2-283,1,0.86,NA
K2-284,1,0.607,0.63
K2-284,1,0.607,0.63
K2-284,1,0.65,NA
K2-285,4,0.77,NA
K2-285,4,0.787,0.83
K2-285,4,0.77,NA
K2-285,4,0.787,0.83
K2-285,4,0.787,0.83
K2-285,4,0.787,0.83
K2-286,1,0.62,0.64
K2-287,1,1.07,1.06
K2-287,1,1.1,1.03
K2-287,1,1.07,1.056
K2-288 B,1,0.32,0.33
K2-288 B,1,0.312,NA
K2-289,1,0.38,NA
K2-289,1,1.025,0.953
K2-289,1,1.24,NA
K2-289,1,0.54,NA
K2-29,1,0.86,0.94
K2-29,1,0.817114,NA
K2-29,1,0.857501,0.923184
K2-29,1,0.817114,0.935
K2-29,1,0.85,0.94
K2-29,1,0.807,NA
K2-29,1,0.86,0.94
K2-29,1,0.748,0.864
K2-29,1,0.86,0.94
K2-290,2,NA,NA
K2-290,2,1.511,1.194
K2-290,2,NA,NA
K2-290,2,1.511,1.194
K2-290,2,NA,NA
K2-291,1,0.92,NA
K2-291,1,0.934,0.934
K2-291,1,0.904,0.926
K2-291,1,0.899,0.934
K2-292,1,1.09,1
K2-293,1,0.947,0.958
K2-294,1,1.2,0.987
K2-295,1,0.7,0.74
K2-295,1,0.75,NA
K2-295,1,0.665,NA
K2-295,1,0.73,NA
K2-295,1,0.7,0.74
K2-3,3,0.553,0.612
K2-3,3,0.6,0.62
K2-3,3,0.550856,NA
K2-3,3,0.561,0.601
K2-3,3,0.52,0.53
K2-3,3,0.56,0.6
K2-3,3,0.561,0.601
K2-3,3,0.6,0.62
K2-3,3,0.561,NA
K2-3,3,0.561,0.601
K2-3,3,0.58,NA
K2-3,3,0.550856,0.546024
K2-3,3,0.561,0.601
K2-3,3,0.371,NA
K2-3,3,0.371,0.414
K2-3,3,0.546,0.549
K2-3,3,0.6,0.62
K2-3,3,0.561,NA
K2-3,3,0.52,0.53
K2-3,3,0.553,0.612
K2-3,3,0.561,0.601
K2-3,3,0.6,0.62
K2-3,3,0.371,NA
K2-3,3,0.561,0.601
K2-3,3,0.561,0.601
K2-3,3,0.58,NA
K2-3,3,0.56,0.6
K2-3,3,0.546,0.549
K2-3,3,0.371,0.414
K2-3,3,0.561,0.601
K2-3,3,0.6,0.62
K2-3,3,0.553,0.612
K2-3,3,0.546,0.549
K2-3,3,0.561,0.601
K2-3,3,0.58,NA
K2-3,3,0.6,0.62
K2-3,3,0.561,0.601
K2-3,3,0.56,0.6
K2-3,3,0.561,0.601
K2-3,3,0.561,NA
K2-3,3,0.561,0.601
K2-3,3,0.550856,0.546024
K2-3,3,0.371,NA
K2-3,3,0.371,0.414
K2-30,1,0.909346,0.969658
K2-30,1,0.844,0.9
K2-30,1,0.941,0.984
K2-30,1,1.06395,NA
K2-30,1,0.844,0.9
K2-30,1,0.844,0.9
K2-30,1,0.921,NA
K2-30,1,0.839,0.917
K2-30,1,0.92,0.93
K2-30,1,1.06395,0.883
K2-308,1,1.24,1.09
K2-308,1,NA,NA
K2-31,1,0.81,NA
K2-31,1,0.9,0.97
K2-31,1,1.02904,0.922
K2-31,1,0.78,0.91
K2-31,1,0.78,0.91
K2-31,1,0.986,1
K2-31,1,1.138,0.92
K2-31,1,1.02904,NA
HD 80653,2,1.22,1.18
K2-315,1,0.196,0.174
K2-316,2,0.379,0.408
K2-316,2,0.379,0.408
K2-317,1,0.379,0.403
K2-318,1,0.552,0.561
K2-319,1,0.898,0.954
K2-32,4,0.757,NA
K2-32,4,0.839164,0.915819
K2-32,4,0.851795,0.904
K2-32,4,0.92,0.88
K2-32,4,0.87,0.87
K2-32,4,0.855,0.84
K2-32,4,0.845,0.856
K2-32,4,0.87,0.87
K2-32,4,0.72,NA
K2-32,4,0.845,0.856
K2-32,4,0.86,0.83
K2-32,4,0.851795,NA
K2-32,4,0.87,0.87
K2-32,4,0.86,0.83
K2-32,4,0.855,0.84
K2-32,4,0.757,NA
K2-32,4,0.845,0.856
K2-32,4,0.845,0.856
K2-32,4,0.87,0.87
K2-32,4,0.839164,0.915819
K2-32,4,0.92,0.88
K2-32,4,0.72,NA
K2-32,4,0.72,NA
K2-32,4,0.757,NA
K2-32,4,0.87,0.87
K2-32,4,0.87,0.87
K2-32,4,0.855,0.84
K2-32,4,0.839164,0.915819
K2-32,4,0.86,0.83
K2-32,4,0.92,0.88
K2-32,4,0.845,0.856
K2-32,4,0.845,0.856
K2-32,4,0.86,0.83
K2-32,4,0.845,0.856
K2-32,4,0.757,NA
K2-320,1,0.3,0.117
K2-321,1,0.590525,NA
K2-321,1,0.595,0.578
K2-321,1,0.583,0.599
K2-322,1,0.602,0.63
K2-323,1,0.549,0.478
K2-324,1,0.505,0.517
K2-325,1,0.298,0.274
K2-326,1,0.688,0.507
K2-329,1,0.843307,NA
K2-329,1,0.822,0.901
K2-33,1,0.529,NA
K2-33,1,0.909623,0.349
K2-33,1,1.05,0.56
K2-33,1,1.1,0.31
K2-33,1,0.16,NA
K2-330,1,1.46908,1.221
K2-330,1,1.25,NA
K2-330,1,1.469,NA
K2-330,1,1.682578,NA
K2-330,1,1.47,NA
K2-330,1,1.5,1.23
K2-331,2,1.06,1.1
K2-331,2,1.06,1.1
K2-331,2,1.043,NA
K2-332,1,0.205,NA
K2-332,1,0.28,0.27
K2-332,1,0.289676,0.264883
K2-333,1,1.186,NA
K2-333,1,1.186,NA
K2-333,1,1.20174,NA
K2-333,1,1.22,1.06
K2-334,1,1.409,NA
K2-334,1,1.49,1.36
K2-334,1,1.50876,NA
K2-334,1,1.409,NA
K2-335,1,1.323,NA
K2-335,1,1.410373,NA
K2-335,1,1.33471,1.22
K2-335,1,1.33,1.23
K2-336,1,0.8,0.86
K2-336,1,0.782112,NA
K2-336,1,0.7747,NA
K2-336,1,0.797924,0.91
K2-337,1,1.064948,NA
K2-337,1,1.32,0.94
K2-337,1,1.25863,1.08
K2-337,1,1.27,NA
K2-338,1,0.51,NA
K2-338,1,0.63,0.66
K2-338,1,0.626953,0.708
K2-339,1,0.72,0.74
K2-339,1,0.576,NA
K2-34,1,1.4,NA
K2-34,1,1.454974,1.119935
K2-34,1,1.398,NA
K2-34,1,1.4022,1.162
K2-34,1,1.4,NA
K2-34,1,1.38,NA
K2-34,1,1.66,1.31
K2-34,1,1.4022,1.162
K2-34,1,1.42,1.16
K2-34,1,1.58,1.226
K2-34,1,1.526,1.281
K2-34,1,1.66,1.31
K2-34,1,1.22,0.64
K2-34,1,1.44,1.15
K2-340,1,1.11294,0.96
K2-340,1,1.13,0.93
K2-340,1,1.144,NA
K2-341,1,1.1,NA
K2-341,1,1.16,0.98
K2-341,1,1.035241,NA
K2-342,1,1.09,1.01
K2-342,1,1.406,NA
K2-343,2,0.507,NA
K2-343,2,0.46,0.49
K2-343,2,0.507,NA
K2-343,2,0.465,NA
K2-343,2,0.46,0.49
K2-344,1,0.49,0.51
K2-344,1,0.551,NA
K2-344,1,0.56,NA
K2-345,1,0.539401,0.535622
K2-345,1,0.4,NA
K2-345,1,0.52,0.56
K2-346,1,0.709927,0.746
K2-346,1,0.656,NA
K2-346,1,0.7,0.71
K2-346,1,0.692258,NA
K2-346,1,0.709927,NA
K2-347,1,0.617099,0.687
K2-347,1,0.63,0.66
K2-347,1,0.584,NA
K2-348,2,0.828,NA
K2-348,2,0.87,NA
K2-348,2,0.85,0.83
K2-348,2,0.85,0.83
K2-348,2,0.828,NA
K2-349,1,0.49,0.54
K2-349,1,0.825,NA
K2-349,1,0.786068,0.9
K2-35,2,0.601,0.663
K2-35,2,0.619575,0.701968
K2-35,2,0.603,NA
K2-35,2,0.67,NA
K2-35,2,0.72,0.76
K2-35,2,0.69,NA
K2-35,2,0.619575,0.701968
K2-35,2,0.67,NA
K2-35,2,0.779092,0.68
K2-35,2,0.72,0.76
K2-35,2,0.603,NA
K2-35,2,0.601,0.663
K2-350,2,1.04,0.98
K2-350,2,0.977396,1.04
K2-350,2,1.006,NA
K2-350,2,1.04,0.98
K2-351,1,1.103,NA
K2-351,1,1.03974,1.03
K2-351,1,1.05,1.02
K2-351,1,1.03974,1.03
K2-352,3,0.95,0.98
K2-352,3,0.923,NA
K2-352,3,0.95,0.98
K2-352,3,0.95,0.98
K2-352,3,0.923,NA
K2-353,1,0.99,0.87
K2-353,1,1.02,NA
K2-354,1,0.41,0.43
K2-354,1,0.421881,0.415947
K2-355,1,0.92,0.96
K2-356,1,0.86,0.9
K2-357,1,1,0.98
K2-358,1,0.91,0.93
K2-36,2,0.718,0.79
K2-36,2,0.74,0.8
K2-36,2,0.717,0.76
K2-36,2,0.75,0.81
K2-36,2,0.718,0.79
K2-36,2,0.729,NA
K2-36,2,0.745987,0.800265
K2-36,2,0.74,NA
K2-36,2,0.74,0.8
K2-36,2,0.726,0.81
K2-36,2,0.74,NA
K2-36,2,0.717,0.76
K2-36,2,0.75412,0.769
K2-36,2,0.718,0.79
K2-36,2,0.75,0.81
K2-36,2,0.745987,0.800265
K2-36,2,0.718,0.79
EPIC 201595106,2,0.98,0.958
K2-365,1,1.051,0.823
K2-365,1,0.87,NA
K2-365,1,1.115,NA
K2-365,1,1.05771,0.982
K2-365,1,0.986872,NA
K2-366,1,0.7,NA
K2-366,1,0.731,NA
K2-366,1,0.94,0.825
K2-367,1,0.58,NA
K2-367,1,0.68,NA
K2-367,1,0.625,0.756
K2-368,3,0.577,NA
K2-368,3,0.663,0.746
K2-368,3,0.72,NA
K2-368,3,0.577,NA
K2-368,3,0.663,0.746
K2-368,3,0.577,NA
K2-368,3,0.663,0.746
K2-369,1,0.83,NA
K2-369,1,0.881,0.735
K2-369,1,0.901705,NA
K2-369,1,0.868,NA
K2-37,3,0.85,0.9
K2-37,3,0.72,NA
K2-37,3,0.809,0.84
K2-37,3,0.87,0.9
K2-37,3,0.792,NA
K2-37,3,0.818403,0.886868
K2-37,3,0.792,NA
K2-37,3,0.85,0.9
K2-37,3,0.818403,0.886868
K2-37,3,0.72,NA
K2-37,3,0.858018,0.809
K2-37,3,0.809,0.84
K2-37,3,0.87,0.9
K2-37,3,0.792,NA
K2-37,3,0.85,0.9
K2-37,3,0.809,0.84
K2-37,3,0.87,0.9
K2-37,3,0.72,NA
K2-37,3,0.818403,0.886868
K2-370,1,0.971,0.984
K2-370,1,1,NA
K2-370,1,0.971,0.984
K2-371,1,0.718,NA
K2-371,1,0.736,0.958
K2-371,1,0.74956,NA
K2-371,1,0.74956,0.82
K2-371,1,0.77,NA
K2-371,1,0.74956,0.82
K2-372,1,0.957455,0.96
K2-372,1,0.91,NA
K2-372,1,0.922,0.847
K2-372,1,0.9395,NA
K2-373,1,1.507,NA
K2-373,1,1.486,1.158
K2-374,2,0.907,0.731
K2-374,2,0.907,0.731
K2-374,2,0.907,0.731
K2-374,2,0.907,0.731
K2-375,1,1.551,NA
K2-375,1,1.065474,NA
K2-375,1,1.54893,1.05
K2-375,1,1.543,1.119
K2-376,1,1.149,0.908
K2-376,1,1.149,0.908
K2-377,1,0.691,0.821
K2-377,1,0.697984,0.674
K2-377,1,0.649,NA
K2-378,1,0.736421,0.79
K2-378,1,0.732,0.923
K2-378,1,0.727,NA
K2-379,1,0.69,NA
K2-379,1,0.751,0.856
K2-38,2,1.241,NA
K2-38,2,1.1,1.07
K2-38,2,1.06,1.03
K2-38,2,0.924,1.04
K2-38,2,1.12,1.08
K2-38,2,1.141,1.054
K2-38,2,1.38,2.24
K2-38,2,1.12,1.08
K2-38,2,1.241,NA
K2-38,2,1.1,1.07
K2-38,2,0.924,1.04
K2-38,2,1.06,1.03
K2-38,2,1.141,1.054
K2-380,1,1.13,NA
K2-380,1,1.32,0.993
K2-381,3,0.616,NA
K2-381,3,0.645652,NA
K2-381,3,0.675,0.754
K2-381,3,0.645652,NA
K2-381,3,0.62,NA
K2-381,3,0.616,NA
K2-381,3,0.675,0.754
K2-381,3,0.7,NA
K2-381,3,0.675,0.754
K2-381,3,0.645652,NA
K2-381,3,0.616,NA
K2-382,1,0.811,NA
K2-382,1,0.88176,NA
K2-382,1,0.811,0.922
K2-383,1,0.878,NA
K2-383,1,0.825125,NA
K2-383,1,0.804,1.061
K2-384,5,0.348,0.33
K2-384,5,0.348,0.33
K2-384,5,0.257,NA
K2-384,5,0.348,0.33
K2-384,5,0.257,NA
K2-384,5,0.257,NA
K2-384,5,0.348,0.33
K2-384,5,0.257,NA
K2-384,5,0.348,0.33
K2-384,5,0.257,NA
K2-385,1,0.761,0.927
K2-385,1,0.734,NA
K2-386,1,1.012,NA
K2-386,1,0.97,0.911
K2-386,1,1.01,NA
K2-387,1,0.585,0.57
K2-387,1,0.35,NA
K2-387,1,0.664,NA
K2-388,1,0.93,NA
K2-388,1,0.897,0.842
K2-388,1,0.91,0.93
K2-388,1,0.897,0.842
K2-389,2,1.084,0.802
K2-389,2,1.094,0.99
K2-389,2,1.084,0.802
K2-389,2,1.084,0.802
K2-389,2,1.084,0.802
K2-39,1,0.74,NA
K2-39,1,2.93,1.192
K2-39,1,3.08,1.38
K2-39,1,2.59,1.17
K2-39,1,3.12057,NA
K2-39,1,2.97,0.66
K2-39,1,3.12057,NA
K2-39,1,3.88,1.53
K2-390,1,0.966,0.789
K2-390,1,0.98,NA
K2-390,1,0.966,0.789
K2-391,1,0.566,0.757
K2-391,1,0.566,0.757
K2-392,1,1.058,0.841
K2-392,1,1.058,0.841
K2-393,1,1.071,0.881
K2-393,1,1.12,NA
K2-394,1,0.631,0.478
K2-394,1,0.7,NA
K2-394,1,0.58,NA
K2-395,2,0.783,0.952
K2-395,2,0.783,0.952
K2-395,2,0.783,0.952
K2-395,2,0.783,0.952
K2-396,2,0.92,0.954
K2-396,2,0.92,0.954
K2-396,2,0.92,0.954
K2-397,1,0.966,0.937
K2-397,1,0.966,0.937
K2-398,2,1.239,0.945
K2-398,2,1.239,0.945
K2-398,2,1.239,0.945
K2-398,2,1.239,0.945
K2-4,1,0.6,0.63
K2-4,1,0.62,NA
K2-4,1,0.569359,0.635026
K2-4,1,0.435,0.487
K2-4,1,0.572,NA
K2-4,1,0.684348,0.64
K2-400,1,0.382,0.374
K2-400,1,0.382,0.374
K2-401,1,0.675,0.87
K2-401,1,0.675,0.87
K2-402,1,1.28,0.944
K2-402,1,1.28,0.944
K2-403,1,0.886,0.784
K2-403,1,0.91,NA
K2-403,1,0.886,0.784
K2-404,1,0.552,0.552
K2-404,1,0.552,0.552
K2-405,1,0.765,1.034
K2-405,1,0.8,NA
K2-405,1,0.765,1.034
K2-406,1,0.961,0.798
K2-406,1,0.961,0.798
K2-407,2,0.927,0.881
K2-407,2,0.927,0.881
K2-407,2,0.927,0.881
K2-407,2,0.927,0.881
K2-408,1,0.784,0.813
K2-408,1,0.784,0.813
K2-409,1,1.228,0.886
K2-409,1,1.228,0.886
K2-411,1,1.375,1.018
K2-412,1,0.977,0.893
K2-413,2,0.7,0.808
K2-413,2,0.7,0.808
K2-414,2,0.732,0.814
K2-414,2,0.732,0.814
K2-415,1,0.1965,0.1635
K2-415,1,0.194357,NA
K2-416,1,0.554,0.548
K2-417,1,0.5776,0.569
K2-419 A,1,0.541,0.562
K2-419 A,1,0.539092,0.535338
K2-419 A,1,0.539092,0.535338
K2-419 A,1,0.539092,NA
K2-419 A,1,0.55,NA
K2-419 A,1,0.53,NA
K2-42,1,0.658,NA
K2-42,1,0.69,NA
K2-42,1,0.643,0.702
K2-43,2,0.587449,0.598864
K2-43,2,0.61,NA
K2-43,2,0.57,0.6
K2-43,2,0.563,NA
K2-43,2,0.542,0.571
K2-43,2,0.5,NA
K2-43,2,0.61,NA
K2-43,2,0.542,0.571
K2-44,1,1.617,NA
K2-44,1,1.561446,1.049582
K2-44,1,1.58,1.15
K2-44,1,1.09,NA
K2-44,1,1.03,NA
K2-44,1,1.58,1.15
K2-45,1,0.729,NA
K2-45,1,0.445,0.503
K2-45,1,0.66,NA
K2-45,1,0.685548,0.682189
K2-45,1,0.766495,NA
K2-46,1,1.12,NA
K2-46,1,1.32,NA
K2-46,1,1.29,0.96
K2-46,1,1.25,NA
K2-46,1,1.328888,1.015093
K2-47,1,0.73,NA
K2-47,1,0.76,0.75
K2-47,1,0.774,NA
K2-48,1,0.662,NA
K2-48,1,0.73,0.77
K2-48,1,0.72,NA
K2-49,1,0.45,0.51
K2-49,1,0.67,NA
K2-49,1,0.696,NA
K2-5,2,0.62,NA
K2-5,2,0.57,0.61
K2-5,2,0.52,0.53
K2-5,2,0.532,NA
K2-5,2,0.462,0.52
K2-5,2,0.57,0.61
K2-5,2,0.532,NA
K2-5,2,0.52,0.53
K2-5,2,0.462,0.52
K2-50,2,0.634,NA
K2-50,2,0.65,NA
K2-50,2,0.546,0.611
K2-52,1,2.192,1.691
K2-52,1,2.07,NA
K2-52,1,0.23,NA
K2-52,1,1.49,1.21
K2-53,1,0.85,0.83
K2-53,1,0.807,0.851
K2-53,1,0.713,NA
K2-53,1,0.824666,0.718
K2-53,1,0.72,NA
K2-54,1,0.384,0.421
K2-54,1,0.643,0.615
K2-55,1,0.74,NA
K2-55,1,0.737576,0.669
K2-55,1,0.715,0.688
K2-55,1,0.63,0.696
K2-55,1,0.65,NA
K2-55,1,0.737576,0.669
K2-55,1,0.715385,0.687725
K2-55,1,0.662,NA
K2-55,1,0.63,0.696
K2-57,1,0.68,NA
K2-57,1,0.599,NA
K2-57,1,0.671,0.699
K2-57,1,0.621,0.683
K2-58,3,0.837,NA
K2-58,3,0.803348,0.857874
K2-58,3,0.86,0.89
K2-58,3,0.836424,0.834
K2-58,3,0.76,NA
K2-58,3,0.86,0.89
K2-58,3,0.803348,0.857874
K2-58,3,0.76,NA
K2-58,3,0.837,NA
K2-58,3,0.86,0.89
K2-58,3,0.803348,0.857874
K2-58,3,0.76,NA
K2-58,3,0.837,NA
K2-59,2,0.731,0.774
K2-59,2,0.73,NA
K2-59,2,0.64,NA
K2-59,2,0.731,0.774
K2-59,2,0.64,NA
K2-59,2,0.73,NA
K2-6,1,0.96,0.97
K2-6,1,0.96,NA
K2-6,1,1.01,0.93
K2-6,1,0.86302,0.93034
K2-6,1,0.8649,NA
K2-60,1,1.525,NA
K2-60,1,1.45,NA
K2-60,1,1.47,1.08
K2-60,1,1.45479,1
K2-60,1,1.12,0.97
K2-60,1,1.45479,1
K2-60,1,0.86,NA
K2-61,1,1.36,1.21
K2-61,1,1.00125,1.02
K2-61,1,0.95,NA
K2-61,1,1.015751,1.030202
K2-61,1,0.995,0.97
K2-61,1,1.046,NA
K2-62,2,0.73,0.77
K2-62,2,0.695645,0.718
K2-62,2,0.696,0.67
K2-62,2,0.69,NA
K2-62,2,0.577,NA
K2-62,2,0.647947,0.684147
K2-62,2,0.696,0.67
K2-62,2,0.69,NA
K2-62,2,0.73,0.77
K2-62,2,0.647947,0.684147
K2-62,2,0.577,NA
K2-63,2,0.95,NA
K2-63,2,1.63,1.4
K2-63,2,1.269,NA
K2-63,2,0.95,NA
K2-63,2,1.63,1.4
K2-63,2,1.269,NA
K2-64,1,0.82,NA
K2-64,1,0.726,0.741
K2-64,1,0.875405,0.94
K2-64,1,0.867,NA
K2-65,1,0.84,0.87
K2-65,1,0.72,NA
K2-65,1,0.668753,0.701917
K2-65,1,0.722,NA
K2-65,1,NA,NA
K2-66,1,1.71,1.16
K2-66,1,1.59,NA
K2-66,1,1.79,1.06
K2-66,1,1.67,1.11
K2-68,1,0.72,NA
K2-68,1,0.675,0.73
K2-68,1,0.702294,0.751397
K2-68,1,0.655,NA
K2-69,1,0.491,NA
K2-69,1,0.491,0.551
K2-69,1,0.61,NA
K2-7,1,1.533,1.056
K2-7,1,2.13,1.05
K2-7,1,1.597,NA
K2-7,1,0.96,0.97
K2-70,1,0.798574,0.847597
K2-70,1,0.783,NA
K2-70,1,0.93,0.94
K2-70,1,0.77,NA
K2-70,1,0.792485,0.846
K2-71,1,0.57,NA
K2-71,1,0.426,0.477
K2-72,4,0.330989,0.271365
K2-72,4,0.232,0.217
K2-72,4,0.43,NA
K2-72,4,0.330989,0.271365
K2-72,4,0.232,0.217
K2-72,4,0.232,0.217
K2-72,4,0.330989,0.271365
K2-72,4,0.330989,0.271365
K2-72,4,0.232,0.217
K2-73,2,1.079,NA
K2-73,2,1.051008,1.043192
K2-73,2,1.058,1.02
K2-73,2,1.05721,1.061
K2-73,2,1.05721,1.061
K2-73,2,1.77,NA
K2-73,2,1.06,1.05
K2-73,2,1.058,1.02
K2-74,1,1.01,NA
K2-74,1,1.047,NA
K2-74,1,0.98,0.96
K2-74,1,1.086156,0.987182
K2-75,2,1.492,NA
K2-75,2,1.56,1.16
K2-75,2,1.01,NA
K2-75,2,1.238022,1.173509
K2-75,2,1.56,1.16
K2-75,2,1.01,NA
K2-75,2,1.492,NA
K2-75,2,1.238022,1.173509
K2-77,1,0.782,NA
K2-77,1,0.792,0.847
K2-77,1,0.76,0.8
K2-77,1,0.793476,0.793
K2-77,1,0.783982,0.851503
K2-77,1,0.83,0.87
K2-77,1,0.793476,NA
K2-79,1,1.265,1.066
K2-79,1,1.247,1.06
K2-79,1,1.33417,NA
K2-79,1,1.038427,1.06195
K2-79,1,1.247,1.01
K2-79,1,1.269,1.06
K2-79,1,1.3704,NA
K2-79,1,1.269,1.06
K2-79,1,1.28,1.06
K2-8,2,0.73,NA
K2-8,2,0.74,0.79
K2-8,2,0.771581,0.77
K2-8,2,0.712,NA
K2-8,2,0.74,0.78
K2-8,2,0.8,0.84
K2-8,2,NA,NA
K2-8,2,0.74,0.78
K2-8,2,0.8,0.84
K2-8,2,0.73,NA
K2-8,2,0.712,NA
K2-80,3,0.87,0.9
K2-80,3,0.841458,0.913111
K2-80,3,0.785,NA
K2-80,3,0.87,0.9
K2-80,3,0.785,NA
K2-80,3,0.841458,0.913111
K2-80,3,0.785,NA
K2-80,3,0.841458,0.913111
K2-81,1,0.756173,0.772
K2-81,1,0.702,NA
K2-81,1,0.634663,0.745273
K2-81,1,0.631,0.697
K2-83,2,0.547001,0.594112
K2-83,2,0.424,NA
K2-83,2,0.424,0.484
K2-83,2,0.547001,0.594112
K2-83,2,0.424,0.484
K2-83,2,0.562821,0.556642
K2-83,2,0.424,NA
K2-84,2,0.836,NA
K2-84,2,0.93,0.95
K2-84,2,0.836,NA
K2-84,2,0.93,0.95
K2-85,1,0.68,NA
K2-85,1,0.71,0.7
K2-85,1,0.646851,0.678307
K2-85,1,0.734112,0.66
K2-85,1,0.71,NA
K2-85,1,0.671,NA
K2-85,1,0.675849,0.69834
K2-85,1,0.507,0.573
K2-86,1,0.721964,0.757495
K2-86,1,0.8,NA
K2-86,1,0.76,0.79
K2-87,1,1.401,1.164
K2-87,1,1.508,NA
K2-87,1,1.45,NA
K2-87,1,0.93,0.947
K2-88,1,0.256,NA
K2-88,1,0.256,0.258
K2-88,1,0.459539,0.477046
K2-89,1,0.318,NA
K2-89,1,0.535057,0.531616
K2-89,1,0.318,0.347
K2-9,1,0.25,0.24
K2-9,1,0.31,0.3
K2-9,1,0.468,0.519
K2-9,1,0.52,NA
K2-9,1,0.468,NA
K2-90,2,0.619,0.629
K2-90,2,0.646,NA
K2-90,2,0.650887,0.647
K2-90,2,0.634754,0.704613
K2-90,2,0.494,0.562
K2-90,2,0.494,0.562
K2-90,2,0.646,NA
K2-90,2,0.634754,0.704613
K2-91,1,0.32067,0.383934
K2-91,1,0.284,NA
K2-91,1,0.284,0.292
K2-91,1,0.361559,0.347552
K2-95,1,0.44,0.43
K2-95,1,0.4,0.41
K2-95,1,0.42,0.44
K2-95,1,0.402,0.361
K2-95,1,0.43,NA
K2-95,1,0.226,NA
K2-95,1,0.226,NA
K2-95,1,0.414978,0.408283
K2-97,1,4.09,NA
K2-97,1,4.2,1.16
K2-97,1,4.47,1.2
K2-97,1,4.2,1.16
K2-97,1,4.14,1.17
K2-97,1,4.79,NA
K2-97,1,4.2,1.16
K2-97,1,2.949151,1.054213
K2-97,1,4.70881,NA
K2-97,1,4.71,NA
K2-98,1,1.518,1.246
K2-98,1,1.311,1.074
K2-98,1,1.39,NA
K2-98,1,1.565,0.91
K2-98,1,1.51,NA
K2-98,1,1.57,1.2
K2-98,1,1.37,NA
K2-98,1,1.50696,1.23
K2-98,1,1.5082,1.155595
K2-98,1,1.50696,1.23
K2-99,2,2.63,1.63
K2-99,2,2.71,NA
K2-99,2,2.73115,1.14
K2-99,2,3.1,1.6
K2-99,2,2.55,1.44
K2-99,2,1.98,NA
K2-99,2,2.276457,1.424556
K2-99,2,2.66,1.48
K2-99,2,2.55,1.44
KELT-1,1,1.471,1.335
KELT-1,1,1.46,NA
KELT-1,1,1.471,1.335
KELT-1,1,1.471,1.335
KELT-1,1,1.471,1.335
KELT-1,1,1.46216,1.376
KELT-1,1,1.46216,1.376
KELT-10,1,1.209,1.112
KELT-10,1,NA,NA
KELT-10,1,1.15599,NA
KELT-10,1,1.209,1.112
KELT-10,1,1.209,NA
KELT-11,1,2.78715,NA
KELT-11,1,2.69,1.44
KELT-11,1,NA,NA
KELT-11,1,2.72,1.438
KELT-11,1,2.72,1.438
KELT-11,1,2.69,1.44
KELT-11,1,2.78715,NA
KELT-11,1,2.69,1.44
KELT-11,1,2.83,1.46
KELT-11,1,2.78715,NA
KELT-12,1,2.37,1.591
KELT-12,1,2.37,1.591
KELT-12,1,2.16,NA
KELT-12,1,2.37,1.591
KELT-14,1,NA,NA
KELT-14,1,1.52,1.239
KELT-14,1,1.368,1.178
KELT-14,1,1.51,NA
KELT-14,1,1.52,1.239
KELT-14,1,1.52,1.239
KELT-15,1,1.78,2.06
KELT-15,1,NA,NA
KELT-15,1,1.481,1.181
KELT-15,1,1.481,1.181
KELT-15,1,1.52238,NA
KELT-15,1,1.481,1.181
KELT-16,1,1.41398,NA
KELT-16,1,NA,NA
KELT-16,1,1.36,1.211
KELT-16,1,1.36,1.211
KELT-16,1,1.36,1.211
KELT-16,1,1.315,1.195
KELT-17,1,1.645,1.635
KELT-17,1,1.70169,NA
KELT-17,1,NA,NA
KELT-17,1,1.645,1.635
KELT-18,1,1.908,1.524
KELT-18,1,1.908,1.524
KELT-18,1,1.908,1.524
KELT-18,1,NA,NA
KELT-18,1,1.90904,1.48
KELT-18,1,NA,NA
KELT-18,1,1.91,NA
KELT-19 A,1,1.83,1.62
KELT-19 A,1,1.83,1.62
KELT-19 A,1,1.67,NA
KELT-19 A,1,NA,NA
KELT-2 A,1,1.828,1.308
KELT-2 A,1,1.88,NA
KELT-2 A,1,1.828,1.308
KELT-2 A,1,1.828,1.308
KELT-2 A,1,1.93,1.54
KELT-20,1,1.565,1.76
KELT-20,1,1.6,1.89
KELT-20,1,NA,NA
KELT-20,1,1.565,1.76
KELT-20,1,1.565,1.76
KELT-20,1,1.62,NA
KELT-21,1,NA,NA
KELT-21,1,1.638,1.458
KELT-21,1,1.71,NA
KELT-21,1,1.638,1.458
KELT-23 A,1,0.96,NA
KELT-23 A,1,NA,NA
KELT-23 A,1,0.996,0.944
KELT-23 A,1,0.962706,1.071
KELT-23 A,1,0.996,0.944
KELT-23 A,1,0.996,0.944
KELT-24,1,NA,NA
KELT-24,1,1.506,1.46
KELT-24,1,1.506,1.46
KELT-24,1,1.54867,1.25
KELT-24,1,1.338,1.268
KELT-24,1,1.55,NA
KELT-24,1,1.506,1.46
KELT-24,1,1.52,1.3
KELT-3,1,NA,NA
KELT-3,1,1.47,1.28
KELT-3,1,1.61079,1.34
KELT-3,1,NA,NA
KELT-3,1,1.472,1.278
KELT-3,1,1.472,1.278
KELT-3,1,1.7,1.96
KELT-3,1,1.472,1.278
KELT-3,1,1.61,NA
KELT-3,1,1.472,1.278
KELT-4 A,1,1.6,1.2
KELT-4 A,1,1.603,1.201
KELT-4 A,1,1.603,1.201
KELT-4 A,1,NA,NA
KELT-4 A,1,1.61396,NA
KELT-6,2,NA,NA
KELT-6,2,1.529,1.126
KELT-6,2,1.34,1.11
KELT-6,2,1.53,1.126
KELT-6,2,1.73,1.42
KELT-6,2,1.65,NA
KELT-6,2,1.58,1.085
KELT-6,2,1.58,1.085
KELT-6,2,1.529,1.126
KELT-7,1,NA,NA
KELT-7,1,1.732,1.535
KELT-7,1,1.81,1.76
KELT-7,1,1.732,1.535
KELT-7,1,NA,NA
KELT-7,1,1.732,1.535
KELT-7,1,1.81,1.76
KELT-7,1,NA,NA
KELT-7,1,1.77,NA
KELT-7,1,NA,NA
KELT-8,1,1.67,1.211
KELT-8,1,1.38951,1.016
KELT-8,1,NA,NA
KELT-8,1,1.38951,NA
KELT-8,1,1.46,0.81
KELT-8,1,1.67,1.211
KELT-8,1,1.67,1.211
KELT-8,1,1.46,0.81
KELT-9,1,2.178,1.978
KELT-9,1,2.362,2.52
KELT-9,1,2.28773,NA
KELT-9,1,NA,NA
KELT-9,1,2.362,2.52
KELT-9,1,2.362,2.52
KIC 10001893,3,NA,NA
KIC 10001893,3,NA,NA
KIC 10001893,3,NA,NA
KIC 10068024,1,1.574,1.22
KIC 10525077,1,1.01,1.01
KIC 3526061,1,5.86,1.42
KIC 3558849,1,1.01,0.98
KIC 5437945,2,1.95204,1.1
KIC 5437945,2,1.868,1.175
KIC 5437945,2,1.393,1.031
KIC 5437945,2,1.24,1.07
KIC 5437945,2,1.26,1.17
KIC 5437945,2,1.393,1.031
KIC 5437945,2,1.393,1.031
KIC 5437945,2,1.393,1.031
KIC 5479689,1,0.894,0.966
KIC 7917485,1,NA,1.63
KIC 8121913,1,2.233,1.456
KOI-7892,3,1.26,1.04
KOI-7892,3,1.26,1.04
KIC 9663113,2,1.04,1.043
KIC 9663113,2,1.006,0.965
KIC 9663113,2,2.21562,1.15
KIC 9663113,2,1.03,0.98
KIC 9663113,2,1.299,1.129
KIC 9663113,2,2.146,1.525
KIC 9663113,2,1.006,0.965
KIC 9663113,2,2.224,NA
KMT-2016-BLG-0212L,1,NA,0.39
KMT-2016-BLG-0212L,1,NA,0.48
KMT-2016-BLG-0212L,1,NA,0.36
KMT-2016-BLG-0212L,1,NA,0.39
KMT-2016-BLG-1105L,1,NA,0.43
KMT-2016-BLG-1105L,1,NA,0.43
KMT-2016-BLG-1105L,1,NA,0.37
KMT-2016-BLG-1105L,1,NA,0.44
KMT-2016-BLG-1105L,1,NA,0.43
KMT-2016-BLG-1105L,1,NA,0.41
KMT-2016-BLG-1107L,1,NA,0.022
KMT-2016-BLG-1107L,1,NA,0.087
KMT-2016-BLG-1337L,1,NA,0.54
KMT-2016-BLG-1337L,1,NA,0.54
KMT-2016-BLG-1397L,1,NA,NA
KMT-2016-BLG-1397L,1,NA,0.45
KMT-2016-BLG-1820L,1,NA,0.039
KMT-2016-BLG-1836L,1,NA,0.48
KMT-2016-BLG-1836L,1,NA,0.53
KMT-2016-BLG-1836L,1,NA,0.49
KMT-2016-BLG-1836L,1,NA,0.49
KMT-2016-BLG-1836L,1,NA,0.49
KMT-2016-BLG-1836L,1,NA,0.51
KMT-2016-BLG-1836L,1,NA,0.6
KMT-2016-BLG-2142L,1,NA,NA
KMT-2016-BLG-2142L,1,NA,0.073
KMT-2016-BLG-2321L,1,NA,0.73
KMT-2016-BLG-2321L,1,NA,0.73
KMT-2016-BLG-2321L,1,NA,0.73
KMT-2016-BLG-2364L,1,NA,0.5
KMT-2016-BLG-2397L,1,NA,0.62
KMT-2016-BLG-2397L,1,NA,0.64
KMT-2016-BLG-2605L,1,NA,0.064
KMT-2017-BLG-0165L,1,NA,0.76
KMT-2017-BLG-0165L,1,NA,NA
KMT-2017-BLG-0428L,1,NA,0.34
KMT-2017-BLG-0428L,1,NA,0.34
KMT-2017-BLG-0428L,1,NA,0.34
KMT-2017-BLG-0673L,1,NA,0.63
KMT-2017-BLG-0849L,1,NA,0.19
KMT-2017-BLG-1003L,1,NA,0.27
KMT-2017-BLG-1003L,1,NA,0.37
KMT-2017-BLG-1003L,1,NA,0.32
KMT-2017-BLG-1038L,1,NA,0.43
KMT-2017-BLG-1038L,1,NA,0.37
KMT-2017-BLG-1057L,1,NA,0.57
KMT-2017-BLG-1146L,1,NA,0.4
KMT-2017-BLG-1146L,1,NA,0.33
KMT-2017-BLG-1194L,1,NA,0.41
KMT-2017-BLG-2197L,1,NA,0.36
KMT-2017-BLG-2197L,1,NA,0.36
KMT-2017-BLG-2331L,1,NA,0.4
KMT-2017-BLG-2509L,1,NA,0.46
KMT-2018-BLG-0029L,1,NA,1.14
KMT-2018-BLG-0029L,1,NA,1.25
KMT-2018-BLG-0030L,1,NA,0.51
KMT-2018-BLG-0087L,1,NA,0.1
KMT-2018-BLG-0087L,1,NA,0.11
KMT-2018-BLG-0247L,1,NA,0.27
KMT-2018-BLG-0247L,1,NA,0.29
KMT-2018-BLG-0247L,1,NA,0.35
KMT-2018-BLG-0748L,1,NA,0.087
KMT-2018-BLG-0885L,1,NA,0.29
KMT-2018-BLG-0885L,1,NA,0.29
KMT-2018-BLG-1025L,1,NA,0.084
KMT-2018-BLG-1025L,1,NA,0.082
KMT-2018-BLG-1025L,1,NA,0.219
KMT-2018-BLG-1292L,1,NA,NA
KMT-2018-BLG-1292L,1,NA,1.25
KMT-2018-BLG-1292L,1,NA,1.09
KMT-2018-BLG-1743L,1,NA,0.193
KMT-2018-BLG-1743L,1,NA,0.418
KMT-2018-BLG-1976L,1,NA,0.65
KMT-2018-BLG-1976L,1,NA,0.65
KMT-2018-BLG-1988L,1,NA,0.48
KMT-2018-BLG-1988L,1,NA,0.47
KMT-2018-BLG-1990L,1,NA,0.094
KMT-2018-BLG-1990L,1,NA,0.235
KMT-2018-BLG-1990L,1,NA,0.083
KMT-2018-BLG-1990L,1,NA,0.084
KMT-2018-BLG-1990L,1,NA,0.111
KMT-2018-BLG-1990L,1,NA,0.095
KMT-2018-BLG-1990L,1,NA,0.073
KMT-2018-BLG-1990L,1,NA,0.141
KMT-2018-BLG-1990L,1,NA,0.153
KMT-2018-BLG-1990L,1,NA,0.153
KMT-2018-BLG-1990L,1,NA,0.076
KMT-2018-BLG-1996L,1,NA,0.69
KMT-2018-BLG-1996L,1,NA,0.69
KMT-2018-BLG-2602L,1,NA,0.66
KMT-2019-BLG-0253L,1,NA,0.7
KMT-2019-BLG-0253L,1,NA,0.7
KMT-2019-BLG-0253L,1,NA,0.7
KMT-2019-BLG-0253L,1,NA,0.7
KMT-2019-BLG-0253L,1,NA,0.7
KMT-2019-BLG-0253L,1,NA,0.7
KMT-2019-BLG-0297L,1,NA,0.21
KMT-2019-BLG-0298L,1,NA,0.7
KMT-2019-BLG-0298L,1,NA,0.686
KMT-2019-BLG-0298L,1,NA,0.71
KMT-2019-BLG-0335L,1,NA,0.32
KMT-2019-BLG-0371L,1,NA,0.09
KMT-2019-BLG-0371L,1,NA,0.09
KMT-2019-BLG-0414L,1,NA,0.74
KMT-2019-BLG-0414L,1,NA,0.74
KMT-2019-BLG-0414L,1,NA,0.74
KMT-2019-BLG-0414L,1,NA,0.74
KMT-2019-BLG-0578L,1,NA,0.28
KMT-2019-BLG-0578L,1,NA,0.28
KMT-2019-BLG-0842L,1,NA,0.76
KMT-2019-BLG-0953L,1,NA,0.28
KMT-2019-BLG-1042L,1,NA,0.3
KMT-2019-BLG-1216L,1,NA,0.413
KMT-2019-BLG-1216L,1,NA,0.521
KMT-2019-BLG-1216L,1,NA,0.39
KMT-2019-BLG-1216L,1,NA,0.422
KMT-2019-BLG-1216L,1,NA,0.525
KMT-2019-BLG-1216L,1,NA,0.37
KMT-2019-BLG-1216L,1,NA,0.361
KMT-2019-BLG-1339L,1,NA,0.48
KMT-2019-BLG-1339L,1,NA,0.27
KMT-2019-BLG-1339L,1,NA,0.49
KMT-2019-BLG-1339L,1,NA,0.26
KMT-2019-BLG-1367L,1,NA,0.25
KMT-2019-BLG-1367L,1,NA,0.25
KMT-2019-BLG-1367L,1,NA,0.25
KMT-2019-BLG-1552L,1,NA,0.79
KMT-2019-BLG-1715L,1,NA,0.59
KMT-2019-BLG-1715L,1,NA,0.61
KMT-2019-BLG-1806L,1,NA,0.74
KMT-2019-BLG-1806L,1,NA,0.75
KMT-2019-BLG-1806L,1,NA,0.73
KMT-2019-BLG-1806L,1,NA,0.75
KMT-2019-BLG-1806L,1,NA,0.74
KMT-2019-BLG-1953L,1,NA,NA
KMT-2019-BLG-1953L,1,NA,NA
KMT-2019-BLG-1953L,1,NA,NA
KMT-2019-BLG-1953L,1,NA,NA
KMT-2019-BLG-1953L,1,NA,NA
KMT-2019-BLG-1953L,1,NA,0.31
KMT-2019-BLG-2783L,1,NA,0.34
KMT-2019-BLG-2974L,1,NA,0.47
KMT-2020-BLG-0202L,1,NA,0.81
KMT-2020-BLG-0414L,2,NA,0.34
KMT-2020-BLG-0414L,2,NA,0.364
KMT-2020-BLG-0414L,2,NA,0.49
KMT-2020-BLG-0414L,2,NA,0.217
KMT-2020-BLG-0414L,2,NA,0.259
KMT-2020-BLG-0414L,2,NA,0.51
KMT-2020-BLG-0414L,2,NA,0.217
KMT-2020-BLG-0414L,2,NA,0.34
KMT-2020-BLG-0414L,2,NA,0.49
KMT-2020-BLG-0414L,2,NA,0.364
KMT-2020-BLG-0414L,2,NA,0.259
KMT-2020-BLG-0414L,2,NA,0.51
KMT-2021-BLG-0119L,1,NA,0.55
KMT-2021-BLG-0119L,1,NA,0.69
KMT-2021-BLG-0119L,1,NA,0.69
KMT-2021-BLG-0119L,1,NA,0.56
KMT-2021-BLG-0171L,1,NA,0.78
KMT-2021-BLG-0171L,1,NA,0.83
KMT-2021-BLG-0171L,1,NA,0.74
KMT-2021-BLG-0171L,1,NA,0.83
KMT-2021-BLG-0171L,1,NA,0.81
KMT-2021-BLG-0171L,1,NA,0.78
KMT-2021-BLG-0171L,1,NA,0.79
KMT-2021-BLG-0171L,1,NA,0.76
KMT-2021-BLG-0171L,1,NA,0.78
KMT-2021-BLG-0171L,1,NA,0.8
KMT-2021-BLG-0171L,1,NA,0.78
KMT-2021-BLG-0192L,1,NA,0.27
KMT-2021-BLG-0192L,1,NA,0.27
KMT-2021-BLG-0192L,1,NA,0.55
KMT-2021-BLG-0192L,1,NA,0.55
KMT-2021-BLG-0192L,1,NA,0.27
KMT-2021-BLG-0192L,1,NA,0.27
KMT-2021-BLG-0240L,1,NA,0.47
KMT-2021-BLG-0240L,1,NA,0.47
KMT-2021-BLG-0240L,1,NA,0.47
KMT-2021-BLG-0240L,1,NA,0.56
KMT-2021-BLG-0240L,1,NA,0.56
KMT-2021-BLG-0240L,1,NA,0.47
KMT-2021-BLG-0320L,1,NA,0.32
KMT-2021-BLG-0320L,1,NA,0.32
KMT-2021-BLG-0322L,1,NA,0.62
KMT-2021-BLG-0322L,1,NA,0.62
KMT-2021-BLG-0712L,1,NA,0.14
KMT-2021-BLG-0712L,1,NA,0.22
KMT-2021-BLG-0712L,1,NA,0.23
KMT-2021-BLG-0736L,1,NA,0.6
KMT-2021-BLG-0748L,1,NA,0.36
KMT-2021-BLG-0748L,1,NA,0.36
KMT-2021-BLG-0748L,1,NA,0.36
KMT-2021-BLG-0852L,1,NA,0.75
KMT-2021-BLG-0852L,1,NA,0.75
KMT-2021-BLG-0909L,1,NA,0.38
KMT-2021-BLG-0912L,1,NA,0.75
KMT-2021-BLG-0912L,1,NA,0.8
KMT-2021-BLG-1077L,2,NA,0.14
KMT-2021-BLG-1077L,2,NA,0.14
KMT-2021-BLG-1077L,2,NA,0.14
KMT-2021-BLG-1077L,2,NA,0.14
KMT-2021-BLG-1105L,1,NA,0.63
KMT-2021-BLG-1105L,1,NA,0.63
KMT-2021-BLG-1105L,1,NA,0.61
KMT-2021-BLG-1105L,1,NA,1.17
KMT-2021-BLG-1105L,1,NA,0.63
KMT-2021-BLG-1105L,1,NA,1.17
KMT-2021-BLG-1105L,1,NA,0.61
KMT-2021-BLG-1150L,1,NA,0.73
KMT-2021-BLG-1150L,1,NA,0.73
KMT-2021-BLG-1253L,1,NA,0.29
KMT-2021-BLG-1253L,1,NA,0.29
KMT-2021-BLG-1253L,1,NA,0.22
KMT-2021-BLG-1253L,1,NA,0.21
KMT-2021-BLG-1253L,1,NA,0.24
KMT-2021-BLG-1303L,1,NA,0.57
KMT-2021-BLG-1372L,1,NA,0.42
KMT-2021-BLG-1372L,1,NA,0.42
KMT-2021-BLG-1372L,1,NA,0.42
KMT-2021-BLG-1391L,1,NA,0.37
KMT-2021-BLG-1391L,1,NA,0.39
KMT-2021-BLG-1391L,1,NA,0.38
KMT-2021-BLG-1391L,1,NA,0.23
KMT-2021-BLG-1391L,1,NA,0.23
KMT-2021-BLG-1547L,1,NA,0.72
KMT-2021-BLG-1554L,1,NA,0.08
KMT-2021-BLG-1554L,1,NA,0.08
KMT-2021-BLG-1554L,1,NA,NA
KMT-2021-BLG-1689L,1,NA,0.58
KMT-2021-BLG-1689L,1,NA,0.68
KMT-2021-BLG-1689L,1,NA,0.58
KMT-2021-BLG-1689L,1,NA,0.57
KMT-2021-BLG-1689L,1,NA,0.58
KMT-2021-BLG-1689L,1,NA,0.68
KMT-2021-BLG-1689L,1,NA,0.74
KMT-2021-BLG-1770L,1,NA,0.13
KMT-2021-BLG-1898L,1,NA,0.48
KMT-2021-BLG-1898L,1,NA,0.48
KMT-2021-BLG-2010L,1,NA,0.37
KMT-2021-BLG-2010L,1,NA,0.37
KMT-2021-BLG-2294L,1,NA,0.11
KMT-2021-BLG-2294L,1,NA,0.11
KMT-2021-BLG-2294L,1,NA,0.14
KMT-2021-BLG-2294L,1,NA,0.14
KMT-2021-BLG-2478L,1,NA,0.2
KMT-2021-BLG-2478L,1,NA,0.2
KMT-2021-BLG-2478L,1,NA,0.2
KMT-2021-BLG-2609L,1,NA,0.2
KMT-2021-BLG-2609L,1,NA,0.2
KMT-2022-BLG-0303L,1,NA,0.368
KMT-2022-BLG-0371L,1,NA,0.63
KMT-2022-BLG-0371L,1,NA,0.63
KMT-2022-BLG-0440L,1,NA,0.53
KMT-2022-BLG-0440L,1,NA,0.53
KMT-2022-BLG-1013L,1,NA,0.18
KMT-2022-BLG-1551L,1,NA,0.54
KMT-2022-BLG-1790L,1,NA,0.58
KMT-2022-BLG-1818L,2,NA,0.56
KMT-2022-BLG-1818L,2,NA,0.3
KMT-2022-BLG-1818L,2,NA,0.79
KMT-2022-BLG-1818L,2,NA,0.85
KMT-2022-BLG-1818L,2,NA,0.79
KMT-2022-BLG-1818L,2,NA,0.56
KMT-2022-BLG-1818L,2,NA,0.85
KMT-2022-BLG-1818L,2,NA,0.3
KMT-2022-BLG-2076L,1,NA,0.67
KMT-2022-BLG-2076L,1,NA,0.67
KMT-2022-BLG-2286L,1,NA,0.45
KMT-2022-BLG-2286L,1,NA,0.2
KMT-2023-BLG-0119L,1,NA,0.71
KMT-2023-BLG-0119L,1,NA,0.71
KMT-2023-BLG-0416L,1,NA,0.63
KMT-2023-BLG-0416L,1,NA,0.64
KMT-2023-BLG-0416L,1,NA,0.61
KMT-2023-BLG-0416L,1,NA,0.61
KMT-2023-BLG-0466L,1,NA,0.44
KMT-2023-BLG-0469L,1,NA,0.47
KMT-2023-BLG-0469L,1,NA,0.47
KMT-2023-BLG-0469L,1,NA,0.47
KMT-2023-BLG-0548L,1,NA,0.72
KMT-2023-BLG-0548L,1,NA,0.123
KMT-2023-BLG-0548L,1,NA,0.123
KMT-2023-BLG-0548L,1,NA,0.123
KMT-2023-BLG-0548L,1,NA,0.72
KMT-2023-BLG-0548L,1,NA,0.72
KMT-2023-BLG-0548L,1,NA,0.123
KMT-2023-BLG-0548L,1,NA,0.72
KMT-2023-BLG-0735L,1,NA,0.61
KMT-2023-BLG-0735L,1,NA,0.61
KMT-2023-BLG-0830L,1,NA,0.22
KMT-2023-BLG-0830L,1,NA,0.22
KMT-2023-BLG-0949L,1,NA,0.48
KMT-2023-BLG-0949L,1,NA,0.48
KMT-2023-BLG-1431L,1,NA,0.57
KMT-2023-BLG-1431L,1,NA,0.57
KMT-2023-BLG-1454L,1,NA,0.17
KMT-2023-BLG-1454L,1,NA,NA
KMT-2023-BLG-1454L,1,NA,NA
KMT-2023-BLG-1454L,1,NA,NA
KMT-2023-BLG-1642L,1,NA,0.17
KMT-2023-BLG-1642L,1,NA,0.13
KMT-2023-BLG-1743L,1,NA,0.11
KMT-2023-BLG-1866L,1,NA,0.49
KMT-2023-BLG-1866L,1,NA,0.51
KMT-2023-BLG-1866L,1,NA,0.48
KMT-2023-BLG-1896L,1,NA,0.72
KMT-2023-BLG-1896L,1,NA,0.72
KMT-2023-BLG-2209L,1,NA,0.73
KMT-2024-BLG-0176L,1,NA,0.103
KMT-2024-BLG-0176L,1,NA,0.103
KMT-2024-BLG-0349L,1,NA,0.68
KMT-2024-BLG-0349L,1,NA,0.68
KMT-2024-BLG-0404L,2,NA,0.09
KMT-2024-BLG-0404L,2,NA,0.09
KMT-2024-BLG-1005L,1,NA,0.055
KMT-2024-BLG-1044L,1,NA,0.131
KMT-2024-BLG-1044L,1,NA,0.069
KMT-2024-BLG-1209L,1,NA,0.77
KMT-2024-BLG-1209L,1,NA,0.77
KMT-2024-BLG-1281L,1,NA,0.32
KMT-2024-BLG-1281L,1,NA,0.32
KMT-2024-BLG-1281L,1,NA,0.32
KMT-2024-BLG-1870L,1,NA,0.67
KMT-2024-BLG-1870L,1,NA,0.67
KMT-2024-BLG-2005L,1,NA,0.12
KMT-2024-BLG-2005L,1,NA,0.12
KMT-2024-BLG-2059L,1,NA,0.51
KMT-2024-BLG-2059L,1,NA,0.51
KMT-2024-BLG-2087L,1,NA,0.48
KMT-2024-BLG-2242L,1,NA,0.069
KMT-2024-BLG-2242L,1,NA,0.069
KMT-2025-BLG-0121L,1,NA,0.61
KMT-2025-BLG-0481L,1,NA,0.22
KMT-2025-BLG-1616L,1,NA,0.26
KMT-2025-BLG-1616L,1,NA,0.27
KMT-2025-BLG-1616L,1,NA,0.26
KOBE-1,2,0.619,0.629
KOBE-1,2,0.619,0.629
KOI-12,2,1.75,1.82
KOI-12,2,1.367,1.386
KOI-12,2,1.49114,NA
KOI-12,2,1.49114,1.454
KOI-12,2,1.4,1.26
KOI-12,2,1.63,1.452
KOI-12,2,1.4,1.5
KOI-12,2,1.49114,1.454
KOI-12,2,1.63,1.452
KOI-12,2,1.5,NA
KOI-12,2,1.516,1.312
KOI-12,2,1.91,1.55
KOI-12,2,1.516,1.312
KOI-12,2,1.516,1.312
KOI-12,2,NA,NA
KOI-12,2,1.49114,1.454
KOI-1257,1,0.89,0.89
KOI-1257,1,NA,NA
KOI-1257,1,0.858,0.779
KOI-1257,1,1.13,0.99
KOI-1257,1,0.858,0.779
KOI-1257,1,0.85,0.8
KOI-1257,1,NA,NA
KOI-1257,1,1.12,0.963
KOI-1257,1,NA,NA
KOI-1257,1,0.858,0.779
KOI-13,1,3.031,2.466
KOI-13,1,2.44,1.83
KOI-13,1,1.756,2.05
KOI-13,1,3.031,2.466
KOI-13,1,2,1.67
KOI-13,1,NA,NA
KOI-13,1,2.55,2.05
KOI-13,1,3.031,2.466
KOI-13,1,NA,NA
KOI-13,1,NA,NA
KOI-13,1,NA,NA
KOI-13,1,NA,NA
KOI-13,1,1.71,1.72
KOI-13,1,2.7,2.27
KOI-13,1,2.44,1.83
KOI-13,1,2.68,NA
KOI-13,1,NA,NA
KOI-13,1,2.494,NA
KOI-13,1,1.74,1.72
KOI-13,1,3.031,2.466
KOI-134,2,1.744,1.341
KOI-134,2,1.706,1.389
KOI-134,2,1.744,1.341
KOI-134,2,1.744,1.341
KOI-134,2,1.72,1.366
KOI-134,2,1.80748,1.17
KOI-134,2,1.667,1.407
KOI-134,2,1.667,1.407
KOI-142,3,0.88,0.956
KOI-142,3,0.9,0.985
KOI-142,3,0.95577,0.93
KOI-142,3,0.932,1.051
KOI-142,3,0.95577,0.93
KOI-142,3,0.897,0.99
KOI-142,3,NA,0.985
KOI-142,3,0.932,1.051
KOI-142,3,0.906,NA
KOI-142,3,0.997,1.065
KOI-142,3,0.897,0.99
KOI-142,3,0.88,0.956
KOI-142,3,NA,0.985
KOI-1599,2,0.972,1.02
KOI-1599,2,1.17992,1.05
KOI-1599,2,1.17992,1.05
KOI-1599,2,0.972,1.02
KOI-1599,2,0.972,1.02
KOI-1599,2,0.972,1.02
KOI-1599,2,0.972,1.02
KOI-1599,2,0.92,0.94
KOI-1599,2,0.972,1.02
KOI-1599,2,0.972,1.02
KOI-1599,2,0.92,0.94
KOI-1599,2,0.972,1.02
KOI-1599,2,0.972,1.02
KOI-1599,2,1.17992,1.05
KOI-1599,2,0.972,1.02
KOI-1783,2,1.336,0.996
KOI-1783,2,1.18463,1.1
KOI-1783,2,1.138,1.076
KOI-1783,2,1.143,1.076
KOI-1783,2,0.957,1.027
KOI-1783,2,0.957,1.027
KOI-1783,2,1.18463,1.1
KOI-1783,2,0.957,1.027
KOI-1783,2,1.03,1.115
KOI-1783,2,1.143,1.076
KOI-1783,2,1.18463,1.1
KOI-1783,2,0.957,1.027
KOI-1783,2,1.03,1.115
KOI-1783,2,1.138,1.076
KOI-1783,2,1.143,1.076
KOI-1783,2,0.957,1.027
KOI-1783,2,0.957,1.027
KOI-1783,2,1.336,0.996
KOI-1783,2,1.18463,1.1
KOI-1783,2,1.143,1.076
Kepler-324,4,0.826,0.844
Kepler-324,4,0.859378,0.89
Kepler-324,4,0.836,0.901
Kepler-324,4,0.859378,0.89
Kepler-324,4,0.75,0.85
Kepler-324,4,0.835,0.901
Kepler-324,4,0.803,0.901
Kepler-324,4,0.803,0.901
Kepler-324,4,0.803,0.901
Kepler-324,4,0.835,0.901
Kepler-968,3,0.667,0.681
Kepler-968,3,0.701769,0.696
Kepler-968,3,0.577,0.568
Kepler-968,3,0.701769,0.696
Kepler-968,3,0.577,0.568
Kepler-968,3,0.572,0.575
Kepler-968,3,0.577,0.568
Kepler-974,2,0.45,0.46
Kepler-974,2,0.52,NA
KOI-217,1,0.947475,0.93
KOI-217,1,0.86,0.95
KOI-217,1,0.868,NA
KOI-217,1,0.887,0.997
KOI-217,1,0.887,0.997
KOI-217,1,0.947475,0.93
KOI-217,1,0.82,0.923
KOI-217,1,0.947475,0.93
KOI-217,1,0.887,0.997
KOI-217,1,0.88,0.97
KOI-217,1,0.947475,NA
KOI-217,1,0.887,0.997
KOI-2513,1,NA,NA
KOI-2513,1,1.036,1.032
KOI-2513,1,1.2,0.91
KOI-2513,1,NA,NA
KOI-2513,1,1.036,1.032
KOI-2513,1,1.036,1.032
KOI-2513,1,1.1,1.16
KOI-2513,1,1.036,1.032
KOI-3503,2,1.255,0.858
KOI-3503,2,1.255,0.858
KOI-3503,2,1.30833,1.11
KOI-3503,2,0.849,0.925
KOI-3503,2,0.847,0.918
KOI-3503,2,0.847,0.918
KOI-3503,2,0.847,0.918
KOI-3503,2,1.30833,1.11
KOI-3503,2,1.255,0.858
KOI-3503,2,1.255,0.858
KOI-3503,2,0.847,0.918
KOI-3503,2,0.847,0.918
KOI-351,8,1.2,1.089
KOI-351,8,1.24773,1.12
KOI-351,8,1.211,NA
KOI-351,8,1.185,1.108
KOI-351,8,1.054,0.967
KOI-351,8,1.054,0.967
KOI-351,8,1.07,1.14
KOI-351,8,1.24773,1.12
KOI-351,8,NA,1.108
KOI-351,8,1.2,1.2
KOI-351,8,NA,1.108
KOI-351,8,1.2,1.2
KOI-351,8,1.24773,1.12
KOI-351,8,1.2,1.089
KOI-351,8,1.054,0.967
KOI-351,8,1.054,0.967
KOI-351,8,1.24773,1.12
KOI-351,8,1.185,1.108
KOI-351,8,1.211,NA
KOI-351,8,1.07,1.14
KOI-351,8,1.24773,1.12
KOI-351,8,1.2,1.2
KOI-351,8,1.185,1.108
KOI-351,8,1.07,1.14
KOI-351,8,1.211,NA
KOI-351,8,1.24773,1.12
KOI-351,8,1.054,0.967
KOI-351,8,1.2,1.089
KOI-351,8,1.24773,1.12
KOI-351,8,NA,1.108
KOI-351,8,1.054,0.967
KOI-351,8,1.24773,1.12
KOI-351,8,1.07,1.14
KOI-351,8,1.2,1.2
KOI-351,8,1.24773,1.12
KOI-351,8,NA,1.108
KOI-351,8,1.054,0.967
KOI-351,8,1.054,0.967
KOI-351,8,1.185,1.108
KOI-351,8,1.211,NA
KOI-351,8,1.24773,1.12
KOI-351,8,1.2,1.089
KOI-351,8,1.185,1.108
KOI-351,8,1.054,0.967
KOI-351,8,1.054,0.967
KOI-351,8,NA,1.108
KOI-351,8,1.24773,1.12
KOI-351,8,1.211,NA
KOI-351,8,1.2,1.089
KOI-351,8,1.2,1.2
KOI-351,8,1.24773,1.12
KOI-351,8,1.2,1.089
KOI-351,8,NA,1.108
KOI-351,8,1.211,NA
KOI-351,8,1.07,1.14
KOI-351,8,1.2,1.2
KOI-351,8,NA,1.242
KOI-351,8,1.054,0.967
KOI-351,8,1.185,1.108
KOI-351,8,1.24773,1.12
KOI-351,8,1.054,0.967
KOI-351,8,1.24773,1.12
KOI-351,8,1.2,1.2
KOI-351,8,1.2,1.2
KOI-351,8,1.24773,1.12
KOI-351,8,1.24773,1.12
KOI-351,8,1.2,1.2
KOI-351,8,1.24773,1.12
KOI-351,8,1.2,1.2
KOI-351,8,1.054,0.967
KOI-351,8,1.2,1.2
KOI-351,8,NA,1.108
KOI-351,8,1.211,NA
KOI-351,8,1.054,0.967
KOI-351,8,1.185,1.108
KOI-351,8,1.07,1.14
KOI-351,8,1.2,1.089
KOI-351,8,NA,1.242
KOI-351,8,1.054,0.967
KOI-3680,1,1.017,0.941
KOI-3680,1,1.10556,1.02
KOI-3680,1,0.992,1.084
KOI-3680,1,0.96,1.01
KOI-3680,1,1.10556,1.02
KOI-3680,1,0.913,1.004
KOI-3680,1,0.913,1.004
KOI-3680,1,0.913,1.004
KOI-4777,1,0.405161,0.397295
KOI-4777,1,0.4,0.41
KOI-4777,1,0.28,0.28
KOI-4777,1,0.28,0.28
KOI-4777,1,0.28,0.28
KOI-4978,1,0.966,0.859
KOI-55,2,0.203,0.496
KOI-55,2,0.203,0.496
KOI-7368,1,0.874,0.879
KOI-7368,1,0.995767,0.782
KOI-7368,1,0.827,0.883
KOI-7368,1,0.995767,0.782
KOI-7913 A,1,0.788,0.76
KOI-7913 A,1,0.707,0.698
KOI-7913 A,1,0.770972,0.66
KOI-94,4,1.32,1.18
KOI-94,4,1.331,1.106
KOI-94,4,1.42864,1.183
KOI-94,4,1.297,1.081
KOI-94,4,1.368,1.177
KOI-94,4,1.42864,1.183
KOI-94,4,1.42864,1.183
KOI-94,4,1.52,1.277
KOI-94,4,NA,1.177
KOI-94,4,1.52,1.278
KOI-94,4,1.297,1.081
KOI-94,4,1.352,1.177
KOI-94,4,1.383,NA
KOI-94,4,1.297,1.081
KOI-94,4,1.52,1.277
KOI-94,4,1.368,1.177
KOI-94,4,1.52,1.277
KOI-94,4,1.42864,1.183
KOI-94,4,1.297,1.081
KOI-94,4,1.52,1.278
KOI-94,4,1.42864,1.183
KOI-94,4,1.331,1.106
KOI-94,4,1.297,1.081
KOI-94,4,NA,1.1
KOI-94,4,1.383,NA
KOI-94,4,1.42864,1.183
KOI-94,4,1.32,1.18
KOI-94,4,1.297,1.081
KOI-94,4,1.42864,1.183
KOI-94,4,1.352,1.177
KOI-94,4,NA,1.177
KOI-94,4,1.297,1.081
KOI-94,4,1.52,1.277
KOI-94,4,1.52,1.277
KOI-94,4,1.383,NA
KOI-94,4,1.42864,NA
KOI-94,4,1.297,1.081
KOI-94,4,1.352,1.177
KOI-94,4,1.52,1.278
KOI-94,4,1.368,1.177
KOI-94,4,1.42864,1.183
KOI-94,4,1.297,1.081
KOI-94,4,NA,1.177
KOI-94,4,1.52,1.277
KOI-94,4,NA,1.1
KOI-94,4,1.331,1.106
KOI-94,4,1.42864,1.183
KOI-94,4,1.42864,1.183
KOI-94,4,1.32,1.18
KOI-94,4,1.42864,1.183
KOI-94,4,1.352,1.177
KOI-94,4,1.368,1.177
KOI-94,4,1.52,1.278
KOI-94,4,NA,1.177
KOI-94,4,1.52,1.277
KOI-94,4,1.32,1.18
KOI-94,4,1.297,1.081
KOI-94,4,1.42864,1.183
KOI-94,4,1.383,NA
KOI-94,4,1.52,1.277
KOI-94,4,1.42864,1.183
KOI-94,4,1.42864,1.183
KOI-94,4,1.42864,NA
KOI-94,4,1.42864,1.183
KOI-94,4,1.331,1.106
KOI-94,4,1.297,1.081
KOI-94,4,1.297,1.081
KOI-984,2,0.815,0.911
KOI-984,2,NA,NA
KOI-984,2,0.818,0.928
KOI-984,2,NA,NA
KOI-984,2,0.92,1.01
KOI-984,2,0.871,0.992
KOI-984,2,0.871,0.992
KOI-984,2,0.871,0.992
KOI-984,2,0.818,0.928
KOI-984,2,0.818,0.928
KOI-984,2,0.818,0.928
XEST 17-036,1,NA,0.26
ISO-Oph 96,1,NA,NA
2MASS J16262785-2625152,1,NA,NA
2MASS J16262785-2625152,1,NA,NA
KPS-1,1,0.907,0.892
KPS-1,1,0.907,0.892
KPS-1,1,0.907,0.892
KPS-1,1,0.9,NA
KPS-1,1,NA,NA
KPS-1,1,0.907,0.892
Kapteyn,1,0.291,0.281
Kepler-10,3,1.056,0.895
Kepler-10,3,1.065,0.91
Kepler-10,3,1.08974,1.017
Kepler-10,3,1.065,0.91
Kepler-10,3,1.083,0.871
Kepler-10,3,1.056,0.895
Kepler-10,3,1.08974,1.017
Kepler-10,3,1.056,0.895
Kepler-10,3,1.065,0.913
Kepler-10,3,1.065,0.91
Kepler-10,3,1.065,0.91
Kepler-10,3,NA,0.871
Kepler-10,3,1.08974,1.017
Kepler-10,3,1.075,0.905
Kepler-10,3,1.08974,1.017
Kepler-10,3,1.06,0.92
Kepler-10,3,1.08974,NA
Kepler-10,3,1.08974,1.017
Kepler-10,3,1.06,0.89
Kepler-10,3,1.08974,1.017
Kepler-10,3,1.065,0.913
Kepler-10,3,1.056,0.895
Kepler-10,3,1.044,0.884
Kepler-10,3,1.087,NA
Kepler-10,3,1,0.905
Kepler-10,3,1.065,0.913
Kepler-10,3,1.08974,1.017
Kepler-10,3,1.044,0.884
Kepler-10,3,1.056,0.895
Kepler-10,3,1.083,0.871
Kepler-10,3,1.065,0.91
Kepler-10,3,1.087,NA
Kepler-10,3,1.056,0.895
Kepler-10,3,1.08974,1.017
Kepler-10,3,NA,0.871
Kepler-10,3,1.08974,1.017
Kepler-10,3,1.065,0.91
Kepler-10,3,1.065,0.91
Kepler-10,3,1,0.905
Kepler-10,3,1.065,0.91
Kepler-10,3,1.08974,1.017
Kepler-10,3,1.056,0.895
Kepler-10,3,1.08974,1.017
Kepler-10,3,1.06,0.92
Kepler-10,3,1.056,0.895
Kepler-10,3,1.08974,1.017
Kepler-10,3,1.065,0.91
Kepler-10,3,1.065,0.91
Kepler-100,4,1.51,1.13
Kepler-100,4,1.526,1.097
Kepler-100,4,1.533,NA
Kepler-100,4,1.5582,1.059
Kepler-100,4,1.5582,1.059
Kepler-100,4,1.5,1.1
Kepler-100,4,1.49,1.08
Kepler-100,4,1.49,1.08
Kepler-100,4,1.474,1.05
Kepler-100,4,1.5582,1.059
Kepler-100,4,1.23,1.11
Kepler-100,4,1.49,1.08
Kepler-100,4,1.49,1.08
Kepler-100,4,1.5582,1.059
Kepler-100,4,NA,1.097
Kepler-100,4,1.5,1.1
Kepler-100,4,1.5582,1.059
Kepler-100,4,1.5582,1.059
Kepler-100,4,1.49,1.08
Kepler-100,4,1.49,1.08
Kepler-100,4,1.23,1.11
Kepler-100,4,1.49,1.08
Kepler-100,4,1.533,NA
Kepler-100,4,NA,1.097
Kepler-100,4,1.5582,1.059
Kepler-100,4,1.5582,1.059
Kepler-100,4,1.474,1.05
Kepler-100,4,1.526,1.097
Kepler-100,4,1.49,1.08
Kepler-100,4,1.23,1.11
Kepler-100,4,1.5582,1.059
Kepler-100,4,1.49,1.08
Kepler-100,4,1.5582,1.059
Kepler-100,4,1.526,1.097
Kepler-100,4,1.5,1.1
Kepler-100,4,1.474,1.05
Kepler-100,4,1.533,NA
Kepler-100,4,1.49,1.08
Kepler-100,4,1.49,1.08
Kepler-100,4,1.5582,1.059
Kepler-100,4,NA,1.097
Kepler-100,4,1.49,1.08
Kepler-100,4,1.5582,1.059
Kepler-100,4,NA,1.097
Kepler-1000,1,1.484,1.338
Kepler-1000,1,1.833,NA
Kepler-1000,1,1.81263,1.32
Kepler-1000,1,1.81263,1.32
Kepler-1000,1,1.51,1.4
Kepler-1000,1,1.81263,1.32
Kepler-1000,1,1.484,1.338
Kepler-1000,1,1.484,1.338
Kepler-1000,1,1.789,1.397
Kepler-1000,1,1.41,1.29
Kepler-1000,1,1.467,1.406
Kepler-1001,2,0.852,0.934
Kepler-1001,2,0.836475,0.93
Kepler-1001,2,0.88,0.9
Kepler-1001,2,0.796,0.902
Kepler-1001,2,0.852,0.934
Kepler-1001,2,0.836475,0.93
Kepler-1001,2,0.814,NA
Kepler-1001,2,0.85,0.959
Kepler-1001,2,0.836475,0.93
Kepler-1001,2,0.846,0.938
Kepler-1001,2,0.852,0.934
Kepler-1001,2,0.796,0.902
Kepler-1001,2,0.846,0.938
Kepler-1001,2,0.852,0.934
Kepler-1001,2,0.852,0.934
Kepler-1001,2,0.836475,0.93
Kepler-1001,2,0.836475,0.93
Kepler-1001,2,0.85,0.959
Kepler-1001,2,0.852,0.934
Kepler-1002,1,1.557,1.206
Kepler-1002,1,1.557,1.206
Kepler-1002,1,1.32,1.161
Kepler-1002,1,NA,NA
Kepler-1002,1,1.603,1.275
Kepler-1002,1,1.557,1.206
Kepler-1002,1,NA,NA
Kepler-1002,1,1.57,1.22
Kepler-1002,1,NA,NA
Kepler-1003,1,1.315,NA
Kepler-1003,1,0.829,0.926
Kepler-1003,1,0.829,0.926
Kepler-1003,1,1.286,0.858
Kepler-1003,1,1.17,1.11
Kepler-1003,1,1.27543,1.11
Kepler-1003,1,0.831,0.931
Kepler-1003,1,0.829,0.926
Kepler-1003,1,1.27543,1.11
Kepler-1003,1,1.27543,1.11
Kepler-1003,1,0.98,1.073
Kepler-1004,1,3.584,NA
Kepler-1004,1,3.79,1.41
Kepler-1004,1,3.55299,NA
Kepler-1004,1,3.818,1.441
Kepler-1004,1,9,2.211
Kepler-1004,1,3.79,1.41
Kepler-1004,1,3.55299,NA
Kepler-1004,1,3.502,1.493
Kepler-1004,1,3.39,1.11
Kepler-1004,1,3.55299,NA
Kepler-1004,1,3.79,1.41
Kepler-1005,1,1.04,1.032
Kepler-1005,1,1.099,0.921
Kepler-1005,1,1.181,NA
Kepler-1005,1,1.1847,1.02
Kepler-1005,1,1.06,1
Kepler-1005,1,1.1847,1.02
Kepler-1005,1,1.1847,1.02
Kepler-1005,1,1.099,0.921
Kepler-1005,1,1.104,0.946
Kepler-1005,1,1.099,0.921
Kepler-1005,1,1.167,0.956
Kepler-1006,1,NA,NA
Kepler-1006,1,1.175,1.064
Kepler-1006,1,1.175,1.064
Kepler-1006,1,NA,NA
Kepler-1006,1,1.175,1.064
Kepler-1006,1,0.74,0.78
Kepler-1006,1,1.51,NA
Kepler-1006,1,NA,NA
Kepler-1006,1,1.21,1.14
Kepler-1006,1,1.175,1.064
Kepler-1007,1,0.7,0.73
Kepler-1007,1,NA,NA
Kepler-1007,1,NA,NA
Kepler-1007,1,0.56,0.547
Kepler-1007,1,0.56,0.547
Kepler-1007,1,0.59,0.62
Kepler-1007,1,NA,NA
Kepler-1007,1,0.56,0.547
Kepler-1007,1,0.56,0.547
Kepler-1008,1,0.724115,0.85
Kepler-1008,1,1.89,0.919
Kepler-1008,1,0.724115,0.85
Kepler-1008,1,0.78,0.81
Kepler-1008,1,1.726,0.911
Kepler-1008,1,0.737,0.799
Kepler-1008,1,0.742,NA
Kepler-1008,1,0.773,0.742
Kepler-1008,1,1.726,0.911
Kepler-1008,1,1.726,0.911
Kepler-1008,1,0.724115,0.85
Kepler-1009,1,0.699,NA
Kepler-1009,1,0.542,0.551
Kepler-1009,1,0.542,0.551
Kepler-1009,1,0.514,0.522
Kepler-1009,1,0.57,0.59
Kepler-1009,1,0.688629,0.655379
Kepler-1009,1,0.688629,0.655379
Kepler-1009,1,0.542,0.551
Kepler-1009,1,0.688629,0.655379
Kepler-1009,1,0.528,0.553
Kepler-101,2,1.23,0.98
Kepler-101,2,1.56,1.17
Kepler-101,2,1.208,1.125
Kepler-101,2,1.736,0.99
Kepler-101,2,1.208,1.125
Kepler-101,2,1.691,NA
Kepler-101,2,1.105,1.127
Kepler-101,2,1.208,1.125
Kepler-101,2,1.666,NA
Kepler-101,2,1.655,1.244
Kepler-101,2,1.593,1.074
Kepler-101,2,1.736,0.99
Kepler-101,2,1.593,1.074
Kepler-101,2,1.208,1.125
Kepler-101,2,1.105,1.127
Kepler-101,2,1.666,NA
Kepler-101,2,1.208,1.125
Kepler-101,2,1.23,0.98
Kepler-101,2,1.736,0.99
Kepler-101,2,1.655,1.244
Kepler-101,2,1.208,1.125
Kepler-101,2,1.56,1.17
Kepler-101,2,1.691,NA
Kepler-1010,1,0.790287,0.86
Kepler-1010,1,0.790287,0.86
Kepler-1010,1,0.797,NA
Kepler-1010,1,0.866,0.809
Kepler-1010,1,0.82,0.86
Kepler-1010,1,0.866,0.809
Kepler-1010,1,0.872,0.815
Kepler-1010,1,0.866,0.809
Kepler-1010,1,0.790287,0.86
Kepler-1010,1,0.84,0.794
Kepler-1011,1,0.929,1.017
Kepler-1011,1,0.74,NA
Kepler-1011,1,0.929,1.017
Kepler-1011,1,0.929,1.017
Kepler-1011,1,0.816069,0.87
Kepler-1011,1,0.816069,0.87
Kepler-1011,1,0.79,0.81
Kepler-1011,1,0.88,0.91
Kepler-1011,1,0.929,1.017
Kepler-1011,1,0.816069,0.87
Kepler-1012,1,0.91,0.95
Kepler-1012,1,0.894,NA
Kepler-1012,1,0.890203,0.96
Kepler-1012,1,0.890203,0.96
Kepler-1012,1,0.897,0.938
Kepler-1012,1,0.884,0.98
Kepler-1012,1,0.897,0.938
Kepler-1012,1,0.95,0.844
Kepler-1012,1,0.883,0.877
Kepler-1012,1,0.897,0.938
Kepler-1012,1,0.890203,0.96
Kepler-1013,1,1.643,0.955
Kepler-1013,1,0.793065,0.77
Kepler-1013,1,1.643,0.955
Kepler-1013,1,0.793065,0.77
Kepler-1013,1,1.643,0.955
Kepler-1013,1,1.643,0.955
Kepler-1013,1,2.14,0.918
Kepler-1013,1,0.76,0.81
Kepler-1013,1,0.793065,0.77
Kepler-1013,1,0.729,NA
Kepler-1014,1,0.809677,0.91
Kepler-1014,1,0.788,0.849
Kepler-1014,1,0.776,NA
Kepler-1014,1,0.84,0.88
Kepler-1014,1,0.788,0.849
Kepler-1014,1,0.809677,0.91
Kepler-1014,1,0.779,0.865
Kepler-1014,1,0.788,0.849
Kepler-1014,1,0.79,0.895
Kepler-1014,1,0.809677,0.91
Kepler-1015,1,1.451,1.265
Kepler-1015,1,1.5526199999999999,1.28
Kepler-1015,1,1.472,NA
Kepler-1015,1,1.34,1.28
Kepler-1015,1,1.81,1.49
Kepler-1015,1,1.5526199999999999,1.28
Kepler-1015,1,1.904,1.412
Kepler-1015,1,1.344,1.254
Kepler-1015,1,1.5526199999999999,1.28
Kepler-1015,1,1.344,1.254
Kepler-1015,1,1.344,1.254
Kepler-1016,2,1.136,1.01
Kepler-1016,2,1.166,NA
Kepler-1016,2,0.95,1.056
Kepler-1016,2,1.128,0.983
Kepler-1016,2,1.20599,1
Kepler-1016,2,0.953,1.036
Kepler-1016,2,1,0.99
Kepler-1016,2,0.953,1.036
Kepler-1016,2,1.20599,1
Kepler-1016,2,0.953,1.036
Kepler-1016,2,1.166,NA
Kepler-1016,2,0.953,1.036
Kepler-1016,2,1,0.99
Kepler-1016,2,1.20599,1
Kepler-1016,2,1.128,0.983
Kepler-1016,2,1.20599,1
Kepler-1016,2,0.953,1.036
Kepler-1016,2,1.20599,1
Kepler-1016,2,0.953,1.036
Kepler-1016,2,1.136,1.01
Kepler-1017,1,0.87,0.93
Kepler-1017,1,0.882559,0.99
Kepler-1017,1,0.882559,0.99
Kepler-1017,1,0.879,NA
Kepler-1017,1,0.882559,0.99
Kepler-1017,1,0.87,0.949
Kepler-1017,1,0.85,0.879
Kepler-1017,1,1.329,1.008
Kepler-1017,1,1.329,1.008
Kepler-1017,1,1.329,1.008
Kepler-1017,1,1.51,0.908
Kepler-1018,1,1.00628,0.96
Kepler-1018,1,0.88,0.91
Kepler-1018,1,0.85,0.961
Kepler-1018,1,0.922,1.036
Kepler-1018,1,1.00628,0.96
Kepler-1018,1,0.922,1.036
Kepler-1018,1,1.11,0.895
Kepler-1018,1,1.017,NA
Kepler-1018,1,0.922,1.036
Kepler-1018,1,1.00628,0.96
Kepler-1019,1,0.744516,0.658
Kepler-1019,1,0.625,0.611
Kepler-1019,1,0.67,0.7
Kepler-1019,1,0.737,0.726
Kepler-1019,1,0.625,0.611
Kepler-1019,1,0.644,NA
Kepler-1019,1,0.573,0.605
Kepler-1019,1,0.744516,0.658
Kepler-1019,1,0.625,0.611
Kepler-1019,1,0.744516,0.658
Kepler-102,5,0.74,0.8
Kepler-102,5,0.724,0.803
Kepler-102,5,NA,0.803
Kepler-102,5,0.755,0.734
Kepler-102,5,0.732995,0.78
Kepler-102,5,0.755,0.734
Kepler-102,5,0.724,0.803
Kepler-102,5,0.736,0.8
Kepler-102,5,0.741,0.806
Kepler-102,5,0.74,0.8
Kepler-102,5,0.726,NA
Kepler-102,5,0.755,0.734
Kepler-102,5,0.732995,0.78
Kepler-102,5,0.736,0.8
Kepler-102,5,0.732995,0.78
Kepler-102,5,0.724,0.803
Kepler-102,5,0.732995,0.78
Kepler-102,5,NA,0.803
Kepler-102,5,0.726,NA
Kepler-102,5,0.741,0.806
Kepler-102,5,0.755,0.734
Kepler-102,5,0.724,0.803
Kepler-102,5,0.755,0.73
Kepler-102,5,0.74,0.8
Kepler-102,5,0.74,0.8
Kepler-102,5,0.755,0.734
Kepler-102,5,0.755,0.734
Kepler-102,5,0.732995,0.78
Kepler-102,5,0.741,0.806
Kepler-102,5,0.724,0.803
Kepler-102,5,0.755,0.734
Kepler-102,5,0.755,0.73
Kepler-102,5,0.732995,0.78
Kepler-102,5,0.74,0.8
Kepler-102,5,0.726,NA
Kepler-102,5,0.732995,0.78
Kepler-102,5,0.74,0.8
Kepler-102,5,NA,0.803
Kepler-102,5,0.755,0.734
Kepler-102,5,0.755,0.734
Kepler-102,5,0.736,0.8
Kepler-102,5,0.732995,0.78
Kepler-102,5,0.724,0.803
Kepler-102,5,0.741,0.806
Kepler-102,5,0.755,0.734
Kepler-102,5,0.726,NA
Kepler-102,5,0.74,0.8
Kepler-102,5,0.732995,NA
Kepler-102,5,0.724,0.803
Kepler-102,5,0.755,0.734
Kepler-102,5,0.732995,0.78
Kepler-102,5,0.755,0.73
Kepler-102,5,0.732995,0.78
Kepler-102,5,0.732995,0.78
Kepler-102,5,0.736,0.8
Kepler-102,5,0.724,0.803
Kepler-102,5,NA,0.803
Kepler-102,5,0.74,0.8
Kepler-102,5,0.755,0.734
Kepler-102,5,0.755,0.734
Kepler-102,5,0.74,0.8
Kepler-102,5,0.724,0.803
Kepler-102,5,0.741,0.806
Kepler-102,5,NA,0.803
Kepler-102,5,0.732995,0.78
Kepler-102,5,0.736,0.8
Kepler-102,5,0.755,0.734
Kepler-102,5,0.732995,0.78
Kepler-102,5,0.755,0.734
Kepler-102,5,0.724,0.803
Kepler-102,5,0.726,NA
Kepler-102,5,0.74,0.8
Kepler-102,5,0.732995,0.78
Kepler-1020,1,0.734936,0.89
Kepler-1020,1,0.701,0.781
Kepler-1020,1,0.734936,0.89
Kepler-1020,1,0.74,0.837
Kepler-1020,1,0.791,0.826
Kepler-1020,1,0.701,0.781
Kepler-1020,1,0.734936,0.89
Kepler-1020,1,0.8,0.87
Kepler-1020,1,0.752,0.754
Kepler-1020,1,0.758,NA
Kepler-1020,1,0.701,0.781
Kepler-1021,1,0.747,0.801
Kepler-1021,1,0.747,0.801
Kepler-1021,1,0.734,0.821
Kepler-1021,1,0.856467,0.91
Kepler-1021,1,0.77,0.879
Kepler-1021,1,0.747,0.801
Kepler-1021,1,0.839,NA
Kepler-1021,1,0.856467,0.91
Kepler-1021,1,0.86,0.89
Kepler-1021,1,0.856467,0.91
Kepler-1022,1,0.636,NA
Kepler-1022,1,0.68,0.71
Kepler-1022,1,0.586,0.573
Kepler-1022,1,0.676085,0.67
Kepler-1022,1,0.586,0.573
Kepler-1022,1,0.586,0.573
Kepler-1022,1,0.676085,0.67
Kepler-1022,1,0.676085,0.67
Kepler-1022,1,0.576,0.606
Kepler-1022,1,0.586,0.573
Kepler-1023,1,0.929,1.031
Kepler-1023,1,0.961753,0.9
Kepler-1023,1,0.929,1.031
Kepler-1023,1,0.81,0.856
Kepler-1023,1,0.926,NA
Kepler-1023,1,0.961753,0.9
Kepler-1023,1,0.89,0.93
Kepler-1023,1,0.911,0.959
Kepler-1023,1,1.621,0.941
Kepler-1023,1,0.929,1.031
Kepler-1023,1,0.961753,0.9
Kepler-1024,1,0.755,0.84
Kepler-1024,1,0.810164,0.9
Kepler-1024,1,0.755,0.84
Kepler-1024,1,0.810164,0.9
Kepler-1024,1,0.810164,0.9
Kepler-1024,1,0.759,0.851
Kepler-1024,1,0.78,0.81
Kepler-1024,1,0.814,NA
Kepler-1024,1,0.755,0.84
Kepler-1024,1,0.74,0.93
Kepler-1025,1,1.06,1.13
Kepler-1025,1,1.278,0.965
Kepler-1025,1,1.23222,1.16
Kepler-1025,1,0.927,0.997
Kepler-1025,1,1.23222,1.16
Kepler-1025,1,0.927,0.997
Kepler-1025,1,1.3,NA
Kepler-1025,1,1.23222,1.16
Kepler-1025,1,1.13,1.09
Kepler-1025,1,19.53,3.573
Kepler-1025,1,0.927,0.997
Kepler-1026,1,0.697921,0.79
Kepler-1026,1,0.75,0.79
Kepler-1026,1,0.781,0.772
Kepler-1026,1,0.773,0.749
Kepler-1026,1,0.773,0.749
Kepler-1026,1,0.697921,0.79
Kepler-1026,1,0.773,0.749
Kepler-1026,1,0.697921,0.79
Kepler-1026,1,0.69,0.7
Kepler-1026,1,0.686,NA
Kepler-1027,1,1.17894,0.92
Kepler-1027,1,1.714,0.954
Kepler-1027,1,1.714,0.954
Kepler-1027,1,1.17894,0.92
Kepler-1027,1,1.714,0.954
Kepler-1027,1,0.824,0.937
Kepler-1027,1,0.82,0.91
Kepler-1027,1,1.75,1.002
Kepler-1027,1,1.14,0.903
Kepler-1027,1,1.17894,0.92
Kepler-1027,1,1.149,NA
Kepler-1028,1,0.84,0.937
Kepler-1028,1,0.87,0.9
Kepler-1028,1,0.836,NA
Kepler-1028,1,0.832631,0.96
Kepler-1028,1,0.841,0.925
Kepler-1028,1,0.83,0.94
Kepler-1028,1,0.832631,0.96
Kepler-1028,1,0.841,0.925
Kepler-1028,1,0.841,0.925
Kepler-1029,1,0.664,0.723
Kepler-1029,1,0.721069,0.765
Kepler-1029,1,0.724,0.7
Kepler-1029,1,0.77,0.82
Kepler-1029,1,0.721069,0.765
Kepler-1029,1,0.724,0.7
Kepler-1029,1,0.7,0.712
Kepler-1029,1,0.724,0.7
Kepler-103,2,1.44,1.09
Kepler-103,2,1.46,1.12
Kepler-103,2,1.492,1.212
Kepler-103,2,1.56257,1.07
Kepler-103,2,NA,1.134
Kepler-103,2,1.433,1.068
Kepler-103,2,1.56257,1.07
Kepler-103,2,1.436,1.094
Kepler-103,2,1.487,1.134
Kepler-103,2,1.5,NA
Kepler-103,2,1.21,1.156
Kepler-103,2,1.56257,1.07
Kepler-103,2,1.492,1.212
Kepler-103,2,1.436,1.094
Kepler-103,2,1.436,1.094
Kepler-103,2,1.56257,1.07
Kepler-103,2,1.56257,1.07
Kepler-103,2,1.436,1.094
Kepler-103,2,1.56257,1.07
Kepler-103,2,NA,1.134
Kepler-103,2,1.56257,1.07
Kepler-103,2,1.21,1.156
Kepler-103,2,1.436,1.094
Kepler-103,2,1.492,1.212
Kepler-103,2,1.433,1.068
Kepler-103,2,1.492,1.212
Kepler-103,2,1.5,NA
Kepler-103,2,1.487,1.134
Kepler-103,2,1.436,1.094
Kepler-103,2,1.44,1.09
Kepler-103,2,1.46,1.12
Kepler-103,2,1.56257,1.07
Kepler-1030,1,0.78,0.866
Kepler-1030,1,0.78,0.866
Kepler-1030,1,0.721474,0.81
Kepler-1030,1,0.724,NA
Kepler-1030,1,0.78,0.866
Kepler-1030,1,0.721474,0.81
Kepler-1030,1,0.721474,0.81
Kepler-1030,1,0.67,0.756
Kepler-1030,1,0.763,0.875
Kepler-1030,1,0.76,0.8
Kepler-1031,1,NA,NA
Kepler-1031,1,1.34,0.92
Kepler-1031,1,0.991,1.059
Kepler-1031,1,0.991,1.059
Kepler-1031,1,NA,NA
Kepler-1031,1,0.991,1.059
Kepler-1031,1,1.12,1.09
Kepler-1032,1,0.594,0.58
Kepler-1032,1,0.594,0.58
Kepler-1032,1,0.797,NA
Kepler-1032,1,NA,NA
Kepler-1032,1,0.594,0.58
Kepler-1032,1,NA,NA
Kepler-1032,1,0.71,0.77
Kepler-1032,1,0.616,0.644
Kepler-1032,1,0.594,0.58
Kepler-1033,1,0.94,1.026
Kepler-1033,1,0.94,1.026
Kepler-1033,1,0.94,1.026
Kepler-1033,1,0.89,0.99
Kepler-1033,1,0.925,NA
Kepler-1033,1,0.965108,0.96
Kepler-1033,1,0.965108,0.96
Kepler-1033,1,0.94,1.026
Kepler-1033,1,0.92,0.94
Kepler-1033,1,0.965108,0.96
Kepler-1034,1,0.773178,0.86
Kepler-1034,1,0.87,0.813
Kepler-1034,1,0.755,NA
Kepler-1034,1,0.773178,0.86
Kepler-1034,1,0.773178,0.86
Kepler-1034,1,0.8,0.83
Kepler-1034,1,0.796,0.859
Kepler-1034,1,0.77,0.8
Kepler-1034,1,0.796,0.859
Kepler-1034,1,0.796,0.859
Kepler-1035,1,0.818,0.734
Kepler-1035,1,0.94,0.946
Kepler-1035,1,1.28023,1.03
Kepler-1035,1,0.992,1.038
Kepler-1035,1,1.28023,1.03
Kepler-1035,1,1.28023,1.03
Kepler-1035,1,1.345,NA
Kepler-1035,1,1.332,1.059
Kepler-1035,1,0.818,0.734
Kepler-1035,1,0.97,0.98
Kepler-1035,1,0.818,0.734
Kepler-1036,1,0.894988,0.95
Kepler-1036,1,0.87,0.971
Kepler-1036,1,0.82,0.919
Kepler-1036,1,0.87,0.971
Kepler-1036,1,0.856,0.959
Kepler-1036,1,0.89,0.95
Kepler-1036,1,0.861,0.875
Kepler-1036,1,0.865,NA
Kepler-1036,1,0.894988,0.95
Kepler-1036,1,0.87,0.971
Kepler-1036,1,0.894988,0.95
Kepler-1037,1,0.806039,0.82
Kepler-1037,1,0.78,0.82
Kepler-1037,1,0.806039,0.82
Kepler-1037,1,0.8,0.75
Kepler-1037,1,0.76,NA
Kepler-1037,1,1.002,0.919
Kepler-1037,1,1.002,0.919
Kepler-1037,1,1.002,0.919
Kepler-1037,1,1.002,0.919
Kepler-1038,2,0.80043,0.89
Kepler-1038,2,1.68,0.912
Kepler-1038,2,0.821,0.868
Kepler-1038,2,0.80043,0.89
Kepler-1038,2,0.759,0.828
Kepler-1038,2,0.808,NA
Kepler-1038,2,0.83,0.87
Kepler-1038,2,0.759,0.828
Kepler-1038,2,0.80043,0.89
Kepler-1038,2,0.759,0.828
Kepler-1038,2,0.759,0.828
Kepler-1038,2,0.759,0.828
Kepler-1038,2,0.759,0.828
Kepler-1038,2,0.821,0.868
Kepler-1038,2,0.821,0.868
Kepler-1038,2,0.80043,0.89
Kepler-1039,1,0.74,0.79
Kepler-1039,1,0.6,0.67
Kepler-1039,1,1.795,0.953
Kepler-1039,1,1.795,0.953
Kepler-1039,1,1.795,0.953
Kepler-1039,1,0.758752,0.719
Kepler-1039,1,0.699,NA
Kepler-1039,1,1.795,0.953
Kepler-1039,1,0.695,0.767
Kepler-1039,1,0.758752,0.719
Kepler-104,3,1.05316,1.08
Kepler-104,3,1.05316,1.08
Kepler-104,3,NA,0.818
Kepler-104,3,1.051,0.818
Kepler-104,3,1.062,NA
Kepler-104,3,1.005,0.913
Kepler-104,3,1.361,0.81
Kepler-104,3,1.03,1.01
Kepler-104,3,1.349,NA
Kepler-104,3,1.361,0.814
Kepler-104,3,1.05316,1.08
Kepler-104,3,1.361,0.814
Kepler-104,3,1.361,0.814
Kepler-104,3,0.93,0.807
Kepler-104,3,1.005,0.913
Kepler-104,3,1.051,0.818
Kepler-104,3,1.05316,1.08
Kepler-104,3,1.361,0.814
Kepler-104,3,1.361,0.814
Kepler-104,3,1.05316,1.08
Kepler-104,3,1.062,NA
Kepler-104,3,NA,0.818
Kepler-104,3,1.349,NA
Kepler-104,3,1.03,1.01
Kepler-104,3,1.361,0.814
Kepler-104,3,1.05316,1.08
Kepler-104,3,1.361,0.81
Kepler-104,3,0.93,0.807
Kepler-104,3,1.005,0.913
Kepler-104,3,1.361,0.814
Kepler-104,3,1.349,NA
Kepler-104,3,1.05316,1.08
Kepler-104,3,1.062,NA
Kepler-104,3,0.93,0.807
Kepler-104,3,1.051,0.818
Kepler-104,3,NA,0.818
Kepler-104,3,1.361,0.814
Kepler-104,3,1.361,0.814
Kepler-104,3,1.03,1.01
Kepler-104,3,1.05316,1.08
Kepler-104,3,1.05316,1.08
Kepler-1040,1,0.954,0.929
Kepler-1040,1,0.978509,1.01
Kepler-1040,1,0.96,0.98
Kepler-1040,1,0.845,0.819
Kepler-1040,1,0.97,1.002
Kepler-1040,1,0.978509,1.01
Kepler-1040,1,0.845,0.819
Kepler-1040,1,0.978509,1.01
Kepler-1040,1,1.14,0.936
Kepler-1040,1,0.845,0.819
Kepler-1040,1,0.982,NA
Kepler-1041,1,0.966,1.043
Kepler-1041,1,0.966,1.043
Kepler-1041,1,1.67005,1.08
Kepler-1041,1,1.634,NA
Kepler-1041,1,1.08,1.06
Kepler-1041,1,0.966,1.043
Kepler-1041,1,1.67005,1.08
Kepler-1041,1,0.966,1.043
Kepler-1041,1,0.97,1.065
Kepler-1041,1,1.67005,1.08
Kepler-1042,1,NA,NA
Kepler-1042,1,NA,NA
Kepler-1042,1,NA,NA
Kepler-1042,1,0.561,0.561
Kepler-1042,1,0.561,0.561
Kepler-1042,1,0.561,0.561
Kepler-1042,1,0.82,0.8
Kepler-1042,1,0.561,0.561
Kepler-1042,1,0.72,0.75
Kepler-1043,1,0.881,0.904
Kepler-1043,1,0.881,0.904
Kepler-1043,1,0.939367,1.02
Kepler-1043,1,0.881,0.904
Kepler-1043,1,0.939367,1.02
Kepler-1043,1,0.94,1.042
Kepler-1043,1,0.939,NA
Kepler-1043,1,0.881,0.904
Kepler-1043,1,0.939367,1.02
Kepler-1043,1,0.9,0.92
Kepler-1044,1,1.01944,1.05
Kepler-1044,1,1.092,1.18
Kepler-1044,1,1.01,1.1
Kepler-1044,1,1.11,1.08
Kepler-1044,1,1.09,1.098
Kepler-1044,1,1.09,1.098
Kepler-1044,1,0.933,NA
Kepler-1044,1,1.01944,1.05
Kepler-1044,1,1.09,1.098
Kepler-1044,1,1.01944,1.05
Kepler-1045,1,0.738,0.801
Kepler-1045,1,0.823294,0.9
Kepler-1045,1,0.738,0.801
Kepler-1045,1,0.796,NA
Kepler-1045,1,0.823294,0.9
Kepler-1045,1,0.734,0.815
Kepler-1045,1,0.823294,0.9
Kepler-1045,1,0.738,0.801
Kepler-1045,1,0.79,0.892
Kepler-1045,1,0.82,0.86
Kepler-1046,1,1.107,1.076
Kepler-1046,1,1.15287,NA
Kepler-1046,1,1.012,1.117
Kepler-1046,1,1.15287,NA
Kepler-1046,1,1.012,1.117
Kepler-1046,1,0.93,1.03
Kepler-1046,1,1.04,1.04
Kepler-1046,1,1.012,1.117
Kepler-1046,1,1.053,1.023
Kepler-1046,1,1.15287,NA
Kepler-1047,2,1.619,1.126
Kepler-1047,2,0.958,0.98
Kepler-1047,2,1.75095,0.98
Kepler-1047,2,0.958,0.98
Kepler-1047,2,1.645,NA
Kepler-1047,2,1.75095,0.98
Kepler-1047,2,1.13,1.08
Kepler-1047,2,0.93,0.936
Kepler-1047,2,1.176,1.071
Kepler-1047,2,1.75095,0.98
Kepler-1047,2,0.958,0.98
Kepler-1047,2,1.75095,0.98
Kepler-1047,2,0.958,0.98
Kepler-1047,2,1.176,1.071
Kepler-1047,2,1.75095,0.98
Kepler-1047,2,1.619,1.126
Kepler-1047,2,0.958,0.98
Kepler-1047,2,1.645,NA
Kepler-1047,2,0.958,0.98
Kepler-1047,2,1.13,1.08
Kepler-1048,1,0.585,0.571
Kepler-1048,1,0.585,0.571
Kepler-1048,1,0.585,0.571
Kepler-1048,1,1.07998,0.69
Kepler-1048,1,0.975,NA
Kepler-1048,1,1.07998,0.69
Kepler-1048,1,0.7,0.75
Kepler-1048,1,0.612,0.641
Kepler-1048,1,1.07998,0.69
Kepler-1048,1,0.585,0.571
Kepler-1049,1,0.587443,0.577721
Kepler-1049,1,0.496,0.528
Kepler-1049,1,0.455,0.464
Kepler-1049,1,0.455,0.464
Kepler-1049,1,NA,NA
Kepler-1049,1,0.521,0.545
Kepler-1049,1,0.455,0.464
Kepler-1049,1,0.587443,0.577721
Kepler-1049,1,0.587443,0.577721
Kepler-1049,1,0.49,0.51
Kepler-1049,1,0.586,NA
Kepler-105,2,1.087,0.941
Kepler-105,2,1.332,1.085
Kepler-105,2,1.58,1.28
Kepler-105,2,1.332,1.085
Kepler-105,2,1.026,0.991
Kepler-105,2,1.16,1.11
Kepler-105,2,1.35,1.18
Kepler-105,2,1.332,1.09
Kepler-105,2,1.036,NA
Kepler-105,2,1.023,0.991
Kepler-105,2,1.58,1.28
Kepler-105,2,1.05138,1.09
Kepler-105,2,1.332,1.085
Kepler-105,2,1.026,0.991
Kepler-105,2,1.015,1.027
Kepler-105,2,1.05138,1.09
Kepler-105,2,1.332,1.09
Kepler-105,2,1.015,1.027
Kepler-105,2,1.026,0.991
Kepler-105,2,1.05138,1.09
Kepler-105,2,1.05138,1.09
Kepler-105,2,1.332,1.085
Kepler-105,2,1.332,1.085
Kepler-105,2,1.026,0.991
Kepler-105,2,1.036,NA
Kepler-105,2,1.16,NA
Kepler-105,2,1.023,0.991
Kepler-105,2,NA,0.9
Kepler-105,2,1.35,1.18
Kepler-105,2,1.16,1.11
Kepler-105,2,1.087,0.941
Kepler-105,2,0.894,0.961
Kepler-105,2,1.332,1.085
Kepler-1050,2,1.052,1.037
Kepler-1050,2,1.03426,1.06
Kepler-1050,2,1.13,1.09
Kepler-1050,2,2.153,1.276
Kepler-1050,2,1.052,1.037
Kepler-1050,2,1.05,1.034
Kepler-1050,2,1.052,1.037
Kepler-1050,2,1.03426,1.06
Kepler-1050,2,1.01,NA
Kepler-1050,2,0.998,1.062
Kepler-1050,2,1.03426,1.06
Kepler-1050,2,1.052,1.037
Kepler-1050,2,1.05,1.034
Kepler-1050,2,1.052,1.037
Kepler-1050,2,0.998,1.062
Kepler-1050,2,1.03426,1.06
Kepler-1050,2,1.13,1.09
Kepler-1050,2,1.01,NA
Kepler-1050,2,1.03426,1.06
Kepler-1050,2,1.052,1.037
Kepler-1050,2,2.153,1.276
Kepler-1051,1,1.729,1.337
Kepler-1051,1,1.264,1.138
Kepler-1051,1,1.264,1.138
Kepler-1051,1,1.44206,1.33
Kepler-1051,1,1.44206,1.33
Kepler-1051,1,1.44206,1.33
Kepler-1051,1,1.33,1.31
Kepler-1051,1,1.405,1.23
Kepler-1051,1,1.73,1.43
Kepler-1051,1,1.264,1.138
Kepler-1051,1,1.433,NA
Kepler-1052,2,0.95,NA
Kepler-1052,2,1.03,1.03
Kepler-1052,2,0.848,0.937
Kepler-1052,2,0.964799,1.02
Kepler-1052,2,0.847,0.935
Kepler-1052,2,0.847,0.935
Kepler-1052,2,0.927,1.014
Kepler-1052,2,0.88,0.987
Kepler-1052,2,0.964799,1.02
Kepler-1052,2,0.847,0.935
Kepler-1052,2,0.964799,1.02
Kepler-1052,2,0.927,1.014
Kepler-1052,2,0.848,0.937
Kepler-1052,2,0.964799,1.02
Kepler-1052,2,0.848,0.937
Kepler-1052,2,0.847,0.935
Kepler-1053,1,0.612574,0.689
Kepler-1053,1,0.558,0.59
Kepler-1053,1,0.612574,0.689
Kepler-1053,1,0.542,0.531
Kepler-1053,1,0.724,0.715
Kepler-1053,1,0.69,0.74
Kepler-1053,1,0.614,NA
Kepler-1053,1,0.542,0.531
Kepler-1053,1,0.542,0.531
Kepler-1053,1,0.612574,0.689
Kepler-1054,1,1.423,NA
Kepler-1054,1,1.03,1.132
Kepler-1054,1,1.46066,1.07
Kepler-1054,1,1.34,1.22
Kepler-1054,1,1.03,1.132
Kepler-1054,1,1.46066,1.07
Kepler-1054,1,1.03,1.132
Kepler-1054,1,1.03,1.132
Kepler-1054,1,0.91,1.06
Kepler-1054,1,1.386,1.223
Kepler-1055,1,0.8701,1.01
Kepler-1055,1,0.8701,1.01
Kepler-1055,1,0.862,0.951
Kepler-1055,1,0.87,NA
Kepler-1055,1,0.94,0.98
Kepler-1055,1,0.835,0.851
Kepler-1055,1,0.89,0.96
Kepler-1055,1,0.835,0.851
Kepler-1055,1,0.835,0.851
Kepler-1055,1,0.8701,1.01
Kepler-1055,1,0.909,0.914
Kepler-1056,1,1.03,0.901
Kepler-1056,1,1.17307,1.13
Kepler-1056,1,1.17307,1.13
Kepler-1056,1,0.911,0.762
Kepler-1056,1,0.911,0.762
Kepler-1056,1,1.2,1.12
Kepler-1056,1,1.284,NA
Kepler-1056,1,1.17307,1.13
Kepler-1056,1,0.911,0.762
Kepler-1056,1,0.911,0.762
Kepler-1057,1,0.915006,1.11
Kepler-1057,1,0.895,0.99
Kepler-1057,1,0.895,0.99
Kepler-1057,1,0.88,0.987
Kepler-1057,1,0.915006,1.11
Kepler-1057,1,1.1,1.07
Kepler-1057,1,0.895,0.99
Kepler-1057,1,0.915006,1.11
Kepler-1057,1,0.895,0.99
Kepler-1057,1,0.923,NA
Kepler-1058,1,0.69,0.73
Kepler-1058,1,0.546,0.538
Kepler-1058,1,0.618,0.645
Kepler-1058,1,NA,NA
Kepler-1058,1,0.546,0.538
Kepler-1058,1,0.546,0.538
Kepler-1058,1,0.546,0.538
Kepler-1058,1,NA,NA
Kepler-1058,1,NA,NA
Kepler-1059,1,0.728,0.814
Kepler-1059,1,0.728,0.813
Kepler-1059,1,0.776418,0.79
Kepler-1059,1,0.776418,0.79
Kepler-1059,1,0.776418,0.79
Kepler-1059,1,0.72,0.75
Kepler-1059,1,0.728,0.814
Kepler-1059,1,0.64,0.82
Kepler-1059,1,0.754,NA
Kepler-1059,1,0.728,0.814
Kepler-106,4,1.04,1.002
Kepler-106,4,NA,0.959
Kepler-106,4,1.0568,1.068
Kepler-106,4,1.029,0.944
Kepler-106,4,1.046,0.959
Kepler-106,4,1.05,1.05
Kepler-106,4,1.049,NA
Kepler-106,4,1.012,0.951
Kepler-106,4,1.0568,1.068
Kepler-106,4,1.04,1
Kepler-106,4,1.029,0.944
Kepler-106,4,1.029,0.944
Kepler-106,4,1.029,0.944
Kepler-106,4,1.0568,1.068
Kepler-106,4,1.05,1.05
Kepler-106,4,1.012,0.951
Kepler-106,4,1.0568,1.068
Kepler-106,4,1.029,0.944
Kepler-106,4,1.049,NA
Kepler-106,4,1.046,0.959
Kepler-106,4,1.04,1.002
Kepler-106,4,1.0568,1.068
Kepler-106,4,NA,0.959
Kepler-106,4,1.04,1
Kepler-106,4,1.029,0.944
Kepler-106,4,1.029,0.944
Kepler-106,4,1.046,0.959
Kepler-106,4,1.012,0.951
Kepler-106,4,1.029,0.944
Kepler-106,4,1.05,1.05
Kepler-106,4,1.029,0.944
Kepler-106,4,1.0568,1.068
Kepler-106,4,1.04,1.002
Kepler-106,4,1.0568,1.068
Kepler-106,4,NA,0.959
Kepler-106,4,1.049,NA
Kepler-106,4,1.04,1
Kepler-106,4,1.05,1.05
Kepler-106,4,NA,0.959
Kepler-106,4,1.029,0.944
Kepler-106,4,1.0568,1.068
Kepler-106,4,1.012,0.951
Kepler-106,4,1.0568,1.068
Kepler-106,4,1.049,NA
Kepler-106,4,1.04,1.002
Kepler-106,4,1.046,0.959
Kepler-106,4,1.029,0.944
Kepler-106,4,1.04,1
Kepler-106,4,1.029,0.944
Kepler-106,4,1.0568,1.068
Kepler-1060,1,0.99,0.99
Kepler-1060,1,0.974,0.818
Kepler-1060,1,1.11854,1.01
Kepler-1060,1,1.11854,1.01
Kepler-1060,1,1.11854,1.01
Kepler-1060,1,1.149,NA
Kepler-1060,1,0.974,0.818
Kepler-1060,1,0.993,0.943
Kepler-1060,1,0.974,0.818
Kepler-1060,1,1.04,0.947
Kepler-1061,1,1,0.994
Kepler-1061,1,1.07,1.09
Kepler-1061,1,0.981999,1.158
Kepler-1061,1,1.188,1.073
Kepler-1061,1,0.981999,1.158
Kepler-1061,1,0.992,1.023
Kepler-1061,1,0.981999,1.158
Kepler-1061,1,1.188,1.073
Kepler-1061,1,1.188,1.073
Kepler-1061,1,1.3,1.18
Kepler-1061,1,1.001,NA
Kepler-1062,1,0.780338,0.69
Kepler-1062,1,0.658,0.645
Kepler-1062,1,0.73,NA
Kepler-1062,1,0.59,0.62
Kepler-1062,1,0.7,0.75
Kepler-1062,1,0.658,0.645
Kepler-1062,1,0.780338,0.69
Kepler-1062,1,0.658,0.645
Kepler-1062,1,0.658,0.645
Kepler-1062,1,0.780338,0.69
Kepler-1063,1,NA,NA
Kepler-1063,1,0.883,0.907
Kepler-1063,1,NA,NA
Kepler-1063,1,1.547,1.092
Kepler-1063,1,0.883,0.907
Kepler-1063,1,0.86,0.87
Kepler-1063,1,0.883,0.907
Kepler-1063,1,1.14,1.09
Kepler-1064,1,0.644,0.694
Kepler-1064,1,NA,NA
Kepler-1064,1,0.644,0.694
Kepler-1064,1,0.644,0.694
Kepler-1064,1,0.769,0.806
Kepler-1064,1,0.79,0.85
Kepler-1064,1,NA,NA
Kepler-1064,1,NA,NA
Kepler-1064,1,0.71,0.814
Kepler-1065,2,0.93,0.94
Kepler-1065,2,0.971,NA
Kepler-1065,2,0.868,0.963
Kepler-1065,2,0.868,0.963
Kepler-1065,2,0.974806,0.96
Kepler-1065,2,0.868,0.963
Kepler-1065,2,0.89,1.01
Kepler-1065,2,0.868,0.963
Kepler-1065,2,0.974806,0.96
Kepler-1065,2,0.974806,0.96
Kepler-1065,2,0.93,0.94
Kepler-1065,2,0.868,0.963
Kepler-1065,2,0.971,NA
Kepler-1065,2,0.974806,0.96
Kepler-1065,2,0.868,0.963
Kepler-1065,2,0.868,0.963
Kepler-1065,2,0.868,0.963
Kepler-1066,1,0.865904,0.98
Kepler-1066,1,1.11,0.885
Kepler-1066,1,1.05,0.822
Kepler-1066,1,0.865904,0.98
Kepler-1066,1,0.861,NA
Kepler-1066,1,0.98,0.98
Kepler-1066,1,0.865904,0.98
Kepler-1066,1,1.05,0.822
Kepler-1066,1,1.05,0.822
Kepler-1066,1,0.858,0.957
Kepler-1066,1,0.85,0.945
Kepler-1067,2,0.942935,0.95
Kepler-1067,2,0.827,0.908
Kepler-1067,2,0.934,0.981
Kepler-1067,2,0.827,0.908
Kepler-1067,2,0.942935,0.95
Kepler-1067,2,0.827,0.908
Kepler-1067,2,0.911,NA
Kepler-1067,2,0.898,1.012
Kepler-1067,2,0.93,0.95
Kepler-1067,2,0.827,0.908
Kepler-1067,2,0.942935,0.95
Kepler-1067,2,0.827,0.908
Kepler-1067,2,0.942935,0.95
Kepler-1067,2,0.934,0.981
Kepler-1067,2,0.934,0.981
Kepler-1067,2,0.827,0.908
Kepler-1067,2,0.82,0.924
Kepler-1067,2,0.898,1.012
Kepler-1068,1,0.95,1.07
Kepler-1068,1,1.012,NA
Kepler-1068,1,1.01559,1
Kepler-1068,1,1.01559,1
Kepler-1068,1,0.99,1.044
Kepler-1068,1,1.012,1.117
Kepler-1068,1,1.012,1.117
Kepler-1068,1,1.01,1.01
Kepler-1068,1,1.012,1.117
Kepler-1068,1,1.01559,1
Kepler-1068,1,0.981,1.031
Kepler-1069,1,1.23,1.07
Kepler-1069,1,1.65229,0.98
Kepler-1069,1,1.203,1.013
Kepler-1069,1,1.597,NA
Kepler-1069,1,1.203,1.013
Kepler-1069,1,1.203,1.013
Kepler-1069,1,0.98,0.99
Kepler-1069,1,1.65229,0.98
Kepler-1069,1,1.572,1.064
Kepler-1069,1,1.93,1.115
Kepler-1069,1,1.65229,0.98
Kepler-107,4,1.402,1.113
Kepler-107,4,1.50416,1.04
Kepler-107,4,1.459,NA
Kepler-107,4,1.411,1.142
Kepler-107,4,1.50416,1.04
Kepler-107,4,1.411,NA
Kepler-107,4,1.447,1.238
Kepler-107,4,1.411,1.142
Kepler-107,4,1.439,1.215
Kepler-107,4,1.50416,1.04
Kepler-107,4,1.447,1.238
Kepler-107,4,1.42,1.16
Kepler-107,4,1.50416,1.04
Kepler-107,4,1.411,1.142
Kepler-107,4,1.18,1.183
Kepler-107,4,1.411,1.142
Kepler-107,4,1.411,1.142
Kepler-107,4,1.439,1.215
Kepler-107,4,1.447,1.238
Kepler-107,4,1.42,1.16
Kepler-107,4,1.50416,1.04
Kepler-107,4,1.402,1.113
Kepler-107,4,1.447,1.238
Kepler-107,4,1.411,1.142
Kepler-107,4,1.411,NA
Kepler-107,4,1.50416,1.04
Kepler-107,4,1.50416,1.04
Kepler-107,4,1.459,NA
Kepler-107,4,1.18,1.183
Kepler-107,4,1.50416,1.04
Kepler-107,4,1.18,1.183
Kepler-107,4,1.411,NA
Kepler-107,4,1.411,1.142
Kepler-107,4,1.50416,1.04
Kepler-107,4,1.447,1.238
Kepler-107,4,1.42,1.16
Kepler-107,4,1.50416,1.04
Kepler-107,4,1.439,1.215
Kepler-107,4,1.447,1.238
Kepler-107,4,1.411,1.142
Kepler-107,4,1.459,NA
Kepler-107,4,1.402,1.113
Kepler-107,4,1.50416,1.04
Kepler-107,4,1.411,1.142
Kepler-107,4,1.447,1.238
Kepler-107,4,1.439,1.215
Kepler-107,4,1.50416,1.04
Kepler-107,4,1.50416,1.04
Kepler-107,4,1.447,1.238
Kepler-107,4,1.18,1.183
Kepler-107,4,1.402,1.113
Kepler-107,4,1.411,1.142
Kepler-107,4,1.411,1.142
Kepler-107,4,1.411,1.142
Kepler-107,4,1.459,NA
Kepler-107,4,1.411,NA
Kepler-107,4,1.50416,1.04
Kepler-107,4,1.50416,1.04
Kepler-107,4,1.42,1.16
Kepler-1070,1,1.22077,1.17
Kepler-1070,1,1.353,1.227
Kepler-1070,1,1.189,1.06
Kepler-1070,1,1.32,1.21
Kepler-1070,1,1.25,1.23
Kepler-1070,1,1.353,1.227
Kepler-1070,1,1.097,1.148
Kepler-1070,1,1.353,1.227
Kepler-1070,1,1.215,NA
Kepler-1070,1,1.22077,1.17
Kepler-1070,1,1.22077,1.17
Kepler-1071,1,0.492,0.528
Kepler-1071,1,0.852627,0.89
Kepler-1071,1,0.903,NA
Kepler-1071,1,0.492,0.528
Kepler-1071,1,0.852627,0.89
Kepler-1071,1,0.71,0.808
Kepler-1071,1,0.791,0.811
Kepler-1071,1,0.852627,0.89
Kepler-1071,1,0.882,0.869
Kepler-1071,1,0.81,0.86
Kepler-1071,1,0.492,0.528
Kepler-1072,1,1.395,1.054
Kepler-1072,1,1.351,NA
Kepler-1072,1,1.32,1.116
Kepler-1072,1,1.137,1.213
Kepler-1072,1,1.32,1.2
Kepler-1072,1,1.5108,1.04
Kepler-1072,1,1.07,1.13
Kepler-1072,1,1.137,1.213
Kepler-1072,1,1.137,1.213
Kepler-1072,1,1.5108,1.04
Kepler-1073,3,0.833,0.91
Kepler-1073,3,1.003,NA
Kepler-1073,3,0.987612,1.03
Kepler-1073,3,0.86,0.964
Kepler-1073,3,1.116,0.924
Kepler-1073,3,0.833,0.91
Kepler-1073,3,0.987612,1.03
Kepler-1073,3,0.987612,1.03
Kepler-1073,3,1,1
Kepler-1073,3,0.833,0.91
Kepler-1073,3,1.116,0.924
Kepler-1073,3,0.833,0.91
Kepler-1073,3,0.987612,1.03
Kepler-1073,3,0.833,0.91
Kepler-1073,3,0.987612,1.03
Kepler-1073,3,1.003,NA
Kepler-1073,3,1,1
Kepler-1073,3,0.833,0.91
Kepler-1073,3,1.116,0.924
Kepler-1073,3,0.833,0.91
Kepler-1073,3,0.833,0.91
Kepler-1073,3,1.116,0.924
Kepler-1073,3,0.833,0.91
Kepler-1073,3,0.987612,1.03
Kepler-1074,1,0.57,0.6
Kepler-1074,1,0.537,0.559
Kepler-1074,1,0.537,0.559
Kepler-1074,1,0.597575,0.586106
Kepler-1074,1,0.564,0.581
Kepler-1074,1,0.528,0.553
Kepler-1074,1,0.595,NA
Kepler-1074,1,0.597575,0.586106
Kepler-1074,1,NA,NA
Kepler-1074,1,0.597575,0.586106
Kepler-1074,1,0.537,0.559
Kepler-1075,1,0.537,0.559
Kepler-1075,1,0.54,0.56
Kepler-1075,1,0.522,0.546
Kepler-1075,1,0.594446,0.583534
Kepler-1075,1,0.51,0.516
Kepler-1075,1,0.537,0.559
Kepler-1075,1,0.537,0.559
Kepler-1075,1,0.593,NA
Kepler-1076,1,0.746,0.806
Kepler-1076,1,0.667,0.687
Kepler-1076,1,0.730658,NA
Kepler-1076,1,0.746,0.806
Kepler-1076,1,0.746,0.806
Kepler-1076,1,0.730658,NA
Kepler-1076,1,0.746,0.806
Kepler-1076,1,0.74,0.79
Kepler-1077,1,0.983,NA
Kepler-1077,1,0.967,1.045
Kepler-1077,1,0.967,1.045
Kepler-1077,1,0.967,1.045
Kepler-1077,1,1.02,1.02
Kepler-1077,1,0.967,1.045
Kepler-1077,1,0.97,1.058
Kepler-1077,1,1.03321,1.02
Kepler-1077,1,1.03321,1.02
Kepler-1077,1,1.03321,1.02
Kepler-1078,1,0.85,0.954
Kepler-1078,1,0.92,0.94
Kepler-1078,1,0.782,0.851
Kepler-1078,1,0.782,0.851
Kepler-1078,1,1.93,NA
Kepler-1078,1,0.781,0.873
Kepler-1078,1,0.782,0.851
Kepler-1078,1,2.01527,0.94
Kepler-1079,1,1.39,0.988
Kepler-1079,1,2.541,1.416
Kepler-1079,1,2.541,1.416
Kepler-1079,1,1.3873,NA
Kepler-1079,1,1.3873,NA
Kepler-1079,1,2.35,1.24
Kepler-1079,1,1.3873,NA
Kepler-1079,1,2.541,1.416
Kepler-1079,1,1.601,NA
Kepler-1079,1,1.36,1.08
Kepler-108,2,2.057,1.247
Kepler-108,2,NA,NA
Kepler-108,2,NA,NA
Kepler-108,2,2.192,1.377
Kepler-108,2,2.192,1.377
Kepler-108,2,0.94,0.89
Kepler-108,2,2.192,NA
Kepler-108,2,NA,NA
Kepler-108,2,2.192,1.377
Kepler-108,2,2.11,1.36
Kepler-108,2,2.192,1.377
Kepler-108,2,2.192,1.377
Kepler-108,2,2.192,1.377
Kepler-108,2,NA,NA
Kepler-108,2,0.94,0.89
Kepler-108,2,NA,NA
Kepler-108,2,NA,NA
Kepler-108,2,2.11,1.36
Kepler-108,2,2.192,NA
Kepler-108,2,2.057,1.247
Kepler-108,2,NA,NA
Kepler-1080,1,2.07388,1.37
Kepler-1080,1,1.356,1.212
Kepler-1080,1,1.438,1.23
Kepler-1080,1,2.07388,1.37
Kepler-1080,1,2.187,NA
Kepler-1080,1,1.16,1.1
Kepler-1080,1,1.438,1.23
Kepler-1080,1,2.07388,1.37
Kepler-1080,1,1.132,1.091
Kepler-1080,1,1.438,1.23
Kepler-1081,1,0.813,0.902
Kepler-1081,1,0.831,0.907
Kepler-1081,1,1.571,0.975
Kepler-1081,1,0.839,NA
Kepler-1081,1,1.55,0.909
Kepler-1081,1,0.872681,0.88
Kepler-1081,1,1.571,0.975
Kepler-1081,1,0.84,0.88
Kepler-1081,1,1.571,0.975
Kepler-1081,1,0.872681,0.88
Kepler-1082,1,0.835,0.929
Kepler-1082,1,1.282,0.95
Kepler-1082,1,1.38567,1.06
Kepler-1082,1,1.336,0.951
Kepler-1082,1,0.835,0.929
Kepler-1082,1,0.835,0.929
Kepler-1082,1,1.38567,1.06
Kepler-1082,1,1.14,1.03
Kepler-1082,1,0.98,1.076
Kepler-1082,1,1.362,NA
Kepler-1083,1,0.765,NA
Kepler-1083,1,0.792249,0.81
Kepler-1083,1,0.744,0.827
Kepler-1083,1,0.745,0.825
Kepler-1083,1,0.745,0.825
Kepler-1083,1,0.77,0.81
Kepler-1083,1,0.745,0.825
Kepler-1083,1,0.792249,0.81
Kepler-1083,1,0.792249,0.81
Kepler-1083,1,0.7,0.799
Kepler-1084,1,1.36943,1.02
Kepler-1084,1,1.54,1.24
Kepler-1084,1,1.226,NA
Kepler-1084,1,1.358,1.076
Kepler-1084,1,1.369,0.992
Kepler-1084,1,1.28,1.12
Kepler-1084,1,1.369,0.992
Kepler-1084,1,1.369,0.992
Kepler-1085,2,1.14,1.11
Kepler-1085,2,1.012,1.117
Kepler-1085,2,1.012,1.117
Kepler-1085,2,1.0783,1.05
Kepler-1085,2,1.0783,1.05
Kepler-1085,2,1.012,1.117
Kepler-1085,2,1.012,1.117
Kepler-1085,2,1.0783,1.05
Kepler-1085,2,0.997,1.094
Kepler-1085,2,1.031,NA
Kepler-1085,2,1.0783,1.05
Kepler-1085,2,1.012,1.117
Kepler-1085,2,0.997,1.094
Kepler-1085,2,1.012,1.117
Kepler-1085,2,1.012,1.117
Kepler-1085,2,0.95,1.052
Kepler-1085,2,1.0783,1.05
Kepler-1085,2,1.012,1.117
Kepler-1085,2,1.0783,1.05
Kepler-1086,2,0.612,0.624
Kepler-1086,2,0.615523,0.7
Kepler-1086,2,0.641,0.651
Kepler-1086,2,0.612,0.624
Kepler-1086,2,0.615523,0.7
Kepler-1086,2,0.66,0.7
Kepler-1086,2,0.565,0.595
Kepler-1086,2,0.612,0.624
Kepler-1086,2,0.672,NA
Kepler-1086,2,0.615523,0.7
Kepler-1086,2,0.641,0.651
Kepler-1086,2,0.615523,0.7
Kepler-1086,2,0.66,0.7
Kepler-1086,2,0.615523,0.7
Kepler-1086,2,0.672,NA
Kepler-1086,2,0.615523,0.7
Kepler-1086,2,0.612,0.624
Kepler-1086,2,0.612,0.624
Kepler-1086,2,0.612,0.624
Kepler-1087,1,1.07347,0.9
Kepler-1087,1,0.967,1.037
Kepler-1087,1,0.974,NA
Kepler-1087,1,0.93,0.821
Kepler-1087,1,1.158,1.001
Kepler-1087,1,1.158,1.001
Kepler-1087,1,1.196,0.903
Kepler-1087,1,1.07347,0.9
Kepler-1087,1,1.158,1.001
Kepler-1087,1,0.94,0.96
Kepler-1088,1,1.014,NA
Kepler-1088,1,1.052,1.007
Kepler-1088,1,1.006,1.052
Kepler-1088,1,1.07453,1.06
Kepler-1088,1,1.052,1.007
Kepler-1088,1,1.28,1.115
Kepler-1088,1,1.066,1.024
Kepler-1088,1,1.052,1.007
Kepler-1088,1,1.07453,1.06
Kepler-1088,1,1.07453,1.06
Kepler-1088,1,1.08,1.08
Kepler-1089,1,0.554903,0.549644
Kepler-1089,1,0.497,0.511
Kepler-1089,1,0.554903,0.549644
Kepler-1089,1,0.554903,0.549644
Kepler-1089,1,0.49,0.52
Kepler-1089,1,NA,NA
Kepler-1089,1,0.5,0.46
Kepler-1089,1,0.497,0.511
Kepler-1089,1,0.562,NA
Kepler-1089,1,0.578,0.619
Kepler-1089,1,0.497,0.511
Kepler-109,2,1.43,1.057
Kepler-109,2,1.40104,1.09
Kepler-109,2,1.32,1.04
Kepler-109,2,1.36,1.1
Kepler-109,2,1.40104,1.09
Kepler-109,2,1.40104,1.09
Kepler-109,2,1.342,1.025
Kepler-109,2,1.323,1.039
Kepler-109,2,1.40104,1.09
Kepler-109,2,1.323,1.039
Kepler-109,2,1.354,NA
Kepler-109,2,1.387,1.094
Kepler-109,2,1.323,1.039
Kepler-109,2,NA,1.025
Kepler-109,2,1.302,1.009
Kepler-109,2,1.36,1.1
Kepler-109,2,1.387,1.094
Kepler-109,2,NA,1.025
Kepler-109,2,1.40104,1.09
Kepler-109,2,1.32,1.04
Kepler-109,2,1.43,1.057
Kepler-109,2,1.302,1.009
Kepler-109,2,1.323,1.039
Kepler-109,2,1.323,1.039
Kepler-109,2,1.323,1.039
Kepler-109,2,1.40104,1.09
Kepler-109,2,1.40104,1.09
Kepler-109,2,1.342,1.025
Kepler-109,2,1.40104,1.09
Kepler-109,2,1.354,NA
Kepler-1090,2,0.906,0.8
Kepler-1090,2,0.82,0.86
Kepler-1090,2,0.906,0.8
Kepler-1090,2,1.03475,0.89
Kepler-1090,2,1.013,0.869
Kepler-1090,2,0.906,0.8
Kepler-1090,2,0.992,0.857
Kepler-1090,2,1.03475,0.89
Kepler-1090,2,1.012,NA
Kepler-1090,2,1.03475,0.89
Kepler-1090,2,1.03475,0.89
Kepler-1090,2,0.906,0.8
Kepler-1090,2,0.9,0.811
Kepler-1090,2,1.013,0.869
Kepler-1090,2,1.03475,0.89
Kepler-1090,2,0.906,0.8
Kepler-1090,2,0.906,0.8
Kepler-1090,2,0.992,0.857
Kepler-1090,2,1.013,0.869
Kepler-1091,1,0.754,0.81
Kepler-1091,1,1.0543,1.07
Kepler-1091,1,0.754,0.81
Kepler-1091,1,1.03,1.01
Kepler-1091,1,0.754,0.81
Kepler-1091,1,1.041,NA
Kepler-1091,1,1.064,1.037
Kepler-1091,1,1.0543,1.07
Kepler-1091,1,0.85,0.959
Kepler-1092,1,1,0.99
Kepler-1092,1,1.07928,1.06
Kepler-1092,1,1.07928,1.06
Kepler-1092,1,1.019,1.038
Kepler-1092,1,1.019,1.038
Kepler-1092,1,1.019,1.038
Kepler-1092,1,1.019,1.038
Kepler-1092,1,1.057,NA
Kepler-1092,1,1.05,1.12
Kepler-1092,1,1.07928,1.06
Kepler-1093,2,1.262,1.011
Kepler-1093,2,1.40659,1.26
Kepler-1093,2,1.2,1.13
Kepler-1093,2,1.40659,1.26
Kepler-1093,2,1.40659,1.26
Kepler-1093,2,1.39,1.203
Kepler-1093,2,1.262,1.011
Kepler-1093,2,1.262,1.011
Kepler-1093,2,1.461,1.144
Kepler-1093,2,1.262,1.011
Kepler-1093,2,1.262,1.011
Kepler-1093,2,1.262,1.011
Kepler-1093,2,1.40659,1.26
Kepler-1093,2,1.40659,1.26
Kepler-1093,2,1.40659,1.26
Kepler-1093,2,1.461,1.144
Kepler-1093,2,1.2,1.13
Kepler-1093,2,1.262,1.011
Kepler-1093,2,1.262,1.011
Kepler-1094,1,1.165,NA
Kepler-1094,1,0.993,1.065
Kepler-1094,1,0.993,1.065
Kepler-1094,1,1.26973,1.01
Kepler-1094,1,1.21,1.14
Kepler-1094,1,1.284,1.039
Kepler-1094,1,0.993,1.065
Kepler-1094,1,1.26973,1.01
Kepler-1094,1,0.99,1.09
Kepler-1094,1,1.26973,1.01
Kepler-1095,1,0.95249,0.99
Kepler-1095,1,0.906,0.993
Kepler-1095,1,0.906,0.993
Kepler-1095,1,0.95249,0.99
Kepler-1095,1,0.92,0.94
Kepler-1095,1,0.906,0.993
Kepler-1095,1,0.906,0.993
Kepler-1095,1,0.93,1.03
Kepler-1096,1,0.594,0.602
Kepler-1096,1,0.633312,0.701
Kepler-1096,1,0.63,0.66
Kepler-1096,1,0.594,0.602
Kepler-1096,1,0.615,0.625
Kepler-1096,1,0.633312,0.701
Kepler-1096,1,0.56,0.589
Kepler-1096,1,0.709,NA
Kepler-1096,1,0.594,0.602
Kepler-1097,1,0.782,NA
Kepler-1097,1,0.768703,0.89
Kepler-1097,1,0.768703,0.89
Kepler-1097,1,0.83,0.81
Kepler-1097,1,0.753,0.734
Kepler-1097,1,0.753,0.734
Kepler-1097,1,0.79,0.82
Kepler-1097,1,0.753,0.734
Kepler-1097,1,0.768703,0.89
Kepler-1097,1,0.753,0.734
Kepler-1098,1,1.17018,1.05
Kepler-1098,1,1.17018,1.05
Kepler-1098,1,1.211,NA
Kepler-1098,1,0.92,0.947
Kepler-1098,1,0.88,0.852
Kepler-1098,1,0.88,0.852
Kepler-1098,1,0.99,0.99
Kepler-1098,1,0.88,0.852
Kepler-1098,1,1.029,0.945
Kepler-1099,1,0.886589,1.02
Kepler-1099,1,0.886589,1.02
Kepler-1099,1,1.109,1.077
Kepler-1099,1,0.886589,1.02
Kepler-1099,1,1.109,1.077
Kepler-1099,1,1.109,1.077
Kepler-1099,1,1,1.01
Kepler-1099,1,0.823,NA
Kepler-1099,1,1.09,1.05
Kepler-1099,1,1.109,1.077
Kepler-11,6,1.064,0.986
Kepler-11,6,1.046,0.921
Kepler-11,6,NA,0.986
Kepler-11,6,1.06,0.984
Kepler-11,6,1.12955,1.05
Kepler-11,6,1.046,0.921
Kepler-11,6,1.12955,1.05
Kepler-11,6,1.12955,1.05
Kepler-11,6,1.07,0.99
Kepler-11,6,1.086,0.986
Kepler-11,6,1.065,0.961
Kepler-11,6,1.1,0.95
Kepler-11,6,1.12955,1.05
Kepler-11,6,1.098,NA
Kepler-11,6,1.046,0.921
Kepler-11,6,1.046,0.921
Kepler-11,6,1.046,0.92
Kepler-11,6,NA,0.986
Kepler-11,6,1.046,0.921
Kepler-11,6,1.12955,1.05
Kepler-11,6,1.12955,1.05
Kepler-11,6,1.065,0.961
Kepler-11,6,1.1,0.95
Kepler-11,6,1.064,0.986
Kepler-11,6,1.046,0.921
Kepler-11,6,1.046,0.92
Kepler-11,6,1.06,0.984
Kepler-11,6,1.046,0.921
Kepler-11,6,1.12955,1.05
Kepler-11,6,1.098,NA
Kepler-11,6,1.046,0.921
Kepler-11,6,1.086,0.986
Kepler-11,6,1.07,0.99
Kepler-11,6,1.12955,1.05
Kepler-11,6,1.046,0.921
Kepler-11,6,1.12955,1.05
Kepler-11,6,1.046,0.921
Kepler-11,6,1.12955,1.05
Kepler-11,6,1.12955,1.05
Kepler-11,6,1.064,0.986
Kepler-11,6,1.06,0.984
Kepler-11,6,1.12955,1.05
Kepler-11,6,1.07,0.99
Kepler-11,6,1.046,0.921
Kepler-11,6,NA,0.986
Kepler-11,6,1.046,0.921
Kepler-11,6,1.065,0.961
Kepler-11,6,1.086,0.986
Kepler-11,6,1.098,NA
Kepler-11,6,1.1,0.95
Kepler-11,6,NA,0.9
Kepler-11,6,1.046,0.92
Kepler-11,6,1.046,0.921
Kepler-11,6,1.07,0.99
Kepler-11,6,1.086,0.986
Kepler-11,6,1.046,0.92
Kepler-11,6,1.046,0.921
Kepler-11,6,1.064,0.986
Kepler-11,6,1.12955,1.05
Kepler-11,6,1.1,0.95
Kepler-11,6,NA,0.9
Kepler-11,6,1.12955,1.05
Kepler-11,6,NA,0.986
Kepler-11,6,1.046,0.921
Kepler-11,6,1.06,0.984
Kepler-11,6,1.065,0.961
Kepler-11,6,1.046,0.921
Kepler-11,6,1.098,NA
Kepler-11,6,1.12955,1.05
Kepler-11,6,1.1,0.95
Kepler-11,6,1.06,0.984
Kepler-11,6,NA,0.9
Kepler-11,6,NA,0.986
Kepler-11,6,1.086,0.986
Kepler-11,6,1.12955,1.05
Kepler-11,6,1.046,0.921
Kepler-11,6,1.12955,1.05
Kepler-11,6,1.065,0.961
Kepler-11,6,1.064,0.986
Kepler-11,6,1.046,0.921
Kepler-11,6,1.046,0.92
Kepler-11,6,1.046,0.921
Kepler-11,6,1.07,0.99
Kepler-11,6,1.046,0.921
Kepler-11,6,1.12955,1.05
Kepler-11,6,1.12955,1.05
Kepler-11,6,1.098,NA
Kepler-11,6,1.12955,1.05
Kepler-11,6,1.046,0.921
Kepler-11,6,NA,0.986
Kepler-11,6,1.086,0.986
Kepler-11,6,1.12955,1.05
Kepler-11,6,1.046,0.921
Kepler-11,6,1.1,0.95
Kepler-11,6,1.065,0.961
Kepler-11,6,1.098,NA
Kepler-11,6,1.06,0.984
Kepler-11,6,1.046,0.921
Kepler-11,6,1.12955,1.05
Kepler-11,6,1.064,0.986
Kepler-11,6,1.07,0.99
Kepler-11,6,1.046,0.921
Kepler-11,6,1.12955,1.05
Kepler-110,2,1.149,NA
Kepler-110,2,1.25797,1.12
Kepler-110,2,1.843,1.075
Kepler-110,2,1.234,0.989
Kepler-110,2,1.626,1.019
Kepler-110,2,1.46,1.15
Kepler-110,2,1.251,NA
Kepler-110,2,1.58,1.067
Kepler-110,2,1.25797,1.12
Kepler-110,2,1.25797,1.12
Kepler-110,2,1.843,1.075
Kepler-110,2,1.843,1.075
Kepler-110,2,1.843,1.075
Kepler-110,2,1.25797,1.12
Kepler-110,2,1.626,1.019
Kepler-110,2,1.843,1.075
Kepler-110,2,1.46,1.15
Kepler-110,2,1.25797,1.12
Kepler-110,2,1.843,1.075
Kepler-110,2,1.251,NA
Kepler-110,2,1.234,0.989
Kepler-110,2,1.149,NA
Kepler-110,2,1.25797,1.12
Kepler-110,2,1.58,1.067
Kepler-1100,1,1.04134,1.09
Kepler-1100,1,1.002,0.992
Kepler-1100,1,0.989,1.058
Kepler-1100,1,0.989,1.058
Kepler-1100,1,0.981,1.03
Kepler-1100,1,1.019,NA
Kepler-1100,1,1.34,1.21
Kepler-1100,1,0.989,1.058
Kepler-1100,1,1.02,1.1
Kepler-1100,1,1.04134,1.09
Kepler-1101,1,0.91,0.94
Kepler-1101,1,0.802,0.879
Kepler-1101,1,0.802,0.879
Kepler-1101,1,0.779,NA
Kepler-1101,1,0.764821,0.94
Kepler-1101,1,0.764821,0.94
Kepler-1101,1,0.975,0.852
Kepler-1101,1,0.81,0.918
Kepler-1101,1,0.764821,0.94
Kepler-1101,1,0.802,0.879
Kepler-1102,1,1.13,1.04
Kepler-1102,1,1.119,1.027
Kepler-1102,1,1.15701,1.05
Kepler-1102,1,1.119,1.027
Kepler-1102,1,1.168,NA
Kepler-1102,1,1.15701,1.05
Kepler-1102,1,1.119,1.027
Kepler-1102,1,0.94,0.96
Kepler-1102,1,1.119,1.027
Kepler-1102,1,1.15701,1.05
Kepler-1103,1,1.06,1.13
Kepler-1103,1,1.15,1.11
Kepler-1103,1,1.64451,1.14
Kepler-1103,1,1.681,NA
Kepler-1103,1,1.64451,1.14
Kepler-1103,1,1.632,1.227
Kepler-1103,1,1.031,1.085
Kepler-1103,1,1.64451,1.14
Kepler-1103,1,1.039,1.084
Kepler-1103,1,1.031,1.085
Kepler-1103,1,1.031,1.085
Kepler-1104,1,1.466,NA
Kepler-1104,1,1.195,1.216
Kepler-1104,1,1.44256,1.31
Kepler-1104,1,1.381,1.306
Kepler-1104,1,1.195,1.216
Kepler-1104,1,1.44256,1.31
Kepler-1104,1,1.41,1.3
Kepler-1104,1,1.195,1.216
Kepler-1104,1,1.27,1.18
Kepler-1104,1,1.449,1.326
Kepler-1105,1,0.656,0.668
Kepler-1105,1,0.55,0.579
Kepler-1105,1,0.697,0.713
Kepler-1105,1,0.656,0.668
Kepler-1105,1,0.663108,0.64
Kepler-1105,1,0.656,0.668
Kepler-1105,1,0.584,NA
Kepler-1105,1,0.68,0.71
Kepler-1105,1,0.663108,0.64
Kepler-1105,1,0.663108,0.64
Kepler-1106,1,0.955,1.025
Kepler-1106,1,1.093,1.13
Kepler-1106,1,1.119,NA
Kepler-1106,1,1.03,1.11
Kepler-1106,1,1.705,1.165
Kepler-1106,1,0.955,1.025
Kepler-1106,1,0.955,1.025
Kepler-1106,1,1.17,1.11
Kepler-1106,1,1.093,1.13
Kepler-1107,1,0.865,0.879
Kepler-1107,1,0.82,0.86
Kepler-1107,1,0.76,0.751
Kepler-1107,1,0.865,0.879
Kepler-1107,1,0.779,NA
Kepler-1107,1,0.78142,0.87
Kepler-1107,1,0.886,0.82
Kepler-1107,1,0.865,0.879
Kepler-1107,1,0.776,0.867
Kepler-1108,1,0.81,0.913
Kepler-1108,1,0.806,0.883
Kepler-1108,1,0.852,NA
Kepler-1108,1,0.84,0.88
Kepler-1108,1,1.032,0.873
Kepler-1108,1,0.806,0.883
Kepler-1108,1,0.853701,0.93
Kepler-1108,1,0.806,0.883
Kepler-1108,1,0.853701,0.93
Kepler-1109,1,0.847,0.892
Kepler-1109,1,0.847,0.892
Kepler-1109,1,0.939,NA
Kepler-1109,1,2.652,1.41
Kepler-1109,1,0.847,0.892
Kepler-1109,1,0.88,0.962
Kepler-1109,1,1.05454,0.93
Kepler-1109,1,1.05454,0.93
Kepler-1109,1,1.05454,0.93
Kepler-1109,1,1.06,1.05
Kepler-111,2,1.2,1.1
Kepler-111,2,1.123,NA
Kepler-111,2,1.17674,1.09
Kepler-111,2,1.105,1.125
Kepler-111,2,1.16,1.171
Kepler-111,2,1.145,1.098
Kepler-111,2,1.145,1.098
Kepler-111,2,1.17674,1.09
Kepler-111,2,1.235,1.092
Kepler-111,2,1.17674,1.09
Kepler-111,2,1.145,1.098
Kepler-111,2,1.157,NA
Kepler-111,2,1.105,1.125
Kepler-111,2,1.145,1.098
Kepler-111,2,1.145,1.118
Kepler-111,2,1.17674,1.09
Kepler-111,2,1.2,1.1
Kepler-111,2,1.235,1.092
Kepler-111,2,1.17674,1.09
Kepler-111,2,1.145,1.098
Kepler-111,2,1.157,NA
Kepler-111,2,1.17674,1.09
Kepler-111,2,1.16,1.171
Kepler-111,2,1.145,1.098
Kepler-111,2,1.123,NA
Kepler-1110,1,0.70862,0.76
Kepler-1110,1,0.711,NA
Kepler-1110,1,0.618,0.607
Kepler-1110,1,0.70862,0.76
Kepler-1110,1,0.72,0.78
Kepler-1110,1,0.618,0.607
Kepler-1110,1,0.7,0.73
Kepler-1110,1,0.70862,0.76
Kepler-1110,1,0.618,0.607
Kepler-1110,1,0.618,0.607
Kepler-1111,1,1.048,1.142
Kepler-1111,1,0.894596,1.04
Kepler-1111,1,1.046,1.143
Kepler-1111,1,0.894596,1.04
Kepler-1111,1,0.894596,1.04
Kepler-1111,1,1.15,1.1
Kepler-1111,1,1.048,1.142
Kepler-1111,1,0.835,NA
Kepler-1111,1,0.96,1.058
Kepler-1111,1,1.048,1.142
Kepler-1112,1,1.29,1.33
Kepler-1112,1,1.45606,1.35
Kepler-1112,1,1.45606,1.35
Kepler-1112,1,1.29,1.33
Kepler-1112,1,1.29,1.33
Kepler-1112,1,1.216,1.235
Kepler-1112,1,1.2,1.25
Kepler-1112,1,1.54,1.34
Kepler-1112,1,1.45606,1.35
Kepler-1112,1,1.488,NA
Kepler-1113,1,1.17,1.12
Kepler-1113,1,0.978,0.932
Kepler-1113,1,0.978,0.932
Kepler-1113,1,1.01905,1.1
Kepler-1113,1,1.129,1.048
Kepler-1113,1,0.97,0.91
Kepler-1113,1,1.01905,1.1
Kepler-1113,1,1.126,NA
Kepler-1113,1,0.978,0.932
Kepler-1114,1,0.8,0.796
Kepler-1114,1,0.810557,0.94
Kepler-1114,1,1.5,0.907
Kepler-1114,1,0.919,0.798
Kepler-1114,1,0.919,0.798
Kepler-1114,1,0.83,0.87
Kepler-1114,1,0.810557,0.94
Kepler-1114,1,0.831,NA
Kepler-1114,1,0.810557,0.94
Kepler-1114,1,0.832,0.803
Kepler-1114,1,0.919,0.798
Kepler-1115,1,2.286,2.335
Kepler-1115,1,2.286,2.335
Kepler-1115,1,1.73,1.6
Kepler-1115,1,2.286,2.335
Kepler-1115,1,1.764,NA
Kepler-1115,1,2.286,2.335
Kepler-1115,1,2.2,2.22
Kepler-1115,1,2.286,2.335
Kepler-1115,1,1.80664,2.22
Kepler-1115,1,1.80664,2.22
Kepler-1115,1,1.80664,2.22
Kepler-1116,1,0.93,0.95
Kepler-1116,1,0.943816,0.95
Kepler-1116,1,0.872,0.969
Kepler-1116,1,0.943816,0.95
Kepler-1116,1,0.872,0.969
Kepler-1116,1,0.85,0.955
Kepler-1116,1,0.937,NA
Kepler-1116,1,0.872,0.969
Kepler-1116,1,0.943816,0.95
Kepler-1116,1,0.87,0.968
Kepler-1117,1,0.889247,0.93
Kepler-1117,1,0.827,0.902
Kepler-1117,1,0.81,0.911
Kepler-1117,1,0.889247,0.93
Kepler-1117,1,0.827,0.902
Kepler-1117,1,0.852,0.958
Kepler-1117,1,0.843,0.945
Kepler-1117,1,0.827,0.902
Kepler-1117,1,0.863,NA
Kepler-1117,1,0.93,0.95
Kepler-1118,1,0.913,0.801
Kepler-1118,1,0.913,0.801
Kepler-1118,1,1.06,NA
Kepler-1118,1,0.97,0.96
Kepler-1118,1,0.913,0.801
Kepler-1118,1,1.10046,0.92
Kepler-1118,1,1.10046,0.92
Kepler-1118,1,1.10046,0.92
Kepler-1118,1,0.913,0.801
Kepler-1118,1,1.54,0.909
Kepler-1119,1,1,1.024
Kepler-1119,1,1.63818,1.09
Kepler-1119,1,1.63818,1.09
Kepler-1119,1,1,1.024
Kepler-1119,1,1.17,1.11
Kepler-1119,1,1,1.03
Kepler-1119,1,1,1.024
Kepler-1119,1,1.63818,1.09
Kepler-1119,1,1,1.024
Kepler-112,2,0.841,NA
Kepler-112,2,0.957,0.766
Kepler-112,2,0.86,0.89
Kepler-112,2,0.812,0.776
Kepler-112,2,0.981539,0.976
Kepler-112,2,0.957,0.766
Kepler-112,2,0.981539,0.976
Kepler-112,2,0.957,0.766
Kepler-112,2,1.15,0.946
Kepler-112,2,0.906,0.782
Kepler-112,2,0.981539,0.976
Kepler-112,2,0.913,NA
Kepler-112,2,0.812,0.776
Kepler-112,2,0.86,0.89
Kepler-112,2,0.981539,0.976
Kepler-112,2,0.913,NA
Kepler-112,2,1.15,0.946
Kepler-112,2,0.981539,0.976
Kepler-112,2,0.957,0.766
Kepler-112,2,0.841,NA
Kepler-112,2,0.957,0.766
Kepler-112,2,0.906,0.782
Kepler-112,2,0.981539,0.976
Kepler-112,2,0.957,0.766
Kepler-1120,1,0.807,0.771
Kepler-1120,1,0.71,0.717
Kepler-1120,1,0.807,0.771
Kepler-1120,1,0.712,NA
Kepler-1120,1,0.684974,0.82
Kepler-1120,1,0.74,0.78
Kepler-1120,1,0.807,0.771
Kepler-1120,1,0.807,0.771
Kepler-1120,1,0.684974,0.82
Kepler-1121,1,1.59,1.29
Kepler-1121,1,1.47,NA
Kepler-1121,1,1.636,1.287
Kepler-1121,1,1.43,1.18
Kepler-1121,1,1.52934,1.16
Kepler-1121,1,1.52934,1.16
Kepler-1121,1,1.52934,1.16
Kepler-1121,1,1.442,1.185
Kepler-1121,1,1.454,1.271
Kepler-1121,1,1.442,1.185
Kepler-1121,1,1.442,1.185
Kepler-1122,1,0.857,0.951
Kepler-1122,1,0.857,0.951
Kepler-1122,1,0.82,0.93
Kepler-1122,1,1.08,0.928
Kepler-1122,1,1.223,NA
Kepler-1122,1,0.89,0.92
Kepler-1122,1,1.19095,0.96
Kepler-1122,1,1.19095,0.96
Kepler-1122,1,1.19095,0.96
Kepler-1122,1,0.857,0.951
Kepler-1123,1,0.849139,0.91
Kepler-1123,1,0.808,NA
Kepler-1123,1,0.849139,0.91
Kepler-1123,1,0.9,0.93
Kepler-1123,1,0.894,0.977
Kepler-1123,1,0.82,0.88
Kepler-1123,1,1.013,0.869
Kepler-1123,1,0.894,0.977
Kepler-1123,1,0.894,0.977
Kepler-1124,1,0.464,0.482
Kepler-1124,1,0.515,0.538
Kepler-1124,1,0.464,0.482
Kepler-1124,1,NA,NA
Kepler-1124,1,0.34,0.35
Kepler-1124,1,0.521234,0.518645
Kepler-1124,1,0.433,0.463
Kepler-1124,1,0.515,NA
Kepler-1124,1,0.464,0.482
Kepler-1124,1,0.521234,0.518645
Kepler-1125,1,0.94,0.95
Kepler-1125,1,1.99916,1.08
Kepler-1125,1,0.819,0.899
Kepler-1125,1,2.133,NA
Kepler-1125,1,0.819,0.899
Kepler-1125,1,0.819,0.899
Kepler-1125,1,1.247,1.042
Kepler-1125,1,0.87,0.98
Kepler-1125,1,1.99916,1.08
Kepler-1126,2,0.927431,1.01
Kepler-1126,2,0.99,1.084
Kepler-1126,2,0.93,0.92
Kepler-1126,2,0.927431,1.01
Kepler-1126,2,0.844,0.935
Kepler-1126,2,0.908,0.793
Kepler-1126,2,0.921,0.794
Kepler-1126,2,0.844,0.935
Kepler-1126,2,0.844,0.935
Kepler-1126,2,0.927431,1.01
Kepler-1126,2,0.922,NA
Kepler-1126,2,0.921,0.794
Kepler-1126,2,0.844,0.935
Kepler-1126,2,0.844,0.935
Kepler-1126,2,0.927431,1.01
Kepler-1126,2,0.908,0.793
Kepler-1126,2,0.844,0.935
Kepler-1126,2,0.927431,1.01
Kepler-1126,2,0.921,0.794
Kepler-1127,1,0.982,0.872
Kepler-1127,1,0.95,0.97
Kepler-1127,1,0.819,NA
Kepler-1127,1,0.762,0.833
Kepler-1127,1,0.762,0.833
Kepler-1127,1,0.762,0.833
Kepler-1127,1,0.872717,0.92
Kepler-1127,1,0.81,0.911
Kepler-1127,1,0.872717,0.92
Kepler-1128,1,0.854,NA
Kepler-1128,1,0.898,1.019
Kepler-1128,1,0.898,1.019
Kepler-1128,1,1.15074,0.78
Kepler-1128,1,0.8,0.9
Kepler-1128,1,0.91,0.94
Kepler-1128,1,1.15074,0.78
Kepler-1128,1,0.898,1.019
Kepler-1128,1,0.931,0.966
Kepler-1129,2,0.957,NA
Kepler-1129,2,1.08,1.1
Kepler-1129,2,1.03118,0.99
Kepler-1129,2,1.03118,0.99
Kepler-1129,2,1.025,0.975
Kepler-1129,2,1.03118,0.99
Kepler-1129,2,1.025,0.975
Kepler-1129,2,1.025,0.975
Kepler-1129,2,1.466,0.998
Kepler-1129,2,0.929,1.006
Kepler-1129,2,1,1
Kepler-1129,2,1.03118,0.99
Kepler-1129,2,1.466,0.998
Kepler-1129,2,1,1
Kepler-1129,2,1.03118,0.99
Kepler-1129,2,1.03118,0.99
Kepler-1129,2,1.025,0.975
Kepler-1129,2,0.957,NA
Kepler-1129,2,1.025,0.975
Kepler-1129,2,0.929,1.006
Kepler-1129,2,1.025,0.975
Kepler-113,2,0.693,0.768
Kepler-113,2,0.773456,0.754
Kepler-113,2,0.709,0.696
Kepler-113,2,0.73,0.79
Kepler-113,2,0.773456,0.754
Kepler-113,2,NA,0.792
Kepler-113,2,0.709,0.696
Kepler-113,2,0.709,0.696
Kepler-113,2,0.687,0.745
Kepler-113,2,0.749,NA
Kepler-113,2,0.773456,0.754
Kepler-113,2,0.745,0.792
Kepler-113,2,0.69,0.75
Kepler-113,2,0.69,0.75
Kepler-113,2,0.773456,0.754
Kepler-113,2,0.73,0.79
Kepler-113,2,NA,0.792
Kepler-113,2,0.745,0.792
Kepler-113,2,0.749,NA
Kepler-113,2,0.693,0.768
Kepler-113,2,0.773456,0.754
Kepler-113,2,0.687,0.745
Kepler-113,2,0.773456,0.754
Kepler-113,2,0.709,0.696
Kepler-113,2,0.709,0.696
Kepler-113,2,0.709,0.696
Kepler-1130,3,0.8707,0.919
Kepler-1130,3,0.8707,0.919
Kepler-1130,3,0.868,NA
Kepler-1130,3,0.93,0.823
Kepler-1130,3,NA,0.95
Kepler-1130,3,0.81,0.9
Kepler-1130,3,0.842,0.944
Kepler-1130,3,0.879,0.947
Kepler-1130,3,0.863,0.95
Kepler-1130,3,0.8707,0.919
Kepler-1130,3,0.879,0.947
Kepler-1130,3,0.879,0.947
Kepler-1130,3,0.863,0.95
Kepler-1130,3,0.879,0.947
Kepler-1130,3,0.8707,0.919
Kepler-1130,3,NA,0.95
Kepler-1130,3,0.879,0.947
Kepler-1130,3,0.842,0.944
Kepler-1130,3,0.842,0.944
Kepler-1130,3,0.879,0.947
Kepler-1130,3,0.93,0.823
Kepler-1130,3,0.863,0.95
Kepler-1130,3,0.842,0.944
Kepler-1130,3,NA,0.95
Kepler-1130,3,0.879,0.947
Kepler-1130,3,0.93,0.823
Kepler-1130,3,0.879,0.947
Kepler-1130,3,0.879,0.947
Kepler-1130,3,0.842,0.944
Kepler-1130,3,0.8707,0.919
Kepler-1131,1,0.937,1.026
Kepler-1131,1,0.92,1.021
Kepler-1131,1,0.962681,1.04
Kepler-1131,1,0.956,1.035
Kepler-1131,1,0.979,NA
Kepler-1131,1,0.937,1.026
Kepler-1131,1,1.04,1.03
Kepler-1131,1,0.937,1.026
Kepler-1131,1,0.962681,1.04
Kepler-1132,1,0.807,NA
Kepler-1132,1,0.803719,0.88
Kepler-1132,1,0.83,0.87
Kepler-1132,1,0.719,0.798
Kepler-1132,1,0.803719,0.88
Kepler-1132,1,0.76,0.859
Kepler-1132,1,0.719,0.798
Kepler-1132,1,0.855,0.805
Kepler-1132,1,0.803719,0.88
Kepler-1132,1,0.719,0.798
Kepler-1133,1,0.9,0.93
Kepler-1133,1,0.908082,0.93
Kepler-1133,1,0.908082,0.93
Kepler-1133,1,0.83,0.931
Kepler-1133,1,0.808,0.88
Kepler-1133,1,0.808,0.88
Kepler-1133,1,0.808,0.88
Kepler-1133,1,0.908082,0.93
Kepler-1133,1,0.85,0.945
Kepler-1133,1,0.832,NA
Kepler-1134,1,0.798,0.872
Kepler-1134,1,0.81,0.96
Kepler-1134,1,0.768625,0.89
Kepler-1134,1,0.768625,0.89
Kepler-1134,1,0.768625,0.89
Kepler-1134,1,0.794,0.876
Kepler-1134,1,0.798,0.872
Kepler-1134,1,0.754,NA
Kepler-1134,1,0.81,0.84
Kepler-1134,1,0.798,0.872
Kepler-1135,1,1.041,0.912
Kepler-1135,1,0.94,0.96
Kepler-1135,1,1.08,0.964
Kepler-1135,1,1.685,NA
Kepler-1135,1,1.041,0.912
Kepler-1135,1,1.78259,0.98
Kepler-1135,1,1.78259,0.98
Kepler-1135,1,1.041,0.912
Kepler-1135,1,1.78259,0.98
Kepler-1135,1,1.041,0.912
Kepler-1136,1,0.651,0.637
Kepler-1136,1,0.598,0.627
Kepler-1136,1,0.631512,0.7
Kepler-1136,1,0.631512,0.7
Kepler-1136,1,0.68,0.72
Kepler-1136,1,0.651,0.637
Kepler-1136,1,0.651,0.637
Kepler-1136,1,0.651,0.637
Kepler-1136,1,0.61,NA
Kepler-1137,1,1.85,1.51
Kepler-1137,1,1.785,1.466
Kepler-1137,1,1.785,1.466
Kepler-1137,1,1.76354,1.43
Kepler-1137,1,1.76354,1.43
Kepler-1137,1,1.76354,1.43
Kepler-1137,1,1.84,1.5
Kepler-1137,1,1.785,1.466
Kepler-1137,1,1.735,NA
Kepler-1137,1,1.972,1.521
Kepler-1138,1,0.889,0.809
Kepler-1138,1,0.96,0.934
Kepler-1138,1,0.889,0.809
Kepler-1138,1,0.750918,0.96
Kepler-1138,1,0.843,0.945
Kepler-1138,1,0.750918,0.96
Kepler-1138,1,0.734,NA
Kepler-1138,1,0.889,0.809
Kepler-1138,1,0.92,0.95
Kepler-1139,1,0.78,0.875
Kepler-1139,1,0.799,0.928
Kepler-1139,1,0.78,0.875
Kepler-1139,1,0.887,0.907
Kepler-1139,1,0.78,0.875
Kepler-1139,1,0.91,0.94
Kepler-1139,1,0.809,NA
Kepler-1139,1,0.875173,0.88
Kepler-1139,1,0.73,0.833
Kepler-1139,1,0.875173,0.88
Kepler-114,3,0.715,NA
Kepler-114,3,0.654,0.709
Kepler-114,3,0.696274,0.742
Kepler-114,3,0.54,0.56
Kepler-114,3,0.696274,0.742
Kepler-114,3,0.71,0.77
Kepler-114,3,0.54,0.56
Kepler-114,3,0.667,NA
Kepler-114,3,0.54,0.56
Kepler-114,3,0.696274,0.742
Kepler-114,3,0.696274,0.742
Kepler-114,3,0.715,0.56
Kepler-114,3,0.715,0.56
Kepler-114,3,0.54,0.56
Kepler-114,3,0.54,0.56
Kepler-114,3,0.54,0.56
Kepler-114,3,0.696274,0.742
Kepler-114,3,0.696274,0.742
Kepler-114,3,0.715,NA
Kepler-114,3,0.54,0.56
Kepler-114,3,0.715,0.56
Kepler-114,3,0.54,0.56
Kepler-114,3,0.54,0.56
Kepler-114,3,0.54,0.56
Kepler-114,3,0.696274,0.742
Kepler-114,3,0.54,0.56
Kepler-114,3,0.715,0.56
Kepler-114,3,0.54,0.56
Kepler-114,3,0.696274,0.742
Kepler-114,3,0.71,0.77
Kepler-114,3,0.654,0.709
Kepler-114,3,0.54,0.56
Kepler-114,3,0.54,0.56
Kepler-114,3,0.71,0.77
Kepler-114,3,0.696274,0.742
Kepler-114,3,0.696274,0.742
Kepler-114,3,0.654,0.709
Kepler-114,3,0.715,0.56
Kepler-114,3,0.54,0.56
Kepler-114,3,0.715,NA
Kepler-114,3,0.715,0.56
Kepler-114,3,0.54,0.56
Kepler-114,3,0.54,0.56
Kepler-114,3,0.54,0.56
Kepler-114,3,0.696274,0.742
Kepler-114,3,0.696274,0.742
Kepler-114,3,0.54,0.56
Kepler-114,3,0.54,0.56
Kepler-1140,1,0.73,0.76
Kepler-1140,1,0.768,0.741
Kepler-1140,1,0.752844,0.78
Kepler-1140,1,0.752844,0.78
Kepler-1140,1,0.89,0.87
Kepler-1140,1,0.72,NA
Kepler-1140,1,0.768,0.741
Kepler-1140,1,0.768,0.741
Kepler-1140,1,0.768,0.741
Kepler-1140,1,0.752844,0.78
Kepler-1141,1,1.115,0.969
Kepler-1141,1,1.07,1.01
Kepler-1141,1,1.132,0.995
Kepler-1141,1,1.1411,1.07
Kepler-1141,1,1.137,1.036
Kepler-1141,1,1.115,0.969
Kepler-1141,1,1.144,NA
Kepler-1141,1,0.909,0.898
Kepler-1141,1,1.115,0.969
Kepler-1141,1,1.1411,1.07
Kepler-1142,1,1.839,0.962
Kepler-1142,1,1.80985,0.97
Kepler-1142,1,0.86,0.96
Kepler-1142,1,1.782,NA
Kepler-1142,1,0.96,0.97
Kepler-1142,1,1.80985,0.97
Kepler-1142,1,1.80985,0.97
Kepler-1142,1,0.8,0.822
Kepler-1142,1,0.8,0.822
Kepler-1142,1,0.8,0.822
Kepler-1143,2,0.77,0.81
Kepler-1143,2,0.679,NA
Kepler-1143,2,0.682,0.665
Kepler-1143,2,0.696667,0.78
Kepler-1143,2,0.682,0.665
Kepler-1143,2,0.696667,0.78
Kepler-1143,2,0.759,0.817
Kepler-1143,2,0.711,0.72
Kepler-1143,2,0.682,0.665
Kepler-1143,2,0.696667,0.78
Kepler-1143,2,0.682,0.665
Kepler-1143,2,0.679,NA
Kepler-1143,2,0.682,0.665
Kepler-1143,2,0.77,0.81
Kepler-1143,2,0.696667,0.78
Kepler-1143,2,0.759,0.817
Kepler-1144,1,0.855,0.914
Kepler-1144,1,0.96,0.98
Kepler-1144,1,1.09569,1.01
Kepler-1144,1,0.855,0.914
Kepler-1144,1,1.099,NA
Kepler-1144,1,0.855,0.914
Kepler-1144,1,0.91,1.05
Kepler-1144,1,1.09569,1.01
Kepler-1144,1,1.09569,1.01
Kepler-1144,1,1.412,0.974
Kepler-1145,1,0.8,0.77
Kepler-1145,1,0.778,0.732
Kepler-1145,1,0.747497,0.83
Kepler-1145,1,0.747497,0.83
Kepler-1145,1,0.778,0.732
Kepler-1145,1,0.75,0.79
Kepler-1145,1,0.778,0.732
Kepler-1145,1,0.778,0.732
Kepler-1146,1,0.7,0.74
Kepler-1146,1,0.646,0.679
Kepler-1146,1,0.741768,0.73
Kepler-1146,1,0.757,0.82
Kepler-1146,1,0.708,NA
Kepler-1146,1,0.741768,0.73
Kepler-1146,1,0.757,0.82
Kepler-1146,1,0.748,0.836
Kepler-1146,1,0.757,0.82
Kepler-1147,1,1.246,NA
Kepler-1147,1,1.014,1.041
Kepler-1147,1,1.02,1.035
Kepler-1147,1,1.14,1.09
Kepler-1147,1,1.014,1.041
Kepler-1147,1,1.014,1.041
Kepler-1147,1,1.35162,1.01
Kepler-1147,1,1.014,1.041
Kepler-1147,1,1.35162,1.01
Kepler-1147,1,1.35162,1.01
Kepler-1148,1,0.741351,0.81
Kepler-1148,1,0.717,NA
Kepler-1148,1,0.726,0.729
Kepler-1148,1,0.753,0.723
Kepler-1148,1,0.753,0.723
Kepler-1148,1,0.753,0.723
Kepler-1148,1,0.741351,0.81
Kepler-1148,1,0.77,0.81
Kepler-1148,1,0.753,0.723
Kepler-1149,1,1.28305,0.99
Kepler-1149,1,1.238,NA
Kepler-1149,1,0.876,0.97
Kepler-1149,1,0.88,0.981
Kepler-1149,1,0.95,1.014
Kepler-1149,1,1.28305,0.99
Kepler-1149,1,0.876,0.97
Kepler-1149,1,1.01,1.02
Kepler-1149,1,0.876,0.97
Kepler-115,2,1.205,NA
Kepler-115,2,1.075,0.999
Kepler-115,2,1.19,1.04
Kepler-115,2,1.171,1.032
Kepler-115,2,1.15,1.07
Kepler-115,2,1.17013,1.13
Kepler-115,2,1.147,NA
Kepler-115,2,1.17013,1.13
Kepler-115,2,1.13,1.042
Kepler-115,2,1.075,0.999
Kepler-115,2,1.075,0.999
Kepler-115,2,1.15,1.07
Kepler-115,2,1.075,0.999
Kepler-115,2,1.205,NA
Kepler-115,2,1.13,1.042
Kepler-115,2,1.171,1.032
Kepler-115,2,1.147,NA
Kepler-115,2,1.075,0.999
Kepler-115,2,1.17013,1.13
Kepler-115,2,1.075,0.999
Kepler-115,2,1.19,1.04
Kepler-115,2,1.17013,1.13
Kepler-115,2,1.17013,1.13
Kepler-1150,1,1.727,0.952
Kepler-1150,1,1.727,0.952
Kepler-1150,1,0.68,NA
Kepler-1150,1,0.649,0.672
Kepler-1150,1,0.730283,0.729
Kepler-1150,1,1.727,0.952
Kepler-1150,1,0.730283,0.729
Kepler-1150,1,0.72,0.76
Kepler-1150,1,1.727,0.952
Kepler-1151,1,0.784985,0.93
Kepler-1151,1,0.96,0.841
Kepler-1151,1,0.784985,0.93
Kepler-1151,1,0.85,0.88
Kepler-1151,1,0.784985,0.93
Kepler-1151,1,1.246,1.008
Kepler-1151,1,0.96,0.841
Kepler-1151,1,0.76,NA
Kepler-1151,1,1.01,0.943
Kepler-1151,1,0.96,0.841
Kepler-1152,1,0.537,0.559
Kepler-1152,1,0.606,NA
Kepler-1152,1,0.608109,0.594655
Kepler-1152,1,0.537,0.559
Kepler-1152,1,0.53,0.55
Kepler-1152,1,0.513,0.543
Kepler-1152,1,0.527,0.552
Kepler-1152,1,NA,NA
Kepler-1152,1,0.608109,0.594655
Kepler-1152,1,0.537,0.559
Kepler-1153,1,0.81,0.91
Kepler-1153,1,0.88,0.91
Kepler-1153,1,0.834,0.917
Kepler-1153,1,0.834,0.917
Kepler-1153,1,0.834825,0.93
Kepler-1153,1,0.821,NA
Kepler-1153,1,0.834,0.917
Kepler-1153,1,0.829,0.928
Kepler-1154,2,1.414,NA
Kepler-1154,2,1.37338,1.28
Kepler-1154,2,1.022,1.09
Kepler-1154,2,1.37338,1.28
Kepler-1154,2,1.022,1.09
Kepler-1154,2,1.471,1.25
Kepler-1154,2,1.022,1.09
Kepler-1154,2,1.43,1.26
Kepler-1154,2,0.99,1.082
Kepler-1154,2,1.43,1.26
Kepler-1154,2,1.414,NA
Kepler-1154,2,1.022,1.09
Kepler-1154,2,1.37338,1.28
Kepler-1154,2,1.022,1.09
Kepler-1154,2,1.37338,1.28
Kepler-1154,2,1.471,1.25
Kepler-1154,2,1.022,1.09
Kepler-1155,1,1.094,0.96
Kepler-1155,1,1.094,0.96
Kepler-1155,1,1.12,0.97
Kepler-1155,1,1.094,0.96
Kepler-1155,1,1.094,0.96
Kepler-1155,1,NA,NA
Kepler-1155,1,1.03,1.03
Kepler-1155,1,NA,NA
Kepler-1155,1,NA,NA
Kepler-1156,1,0.941,NA
Kepler-1156,1,0.945,1.012
Kepler-1156,1,0.908548,1.05
Kepler-1156,1,0.95,1.056
Kepler-1156,1,0.945,1.012
Kepler-1156,1,0.908548,1.05
Kepler-1156,1,1,1
Kepler-1156,1,0.945,1.012
Kepler-1156,1,0.927,0.86
Kepler-1156,1,0.992,0.923
Kepler-1157,1,0.725,NA
Kepler-1157,1,0.74505,0.714
Kepler-1157,1,0.71,0.76
Kepler-1157,1,0.61,0.638
Kepler-1157,1,0.612,0.601
Kepler-1157,1,0.612,0.601
Kepler-1157,1,0.612,0.601
Kepler-1157,1,0.612,0.601
Kepler-1157,1,0.74505,0.714
Kepler-1158,1,2.233,1.468
Kepler-1158,1,2.34311,1.15
Kepler-1158,1,2.34311,1.15
Kepler-1158,1,1.337,1.176
Kepler-1158,1,1.95,1.41
Kepler-1158,1,2.306,NA
Kepler-1158,1,1.31,1.16
Kepler-1158,1,1.337,1.176
Kepler-1158,1,1.337,1.176
Kepler-1158,1,2.34311,1.15
Kepler-1158,1,1.997,1.406
Kepler-1159,1,0.992,1.063
Kepler-1159,1,1.39378,1.04
Kepler-1159,1,0.992,1.063
Kepler-1159,1,0.992,1.063
Kepler-1159,1,1.39378,1.04
Kepler-1159,1,1.262,NA
Kepler-1159,1,0.992,1.063
Kepler-1159,1,1,1.09
Kepler-1159,1,1.28,1.19
Kepler-116,2,1.409,NA
Kepler-116,2,1.38,1.198
Kepler-116,2,1.173,1.195
Kepler-116,2,1.43,1.21
Kepler-116,2,1.37032,1.23
Kepler-116,2,1.173,1.195
Kepler-116,2,1.15,1.206
Kepler-116,2,1.37032,1.23
Kepler-116,2,1.173,1.195
Kepler-116,2,1.454,NA
Kepler-116,2,1.439,1.123
Kepler-116,2,1.37032,1.23
Kepler-116,2,1.409,NA
Kepler-116,2,1.454,NA
Kepler-116,2,1.173,1.195
Kepler-116,2,1.15,1.206
Kepler-116,2,1.173,1.195
Kepler-116,2,1.37032,1.23
Kepler-116,2,1.37032,1.23
Kepler-116,2,1.439,1.123
Kepler-116,2,1.37032,1.23
Kepler-116,2,1.43,1.21
Kepler-116,2,1.173,1.195
Kepler-116,2,1.38,1.198
Kepler-1160,1,0.761346,0.95
Kepler-1160,1,0.729,NA
Kepler-1160,1,0.822,0.902
Kepler-1160,1,0.822,0.902
Kepler-1160,1,0.89,0.92
Kepler-1160,1,0.761346,0.95
Kepler-1160,1,0.822,0.902
Kepler-1160,1,0.87,0.974
Kepler-1160,1,0.818,0.907
Kepler-1161,1,0.519,0.53
Kepler-1161,1,0.8,0.68
Kepler-1161,1,0.769,NA
Kepler-1161,1,0.519,0.53
Kepler-1161,1,0.771349,0.71
Kepler-1161,1,0.544,0.561
Kepler-1161,1,0.57,0.59
Kepler-1161,1,0.771349,0.71
Kepler-1161,1,0.519,0.53
Kepler-1161,1,0.771349,0.71
Kepler-1162,2,0.834,0.917
Kepler-1162,2,0.825853,0.9
Kepler-1162,2,0.825853,0.9
Kepler-1162,2,0.825853,0.9
Kepler-1162,2,0.8,0.91
Kepler-1162,2,0.813,NA
Kepler-1162,2,0.834,0.917
Kepler-1162,2,0.859,0.861
Kepler-1162,2,0.84,0.89
Kepler-1162,2,0.834,0.917
Kepler-1162,2,0.825853,0.9
Kepler-1162,2,0.834,0.917
Kepler-1162,2,0.834,0.917
Kepler-1162,2,0.859,0.861
Kepler-1162,2,0.825853,0.9
Kepler-1162,2,0.859,0.861
Kepler-1162,2,0.834,0.917
Kepler-1163,1,1.34049,1.219
Kepler-1163,1,1.35,1.22
Kepler-1163,1,1.326,1.154
Kepler-1163,1,1.112,1.111
Kepler-1163,1,1.112,1.111
Kepler-1163,1,1.112,1.111
Kepler-1163,1,1.333,1.143
Kepler-1163,1,1.34049,1.219
Kepler-1163,1,1.342,NA
Kepler-1163,1,1.12,1.184
Kepler-1164,1,0.832,0.799
Kepler-1164,1,0.766,NA
Kepler-1164,1,0.755,0.839
Kepler-1164,1,0.832,0.799
Kepler-1164,1,0.778965,0.883
Kepler-1164,1,0.778965,0.883
Kepler-1164,1,0.79,0.85
Kepler-1164,1,0.778,0.803
Kepler-1164,1,0.832,0.799
Kepler-1164,1,0.79,0.766
Kepler-1165,2,1.18,1.13
Kepler-1165,2,1.083,1.092
Kepler-1165,2,1.681,NA
Kepler-1165,2,1.73525,1.11
Kepler-1165,2,1.083,1.092
Kepler-1165,2,1.73525,1.11
Kepler-1165,2,1.076,1.13
Kepler-1165,2,1.73525,1.11
Kepler-1165,2,1.083,1.092
Kepler-1165,2,1.076,1.13
Kepler-1165,2,1.73525,1.11
Kepler-1165,2,1.083,1.092
Kepler-1165,2,1.73525,1.11
Kepler-1165,2,1.083,1.092
Kepler-1165,2,1.03,1.111
Kepler-1165,2,1.083,1.092
Kepler-1165,2,1.076,1.13
Kepler-1166,1,1.015,0.904
Kepler-1166,1,0.853322,0.94
Kepler-1166,1,0.827,0.928
Kepler-1166,1,0.855,NA
Kepler-1166,1,1,0.85
Kepler-1166,1,0.86,0.9
Kepler-1166,1,1.015,0.904
Kepler-1166,1,0.853322,0.94
Kepler-1166,1,0.853322,0.94
Kepler-1166,1,1.015,0.904
Kepler-1167,1,0.778285,0.78
Kepler-1167,1,0.741,0.715
Kepler-1167,1,0.87,0.86
Kepler-1167,1,0.741,0.715
Kepler-1167,1,0.75,0.79
Kepler-1167,1,0.741,0.715
Kepler-1167,1,0.768,NA
Kepler-1167,1,0.778285,0.78
Kepler-1167,1,0.741,0.715
Kepler-1168,1,0.743111,0.81
Kepler-1168,1,0.737,0.812
Kepler-1168,1,0.736,0.817
Kepler-1168,1,0.743111,0.81
Kepler-1168,1,0.82,0.87
Kepler-1168,1,0.737,0.812
Kepler-1168,1,0.743111,0.81
Kepler-1168,1,0.675,NA
Kepler-1168,1,0.71,0.811
Kepler-1168,1,0.737,0.812
Kepler-1169,1,1.23,1.24
Kepler-1169,1,1.239,1.126
Kepler-1169,1,1.239,1.126
Kepler-1169,1,1.239,1.126
Kepler-1169,1,1.195,1.27
Kepler-1169,1,1.21,1.08
Kepler-1169,1,1.26831,1.09
Kepler-1169,1,1.215,NA
Kepler-1169,1,1.26831,1.09
Kepler-1169,1,1.201,1.188
Kepler-117,2,1.406,1.102
Kepler-117,2,1.66271,1.15
Kepler-117,2,1.66271,1.15
Kepler-117,2,1.183,1.205
Kepler-117,2,1.619,NA
Kepler-117,2,1.568,1.18
Kepler-117,2,1.66271,1.15
Kepler-117,2,1.471,NA
Kepler-117,2,1.555,1.18
Kepler-117,2,1.606,1.129
Kepler-117,2,1.135,1.179
Kepler-117,2,1.183,1.205
Kepler-117,2,1.66271,1.15
Kepler-117,2,1.183,1.205
Kepler-117,2,1.28,1.15
Kepler-117,2,1.406,1.102
Kepler-117,2,1.471,NA
Kepler-117,2,1.135,1.179
Kepler-117,2,1.66271,1.15
Kepler-117,2,1.66271,1.15
Kepler-117,2,1.183,1.205
Kepler-117,2,1.28,1.15
Kepler-117,2,1.619,NA
Kepler-117,2,1.555,1.18
Kepler-117,2,1.183,1.205
Kepler-117,2,1.66271,1.15
Kepler-117,2,1.568,1.18
Kepler-117,2,1.606,1.129
Kepler-117,2,1.183,1.205
Kepler-1170,1,0.74,0.91
Kepler-1170,1,0.813,0.913
Kepler-1170,1,0.813,0.913
Kepler-1170,1,0.901193,0.83
Kepler-1170,1,0.901193,0.83
Kepler-1170,1,0.813,0.913
Kepler-1170,1,0.76,0.8
Kepler-1170,1,0.901193,0.83
Kepler-1170,1,0.81,0.91
Kepler-1170,1,0.885,NA
Kepler-1171,1,2.23,1.65
Kepler-1171,1,1.84217,1.54
Kepler-1171,1,2.043,1.462
Kepler-1171,1,2.043,1.462
Kepler-1171,1,2.043,1.462
Kepler-1171,1,1.84217,1.54
Kepler-1171,1,1.84217,1.54
Kepler-1171,1,1.95,1.58
Kepler-1171,1,1.831,NA
Kepler-1171,1,2.043,1.462
Kepler-1172,1,0.89,0.92
Kepler-1172,1,0.91,NA
Kepler-1172,1,0.839354,1.03
Kepler-1172,1,0.64,0.98
Kepler-1172,1,0.899,0.996
Kepler-1172,1,0.839354,1.03
Kepler-1172,1,0.839354,1.03
Kepler-1172,1,0.899,0.996
Kepler-1172,1,1.244,0.931
Kepler-1172,1,0.899,0.996
Kepler-1173,1,0.818,0.879
Kepler-1173,1,0.780967,0.852
Kepler-1173,1,0.82,0.86
Kepler-1173,1,0.777,NA
Kepler-1173,1,0.75,0.753
Kepler-1173,1,0.822,0.874
Kepler-1173,1,0.780967,0.852
Kepler-1173,1,0.818,0.879
Kepler-1173,1,0.771,0.853
Kepler-1173,1,0.818,0.879
Kepler-1174,1,0.96,1.054
Kepler-1174,1,0.927,1.011
Kepler-1174,1,1.04,1.04
Kepler-1174,1,0.927,1.011
Kepler-1174,1,1.797,NA
Kepler-1174,1,1.79011,1.08
Kepler-1174,1,1.79011,1.08
Kepler-1174,1,0.927,1.011
Kepler-1174,1,1.463,1.097
Kepler-1175,1,0.867,0.959
Kepler-1175,1,0.89,0.997
Kepler-1175,1,0.761,NA
Kepler-1175,1,0.867,0.959
Kepler-1175,1,0.865,0.957
Kepler-1175,1,0.867,0.959
Kepler-1175,1,0.752149,0.96
Kepler-1175,1,0.86,0.9
Kepler-1175,1,0.752149,0.96
Kepler-1175,1,0.752149,0.96
Kepler-1176,1,0.906,NA
Kepler-1176,1,0.796,0.862
Kepler-1176,1,0.930835,0.99
Kepler-1176,1,0.8,0.908
Kepler-1176,1,0.796,0.862
Kepler-1176,1,0.968,0.913
Kepler-1176,1,0.796,0.862
Kepler-1176,1,0.930835,0.99
Kepler-1176,1,1.02,1.01
Kepler-1177,1,1.55129,1
Kepler-1177,1,1.55129,1
Kepler-1177,1,0.972,0.938
Kepler-1177,1,0.97,0.98
Kepler-1177,1,0.999,0.995
Kepler-1177,1,1,0.99
Kepler-1177,1,1.55129,1
Kepler-1177,1,1.536,NA
Kepler-1177,1,0.999,0.995
Kepler-1177,1,0.999,0.995
Kepler-1178,1,0.93646,0.85
Kepler-1178,1,0.525,0.534
Kepler-1178,1,0.525,0.534
Kepler-1178,1,0.75,0.8
Kepler-1178,1,1.145,NA
Kepler-1178,1,0.525,0.534
Kepler-1178,1,0.93646,0.85
Kepler-1178,1,0.525,0.534
Kepler-1179,1,0.737,0.791
Kepler-1179,1,0.81,0.84
Kepler-1179,1,0.736813,0.89
Kepler-1179,1,0.83,0.78
Kepler-1179,1,0.829,0.765
Kepler-1179,1,0.829,0.765
Kepler-1179,1,0.736813,0.89
Kepler-1179,1,0.744,NA
Kepler-1179,1,0.829,0.765
Kepler-1179,1,0.829,0.765
Kepler-118,2,0.79,0.77
Kepler-118,2,0.826603,0.86
Kepler-118,2,0.978,0.86
Kepler-118,2,0.81,0.85
Kepler-118,2,1.094,NA
Kepler-118,2,0.864,0.811
Kepler-118,2,0.978,0.86
Kepler-118,2,0.826603,0.86
Kepler-118,2,0.978,0.86
Kepler-118,2,0.817,NA
Kepler-118,2,0.826603,0.86
Kepler-118,2,0.864,0.811
Kepler-118,2,0.79,0.77
Kepler-118,2,0.826603,0.86
Kepler-118,2,0.978,0.86
Kepler-118,2,0.978,0.86
Kepler-118,2,0.81,0.85
Kepler-118,2,0.978,0.86
Kepler-118,2,1.094,NA
Kepler-118,2,0.817,NA
Kepler-118,2,0.826603,0.86
Kepler-1180,1,1.4184,1.17
Kepler-1180,1,0.973,0.906
Kepler-1180,1,0.973,0.906
Kepler-1180,1,1.14,1.09
Kepler-1180,1,1.4184,1.17
Kepler-1180,1,1.07,1.12
Kepler-1180,1,0.973,0.906
Kepler-1180,1,1.4184,1.17
Kepler-1180,1,1.433,NA
Kepler-1180,1,0.973,0.906
Kepler-1181,2,1.36041,1.33
Kepler-1181,2,1.3,1.17
Kepler-1181,2,1.319,1.334
Kepler-1181,2,1.248,1.235
Kepler-1181,2,1.36041,1.33
Kepler-1181,2,1.319,1.334
Kepler-1181,2,1.36041,1.33
Kepler-1181,2,1.335,NA
Kepler-1181,2,1.319,1.334
Kepler-1181,2,1.347,1.336
Kepler-1181,2,1.36041,1.33
Kepler-1181,2,1.347,1.336
Kepler-1181,2,1.319,1.334
Kepler-1181,2,1.347,1.336
Kepler-1181,2,1.319,1.334
Kepler-1181,2,1.319,1.334
Kepler-1182,1,0.914,1.006
Kepler-1182,1,0.914,1.006
Kepler-1182,1,0.914,1.006
Kepler-1182,1,1.30861,1.06
Kepler-1182,1,0.914,1.006
Kepler-1182,1,0.9,1.006
Kepler-1182,1,1.05,1.04
Kepler-1182,1,1.30861,1.06
Kepler-1182,1,1.313,NA
Kepler-1183,1,1.443,NA
Kepler-1183,1,0.87,0.944
Kepler-1183,1,0.87,0.927
Kepler-1183,1,1.47981,0.96
Kepler-1183,1,1.47981,0.96
Kepler-1183,1,0.99,1
Kepler-1183,1,1.47981,0.96
Kepler-1183,1,0.87,0.944
Kepler-1183,1,0.87,0.944
Kepler-1183,1,0.87,0.944
Kepler-1184,1,1.032,1.084
Kepler-1184,1,1.016,NA
Kepler-1184,1,1.032,1.084
Kepler-1184,1,1.07,1.05
Kepler-1184,1,1.032,1.084
Kepler-1184,1,1.02417,1.08
Kepler-1184,1,1.032,1.084
Kepler-1184,1,1.02417,1.08
Kepler-1184,1,1.02417,1.08
Kepler-1184,1,1.08,1.144
Kepler-1185,1,1.33892,1.06
Kepler-1185,1,0.87,0.971
Kepler-1185,1,0.87,0.96
Kepler-1185,1,0.943,1.061
Kepler-1185,1,0.943,1.061
Kepler-1185,1,1.33892,1.06
Kepler-1185,1,1.367,NA
Kepler-1186,1,0.93,0.95
Kepler-1186,1,0.971,1.083
Kepler-1186,1,1.19988,0.96
Kepler-1186,1,1.107,NA
Kepler-1186,1,0.971,1.083
Kepler-1186,1,1.19988,0.96
Kepler-1186,1,0.91,1.012
Kepler-1186,1,0.971,1.083
Kepler-1186,1,0.971,1.083
Kepler-1187,1,0.949,1.028
Kepler-1187,1,0.949,1.028
Kepler-1187,1,1.12597,1.07
Kepler-1187,1,1.12597,1.07
Kepler-1187,1,0.98,1.071
Kepler-1187,1,1.09,1.06
Kepler-1187,1,0.949,1.028
Kepler-1187,1,1.072,NA
Kepler-1187,1,1.12597,1.07
Kepler-1187,1,0.949,1.028
Kepler-1188,1,1.50904,1.07
Kepler-1188,1,1.50904,1.07
Kepler-1188,1,1.09,1.098
Kepler-1188,1,1.09,1.098
Kepler-1188,1,1.50904,1.07
Kepler-1188,1,1.06,1.04
Kepler-1188,1,1.498,NA
Kepler-1188,1,1.05,1.09
Kepler-1188,1,1.077,1.114
Kepler-1188,1,1.09,1.098
Kepler-1189,1,1.12476,0.98
Kepler-1189,1,1.16,1.11
Kepler-1189,1,1.171,1.094
Kepler-1189,1,1.12476,0.98
Kepler-1189,1,1.04,0.943
Kepler-1189,1,1.171,1.094
Kepler-1189,1,1.171,1.094
Kepler-1189,1,1.1,0.94
Kepler-1189,1,1.07,NA
Kepler-119,2,0.81,0.918
Kepler-119,2,0.832,0.914
Kepler-119,2,0.832,0.914
Kepler-119,2,0.83,0.928
Kepler-119,2,1.02364,0.99
Kepler-119,2,1.02364,0.99
Kepler-119,2,1.03,1.01
Kepler-119,2,0.832,0.914
Kepler-119,2,1.001,NA
Kepler-119,2,1.02364,0.99
Kepler-119,2,0.839,NA
Kepler-119,2,0.81,0.918
Kepler-119,2,0.832,0.914
Kepler-119,2,0.83,0.928
Kepler-119,2,0.832,0.914
Kepler-119,2,1.03,1.01
Kepler-119,2,1.001,NA
Kepler-119,2,0.839,NA
Kepler-119,2,1.02364,0.99
Kepler-119,2,0.832,0.914
Kepler-1190,1,0.691,0.68
Kepler-1190,1,0.649,NA
Kepler-1190,1,0.72,0.76
Kepler-1190,1,0.691,0.68
Kepler-1190,1,0.691,0.68
Kepler-1190,1,0.705447,0.711
Kepler-1190,1,0.645,0.67
Kepler-1190,1,0.705447,0.711
Kepler-1190,1,0.705447,0.711
Kepler-1190,1,0.747,0.734
Kepler-1191,1,0.815,0.907
Kepler-1191,1,0.815,0.907
Kepler-1191,1,0.901915,0.92
Kepler-1191,1,0.81,0.85
Kepler-1191,1,0.91,NA
Kepler-1191,1,0.901915,0.92
Kepler-1191,1,0.78,0.88
Kepler-1191,1,0.978,0.858
Kepler-1191,1,0.815,0.907
Kepler-1192,1,0.921,1.016
Kepler-1192,1,0.87,0.98
Kepler-1192,1,0.946325,0.97
Kepler-1192,1,0.83,0.86
Kepler-1192,1,0.946325,0.97
Kepler-1192,1,0.946325,0.97
Kepler-1192,1,0.921,1.016
Kepler-1192,1,0.921,1.016
Kepler-1192,1,0.978,NA
Kepler-1192,1,0.921,1.016
Kepler-1193,1,1.04,1.029
Kepler-1193,1,1.409,NA
Kepler-1193,1,1.381,1.066
Kepler-1193,1,1.272,1.088
Kepler-1193,1,1.45463,1.06
Kepler-1193,1,1.45463,1.06
Kepler-1193,1,1.047,1.034
Kepler-1193,1,1.047,1.034
Kepler-1193,1,1.21,1.08
Kepler-1193,1,1.047,1.034
Kepler-1194,1,1.115,0.895
Kepler-1194,1,1.115,0.895
Kepler-1194,1,0.925,0.9
Kepler-1194,1,NA,NA
Kepler-1194,1,1.15,0.96
Kepler-1194,1,0.92,0.94
Kepler-1194,1,1.115,0.895
Kepler-1194,1,NA,NA
Kepler-1194,1,NA,NA
Kepler-1195,1,0.75,0.77
Kepler-1195,1,0.709,0.707
Kepler-1195,1,0.831,NA
Kepler-1195,1,0.709,0.707
Kepler-1195,1,0.783858,0.84
Kepler-1195,1,0.71,0.74
Kepler-1195,1,0.709,0.707
Kepler-1195,1,0.709,0.707
Kepler-1195,1,0.783858,0.84
Kepler-1196,1,0.964605,1.02
Kepler-1196,1,0.866,0.946
Kepler-1196,1,0.964605,1.02
Kepler-1196,1,0.9,1
Kepler-1196,1,0.866,0.946
Kepler-1196,1,0.96,NA
Kepler-1196,1,0.964605,1.02
Kepler-1196,1,0.978,0.977
Kepler-1196,1,0.866,0.946
Kepler-1196,1,0.97,0.98
Kepler-1197,1,0.681,NA
Kepler-1197,1,0.638,0.646
Kepler-1197,1,0.682,0.761
Kepler-1197,1,0.746629,0.718
Kepler-1197,1,0.746629,0.718
Kepler-1197,1,0.638,0.646
Kepler-1197,1,0.638,0.646
Kepler-1197,1,0.72,0.78
Kepler-1197,1,0.636,0.661
Kepler-1197,1,0.673,0.762
Kepler-1198,1,0.889,NA
Kepler-1198,1,1.064,1.013
Kepler-1198,1,0.9,0.93
Kepler-1198,1,0.876367,0.94
Kepler-1198,1,1.064,1.013
Kepler-1198,1,1.064,1.013
Kepler-1198,1,0.876367,0.94
Kepler-1198,1,0.97,0.88
Kepler-1198,1,0.907,0.884
Kepler-1199,1,1.268,0.851
Kepler-1199,1,1.055,0.908
Kepler-1199,1,1.055,0.908
Kepler-1199,1,NA,NA
Kepler-1199,1,NA,NA
Kepler-1199,1,1.22,1.08
Kepler-1199,1,1.055,0.908
Kepler-1199,1,NA,NA
Kepler-1199,1,1.17,0.94
Kepler-1199,1,1.525,0.899
Kepler-12,1,1.49,1.157
Kepler-12,1,1.33,1.12
Kepler-12,1,1.56966,1.09
Kepler-12,1,1.415,1.093
Kepler-12,1,1.415,1.093
Kepler-12,1,1.415,1.093
Kepler-12,1,1.504,1.086
Kepler-12,1,1.56966,1.09
Kepler-12,1,1.56966,1.09
Kepler-12,1,1.483,1.166
Kepler-12,1,1.483,1.166
Kepler-12,1,1.38,1.172
Kepler-12,1,1.483,1.166
Kepler-12,1,1.534,NA
Kepler-12,1,1.483,1.166
Kepler-12,1,1.415,1.093
Kepler-12,1,1.483,1.166
Kepler-12,1,1.56966,NA
Kepler-120,2,0.534,NA
Kepler-120,2,0.57,0.59
Kepler-120,2,0.748282,0.71
Kepler-120,2,0.57,0.59
Kepler-120,2,0.57,0.59
Kepler-120,2,0.592,0.654
Kepler-120,2,0.57,0.59
Kepler-120,2,0.748282,0.71
Kepler-120,2,0.571,0.591
Kepler-120,2,0.729,NA
Kepler-120,2,0.748282,0.71
Kepler-120,2,0.68,0.72
Kepler-120,2,0.57,0.59
Kepler-120,2,0.57,0.59
Kepler-120,2,0.592,0.654
Kepler-120,2,0.571,0.591
Kepler-120,2,0.68,0.72
Kepler-120,2,0.748282,0.71
Kepler-120,2,0.57,0.59
Kepler-120,2,0.57,0.59
Kepler-120,2,0.57,0.59
Kepler-120,2,0.748282,0.71
Kepler-120,2,0.534,NA
Kepler-120,2,0.57,0.59
Kepler-120,2,0.729,NA
Kepler-120,2,0.748282,0.71
Kepler-1200,1,0.672,0.72
Kepler-1200,1,0.765689,0.69
Kepler-1200,1,0.723,NA
Kepler-1200,1,0.672,0.72
Kepler-1200,1,0.765689,0.69
Kepler-1200,1,0.7,0.74
Kepler-1200,1,0.672,0.72
Kepler-1200,1,0.589,0.621
Kepler-1200,1,0.658,0.725
Kepler-1201,1,0.992,NA
Kepler-1201,1,1.005,0.956
Kepler-1201,1,1.08,1.07
Kepler-1201,1,1.24,1.15
Kepler-1201,1,1.00301,1.08
Kepler-1201,1,1.005,0.956
Kepler-1201,1,1.00301,1.08
Kepler-1201,1,1.005,0.956
Kepler-1201,1,1.005,0.956
Kepler-1201,1,1.00301,1.08
Kepler-1202,1,0.835,0.918
Kepler-1202,1,0.835,0.918
Kepler-1202,1,1.04,1.03
Kepler-1202,1,0.838,0.93
Kepler-1202,1,0.889,NA
Kepler-1202,1,0.835,0.918
Kepler-1202,1,0.85,0.954
Kepler-1202,1,0.907687,0.99
Kepler-1202,1,0.907687,0.99
Kepler-1202,1,0.907687,0.99
Kepler-1203,1,0.703,NA
Kepler-1203,1,0.61,0.64
Kepler-1203,1,0.565,0.568
Kepler-1203,1,0.565,0.568
Kepler-1203,1,0.565,0.568
Kepler-1203,1,0.532,0.557
Kepler-1203,1,0.57,0.576
Kepler-1203,1,0.766632,0.631
Kepler-1203,1,0.766632,0.631
Kepler-1204,1,1.077,1.054
Kepler-1204,1,1.07,1.03
Kepler-1204,1,1.077,1.054
Kepler-1204,1,0.980376,1
Kepler-1204,1,0.922,NA
Kepler-1204,1,0.980376,1
Kepler-1204,1,1.077,1.054
Kepler-1204,1,0.980376,1
Kepler-1204,1,1.03,1.03
Kepler-1204,1,1.077,1.054
Kepler-1205,1,0.985,0.857
Kepler-1205,1,0.985,0.857
Kepler-1205,1,0.985,0.857
Kepler-1205,1,0.743,NA
Kepler-1205,1,0.985,0.857
Kepler-1205,1,0.81,0.84
Kepler-1205,1,0.82,0.78
Kepler-1205,1,0.815146,0.84
Kepler-1205,1,0.815146,0.84
Kepler-1206,1,0.75,0.8
Kepler-1206,1,0.753085,0.74
Kepler-1206,1,0.757,0.734
Kepler-1206,1,0.757,0.734
Kepler-1206,1,0.757,0.734
Kepler-1206,1,0.757,0.734
Kepler-1206,1,0.689,NA
Kepler-1206,1,0.753085,0.74
Kepler-1206,1,0.677,0.695
Kepler-1207,1,1.026,1.099
Kepler-1207,1,1.949,NA
Kepler-1207,1,2.03737,1.05
Kepler-1207,1,1.026,1.099
Kepler-1207,1,0.96,1.053
Kepler-1207,1,1.026,1.099
Kepler-1207,1,1.026,1.099
Kepler-1207,1,1.06,1.06
Kepler-1207,1,2.03737,1.05
Kepler-1208,1,0.84,0.89
Kepler-1208,1,0.793,0.792
Kepler-1208,1,0.76,0.8
Kepler-1208,1,0.714,NA
Kepler-1208,1,0.793,0.792
Kepler-1208,1,0.793,0.792
Kepler-1208,1,0.793,0.792
Kepler-1208,1,0.745207,0.79
Kepler-1208,1,0.745207,0.79
Kepler-1209,1,1.383,1.205
Kepler-1209,1,1.406,1.212
Kepler-1209,1,1.38,1.23
Kepler-1209,1,1.248,1.112
Kepler-1209,1,1.263,NA
Kepler-1209,1,1.22,1.14
Kepler-1209,1,1.24801,1.23
Kepler-1209,1,1.24801,1.23
Kepler-1209,1,1.24801,1.23
Kepler-1209,1,1.383,1.205
Kepler-1209,1,1.383,1.205
Kepler-121,2,0.682614,0.92
Kepler-121,2,0.682614,0.92
Kepler-121,2,0.682614,0.92
Kepler-121,2,0.708,0.785
Kepler-121,2,0.719,0.774
Kepler-121,2,0.701,NA
Kepler-121,2,0.719,0.774
Kepler-121,2,0.75,0.859
Kepler-121,2,0.82,0.86
Kepler-121,2,0.685,NA
Kepler-121,2,0.719,0.774
Kepler-121,2,0.682614,0.92
Kepler-121,2,0.682614,0.92
Kepler-121,2,0.685,NA
Kepler-121,2,0.701,NA
Kepler-121,2,0.82,0.86
Kepler-121,2,0.719,0.774
Kepler-121,2,0.75,0.859
Kepler-121,2,0.682614,0.92
Kepler-121,2,0.719,0.774
Kepler-121,2,0.708,0.785
Kepler-121,2,0.719,0.774
Kepler-1210,1,0.853,0.874
Kepler-1210,1,0.9,0.957
Kepler-1210,1,0.853,0.874
Kepler-1210,1,0.92,0.94
Kepler-1210,1,0.853,0.874
Kepler-1210,1,0.95415,0.94
Kepler-1210,1,0.95415,0.94
Kepler-1210,1,0.932,NA
Kepler-1210,1,0.853,0.874
Kepler-1211,1,0.94,0.96
Kepler-1211,1,0.95,1.05
Kepler-1211,1,1.16863,1.03
Kepler-1211,1,1.16863,1.03
Kepler-1211,1,1.16863,1.03
Kepler-1211,1,0.969,1.048
Kepler-1211,1,1.113,1.021
Kepler-1211,1,0.969,1.048
Kepler-1211,1,0.969,1.048
Kepler-1211,1,0.969,1.048
Kepler-1211,1,1.161,NA
Kepler-1212,1,1.18147,1.11
Kepler-1212,1,1.149,NA
Kepler-1212,1,0.938,1.01
Kepler-1212,1,0.938,1.01
Kepler-1212,1,1.18147,1.11
Kepler-1212,1,0.99,1.08
Kepler-1212,1,1.18147,1.11
Kepler-1212,1,1.15,1.1
Kepler-1212,1,0.938,1.01
Kepler-1212,1,0.938,1.01
Kepler-1213,1,1.04,1.1
Kepler-1213,1,0.984,0.997
Kepler-1213,1,1.21,1.14
Kepler-1213,1,1.465,NA
Kepler-1213,1,1.437,1.019
Kepler-1213,1,0.984,0.997
Kepler-1213,1,1.183,1.197
Kepler-1213,1,1.42119,1.14
Kepler-1213,1,0.984,0.997
Kepler-1214,1,0.8,0.85
Kepler-1214,1,0.845,0.787
Kepler-1214,1,0.757,NA
Kepler-1214,1,0.845,0.787
Kepler-1214,1,0.845,0.787
Kepler-1214,1,0.93,0.95
Kepler-1214,1,0.845,0.787
Kepler-1214,1,0.821195,0.83
Kepler-1214,1,0.821195,0.83
Kepler-1215,1,0.915914,0.95
Kepler-1215,1,0.95,0.882
Kepler-1215,1,0.937,0.864
Kepler-1215,1,0.93,0.95
Kepler-1215,1,0.915914,0.95
Kepler-1215,1,0.885,NA
Kepler-1215,1,0.937,0.864
Kepler-1215,1,0.937,0.864
Kepler-1215,1,0.937,0.864
Kepler-1216,1,1.105,NA
Kepler-1216,1,1.11795,1.01
Kepler-1216,1,1.11795,1.01
Kepler-1216,1,1.012,1.117
Kepler-1216,1,1.012,1.117
Kepler-1216,1,1.012,1.117
Kepler-1216,1,0.94,1.04
Kepler-1216,1,0.98,0.99
Kepler-1216,1,1.182,0.975
Kepler-1217,1,1.05,1.114
Kepler-1217,1,1.05,1.114
Kepler-1217,1,1.07297,1.06
Kepler-1217,1,1.05,1.114
Kepler-1217,1,1.05,1.114
Kepler-1217,1,1.07297,1.06
Kepler-1217,1,1.08,1.06
Kepler-1217,1,0.97,1.07
Kepler-1217,1,1.038,NA
Kepler-1218,1,1.413,NA
Kepler-1218,1,1.47249,1.06
Kepler-1218,1,1.081,0.97
Kepler-1218,1,1.47249,1.06
Kepler-1218,1,1.1,1.06
Kepler-1218,1,1.081,0.97
Kepler-1218,1,1.081,0.97
Kepler-1218,1,1.387,0.98
Kepler-1218,1,1.47249,1.06
Kepler-1218,1,1.081,0.97
Kepler-1218,1,1.22,1.12
Kepler-1219,1,1.94,1.25
Kepler-1219,1,2.726,NA
Kepler-1219,1,1.188,0.991
Kepler-1219,1,2.87486,1.04
Kepler-1219,1,1.21,1.04
Kepler-1219,1,1.188,0.991
Kepler-1219,1,1.188,0.991
Kepler-1219,1,2.87486,1.04
Kepler-1219,1,2.87486,1.04
Kepler-1219,1,2.886,1.464
Kepler-1219,1,2.672,1.454
Kepler-122,5,0.949,1.028
Kepler-122,5,1.25771,1.11
Kepler-122,5,1.15,1.08
Kepler-122,5,0.949,1.028
Kepler-122,5,1.216,NA
Kepler-122,5,0.97,1.07
Kepler-122,5,1.239,0.982
Kepler-122,5,1.191,0.995
Kepler-122,5,0.949,1.028
Kepler-122,5,1.25771,1.11
Kepler-122,5,1.25771,1.11
Kepler-122,5,1.269,NA
Kepler-122,5,0.949,1.028
Kepler-122,5,0.949,1.028
Kepler-122,5,1.25771,1.11
Kepler-122,5,1.15,1.08
Kepler-122,5,1.239,0.982
Kepler-122,5,1.269,NA
Kepler-122,5,1.25771,1.11
Kepler-122,5,0.949,1.028
Kepler-122,5,1.216,NA
Kepler-122,5,1.191,0.995
Kepler-122,5,0.97,1.07
Kepler-122,5,1.25771,1.11
Kepler-122,5,0.949,1.028
Kepler-122,5,1.25771,1.11
Kepler-122,5,1.216,NA
Kepler-122,5,1.25771,1.11
Kepler-122,5,0.97,1.07
Kepler-122,5,1.15,1.08
Kepler-122,5,0.949,1.028
Kepler-122,5,1.239,0.982
Kepler-122,5,1.191,0.995
Kepler-122,5,1.269,NA
Kepler-122,5,0.949,1.028
Kepler-122,5,1.25771,1.11
Kepler-122,5,1.269,NA
Kepler-122,5,1.15,1.08
Kepler-122,5,1.25771,1.11
Kepler-122,5,1.191,0.995
Kepler-122,5,0.949,1.028
Kepler-122,5,1.216,NA
Kepler-122,5,0.949,1.028
Kepler-122,5,0.949,1.03
Kepler-122,5,0.949,1.028
Kepler-122,5,1.239,0.982
Kepler-122,5,1.25771,1.11
Kepler-122,5,1.25771,1.11
Kepler-122,5,0.97,1.07
Kepler-122,5,0.949,1.028
Kepler-122,5,1.269,NA
Kepler-122,5,0.949,1.028
Kepler-122,5,1.15,1.08
Kepler-122,5,1.25771,1.11
Kepler-122,5,0.949,1.03
Kepler-122,5,1.239,0.982
Kepler-122,5,0.949,1.028
Kepler-122,5,1.25771,1.11
Kepler-122,5,1.191,0.995
Kepler-122,5,0.97,1.07
Kepler-1220,1,0.993887,1.06
Kepler-1220,1,0.99,0.942
Kepler-1220,1,1.051,NA
Kepler-1220,1,0.908,0.778
Kepler-1220,1,0.99,1
Kepler-1220,1,0.982,0.957
Kepler-1220,1,0.908,0.778
Kepler-1220,1,0.993887,1.06
Kepler-1220,1,0.908,0.778
Kepler-1221,1,0.69,0.688
Kepler-1221,1,NA,NA
Kepler-1221,1,0.76,0.825
Kepler-1221,1,0.69,0.688
Kepler-1221,1,0.82,0.87
Kepler-1221,1,NA,NA
Kepler-1221,1,0.69,0.688
Kepler-1221,1,NA,NA
Kepler-1221,1,0.69,0.688
Kepler-1222,1,0.678,0.752
Kepler-1222,1,0.678,0.752
Kepler-1222,1,0.750133,0.862
Kepler-1222,1,0.750133,0.862
Kepler-1222,1,0.678,0.752
Kepler-1222,1,0.742,0.797
Kepler-1222,1,0.872,0.815
Kepler-1222,1,0.748,NA
Kepler-1222,1,0.8,0.84
Kepler-1222,1,0.723,0.824
Kepler-1223,1,0.796,0.836
Kepler-1223,1,0.795,0.838
Kepler-1223,1,0.823977,0.74
Kepler-1223,1,0.823977,0.74
Kepler-1223,1,0.795,0.838
Kepler-1223,1,0.795,0.838
Kepler-1223,1,0.75,0.8
Kepler-1223,1,0.66,0.682
Kepler-1223,1,0.755,NA
Kepler-1223,1,0.823977,0.74
Kepler-1224,1,1.218,1.194
Kepler-1224,1,1.181,1.179
Kepler-1224,1,1.08,1.13
Kepler-1224,1,1.22,1.18
Kepler-1224,1,1.048,1.015
Kepler-1224,1,1.048,1.015
Kepler-1224,1,1.1933,1.21
Kepler-1224,1,1.1933,1.21
Kepler-1224,1,1.1933,1.21
Kepler-1224,1,1.194,NA
Kepler-1224,1,1.048,1.015
Kepler-1225,1,1.09,1.16
Kepler-1225,1,1.286,1.17
Kepler-1225,1,1.367,NA
Kepler-1225,1,1.033,1.083
Kepler-1225,1,1.033,1.083
Kepler-1225,1,1.286,1.17
Kepler-1225,1,2.476,1.243
Kepler-1225,1,1.19,1.13
Kepler-1225,1,1.033,1.083
Kepler-1226,1,1.46,1.208
Kepler-1226,1,1.01,1.1
Kepler-1226,1,0.959,1.031
Kepler-1226,1,0.959,1.031
Kepler-1226,1,1.40643,1.1
Kepler-1226,1,1.40643,1.1
Kepler-1226,1,1.02,1.02
Kepler-1226,1,1.299,1.122
Kepler-1226,1,1.495,NA
Kepler-1226,1,1.40643,1.1
Kepler-1226,1,0.959,1.031
Kepler-1227,1,0.95,0.97
Kepler-1227,1,0.904,1.026
Kepler-1227,1,0.928,NA
Kepler-1227,1,0.97,0.957
Kepler-1227,1,0.884071,0.99
Kepler-1227,1,0.884071,0.99
Kepler-1227,1,0.901,0.833
Kepler-1227,1,0.915,0.858
Kepler-1227,1,0.901,0.833
Kepler-1227,1,0.901,0.833
Kepler-1228,1,0.727,0.666
Kepler-1228,1,0.74,0.78
Kepler-1228,1,0.721,0.769
Kepler-1228,1,0.728395,0.806
Kepler-1228,1,0.716,0.776
Kepler-1228,1,0.74,0.839
Kepler-1228,1,0.721,0.769
Kepler-1228,1,0.734,NA
Kepler-1228,1,0.721,0.769
Kepler-1228,1,0.728395,0.806
Kepler-1229,1,0.414,0.431
Kepler-1229,1,0.45,0.48
Kepler-1229,1,0.52,0.543
Kepler-1229,1,0.569,NA
Kepler-1229,1,0.414,0.431
Kepler-1229,1,0.463,0.482
Kepler-1229,1,0.414,0.431
Kepler-1229,1,0.565878,0.559315
Kepler-1229,1,0.565878,0.559315
Kepler-1229,1,0.51,0.54
Kepler-1229,1,0.565878,0.559315
Kepler-123,2,1.32895,1.25
Kepler-123,2,1.092,1.01
Kepler-123,2,1.092,1.012
Kepler-123,2,1.264,NA
Kepler-123,2,1.092,1.012
Kepler-123,2,1.32895,1.25
Kepler-123,2,1.318,1.079
Kepler-123,2,1.32895,1.25
Kepler-123,2,1.362,NA
Kepler-123,2,1.21,1.12
Kepler-123,2,1.05,1.13
Kepler-123,2,1.216,1.013
Kepler-123,2,1.092,1.012
Kepler-123,2,1.32895,1.25
Kepler-123,2,1.21,1.12
Kepler-123,2,1.092,1.012
Kepler-123,2,1.318,1.079
Kepler-123,2,1.32895,1.25
Kepler-123,2,1.05,1.13
Kepler-123,2,1.216,1.013
Kepler-123,2,1.362,NA
Kepler-123,2,1.092,1.012
Kepler-123,2,1.264,NA
Kepler-123,2,1.32895,1.25
Kepler-123,2,1.092,1.01
Kepler-123,2,1.092,1.012
Kepler-1230,1,1.08,1.06
Kepler-1230,1,1.08946,1.05
Kepler-1230,1,1.003,NA
Kepler-1230,1,1.115,1.048
Kepler-1230,1,1.115,1.048
Kepler-1230,1,1.115,1.048
Kepler-1230,1,1.08946,1.05
Kepler-1230,1,1.115,1.048
Kepler-1230,1,1.1,1.06
Kepler-1230,1,1.08946,1.05
Kepler-1231,1,1.10189,0.98
Kepler-1231,1,1.10189,0.98
Kepler-1231,1,0.88,0.98
Kepler-1231,1,1.07,NA
Kepler-1231,1,1,1.01
Kepler-1231,1,0.918,1.007
Kepler-1231,1,0.918,1.007
Kepler-1231,1,0.918,1.007
Kepler-1231,1,1.151,0.936
Kepler-1232,1,0.856,0.869
Kepler-1232,1,0.985,0.912
Kepler-1232,1,0.985,0.912
Kepler-1232,1,0.91,0.816
Kepler-1232,1,0.801993,0.9
Kepler-1232,1,0.985,0.912
Kepler-1232,1,0.89,0.92
Kepler-1232,1,0.773,0.841
Kepler-1232,1,0.801993,0.9
Kepler-1232,1,0.785,NA
Kepler-1232,1,0.801993,0.9
Kepler-1233,1,1.163,1.185
Kepler-1233,1,1.137,NA
Kepler-1233,1,1.163,1.185
Kepler-1233,1,1.14753,1.15
Kepler-1233,1,1.163,1.185
Kepler-1233,1,1.169,1.191
Kepler-1233,1,1.25,1.16
Kepler-1233,1,1.15,1.21
Kepler-1233,1,1.14753,1.15
Kepler-1233,1,1.14753,1.15
Kepler-1234,1,0.855722,0.78
Kepler-1234,1,0.774,0.835
Kepler-1234,1,0.76,0.8
Kepler-1234,1,0.774,0.835
Kepler-1234,1,0.69,0.763
Kepler-1234,1,0.788,NA
Kepler-1234,1,0.855722,0.78
Kepler-1234,1,0.748,0.856
Kepler-1234,1,0.774,0.835
Kepler-1235,1,0.812,0.911
Kepler-1235,1,0.815,0.914
Kepler-1235,1,0.929,0.871
Kepler-1235,1,0.812,0.911
Kepler-1235,1,0.982569,0.92
Kepler-1235,1,0.812,0.911
Kepler-1235,1,0.78,0.885
Kepler-1235,1,0.941,NA
Kepler-1235,1,0.9,0.93
Kepler-1235,1,0.982569,0.92
Kepler-1236,1,0.794153,0.89
Kepler-1236,1,0.82,0.86
Kepler-1236,1,0.794153,0.89
Kepler-1236,1,0.746,0.805
Kepler-1236,1,0.734,0.821
Kepler-1236,1,0.794153,0.89
Kepler-1236,1,0.746,0.805
Kepler-1236,1,0.757,NA
Kepler-1236,1,0.78,0.882
Kepler-1236,1,0.746,0.805
Kepler-1237,1,0.888,1.005
Kepler-1237,1,0.935172,0.87
Kepler-1237,1,0.77,0.814
Kepler-1237,1,0.935172,0.87
Kepler-1237,1,0.935172,0.87
Kepler-1237,1,0.888,1.005
Kepler-1237,1,0.888,1.005
Kepler-1237,1,0.9,0.94
Kepler-1237,1,0.864,NA
Kepler-1237,1,0.888,1.005
Kepler-1238,1,1.417,1.23
Kepler-1238,1,1.198,1.26
Kepler-1238,1,1.48,1.3
Kepler-1238,1,1.06,1.1
Kepler-1238,1,1.60506,1.27
Kepler-1238,1,1.198,1.26
Kepler-1238,1,1.198,1.26
Kepler-1238,1,1.651,NA
Kepler-1239,1,1.137,1.213
Kepler-1239,1,0.95,1.09
Kepler-1239,1,1.61071,1.07
Kepler-1239,1,1.137,1.213
Kepler-1239,1,1.61071,1.07
Kepler-1239,1,1.125,1.207
Kepler-1239,1,1.57,1.4
Kepler-1239,1,1.137,1.213
Kepler-124,3,0.67,0.73
Kepler-124,3,0.756,NA
Kepler-124,3,0.657,0.724
Kepler-124,3,0.74,0.841
Kepler-124,3,0.657,0.724
Kepler-124,3,0.657,0.724
Kepler-124,3,0.748,0.706
Kepler-124,3,0.722717,0.88
Kepler-124,3,0.636,NA
Kepler-124,3,0.651,0.715
Kepler-124,3,0.74,0.841
Kepler-124,3,0.67,0.73
Kepler-124,3,0.722717,0.88
Kepler-124,3,0.657,0.724
Kepler-124,3,0.756,NA
Kepler-124,3,0.657,0.724
Kepler-124,3,0.651,0.715
Kepler-124,3,0.748,0.706
Kepler-124,3,0.722717,0.88
Kepler-124,3,0.722717,0.88
Kepler-124,3,0.657,0.724
Kepler-124,3,0.636,NA
Kepler-124,3,0.651,0.715
Kepler-124,3,0.756,NA
Kepler-124,3,0.74,0.841
Kepler-124,3,0.722717,0.88
Kepler-124,3,0.67,0.73
Kepler-124,3,0.748,0.706
Kepler-124,3,0.657,0.724
Kepler-124,3,0.722717,0.88
Kepler-124,3,0.722717,0.88
Kepler-124,3,0.657,0.724
Kepler-124,3,0.657,0.724
Kepler-124,3,0.636,NA
Kepler-1240,1,0.948,0.857
Kepler-1240,1,0.96,0.889
Kepler-1240,1,1.342,NA
Kepler-1240,1,0.948,0.857
Kepler-1240,1,1.37685,0.99
Kepler-1240,1,0.948,0.857
Kepler-1240,1,1.317,1.093
Kepler-1240,1,1.111,0.969
Kepler-1240,1,1.37685,0.99
Kepler-1240,1,0.96,0.98
Kepler-1241,1,0.806,NA
Kepler-1241,1,0.8,0.84
Kepler-1241,1,0.836,0.919
Kepler-1241,1,0.836811,0.89
Kepler-1241,1,0.836,0.919
Kepler-1241,1,0.82,0.894
Kepler-1241,1,0.836811,0.89
Kepler-1241,1,0.836811,0.89
Kepler-1241,1,0.836,0.919
Kepler-1241,1,0.829,0.928
Kepler-1242,1,0.780615,0.79
Kepler-1242,1,0.855,0.805
Kepler-1242,1,0.734,NA
Kepler-1242,1,0.74,0.77
Kepler-1242,1,1.02,0.93
Kepler-1242,1,0.855,0.805
Kepler-1242,1,0.780615,0.79
Kepler-1242,1,0.855,0.805
Kepler-1242,1,0.780615,0.79
Kepler-1242,1,0.855,0.805
Kepler-1243,1,0.93,0.94
Kepler-1243,1,0.828,NA
Kepler-1243,1,0.834193,0.96
Kepler-1243,1,0.899,0.903
Kepler-1243,1,0.899,0.903
Kepler-1243,1,0.899,0.903
Kepler-1243,1,0.94,0.96
Kepler-1243,1,0.834193,0.96
Kepler-1243,1,1.008,0.932
Kepler-1243,1,0.834193,0.96
Kepler-1244,1,1.927,1.23
Kepler-1244,1,2.551,NA
Kepler-1244,1,2.53418,1.36
Kepler-1244,1,1.77,1.46
Kepler-1244,1,1.484,1.143
Kepler-1244,1,2.53418,1.36
Kepler-1244,1,1.484,1.143
Kepler-1244,1,1.484,1.143
Kepler-1244,1,1.59,1.34
Kepler-1245,2,NA,NA
Kepler-1245,2,0.93,0.82
Kepler-1245,2,NA,NA
Kepler-1245,2,0.909,0.795
Kepler-1245,2,0.76,NA
Kepler-1245,2,0.909,0.795
Kepler-1245,2,0.83,0.86
Kepler-1245,2,0.909,0.795
Kepler-1245,2,0.909,0.795
Kepler-1245,2,0.909,0.795
Kepler-1245,2,0.76,NA
Kepler-1245,2,0.909,0.795
Kepler-1245,2,0.83,0.86
Kepler-1245,2,0.909,0.795
Kepler-1245,2,NA,NA
Kepler-1245,2,NA,NA
Kepler-1245,2,0.909,0.795
Kepler-1246,1,0.642,0.634
Kepler-1246,1,0.642,0.634
Kepler-1246,1,0.642,0.634
Kepler-1246,1,0.699,NA
Kepler-1246,1,0.718575,0.7
Kepler-1246,1,0.62,0.648
Kepler-1246,1,0.718575,0.7
Kepler-1246,1,0.642,0.634
Kepler-1246,1,0.69,0.73
Kepler-1247,1,0.82,0.86
Kepler-1247,1,0.789254,0.92
Kepler-1247,1,0.836,0.919
Kepler-1247,1,0.836,0.919
Kepler-1247,1,0.8,0.97
Kepler-1247,1,0.789254,0.92
Kepler-1247,1,0.831,0.923
Kepler-1247,1,0.76,NA
Kepler-1247,1,0.789254,0.92
Kepler-1247,1,0.836,0.919
Kepler-1248,1,0.97,1.068
Kepler-1248,1,1.169,1.251
Kepler-1248,1,1.21,1.21
Kepler-1248,1,1.231,1.134
Kepler-1248,1,1.34029,NA
Kepler-1248,1,1.231,1.134
Kepler-1248,1,1.231,1.134
Kepler-1248,1,1.34029,NA
Kepler-1249,1,1.50293,1.12
Kepler-1249,1,0.967,1.045
Kepler-1249,1,0.97,1.06
Kepler-1249,1,0.967,1.045
Kepler-1249,1,0.967,1.045
Kepler-1249,1,1.50293,1.12
Kepler-1249,1,1.487,NA
Kepler-1249,1,1.50293,1.12
Kepler-1249,1,1.28,1.19
Kepler-1249,1,0.967,1.045
Kepler-125,2,0.52,0.54
Kepler-125,2,0.544,NA
Kepler-125,2,0.546506,0.542101
Kepler-125,2,0.546506,0.542101
Kepler-125,2,0.546506,0.542101
Kepler-125,2,0.517,0.553
Kepler-125,2,0.515,0.537
Kepler-125,2,NA,NA
Kepler-125,2,0.512,NA
Kepler-125,2,0.51,0.53
Kepler-125,2,0.546506,0.542101
Kepler-125,2,0.52,0.54
Kepler-125,2,0.488,0.499
Kepler-125,2,0.508,0.534
Kepler-125,2,0.52,0.54
Kepler-125,2,0.52,0.54
Kepler-125,2,0.512,NA
Kepler-125,2,0.546506,0.542101
Kepler-125,2,0.515,0.537
Kepler-125,2,0.544,NA
Kepler-125,2,0.488,0.499
Kepler-125,2,0.517,0.553
Kepler-125,2,0.546506,0.542101
Kepler-125,2,0.51,0.53
Kepler-125,2,NA,NA
Kepler-125,2,0.52,0.54
Kepler-125,2,0.52,0.54
Kepler-125,2,0.52,0.54
Kepler-125,2,0.546506,0.542101
Kepler-125,2,0.508,0.534
Kepler-1250,1,1.52652,1.01
Kepler-1250,1,1.52652,1.01
Kepler-1250,1,1.108,1.202
Kepler-1250,1,0.96,1.05
Kepler-1250,1,1.108,1.202
Kepler-1250,1,1.108,1.202
Kepler-1250,1,1.096,1.193
Kepler-1250,1,1.492,NA
Kepler-1250,1,0.98,0.99
Kepler-1251,1,0.9,0.998
Kepler-1251,1,0.9,0.998
Kepler-1251,1,0.9,0.998
Kepler-1251,1,0.913,NA
Kepler-1251,1,0.9,0.998
Kepler-1251,1,0.904617,0.98
Kepler-1251,1,0.89,0.92
Kepler-1251,1,0.86,0.964
Kepler-1251,1,0.904617,0.98
Kepler-1251,1,0.904617,0.98
Kepler-1252,1,0.901566,1
Kepler-1252,1,0.915,NA
Kepler-1252,1,0.901566,1
Kepler-1252,1,0.818,0.734
Kepler-1252,1,1.09,1.06
Kepler-1252,1,0.818,0.734
Kepler-1252,1,0.96,0.845
Kepler-1252,1,0.818,0.734
Kepler-1252,1,0.818,0.734
Kepler-1253,1,1.54097,1.01
Kepler-1253,1,1.011,0.832
Kepler-1253,1,1.54097,1.01
Kepler-1253,1,1.473,0.873
Kepler-1253,1,1.1,1.024
Kepler-1253,1,1.54097,1.01
Kepler-1253,1,1.491,NA
Kepler-1253,1,1.011,0.832
Kepler-1253,1,1.1,0.97
Kepler-1253,1,1.011,0.832
Kepler-1253,1,1.222,0.863
Kepler-1254,3,0.75,0.762
Kepler-1254,3,0.756,0.79
Kepler-1254,3,0.75,0.78
Kepler-1254,3,0.718755,0.8
Kepler-1254,3,0.718755,0.8
Kepler-1254,3,0.796,0.771
Kepler-1254,3,0.696,NA
Kepler-1254,3,0.756,0.79
Kepler-1254,3,0.756,0.79
Kepler-1254,3,0.756,0.79
Kepler-1254,3,0.796,0.771
Kepler-1254,3,0.756,0.79
Kepler-1254,3,0.718755,0.8
Kepler-1254,3,0.696,NA
Kepler-1254,3,0.718755,0.8
Kepler-1254,3,0.75,0.78
Kepler-1254,3,0.756,0.79
Kepler-1254,3,0.796,0.771
Kepler-1254,3,0.756,0.79
Kepler-1254,3,0.696,NA
Kepler-1254,3,0.756,0.79
Kepler-1254,3,0.75,0.78
Kepler-1254,3,0.756,0.79
Kepler-1254,3,0.718755,0.8
Kepler-1254,3,0.718755,0.8
Kepler-1255,1,1.02,1.1
Kepler-1255,1,1.35224,1.08
Kepler-1255,1,1.35224,1.08
Kepler-1255,1,1.35224,1.08
Kepler-1255,1,0.96,1.034
Kepler-1255,1,0.96,1.034
Kepler-1255,1,1.615,1.115
Kepler-1255,1,1.12,1.08
Kepler-1255,1,0.96,1.034
Kepler-1255,1,1.369,NA
Kepler-1256,1,1.436,NA
Kepler-1256,1,1.28,1.141
Kepler-1256,1,1.36,1.17
Kepler-1256,1,1.3,1.181
Kepler-1256,1,1.28,1.141
Kepler-1256,1,1.28,1.141
Kepler-1256,1,1.346,1.039
Kepler-1256,1,1.4709700000000001,1.14
Kepler-1256,1,1.41,1.07
Kepler-1256,1,1.4709700000000001,1.14
Kepler-1257,1,0.899,0.996
Kepler-1257,1,0.87,0.9
Kepler-1257,1,0.866,NA
Kepler-1257,1,0.987251,0.93
Kepler-1257,1,0.899,0.996
Kepler-1257,1,0.899,0.996
Kepler-1257,1,0.987251,0.93
Kepler-1257,1,0.86,0.969
Kepler-1257,1,0.899,0.996
Kepler-1258,1,1.11834,1.03
Kepler-1258,1,0.99,0.99
Kepler-1258,1,0.925,1.008
Kepler-1258,1,1.099,0.834
Kepler-1258,1,1.116,NA
Kepler-1258,1,0.96,1.056
Kepler-1258,1,1.662,1.121
Kepler-1258,1,1.11834,1.03
Kepler-1258,1,0.925,1.008
Kepler-1258,1,0.925,1.008
Kepler-1259,1,0.873,NA
Kepler-1259,1,0.791,0.871
Kepler-1259,1,0.699,0.793
Kepler-1259,1,0.77,0.8
Kepler-1259,1,0.791,0.871
Kepler-1259,1,0.791,0.871
Kepler-1259,1,0.767,0.878
Kepler-1259,1,0.873036,0.86
Kepler-1259,1,0.873036,0.86
Kepler-126,3,1.297,1.059
Kepler-126,3,1.26,1.11
Kepler-126,3,1.358,1.188
Kepler-126,3,1.35,1.18
Kepler-126,3,1.44854,1.2
Kepler-126,3,1.395,1.108
Kepler-126,3,1.358,1.188
Kepler-126,3,1.358,NA
Kepler-126,3,1.404,NA
Kepler-126,3,1.44854,1.2
Kepler-126,3,1.44854,1.2
Kepler-126,3,NA,1.108
Kepler-126,3,1.44854,1.2
Kepler-126,3,1.358,1.188
Kepler-126,3,1.35,1.18
Kepler-126,3,1.404,NA
Kepler-126,3,1.358,1.188
Kepler-126,3,1.297,1.059
Kepler-126,3,1.26,1.11
Kepler-126,3,1.395,1.108
Kepler-126,3,1.44854,1.2
Kepler-126,3,1.44854,1.2
Kepler-126,3,1.358,1.188
Kepler-126,3,1.358,NA
Kepler-126,3,NA,1.108
Kepler-126,3,1.44854,1.2
Kepler-126,3,1.44854,1.2
Kepler-126,3,1.358,1.188
Kepler-126,3,1.44854,1.2
Kepler-126,3,1.44854,1.2
Kepler-126,3,1.44854,1.2
Kepler-126,3,1.358,1.188
Kepler-126,3,1.44854,1.2
Kepler-126,3,1.358,NA
Kepler-126,3,1.358,1.188
Kepler-126,3,1.26,1.11
Kepler-126,3,1.404,NA
Kepler-126,3,1.395,1.108
Kepler-126,3,1.35,1.18
Kepler-126,3,1.297,1.059
Kepler-126,3,1.358,1.188
Kepler-126,3,NA,1.108
Kepler-1260,1,0.866,0.809
Kepler-1260,1,1.82968,1.03
Kepler-1260,1,1.82968,1.03
Kepler-1260,1,1.838,NA
Kepler-1260,1,1.463,1.097
Kepler-1260,1,0.866,0.809
Kepler-1260,1,0.866,0.809
Kepler-1260,1,1.82968,1.03
Kepler-1260,1,1.08,1.06
Kepler-1260,1,0.97,1.02
Kepler-1261,1,0.729,NA
Kepler-1261,1,0.81,0.877
Kepler-1261,1,0.805,0.776
Kepler-1261,1,0.81,0.877
Kepler-1261,1,0.81,0.877
Kepler-1261,1,0.74,0.741
Kepler-1261,1,0.77044,0.79
Kepler-1261,1,0.77044,0.79
Kepler-1261,1,0.77044,0.79
Kepler-1261,1,0.77,0.82
Kepler-1262,1,1.037,1.006
Kepler-1262,1,0.913995,1.01
Kepler-1262,1,0.98,0.99
Kepler-1262,1,1.037,1.006
Kepler-1262,1,1.037,1.006
Kepler-1262,1,1.06,1.05
Kepler-1262,1,1.027,1.008
Kepler-1262,1,0.913995,1.01
Kepler-1262,1,0.885,NA
Kepler-1263,1,0.8,0.84
Kepler-1263,1,0.76,0.824
Kepler-1263,1,0.786,0.853
Kepler-1263,1,0.801,NA
Kepler-1263,1,0.777685,0.87
Kepler-1263,1,0.777685,0.87
Kepler-1263,1,0.786,0.853
Kepler-1263,1,0.786,0.853
Kepler-1263,1,0.84,0.797
Kepler-1264,1,0.987,NA
Kepler-1264,1,0.99,0.992
Kepler-1264,1,0.886,0.989
Kepler-1264,1,0.964469,1.01
Kepler-1264,1,0.97,0.884
Kepler-1264,1,0.867,0.752
Kepler-1264,1,0.867,0.752
Kepler-1264,1,0.98,0.99
Kepler-1264,1,0.867,0.752
Kepler-1265,1,0.742,0.724
Kepler-1265,1,0.742,0.724
Kepler-1265,1,0.699002,0.73
Kepler-1265,1,0.742,0.724
Kepler-1265,1,0.69,0.71
Kepler-1265,1,0.684,NA
Kepler-1265,1,0.699002,0.73
Kepler-1265,1,0.653,0.676
Kepler-1265,1,0.742,0.724
Kepler-1266,2,0.76,0.8
Kepler-1266,2,0.762,0.854
Kepler-1266,2,0.722831,0.83
Kepler-1266,2,0.762,0.854
Kepler-1266,2,0.731,NA
Kepler-1266,2,0.722831,0.83
Kepler-1266,2,0.722831,0.83
Kepler-1266,2,0.762,0.854
Kepler-1266,2,0.831,0.791
Kepler-1266,2,0.717,0.728
Kepler-1266,2,0.69,0.89
Kepler-1266,2,0.762,0.854
Kepler-1266,2,0.762,0.854
Kepler-1266,2,0.717,0.728
Kepler-1266,2,0.69,0.89
Kepler-1266,2,0.831,0.791
Kepler-1266,2,0.722831,0.83
Kepler-1266,2,0.762,0.854
Kepler-1266,2,0.831,0.791
Kepler-1267,1,0.871,0.974
Kepler-1267,1,1.08,NA
Kepler-1267,1,0.84,0.99
Kepler-1267,1,1.08121,0.98
Kepler-1267,1,0.871,0.974
Kepler-1267,1,1.08121,0.98
Kepler-1267,1,1.2,1.15
Kepler-1267,1,1.08121,0.98
Kepler-1267,1,1.071,0.926
Kepler-1267,1,0.871,0.974
Kepler-1268,1,1.147,1.085
Kepler-1268,1,1.482,NA
Kepler-1268,1,1.43224,1.07
Kepler-1268,1,1.09,1.06
Kepler-1268,1,1.41,1.072
Kepler-1268,1,1.43224,1.07
Kepler-1268,1,1.08,1.15
Kepler-1268,1,1.43224,1.07
Kepler-1268,1,1.147,1.085
Kepler-1268,1,1.147,1.085
Kepler-1269,1,1.79697,1.08
Kepler-1269,1,1.106,1.053
Kepler-1269,1,1.09,1.05
Kepler-1269,1,1.106,1.053
Kepler-1269,1,1.79697,1.08
Kepler-1269,1,1.79697,1.08
Kepler-1269,1,1.588,1.104
Kepler-1269,1,1.15,1.1
Kepler-1269,1,1.732,1.257
Kepler-1269,1,1.777,NA
Kepler-1269,1,1.106,1.053
Kepler-127,3,1.352,1.225
Kepler-127,3,1.4457,1.13
Kepler-127,3,1.4457,1.13
Kepler-127,3,1.27,1.269
Kepler-127,3,1.394,NA
Kepler-127,3,1.359,1.24
Kepler-127,3,1.359,1.24
Kepler-127,3,1.359,1.24
Kepler-127,3,1.37,1.25
Kepler-127,3,1.383,1.248
Kepler-127,3,1.359,NA
Kepler-127,3,1.4457,1.13
Kepler-127,3,1.4457,1.13
Kepler-127,3,1.359,1.24
Kepler-127,3,1.4457,1.13
Kepler-127,3,1.4457,1.13
Kepler-127,3,1.4457,1.13
Kepler-127,3,1.394,NA
Kepler-127,3,1.352,1.225
Kepler-127,3,1.37,1.25
Kepler-127,3,1.359,1.24
Kepler-127,3,1.4457,1.13
Kepler-127,3,1.27,1.269
Kepler-127,3,1.359,NA
Kepler-127,3,1.383,1.248
Kepler-127,3,1.359,1.24
Kepler-127,3,1.394,NA
Kepler-127,3,1.4457,1.13
Kepler-127,3,1.27,1.269
Kepler-127,3,1.359,1.24
Kepler-127,3,1.359,1.24
Kepler-127,3,1.352,1.225
Kepler-127,3,1.383,1.248
Kepler-127,3,1.4457,1.13
Kepler-127,3,1.359,1.24
Kepler-127,3,1.4457,1.13
Kepler-127,3,1.37,1.25
Kepler-127,3,1.4457,1.13
Kepler-127,3,1.359,NA
Kepler-1270,1,3.04,1.38
Kepler-1270,1,3.06165,NA
Kepler-1270,1,3.009,1.28
Kepler-1270,1,2.912,1.319
Kepler-1270,1,3.06165,NA
Kepler-1270,1,3.588,1.066
Kepler-1270,1,3.06165,NA
Kepler-1270,1,3.38,1.28
Kepler-1270,1,2.912,1.319
Kepler-1270,1,2.912,1.319
Kepler-1270,1,3.082,NA
Kepler-1271,1,1.038,1.1
Kepler-1271,1,1.02,1.09
Kepler-1271,1,1.17084,1.13
Kepler-1271,1,1.23,1.13
Kepler-1271,1,1.038,1.1
Kepler-1271,1,1.171,NA
Kepler-1271,1,1.263,1.066
Kepler-1271,1,1.147,1.103
Kepler-1271,1,1.038,1.1
Kepler-1271,1,1.17084,1.13
Kepler-1272,1,1.51323,1.04
Kepler-1272,1,1.107,1.005
Kepler-1272,1,1.438,NA
Kepler-1272,1,1.51323,1.04
Kepler-1272,1,1.107,1.005
Kepler-1272,1,1.12,1.03
Kepler-1272,1,1.107,1.005
Kepler-1272,1,1.51323,1.04
Kepler-1272,1,1.107,1.005
Kepler-1272,1,1.09,1.06
Kepler-1273,1,0.84,0.941
Kepler-1273,1,0.719,NA
Kepler-1273,1,0.941,1.038
Kepler-1273,1,0.792924,0.95
Kepler-1273,1,0.941,1.038
Kepler-1273,1,0.792924,0.95
Kepler-1273,1,0.91,0.94
Kepler-1273,1,0.792924,0.95
Kepler-1273,1,0.941,1.038
Kepler-1273,1,0.941,1.038
Kepler-1274,1,2.17,1.45
Kepler-1274,1,1.25,1.14
Kepler-1274,1,2.134,1.417
Kepler-1274,1,2.163,1.429
Kepler-1274,1,2.33958,1.1
Kepler-1274,1,2.134,1.417
Kepler-1274,1,2.134,1.417
Kepler-1274,1,2.188,NA
Kepler-1274,1,2.157,1.487
Kepler-1274,1,2.33958,1.1
Kepler-1275,1,1.087,1.073
Kepler-1275,1,1.263,NA
Kepler-1275,1,1.30888,1.13
Kepler-1275,1,1.04,1.12
Kepler-1275,1,1.36,1.23
Kepler-1275,1,1.087,1.073
Kepler-1275,1,1.30888,1.13
Kepler-1275,1,1.087,1.073
Kepler-1275,1,1.271,1.162
Kepler-1276,1,1.106,1.08
Kepler-1276,1,1.21,1.14
Kepler-1276,1,1.075,0.99
Kepler-1276,1,1.169,1.037
Kepler-1276,1,1.09679,1.22
Kepler-1276,1,1.19,1.19
Kepler-1276,1,1.075,0.99
Kepler-1276,1,1.075,0.99
Kepler-1276,1,1.09679,1.22
Kepler-1276,1,1.12,NA
Kepler-1276,1,1.09679,1.22
Kepler-1277,1,0.765,0.768
Kepler-1277,1,0.84088,0.993
Kepler-1277,1,0.86,0.96
Kepler-1277,1,0.765,0.768
Kepler-1277,1,0.84088,0.993
Kepler-1277,1,0.92,0.94
Kepler-1277,1,0.866,NA
Kepler-1277,1,0.84088,0.993
Kepler-1277,1,0.855,0.834
Kepler-1277,1,0.925,0.893
Kepler-1277,1,0.765,0.768
Kepler-1278,1,0.858,0.934
Kepler-1278,1,1.16,1.11
Kepler-1278,1,0.858,0.934
Kepler-1278,1,0.98,1.071
Kepler-1278,1,1.404,NA
Kepler-1278,1,1.40003,1.11
Kepler-1278,1,1.377,1.094
Kepler-1278,1,0.858,0.934
Kepler-1278,1,1.40003,1.11
Kepler-1278,1,0.858,0.934
Kepler-1279,1,1.121,1.046
Kepler-1279,1,2.02492,1.12
Kepler-1279,1,1.121,1.046
Kepler-1279,1,1.16,1.16
Kepler-1279,1,1.33,1.21
Kepler-1279,1,2.02492,1.12
Kepler-1279,1,1.121,1.046
Kepler-1279,1,2.02492,1.12
Kepler-1279,1,1.121,1.046
Kepler-1279,1,1.975,NA
Kepler-1279,1,1.907,1.375
Kepler-128,2,1.659,1.184
Kepler-128,2,1.659,1.18
Kepler-128,2,1.61,1.09
Kepler-128,2,1.659,1.184
Kepler-128,2,1.659,1.184
Kepler-128,2,1.7,1.22
Kepler-128,2,1.659,1.184
Kepler-128,2,NA,1.155
Kepler-128,2,1.653,1.155
Kepler-128,2,1.74633,1.14
Kepler-128,2,1.66,1.155
Kepler-128,2,1.74633,1.14
Kepler-128,2,1.653,1.155
Kepler-128,2,1.55,1.198
Kepler-128,2,1.675,NA
Kepler-128,2,1.66,1.18
Kepler-128,2,1.659,1.184
Kepler-128,2,1.613,1.092
Kepler-128,2,1.659,1.184
Kepler-128,2,1.659,1.184
Kepler-128,2,1.659,1.184
Kepler-128,2,1.659,1.184
Kepler-128,2,1.659,1.184
Kepler-128,2,1.653,1.155
Kepler-128,2,1.61,1.09
Kepler-128,2,1.66,1.18
Kepler-128,2,1.653,1.155
Kepler-128,2,1.7,1.22
Kepler-128,2,1.66,1.155
Kepler-128,2,1.74633,1.14
Kepler-128,2,1.74633,1.14
Kepler-128,2,1.659,1.18
Kepler-128,2,1.675,NA
Kepler-128,2,1.55,1.198
Kepler-128,2,1.613,1.092
Kepler-128,2,NA,1.155
Kepler-1280,1,1.943,1.18
Kepler-1280,1,1.139,1.092
Kepler-1280,1,2.03861,1.1
Kepler-1280,1,2.001,NA
Kepler-1280,1,2.03861,1.1
Kepler-1280,1,3.405,1.648
Kepler-1280,1,1.139,1.092
Kepler-1280,1,1.04,1.12
Kepler-1280,1,1.139,1.092
Kepler-1280,1,1.32,1.2
Kepler-1280,1,2.03861,1.1
Kepler-1281,1,0.86,0.977
Kepler-1281,1,NA,NA
Kepler-1281,1,0.8,0.9
Kepler-1281,1,NA,NA
Kepler-1281,1,0.86,0.977
Kepler-1281,1,0.86,0.977
Kepler-1281,1,0.86,0.977
Kepler-1281,1,0.83,0.87
Kepler-1282,1,0.910714,0.95
Kepler-1282,1,0.89,1.04
Kepler-1282,1,0.965,1.083
Kepler-1282,1,0.965,1.083
Kepler-1282,1,0.965,1.083
Kepler-1282,1,0.849,NA
Kepler-1282,1,0.910714,0.95
Kepler-1282,1,0.89,0.92
Kepler-1282,1,1.013,1.102
Kepler-1283,1,2.58539,1.15
Kepler-1283,1,0.867,0.95
Kepler-1283,1,2.612,NA
Kepler-1283,1,0.97,1.068
Kepler-1283,1,2.58539,1.15
Kepler-1283,1,0.867,0.95
Kepler-1283,1,0.867,0.95
Kepler-1283,1,1.25,1.16
Kepler-1283,1,0.867,0.95
Kepler-1284,1,0.79,0.84
Kepler-1284,1,0.802,0.89
Kepler-1284,1,0.86373,0.81
Kepler-1284,1,0.832,NA
Kepler-1284,1,0.802,0.89
Kepler-1284,1,0.797,0.896
Kepler-1284,1,0.802,0.89
Kepler-1284,1,0.86373,0.81
Kepler-1284,1,0.71,0.782
Kepler-1285,1,1.5928,1.12
Kepler-1285,1,1.712,1.254
Kepler-1285,1,1.5928,1.12
Kepler-1285,1,1.5928,1.12
Kepler-1285,1,1.712,1.254
Kepler-1285,1,1.463,1.263
Kepler-1285,1,1.712,1.254
Kepler-1285,1,1.28,1.2
Kepler-1285,1,1.053,1.021
Kepler-1285,1,1.477,NA
Kepler-1285,1,1.307,1.244
Kepler-1286,1,1.18024,1.02
Kepler-1286,1,1.118,1.022
Kepler-1286,1,1.134,NA
Kepler-1286,1,1.118,1.022
Kepler-1286,1,1.09,0.99
Kepler-1286,1,1.18024,1.02
Kepler-1286,1,1.118,1.022
Kepler-1286,1,0.98,1
Kepler-1286,1,1.18024,1.02
Kepler-1286,1,1.118,1.022
Kepler-1287,1,0.929,1.014
Kepler-1287,1,1.032,0.941
Kepler-1287,1,0.923016,1.02
Kepler-1287,1,0.935,NA
Kepler-1287,1,0.929,1.014
Kepler-1287,1,0.929,1.014
Kepler-1287,1,0.95,1.044
Kepler-1287,1,0.923016,1.02
Kepler-1287,1,0.94,0.96
Kepler-1288,1,1.29,1.2
Kepler-1288,1,2.232,1.436
Kepler-1288,1,1.59406,NA
Kepler-1288,1,1.59406,NA
Kepler-1288,1,1.1,1.05
Kepler-1288,1,2.232,1.436
Kepler-1288,1,2.232,1.436
Kepler-1288,1,1.223,1.236
Kepler-1288,1,2.232,1.436
Kepler-1289,1,1.17,1.1
Kepler-1289,1,0.861,0.95
Kepler-1289,1,1.21564,1.03
Kepler-1289,1,0.861,0.95
Kepler-1289,1,0.861,0.95
Kepler-1289,1,1.207,NA
Kepler-1289,1,1.21564,1.03
Kepler-1289,1,0.92,1.021
Kepler-1289,1,1.542,1.007
Kepler-129,3,1.74549,1.02
Kepler-129,3,1.74549,1.02
Kepler-129,3,1.653,1.178
Kepler-129,3,1.653,NA
Kepler-129,3,1.641,1.197
Kepler-129,3,1.56,1.07
Kepler-129,3,1.641,NA
Kepler-129,3,1.74549,1.02
Kepler-129,3,1.74549,1.02
Kepler-129,3,1.641,1.197
Kepler-129,3,NA,1.235
Kepler-129,3,1.636,1.235
Kepler-129,3,1.641,1.197
Kepler-129,3,1.36,1.185
Kepler-129,3,1.704,1.251
Kepler-129,3,1.74549,1.02
Kepler-129,3,1.641,NA
Kepler-129,3,1.74549,1.02
Kepler-129,3,1.641,1.197
Kepler-129,3,1.74549,1.02
Kepler-129,3,1.704,1.251
Kepler-129,3,1.653,1.178
Kepler-129,3,1.641,1.197
Kepler-129,3,1.36,1.185
Kepler-129,3,1.653,NA
Kepler-129,3,1.56,1.07
Kepler-129,3,NA,1.235
Kepler-129,3,1.74549,1.02
Kepler-129,3,1.636,1.235
Kepler-129,3,1.641,1.197
Kepler-129,3,NA,1.235
Kepler-129,3,1.653,1.178
Kepler-1290,1,0.959,1.045
Kepler-1290,1,0.92,1.027
Kepler-1290,1,0.959,1.045
Kepler-1290,1,0.93,0.95
Kepler-1290,1,1.088,NA
Kepler-1290,1,1.13878,1
Kepler-1290,1,0.959,1.045
Kepler-1290,1,1.13878,1
Kepler-1290,1,0.959,1.045
Kepler-1291,1,0.76,0.856
Kepler-1291,1,0.765,0.848
Kepler-1291,1,0.764,0.857
Kepler-1291,1,0.8,0.84
Kepler-1291,1,0.752789,0.85
Kepler-1291,1,0.752789,0.85
Kepler-1291,1,0.765,0.848
Kepler-1291,1,0.765,0.848
Kepler-1291,1,0.721,NA
Kepler-1292,1,0.999,NA
Kepler-1292,1,0.963,1.079
Kepler-1292,1,0.93,0.95
Kepler-1292,1,0.965,1.083
Kepler-1292,1,1.00659,0.95
Kepler-1292,1,0.965,1.083
Kepler-1292,1,0.86,1.03
Kepler-1292,1,1.00659,0.95
Kepler-1292,1,0.965,1.083
Kepler-1293,1,1.238,1.23
Kepler-1293,1,1.155,1.177
Kepler-1293,1,1.70401,1.22
Kepler-1293,1,1.733,NA
Kepler-1293,1,1.692,1.325
Kepler-1293,1,1.28,1.18
Kepler-1293,1,1.185,1.217
Kepler-1293,1,1.155,1.177
Kepler-1293,1,1.155,1.177
Kepler-1293,1,1.70401,1.22
Kepler-1294,1,1.149,1.021
Kepler-1294,1,1.63513,1.03
Kepler-1294,1,0.97,0.99
Kepler-1294,1,1.636,NA
Kepler-1294,1,0.929,1.014
Kepler-1294,1,1.63513,1.03
Kepler-1294,1,0.929,1.014
Kepler-1294,1,0.929,1.014
Kepler-1294,1,0.85,1.05
Kepler-1295,1,0.82,0.918
Kepler-1295,1,0.836,0.919
Kepler-1295,1,0.881561,0.89
Kepler-1295,1,0.84,NA
Kepler-1295,1,0.836,0.919
Kepler-1295,1,0.8,0.903
Kepler-1295,1,0.89,0.92
Kepler-1295,1,0.836,0.919
Kepler-1295,1,0.881561,0.89
Kepler-1296,1,0.83,0.87
Kepler-1296,1,0.979,0.825
Kepler-1296,1,2.046,NA
Kepler-1296,1,0.979,0.825
Kepler-1296,1,2.04609,0.92
Kepler-1296,1,0.95,0.83
Kepler-1296,1,0.979,0.825
Kepler-1296,1,2.605,1.365
Kepler-1297,1,1.39385,1.05
Kepler-1297,1,1.09,1.1
Kepler-1297,1,1.374,1.068
Kepler-1297,1,1.035,0.975
Kepler-1297,1,1.035,0.975
Kepler-1297,1,0.99,0.99
Kepler-1297,1,1.035,0.975
Kepler-1297,1,1.39385,1.05
Kepler-1297,1,1.463,NA
Kepler-1298,1,2.38684,1.13
Kepler-1298,1,1.46,1.229
Kepler-1298,1,2,1.45
Kepler-1298,1,2.201,1.414
Kepler-1298,1,1.529,1.253
Kepler-1298,1,2.38684,1.13
Kepler-1298,1,2.38684,1.13
Kepler-1298,1,1.529,1.253
Kepler-1298,1,1.994,1.443
Kepler-1298,1,1.529,1.253
Kepler-1298,1,2.227,NA
Kepler-1299,1,0.755,0.827
Kepler-1299,1,0.91,0.94
Kepler-1299,1,0.83,0.938
Kepler-1299,1,1.00099,0.95
Kepler-1299,1,0.755,0.827
Kepler-1299,1,1.00099,0.95
Kepler-1299,1,0.763,0.853
Kepler-1299,1,0.965,NA
Kepler-1299,1,0.755,0.827
Kepler-1299,1,1.00099,0.95
Kepler-130,3,1.17925,1.091
Kepler-130,3,1.146,NA
Kepler-130,3,1.127,0.934
Kepler-130,3,1.127,NA
Kepler-130,3,1.17925,1.091
Kepler-130,3,1.17925,1.091
Kepler-130,3,NA,0.927
Kepler-130,3,1.138,0.927
Kepler-130,3,1.17925,1.091
Kepler-130,3,1.127,0.934
Kepler-130,3,1.11,0.965
Kepler-130,3,1.137,0.95
Kepler-130,3,1.127,0.934
Kepler-130,3,1.18,1.02
Kepler-130,3,1.127,0.934
Kepler-130,3,1.18,1.02
Kepler-130,3,1.17925,1.091
Kepler-130,3,1.138,0.927
Kepler-130,3,1.17,1
Kepler-130,3,1.17925,1.091
Kepler-130,3,1.127,0.934
Kepler-130,3,1.146,NA
Kepler-130,3,NA,0.927
Kepler-130,3,1.17925,1.091
Kepler-130,3,1.11,0.965
Kepler-130,3,1.17925,1.091
Kepler-130,3,1.137,0.95
Kepler-130,3,1.127,0.934
Kepler-130,3,1.17925,1.091
Kepler-130,3,1.127,0.934
Kepler-130,3,1.17925,1.091
Kepler-130,3,1.138,0.927
Kepler-130,3,1.146,NA
Kepler-130,3,1.18,1.02
Kepler-130,3,1.17925,1.091
Kepler-130,3,1.127,NA
Kepler-130,3,1.137,0.95
Kepler-130,3,1.127,0.934
Kepler-130,3,1.17925,1.091
Kepler-130,3,NA,0.927
Kepler-130,3,1.11,0.965
Kepler-130,3,1.127,0.934
Kepler-1300,1,1.86373,1.15
Kepler-1300,1,1.315,1.054
Kepler-1300,1,1.315,1.054
Kepler-1300,1,1.86373,1.15
Kepler-1300,1,1.86373,1.15
Kepler-1300,1,1.39,1.16
Kepler-1300,1,1.834,1.104
Kepler-1300,1,1.79,1.29
Kepler-1300,1,1.315,1.054
Kepler-1300,1,2.164,1.219
Kepler-1300,1,1.862,NA
Kepler-1301,1,0.81,0.85
Kepler-1301,1,0.855814,0.86
Kepler-1301,1,0.76,0.843
Kepler-1301,1,0.788,0.884
Kepler-1301,1,0.788,0.884
Kepler-1301,1,0.826,NA
Kepler-1301,1,0.788,0.884
Kepler-1301,1,0.855814,0.86
Kepler-1301,1,0.788,0.884
Kepler-1302,1,0.87,0.855
Kepler-1302,1,0.87,0.855
Kepler-1302,1,0.82,0.86
Kepler-1302,1,0.712,NA
Kepler-1302,1,0.87,0.855
Kepler-1302,1,0.756648,0.85
Kepler-1302,1,0.756648,0.85
Kepler-1302,1,0.87,0.855
Kepler-1302,1,0.83,0.79
Kepler-1303,1,0.895,0.99
Kepler-1303,1,0.991,NA
Kepler-1303,1,1,1.01
Kepler-1303,1,0.895,0.99
Kepler-1303,1,0.895,0.99
Kepler-1303,1,0.88,0.984
Kepler-1303,1,1.0307,1.01
Kepler-1303,1,0.895,0.99
Kepler-1303,1,1.0307,1.01
Kepler-1304,1,0.821,0.756
Kepler-1304,1,0.821,0.756
Kepler-1304,1,2.65923,NA
Kepler-1304,1,1.087,0.888
Kepler-1304,1,0.81,0.85
Kepler-1304,1,0.85,0.79
Kepler-1304,1,2.584,NA
Kepler-1304,1,2.65923,NA
Kepler-1304,1,0.821,0.756
Kepler-1305,1,1.099,NA
Kepler-1305,1,0.895,0.99
Kepler-1305,1,0.895,0.99
Kepler-1305,1,0.96,0.97
Kepler-1305,1,0.88,0.99
Kepler-1305,1,1.16898,0.99
Kepler-1305,1,0.895,0.99
Kepler-1305,1,1.16898,0.99
Kepler-1305,1,0.895,0.99
Kepler-1306,1,1.02253,0.97
Kepler-1306,1,0.982,NA
Kepler-1306,1,0.97,0.98
Kepler-1306,1,0.961,0.932
Kepler-1306,1,1.02253,0.97
Kepler-1306,1,0.871,0.966
Kepler-1306,1,0.871,0.966
Kepler-1306,1,0.871,0.966
Kepler-1306,1,0.86,0.972
Kepler-1307,1,1.065,1.049
Kepler-1307,1,0.751,NA
Kepler-1307,1,1.08,1.1
Kepler-1307,1,1.065,1.049
Kepler-1307,1,0.838135,0.99
Kepler-1307,1,0.838135,0.99
Kepler-1307,1,1.08,1.06
Kepler-1307,1,0.838135,0.99
Kepler-1307,1,1.065,1.049
Kepler-1307,1,1.065,1.049
Kepler-1308,1,0.34,0.35
Kepler-1308,1,0.345,0.35
Kepler-1308,1,0.433,0.47
Kepler-1308,1,0.480845,0.478808
Kepler-1308,1,0.482,0.491
Kepler-1308,1,0.345,0.35
Kepler-1308,1,0.483,NA
Kepler-1308,1,0.345,0.35
Kepler-1308,1,0.480845,0.478808
Kepler-1308,1,NA,NA
Kepler-1309,1,0.785,0.758
Kepler-1309,1,0.785,0.758
Kepler-1309,1,0.77,0.76
Kepler-1309,1,NA,NA
Kepler-1309,1,NA,NA
Kepler-1309,1,0.785,0.758
Kepler-1309,1,0.8,0.85
Kepler-1309,1,0.785,0.758
Kepler-1309,1,NA,NA
Kepler-131,2,1.03161,1.03
Kepler-131,2,1.03,1.02
Kepler-131,2,0.999,1.076
Kepler-131,2,NA,1.076
Kepler-131,2,1.016,0.978
Kepler-131,2,1.034,1.021
Kepler-131,2,1.03161,1.03
Kepler-131,2,0.958,1.071
Kepler-131,2,1.03,1.04
Kepler-131,2,0.958,1.071
Kepler-131,2,1.03161,1.03
Kepler-131,2,0.958,1.071
Kepler-131,2,1.003,NA
Kepler-131,2,1.034,1.021
Kepler-131,2,1.03161,1.03
Kepler-131,2,0.958,1.071
Kepler-131,2,1.03,1.04
Kepler-131,2,0.958,1.071
Kepler-131,2,1.003,NA
Kepler-131,2,NA,1.076
Kepler-131,2,1.03161,1.03
Kepler-131,2,1.03161,1.03
Kepler-131,2,0.999,1.076
Kepler-131,2,0.958,1.071
Kepler-131,2,1.016,0.978
Kepler-131,2,1.03,1.02
Kepler-1310,1,0.88,NA
Kepler-1310,1,0.778,0.852
Kepler-1310,1,0.913,0.942
Kepler-1310,1,0.852212,0.99
Kepler-1310,1,0.88,0.91
Kepler-1310,1,0.778,0.852
Kepler-1310,1,0.869,0.883
Kepler-1310,1,0.852212,0.99
Kepler-1310,1,0.778,0.852
Kepler-1310,1,0.82,0.927
Kepler-1311,3,1.718,NA
Kepler-1311,3,1.687,1.094
Kepler-1311,3,1.236,1.002
Kepler-1311,3,1.236,1.002
Kepler-1311,3,1.75366,1.02
Kepler-1311,3,1.4,1.05
Kepler-1311,3,1.674,1.032
Kepler-1311,3,1.24,1.01
Kepler-1311,3,1.236,1.002
Kepler-1311,3,1.75366,1.02
Kepler-1311,3,1.236,1.002
Kepler-1311,3,1.4,1.05
Kepler-1311,3,1.718,NA
Kepler-1311,3,1.75366,1.02
Kepler-1311,3,1.75366,1.02
Kepler-1311,3,1.687,1.094
Kepler-1311,3,1.236,1.002
Kepler-1311,3,1.24,1.01
Kepler-1311,3,1.674,1.032
Kepler-1311,3,1.236,1.002
Kepler-1311,3,1.674,1.032
Kepler-1311,3,1.674,1.032
Kepler-1311,3,1.75366,1.02
Kepler-1311,3,1.687,1.094
Kepler-1311,3,1.236,1.002
Kepler-1311,3,1.75366,1.02
Kepler-1311,3,1.236,1.002
Kepler-1311,3,1.236,1.002
Kepler-1311,3,1.24,1.01
Kepler-1312,2,0.84,0.951
Kepler-1312,2,0.947246,0.991
Kepler-1312,2,0.782,0.851
Kepler-1312,2,0.947246,0.991
Kepler-1312,2,0.92,0.99
Kepler-1312,2,0.947246,0.991
Kepler-1312,2,0.782,0.851
Kepler-1312,2,0.905,0.983
Kepler-1312,2,0.782,0.851
Kepler-1312,2,0.892,0.995
Kepler-1312,2,0.899,NA
Kepler-1312,2,0.782,0.851
Kepler-1312,2,0.905,0.983
Kepler-1312,2,0.892,0.995
Kepler-1312,2,0.782,0.851
Kepler-1312,2,0.782,0.851
Kepler-1312,2,0.947246,0.991
Kepler-1312,2,0.905,0.983
Kepler-1312,2,0.84,0.951
Kepler-1313,1,0.787,0.894
Kepler-1313,1,1.671,0.849
Kepler-1313,1,1.59,0.911
Kepler-1313,1,0.85,0.92
Kepler-1313,1,0.798577,0.927
Kepler-1313,1,1.671,0.849
Kepler-1313,1,0.831,0.878
Kepler-1313,1,1.671,0.849
Kepler-1313,1,0.798577,0.927
Kepler-1313,1,0.798577,0.927
Kepler-1313,1,0.789,NA
Kepler-1314,1,0.59,0.6
Kepler-1314,1,0.592,0.581
Kepler-1314,1,0.592,0.581
Kepler-1314,1,0.591,0.58
Kepler-1314,1,0.260445,0.23225
Kepler-1314,1,0.592,0.581
Kepler-1314,1,0.260445,0.23225
Kepler-1314,1,0.27,0.21
Kepler-1314,1,0.260445,0.23225
Kepler-1315,2,0.703,0.791
Kepler-1315,2,0.75,0.8
Kepler-1315,2,0.856,0.809
Kepler-1315,2,0.856,0.809
Kepler-1315,2,0.713,NA
Kepler-1315,2,0.728751,0.75
Kepler-1315,2,0.856,0.809
Kepler-1315,2,0.856,0.809
Kepler-1315,2,0.728751,0.75
Kepler-1315,2,0.65,0.67
Kepler-1315,2,0.856,0.809
Kepler-1315,2,0.65,0.67
Kepler-1315,2,0.856,0.809
Kepler-1315,2,0.703,0.791
Kepler-1315,2,0.856,0.809
Kepler-1315,2,0.728751,0.75
Kepler-1315,2,0.856,0.809
Kepler-1315,2,0.728751,0.75
Kepler-1315,2,0.856,0.809
Kepler-1316,1,0.848,0.937
Kepler-1316,1,1.18,1.083
Kepler-1316,1,1.159,0.988
Kepler-1316,1,1.12,1.04
Kepler-1316,1,0.88,0.983
Kepler-1316,1,1.196,NA
Kepler-1316,1,1.18859,1.16
Kepler-1316,1,1.18859,1.16
Kepler-1316,1,0.848,0.937
Kepler-1316,1,0.848,0.937
Kepler-1317,1,0.77,NA
Kepler-1317,1,0.809194,0.84
Kepler-1317,1,0.71,0.81
Kepler-1317,1,0.79,0.874
Kepler-1317,1,0.78,0.889
Kepler-1317,1,0.79,0.83
Kepler-1317,1,0.79,0.874
Kepler-1317,1,0.79,0.874
Kepler-1317,1,0.809194,0.84
Kepler-1318,1,0.637,0.659
Kepler-1318,1,0.708448,0.708
Kepler-1318,1,0.637,0.659
Kepler-1318,1,0.637,0.659
Kepler-1318,1,0.637,0.659
Kepler-1318,1,0.7,0.73
Kepler-1318,1,0.708448,0.708
Kepler-1318,1,0.601,0.63
Kepler-1318,1,0.711,NA
Kepler-1318,1,0.708448,0.708
Kepler-1319,1,0.539,0.557
Kepler-1319,1,0.266,0.267
Kepler-1319,1,0.389,0.415
Kepler-1319,1,0.500204,0.498257
Kepler-1319,1,0.502,NA
Kepler-1319,1,0.500204,0.498257
Kepler-1319,1,0.500204,0.498257
Kepler-1319,1,0.266,0.267
Kepler-1319,1,0.27,0.21
Kepler-1319,1,0.266,0.267
Kepler-1319,1,0.54,0.56
Kepler-1319,1,NA,NA
Kepler-132,4,1.045,0.919
Kepler-132,4,1.045,0.919
Kepler-132,4,1.178,NA
Kepler-132,4,1.1,1.03
Kepler-132,4,1.038,0.929
Kepler-132,4,NA,NA
Kepler-132,4,1.03,0.982
Kepler-132,4,NA,NA
Kepler-132,4,NA,NA
Kepler-132,4,1.408,1.023
Kepler-132,4,1.045,0.919
Kepler-132,4,1.101,0.929
Kepler-132,4,1.045,0.919
Kepler-132,4,1.045,0.919
Kepler-132,4,1.178,NA
Kepler-132,4,1.038,0.929
Kepler-132,4,NA,NA
Kepler-132,4,1.101,0.929
Kepler-132,4,1.408,1.023
Kepler-132,4,NA,NA
Kepler-132,4,1.03,0.982
Kepler-132,4,1.1,1.03
Kepler-132,4,1.045,0.919
Kepler-132,4,NA,NA
Kepler-132,4,NA,NA
Kepler-132,4,1.038,0.929
Kepler-132,4,1.045,0.919
Kepler-132,4,NA,NA
Kepler-132,4,NA,NA
Kepler-132,4,1.408,1.023
Kepler-132,4,1.03,0.982
Kepler-132,4,1.045,0.919
Kepler-132,4,1.1,1.03
Kepler-132,4,1.101,0.929
Kepler-132,4,1.045,0.919
Kepler-132,4,1.178,NA
Kepler-132,4,1.045,0.919
Kepler-132,4,NA,NA
Kepler-132,4,1.045,0.919
Kepler-132,4,1.045,0.919
Kepler-132,4,1.1,1.03
Kepler-132,4,NA,NA
Kepler-132,4,NA,NA
Kepler-132,4,1.101,0.929
Kepler-132,4,1.038,0.929
Kepler-1320,1,0.687686,0.72
Kepler-1320,1,0.729,0.776
Kepler-1320,1,0.74,0.8
Kepler-1320,1,0.729,0.776
Kepler-1320,1,0.687686,0.72
Kepler-1320,1,0.653,0.677
Kepler-1320,1,0.729,0.776
Kepler-1320,1,0.614,NA
Kepler-1320,1,0.704,0.793
Kepler-1321,3,0.724,NA
Kepler-1321,3,0.6,0.59
Kepler-1321,3,0.758548,0.63
Kepler-1321,3,0.758548,0.63
Kepler-1321,3,0.706,0.736
Kepler-1321,3,NA,NA
Kepler-1321,3,0.503,0.513
Kepler-1321,3,0.706,0.736
Kepler-1321,3,0.706,0.736
Kepler-1321,3,0.758548,0.63
Kepler-1321,3,0.53,0.54
Kepler-1321,3,0.503,0.513
Kepler-1321,3,0.6,0.59
Kepler-1321,3,0.706,0.736
Kepler-1321,3,0.724,NA
Kepler-1321,3,0.706,0.736
Kepler-1321,3,0.758548,0.63
Kepler-1321,3,NA,NA
Kepler-1321,3,0.53,0.54
Kepler-1321,3,0.758548,0.63
Kepler-1321,3,0.758548,0.63
Kepler-1321,3,0.706,0.736
Kepler-1321,3,0.706,0.736
Kepler-1321,3,0.503,0.513
Kepler-1321,3,0.6,0.59
Kepler-1321,3,0.758548,0.63
Kepler-1321,3,0.706,0.736
Kepler-1321,3,0.758548,0.63
Kepler-1321,3,0.503,0.513
Kepler-1321,3,0.706,0.736
Kepler-1322,2,0.802,0.88
Kepler-1322,2,0.804,0.897
Kepler-1322,2,0.802,0.88
Kepler-1322,2,0.85,0.96
Kepler-1322,2,1.0083,0.94
Kepler-1322,2,1.0083,0.94
Kepler-1322,2,0.87,0.9
Kepler-1322,2,0.802,0.88
Kepler-1322,2,0.969,NA
Kepler-1322,2,0.804,0.897
Kepler-1322,2,0.802,0.88
Kepler-1322,2,0.802,0.88
Kepler-1322,2,0.802,0.88
Kepler-1322,2,0.804,0.897
Kepler-1322,2,0.85,0.96
Kepler-1322,2,1.0083,0.94
Kepler-1323,1,1.27918,1.125
Kepler-1323,1,1.27918,1.125
Kepler-1323,1,1.27918,1.125
Kepler-1323,1,1.234,NA
Kepler-1323,1,1.335,1.151
Kepler-1323,1,1.335,1.151
Kepler-1323,1,1.35,1.188
Kepler-1323,1,1.413,1.075
Kepler-1323,1,1.221,1.076
Kepler-1323,1,1.4,1.18
Kepler-1323,1,1.335,1.151
Kepler-1324,1,0.652,0.674
Kepler-1324,1,0.664,NA
Kepler-1324,1,0.823,0.796
Kepler-1324,1,0.823,0.796
Kepler-1324,1,0.734395,0.722
Kepler-1324,1,0.73,0.78
Kepler-1324,1,0.823,0.796
Kepler-1324,1,0.734395,0.722
Kepler-1324,1,0.823,0.796
Kepler-1325,1,0.931,NA
Kepler-1325,1,0.83,0.942
Kepler-1325,1,0.952053,0.96
Kepler-1325,1,0.91,0.93
Kepler-1325,1,0.884,0.984
Kepler-1325,1,0.952053,0.96
Kepler-1325,1,0.884,0.984
Kepler-1325,1,0.884,0.984
Kepler-1325,1,1.072,0.933
Kepler-1325,1,0.952053,0.96
Kepler-1326,1,1.34,1.33
Kepler-1326,1,1.405,1.31
Kepler-1326,1,1.346,NA
Kepler-1326,1,1.34229,1.43
Kepler-1326,1,1.405,1.31
Kepler-1326,1,1.405,1.31
Kepler-1326,1,1.34229,1.43
Kepler-1326,1,1.34229,1.43
Kepler-1326,1,1.74,1.45
Kepler-1326,1,2.632,1.535
Kepler-1327,1,1.116,1.001
Kepler-1327,1,1.06231,1.02
Kepler-1327,1,1.116,1.001
Kepler-1327,1,1.045,0.833
Kepler-1327,1,1.06231,1.02
Kepler-1327,1,1.03,1.02
Kepler-1327,1,1.14,1.06
Kepler-1327,1,1.116,1.001
Kepler-1327,1,1.06231,1.02
Kepler-1327,1,1.116,1.001
Kepler-1328,1,0.911,1.001
Kepler-1328,1,0.99,1
Kepler-1328,1,1.316,NA
Kepler-1328,1,0.93,1.007
Kepler-1328,1,0.911,1.001
Kepler-1328,1,1.35747,1
Kepler-1328,1,1.35747,1
Kepler-1328,1,0.911,1.001
Kepler-1328,1,1.289,0.963
Kepler-1328,1,1.294,0.916
Kepler-1329,1,0.589,0.619
Kepler-1329,1,0.686798,0.7
Kepler-1329,1,0.648,0.637
Kepler-1329,1,0.648,0.637
Kepler-1329,1,0.69,0.72
Kepler-1329,1,0.652,NA
Kepler-1329,1,0.686798,0.7
Kepler-1329,1,0.648,0.637
Kepler-1329,1,0.686798,0.7
Kepler-1329,1,0.648,0.637
Kepler-133,2,1.498,0.998
Kepler-133,2,1.62549,1.02
Kepler-133,2,1.62549,1.02
Kepler-133,2,1.32,1.04
Kepler-133,2,1.4,0.995
Kepler-133,2,1.498,0.998
Kepler-133,2,1.498,0.998
Kepler-133,2,1.636,NA
Kepler-133,2,1.425,NA
Kepler-133,2,1.615,1.177
Kepler-133,2,1.62549,1.02
Kepler-133,2,1.34,1.02
Kepler-133,2,1.498,0.998
Kepler-133,2,1.62549,1.02
Kepler-133,2,1.62549,1.02
Kepler-133,2,1.636,NA
Kepler-133,2,1.4,0.995
Kepler-133,2,1.34,1.02
Kepler-133,2,1.62549,1.02
Kepler-133,2,1.615,1.177
Kepler-133,2,1.32,1.04
Kepler-133,2,1.498,0.998
Kepler-133,2,1.425,NA
Kepler-133,2,1.498,0.998
Kepler-1330,1,0.94,0.97
Kepler-1330,1,1.81783,0.96
Kepler-1330,1,1.174,0.915
Kepler-1330,1,0.96,1.057
Kepler-1330,1,1.81783,0.96
Kepler-1330,1,0.96,1.057
Kepler-1330,1,1.81783,0.96
Kepler-1330,1,0.96,1.057
Kepler-1330,1,1.775,NA
Kepler-1330,1,0.89,0.905
Kepler-1331,1,0.622,0.61
Kepler-1331,1,0.655442,0.661
Kepler-1331,1,0.622,0.61
Kepler-1331,1,0.552,0.582
Kepler-1331,1,0.622,0.61
Kepler-1331,1,0.69,0.72
Kepler-1331,1,0.614,NA
Kepler-1331,1,0.655442,0.661
Kepler-1331,1,0.622,0.61
Kepler-1332,1,0.84,0.93
Kepler-1332,1,0.926114,0.975
Kepler-1332,1,0.926114,0.975
Kepler-1332,1,0.93,NA
Kepler-1332,1,0.921,0.921
Kepler-1332,1,0.757,0.775
Kepler-1332,1,0.9,0.95
Kepler-1332,1,0.757,0.775
Kepler-1332,1,0.88,0.907
Kepler-1332,1,0.926114,0.975
Kepler-1332,1,0.757,0.775
Kepler-1333,1,0.797,0.868
Kepler-1333,1,0.890843,0.96
Kepler-1333,1,0.83,0.942
Kepler-1333,1,0.92,0.94
Kepler-1333,1,0.939,NA
Kepler-1333,1,1.453,0.932
Kepler-1333,1,0.890843,0.96
Kepler-1333,1,0.797,0.868
Kepler-1333,1,0.797,0.868
Kepler-1333,1,0.890843,0.96
Kepler-1334,1,1.046,NA
Kepler-1334,1,0.89,0.996
Kepler-1334,1,0.916,1.008
Kepler-1334,1,0.916,1.008
Kepler-1334,1,0.916,1.008
Kepler-1334,1,0.91,0.94
Kepler-1334,1,1.06825,1.01
Kepler-1334,1,1.06825,1.01
Kepler-1334,1,1.06825,1.01
Kepler-1334,1,0.916,1.008
Kepler-1335,1,0.817,0.789
Kepler-1335,1,0.817,0.789
Kepler-1335,1,0.817,0.789
Kepler-1335,1,0.728,NA
Kepler-1335,1,0.74,0.77
Kepler-1335,1,0.72,0.72
Kepler-1335,1,0.753372,0.78
Kepler-1335,1,0.753372,0.78
Kepler-1335,1,0.817,0.789
Kepler-1336,2,1.82069,0.95
Kepler-1336,2,0.864,0.958
Kepler-1336,2,0.84,0.95
Kepler-1336,2,1.793,NA
Kepler-1336,2,1.82069,0.95
Kepler-1336,2,1.82069,0.95
Kepler-1336,2,0.864,0.958
Kepler-1336,2,1.756,1.004
Kepler-1336,2,0.864,0.958
Kepler-1336,2,1.748,0.985
Kepler-1336,2,1.3,0.94
Kepler-1336,2,0.864,0.958
Kepler-1336,2,1.82069,0.95
Kepler-1336,2,0.864,0.958
Kepler-1336,2,0.84,0.95
Kepler-1336,2,1.3,0.94
Kepler-1336,2,0.864,0.958
Kepler-1336,2,1.748,0.985
Kepler-1336,2,1.82069,0.95
Kepler-1336,2,1.793,NA
Kepler-1336,2,1.756,1.004
Kepler-1337,1,0.674,0.669
Kepler-1337,1,0.674,0.669
Kepler-1337,1,0.674,0.669
Kepler-1337,1,0.694,NA
Kepler-1337,1,0.67,0.7
Kepler-1337,1,0.727252,0.69
Kepler-1337,1,0.674,0.669
Kepler-1337,1,0.727252,0.69
Kepler-1337,1,0.727252,0.69
Kepler-1337,1,0.616,0.643
Kepler-1338,1,1.09,1
Kepler-1338,1,1.31234,1.04
Kepler-1338,1,1.095,1.009
Kepler-1338,1,1.31234,1.04
Kepler-1338,1,1.278,1.106
Kepler-1338,1,1.095,1.009
Kepler-1338,1,1.297,1.096
Kepler-1338,1,1.299,NA
Kepler-1338,1,1.05,1.04
Kepler-1338,1,1.095,1.009
Kepler-1339,1,1.259,NA
Kepler-1339,1,0.97,0.945
Kepler-1339,1,1.32319,0.988
Kepler-1339,1,0.886,0.855
Kepler-1339,1,1.407,0.938
Kepler-1339,1,1.249,0.968
Kepler-1339,1,1.32319,0.988
Kepler-1339,1,0.93,0.94
Kepler-1339,1,1.407,0.938
Kepler-1339,1,1.407,0.938
Kepler-134,2,0.976,NA
Kepler-134,2,1.05464,1.05
Kepler-134,2,0.969,0.956
Kepler-134,2,1.035,1.01
Kepler-134,2,1.05464,1.05
Kepler-134,2,1.533,1.263
Kepler-134,2,NA,0.956
Kepler-134,2,1.05464,1.05
Kepler-134,2,1.05464,NA
Kepler-134,2,1.533,1.263
Kepler-134,2,1.533,1.263
Kepler-134,2,1.176,NA
Kepler-134,2,1.054,0.966
Kepler-134,2,1.07,1.06
Kepler-134,2,1.176,NA
Kepler-134,2,1.533,1.263
Kepler-134,2,1.05464,1.05
Kepler-134,2,1.035,1.01
Kepler-134,2,0.976,NA
Kepler-134,2,1.05464,1.05
Kepler-134,2,1.05464,1.05
Kepler-134,2,1.054,0.966
Kepler-134,2,1.533,1.263
Kepler-134,2,1.07,1.06
Kepler-134,2,NA,0.956
Kepler-134,2,0.969,0.956
Kepler-134,2,1.533,1.263
Kepler-1340,1,0.937,1.026
Kepler-1340,1,1.42,1.27
Kepler-1340,1,1.012,NA
Kepler-1340,1,1.01798,1.11
Kepler-1340,1,0.937,1.026
Kepler-1340,1,1.07,1.07
Kepler-1340,1,0.91,1.015
Kepler-1340,1,1.01798,1.11
Kepler-1340,1,0.988,1.064
Kepler-1340,1,0.937,1.026
Kepler-1341,1,0.785642,0.71
Kepler-1341,1,0.657,0.691
Kepler-1341,1,0.731,NA
Kepler-1341,1,0.657,0.691
Kepler-1341,1,0.657,0.691
Kepler-1341,1,0.724,0.795
Kepler-1341,1,0.785642,0.71
Kepler-1341,1,0.72,0.79
Kepler-1341,1,0.785642,0.71
Kepler-1341,1,0.659,0.687
Kepler-1341,1,0.586,0.663
Kepler-1342,1,0.901,0.83
Kepler-1342,1,0.9,0.93
Kepler-1342,1,0.895106,0.9
Kepler-1342,1,0.895106,0.9
Kepler-1342,1,0.842,NA
Kepler-1342,1,0.901,0.83
Kepler-1342,1,0.901,0.83
Kepler-1342,1,0.98,0.99
Kepler-1342,1,0.901,0.83
Kepler-1343,1,1.009,1.072
Kepler-1343,1,1.01,1.1
Kepler-1343,1,0.93,0.95
Kepler-1343,1,1.242,NA
Kepler-1343,1,1.26216,1.03
Kepler-1343,1,1.005,1.072
Kepler-1343,1,1.26216,1.03
Kepler-1343,1,1.009,1.072
Kepler-1343,1,1.009,1.072
Kepler-1344,1,1.15513,1.05
Kepler-1344,1,1.15513,1.05
Kepler-1344,1,1.116,1.069
Kepler-1344,1,1.133,0.976
Kepler-1344,1,1.13,1.09
Kepler-1344,1,1.116,1.069
Kepler-1344,1,1.15513,1.05
Kepler-1344,1,1.156,NA
Kepler-1344,1,1.116,1.069
Kepler-1344,1,1.116,1.069
Kepler-1344,1,1.13,1.11
Kepler-1345,1,1.424,1.235
Kepler-1345,1,2.02201,1.13
Kepler-1345,1,2.02201,1.13
Kepler-1345,1,1.816,NA
Kepler-1345,1,2.02201,1.13
Kepler-1345,1,1.764,1.234
Kepler-1345,1,1.46,1.31
Kepler-1345,1,1.55,1.32
Kepler-1345,1,1.424,1.235
Kepler-1345,1,1.424,1.235
Kepler-1345,1,1.424,1.235
Kepler-1346,1,1.03,1.11
Kepler-1346,1,0.906,0.982
Kepler-1346,1,1.21,1.14
Kepler-1346,1,0.906,0.982
Kepler-1346,1,0.896,NA
Kepler-1346,1,1.02322,1.01
Kepler-1346,1,0.906,0.982
Kepler-1346,1,1.02322,1.01
Kepler-1346,1,0.906,0.982
Kepler-1347,1,0.767,0.763
Kepler-1347,1,0.804966,NA
Kepler-1347,1,0.767,0.763
Kepler-1347,1,0.804966,NA
Kepler-1347,1,0.767,0.763
Kepler-1347,1,0.79,0.82
Kepler-1347,1,0.767,0.763
Kepler-1347,1,0.73,0.808
Kepler-1347,1,0.804966,NA
Kepler-1348,1,0.801,0.887
Kepler-1348,1,1.04,1.04
Kepler-1348,1,1.22458,1.06
Kepler-1348,1,1.22458,1.06
Kepler-1348,1,0.801,0.887
Kepler-1348,1,0.95,1.051
Kepler-1348,1,1.22458,1.06
Kepler-1348,1,1.09,1.079
Kepler-1348,1,0.801,0.887
Kepler-1348,1,1.235,NA
Kepler-1349,1,1.36,1.14
Kepler-1349,1,1.4515,1.05
Kepler-1349,1,1.01,1.01
Kepler-1349,1,1.4515,1.05
Kepler-1349,1,1.377,1.168
Kepler-1349,1,1.369,1.178
Kepler-1349,1,1.36,1.14
Kepler-1349,1,1.36,1.14
Kepler-1349,1,1.378,NA
Kepler-1349,1,1.28,1.16
Kepler-135,2,1.413,1.047
Kepler-135,2,1.209,1.187
Kepler-135,2,1.36,1.257
Kepler-135,2,1.55505,1.1
Kepler-135,2,1.209,1.187
Kepler-135,2,1.433,NA
Kepler-135,2,1.275,NA
Kepler-135,2,1.55505,1.1
Kepler-135,2,1.21,1.14
Kepler-135,2,1.209,1.187
Kepler-135,2,1.35,1.25
Kepler-135,2,1.21,1.14
Kepler-135,2,1.275,NA
Kepler-135,2,1.209,1.187
Kepler-135,2,1.413,1.047
Kepler-135,2,1.209,1.187
Kepler-135,2,1.36,1.257
Kepler-135,2,1.433,NA
Kepler-135,2,1.35,1.25
Kepler-135,2,1.209,1.187
Kepler-135,2,1.55505,1.1
Kepler-135,2,1.55505,1.1
Kepler-1350,2,0.62,0.5
Kepler-1350,2,0.530382,0.527267
Kepler-1350,2,0.444,0.465
Kepler-1350,2,0.444,0.465
Kepler-1350,2,NA,NA
Kepler-1350,2,0.530382,0.527267
Kepler-1350,2,0.53,0.55
Kepler-1350,2,0.444,0.464
Kepler-1350,2,0.530382,0.527267
Kepler-1350,2,0.526,NA
Kepler-1350,2,0.444,0.465
Kepler-1350,2,0.444,0.465
Kepler-1350,2,0.62,0.5
Kepler-1350,2,0.444,0.465
Kepler-1350,2,0.53,0.55
Kepler-1350,2,0.526,NA
Kepler-1350,2,0.530382,0.527267
Kepler-1350,2,0.444,0.465
Kepler-1350,2,NA,NA
Kepler-1350,2,0.444,0.464
Kepler-1350,2,0.530382,0.527267
Kepler-1351,1,0.614,0.6
Kepler-1351,1,0.583,0.613
Kepler-1351,1,0.561,NA
Kepler-1351,1,0.614,0.6
Kepler-1351,1,0.614,0.6
Kepler-1351,1,0.614,0.6
Kepler-1351,1,0.575591,0.675
Kepler-1351,1,0.575591,0.675
Kepler-1351,1,0.67,0.7
Kepler-1352,1,1.115,1.017
Kepler-1352,1,1.28493,1.08
Kepler-1352,1,1.16,1.11
Kepler-1352,1,1.23,1.14
Kepler-1352,1,1.133,1.016
Kepler-1352,1,1.264,NA
Kepler-1352,1,1.133,1.016
Kepler-1352,1,1.28493,1.08
Kepler-1352,1,1.243,0.906
Kepler-1352,1,1.133,1.016
Kepler-1353,1,0.72,0.76
Kepler-1353,1,0.748377,0.747
Kepler-1353,1,0.804,0.778
Kepler-1353,1,0.804,0.778
Kepler-1353,1,0.748377,0.747
Kepler-1353,1,0.748377,0.747
Kepler-1353,1,0.664,0.684
Kepler-1353,1,0.804,0.778
Kepler-1353,1,0.804,0.778
Kepler-1353,1,0.713,NA
Kepler-1354,1,1.3817,1.05
Kepler-1354,1,1.021,0.989
Kepler-1354,1,1.021,0.989
Kepler-1354,1,1.34,NA
Kepler-1354,1,1.07,1.08
Kepler-1354,1,1.03,0.988
Kepler-1354,1,1.3817,1.05
Kepler-1354,1,1.021,0.989
Kepler-1354,1,1.24,1.16
Kepler-1355,1,0.78,0.882
Kepler-1355,1,0.808,0.906
Kepler-1355,1,0.825846,0.9
Kepler-1355,1,0.809,0.9
Kepler-1355,1,0.825846,0.9
Kepler-1355,1,0.83,0.88
Kepler-1355,1,0.809,0.9
Kepler-1355,1,0.767,NA
Kepler-1355,1,0.809,0.9
Kepler-1356,1,0.763449,0.83
Kepler-1356,1,0.752,0.836
Kepler-1356,1,0.763449,0.83
Kepler-1356,1,0.736,NA
Kepler-1356,1,0.78,0.82
Kepler-1356,1,0.75,0.84
Kepler-1356,1,0.68,0.88
Kepler-1356,1,0.752,0.836
Kepler-1356,1,0.752,0.836
Kepler-1357,1,0.895907,0.99
Kepler-1357,1,0.797,0.875
Kepler-1357,1,0.797,0.875
Kepler-1357,1,0.893,1.01
Kepler-1357,1,0.797,0.875
Kepler-1357,1,0.9,0.93
Kepler-1357,1,0.891,NA
Kepler-1357,1,0.9,1.007
Kepler-1357,1,0.895907,0.99
Kepler-1358,1,0.785242,0.87
Kepler-1358,1,0.785242,0.87
Kepler-1358,1,0.79,0.82
Kepler-1358,1,0.818,0.753
Kepler-1358,1,0.818,0.753
Kepler-1358,1,0.818,0.753
Kepler-1358,1,0.818,0.753
Kepler-1358,1,0.86,0.796
Kepler-1358,1,0.775,NA
Kepler-1359,1,0.833,0.8
Kepler-1359,1,0.833,0.8
Kepler-1359,1,0.695153,0.72
Kepler-1359,1,0.833,0.8
Kepler-1359,1,0.695153,0.72
Kepler-1359,1,1.04,0.88
Kepler-1359,1,0.72,0.78
Kepler-1359,1,0.647,0.713
Kepler-1359,1,0.833,0.8
Kepler-1359,1,0.655,NA
Kepler-136,2,1.303,1.193
Kepler-136,2,1.188,1.17
Kepler-136,2,1.458,NA
Kepler-136,2,1.48943,1.185
Kepler-136,2,1.188,1.168
Kepler-136,2,1.29,1.21
Kepler-136,2,1.48943,1.185
Kepler-136,2,1.21,1.204
Kepler-136,2,1.355,NA
Kepler-136,2,1.188,1.168
Kepler-136,2,1.188,1.168
Kepler-136,2,1.48943,1.185
Kepler-136,2,1.188,1.168
Kepler-136,2,1.188,1.168
Kepler-136,2,1.29,1.21
Kepler-136,2,1.48943,1.185
Kepler-136,2,1.188,1.17
Kepler-136,2,1.48943,1.185
Kepler-136,2,1.48943,1.185
Kepler-136,2,1.303,1.193
Kepler-136,2,1.21,1.204
Kepler-136,2,1.458,NA
Kepler-136,2,1.355,NA
Kepler-136,2,1.188,1.168
Kepler-1360,1,1.155,1.237
Kepler-1360,1,3.086,1.907
Kepler-1360,1,2.16132,1.41
Kepler-1360,1,2.16132,1.41
Kepler-1360,1,1,1.1
Kepler-1360,1,2.16132,1.41
Kepler-1360,1,2.097,NA
Kepler-1360,1,1.155,1.237
Kepler-1360,1,1.155,1.237
Kepler-1360,1,1.83,1.51
Kepler-1361,1,0.797922,0.836
Kepler-1361,1,0.917,0.832
Kepler-1361,1,0.797922,0.836
Kepler-1361,1,0.917,0.832
Kepler-1361,1,0.768,0.831
Kepler-1361,1,0.773,NA
Kepler-1361,1,0.917,0.832
Kepler-1361,1,0.79,0.83
Kepler-1361,1,0.77,0.76
Kepler-1361,1,0.917,0.832
Kepler-1362,1,0.688,0.699
Kepler-1362,1,0.675,0.711
Kepler-1362,1,0.769739,0.74
Kepler-1362,1,0.769739,0.74
Kepler-1362,1,0.74,0.8
Kepler-1362,1,0.688,0.699
Kepler-1362,1,0.688,0.699
Kepler-1362,1,0.718,NA
Kepler-1362,1,0.667,0.687
Kepler-1362,1,0.769739,0.74
Kepler-1363,1,0.758,0.733
Kepler-1363,1,0.758,0.733
Kepler-1363,1,0.702,NA
Kepler-1363,1,0.761441,0.731
Kepler-1363,1,0.72,0.76
Kepler-1363,1,0.761441,0.731
Kepler-1363,1,0.758,0.733
Kepler-1363,1,0.758,0.733
Kepler-1363,1,0.687,0.702
Kepler-1364,1,1.582,1.411
Kepler-1364,1,NA,NA
Kepler-1364,1,NA,NA
Kepler-1364,1,1.582,1.411
Kepler-1364,1,1.44,1.37
Kepler-1364,1,1.582,1.411
Kepler-1364,1,2.274,1.584
Kepler-1364,1,NA,NA
Kepler-1364,1,1.79,1.49
Kepler-1365,2,1.104,0.946
Kepler-1365,2,1.646,NA
Kepler-1365,2,1.05,1
Kepler-1365,2,1.70422,1
Kepler-1365,2,0.921,1.016
Kepler-1365,2,1.618,1.083
Kepler-1365,2,0.9,0.957
Kepler-1365,2,0.921,1.016
Kepler-1365,2,0.921,1.016
Kepler-1365,2,1.70422,1
Kepler-1365,2,0.921,1.016
Kepler-1365,2,0.9,0.957
Kepler-1365,2,1.104,0.946
Kepler-1365,2,1.70422,1
Kepler-1365,2,0.921,1.016
Kepler-1365,2,1.70422,1
Kepler-1365,2,0.921,1.016
Kepler-1365,2,1.618,1.083
Kepler-1365,2,1.646,NA
Kepler-1365,2,1.05,1
Kepler-1366,1,0.554,0.578
Kepler-1366,1,0.683869,0.651962
Kepler-1366,1,0.681,NA
Kepler-1366,1,0.54,0.552
Kepler-1366,1,NA,NA
Kepler-1366,1,0.6,0.62
Kepler-1366,1,0.63,0.54
Kepler-1366,1,0.683869,0.651962
Kepler-1366,1,0.54,0.552
Kepler-1366,1,0.54,0.552
Kepler-1367,1,0.546,0.572
Kepler-1367,1,0.729188,0.63
Kepler-1367,1,0.546,0.572
Kepler-1367,1,0.627,NA
Kepler-1367,1,0.65,0.731
Kepler-1367,1,0.533,0.559
Kepler-1367,1,0.6,0.62
Kepler-1367,1,0.546,0.572
Kepler-1367,1,0.729188,0.63
Kepler-1368,1,0.961,1.049
Kepler-1368,1,0.961,1.049
Kepler-1368,1,0.961,1.049
Kepler-1368,1,1.11356,1
Kepler-1368,1,0.994,NA
Kepler-1368,1,1.11356,1
Kepler-1368,1,1.08,1.07
Kepler-1368,1,0.961,1.049
Kepler-1368,1,0.91,1.05
Kepler-1369,1,1.093,1.048
Kepler-1369,1,1.02114,1.01
Kepler-1369,1,1.093,1.048
Kepler-1369,1,0.99,0.99
Kepler-1369,1,0.972,NA
Kepler-1369,1,1.093,1.048
Kepler-1369,1,1.07,1
Kepler-1369,1,1.02114,1.01
Kepler-1369,1,1.02114,1.01
Kepler-1369,1,1.093,1.048
Kepler-137,2,0.858396,0.9
Kepler-137,2,0.81,0.87
Kepler-137,2,0.858396,0.9
Kepler-137,2,0.856,NA
Kepler-137,2,0.809,0.907
Kepler-137,2,0.809,0.907
Kepler-137,2,0.809,0.907
Kepler-137,2,0.858396,0.9
Kepler-137,2,0.802,NA
Kepler-137,2,0.851,0.85
Kepler-137,2,0.858,0.908
Kepler-137,2,0.795,0.814
Kepler-137,2,0.809,0.907
Kepler-137,2,0.795,0.814
Kepler-137,2,0.858,0.908
Kepler-137,2,0.809,0.907
Kepler-137,2,0.81,0.87
Kepler-137,2,0.802,NA
Kepler-137,2,0.851,0.85
Kepler-137,2,0.858396,0.9
Kepler-137,2,0.856,NA
Kepler-137,2,0.858396,0.9
Kepler-137,2,0.809,0.907
Kepler-1370,2,1.466,1.271
Kepler-1370,2,1.4625,1.2
Kepler-1370,2,1.499,NA
Kepler-1370,2,1.276,1.245
Kepler-1370,2,1.21,1.1
Kepler-1370,2,1.4625,1.2
Kepler-1370,2,1.276,1.245
Kepler-1370,2,1.276,1.245
Kepler-1370,2,1.29,1.19
Kepler-1370,2,1.291,1.084
Kepler-1370,2,1.4625,1.2
Kepler-1370,2,1.29,1.19
Kepler-1370,2,1.276,1.245
Kepler-1370,2,1.291,1.084
Kepler-1370,2,1.4625,1.2
Kepler-1370,2,1.466,1.271
Kepler-1370,2,1.4625,1.2
Kepler-1370,2,1.276,1.245
Kepler-1370,2,1.499,NA
Kepler-1370,2,1.21,1.1
Kepler-1370,2,1.276,1.245
Kepler-1371,2,0.916461,0.93
Kepler-1371,2,0.721,0.68
Kepler-1371,2,0.954,0.839
Kepler-1371,2,0.721,0.68
Kepler-1371,2,0.721,0.68
Kepler-1371,2,0.916461,0.93
Kepler-1371,2,0.721,0.68
Kepler-1371,2,0.88,0.84
Kepler-1371,2,0.83,0.87
Kepler-1371,2,0.965,NA
Kepler-1371,2,0.83,0.87
Kepler-1371,2,0.721,0.68
Kepler-1371,2,0.88,0.84
Kepler-1371,2,0.965,NA
Kepler-1371,2,0.954,0.839
Kepler-1371,2,0.721,0.68
Kepler-1371,2,0.721,0.68
Kepler-1371,2,0.721,0.68
Kepler-1371,2,0.916461,0.93
Kepler-1372,1,0.97,0.98
Kepler-1372,1,0.963,1.072
Kepler-1372,1,1.064,NA
Kepler-1372,1,0.963,1.072
Kepler-1372,1,0.963,1.072
Kepler-1372,1,1.09046,0.98
Kepler-1372,1,0.963,1.072
Kepler-1372,1,0.89,0.996
Kepler-1372,1,1.09046,0.98
Kepler-1373,1,2.02214,1.25
Kepler-1373,1,1.086,1.129
Kepler-1373,1,2.093,NA
Kepler-1373,1,1.033,1.083
Kepler-1373,1,2.02214,1.25
Kepler-1373,1,1.09,1.159
Kepler-1373,1,1.033,1.083
Kepler-1373,1,1.33,1.22
Kepler-1373,1,1.033,1.083
Kepler-1373,1,2.016,1.401
Kepler-1374,1,0.770767,0.92
Kepler-1374,1,0.57,0.92
Kepler-1374,1,0.770767,0.92
Kepler-1374,1,0.827,0.908
Kepler-1374,1,0.754,NA
Kepler-1374,1,0.817,0.913
Kepler-1374,1,0.81,0.85
Kepler-1374,1,0.827,0.908
Kepler-1374,1,0.770767,0.92
Kepler-1374,1,0.827,0.908
Kepler-1375,1,2.01081,1.35
Kepler-1375,1,1.207,1.073
Kepler-1375,1,2.01081,1.35
Kepler-1375,1,1.207,1.073
Kepler-1375,1,1.438,1.279
Kepler-1375,1,1.24,1.12
Kepler-1375,1,1.78,1.47
Kepler-1375,1,2.127,NA
Kepler-1375,1,1.207,1.073
Kepler-1376,1,0.955,1.011
Kepler-1376,1,0.955,1.011
Kepler-1376,1,0.955,1.011
Kepler-1376,1,1.0051,0.97
Kepler-1376,1,0.93,0.98
Kepler-1376,1,1.0051,0.97
Kepler-1376,1,0.955,1.011
Kepler-1376,1,0.97,0.98
Kepler-1376,1,0.954,NA
Kepler-1377,1,0.855527,0.9
Kepler-1377,1,0.82,0.86
Kepler-1377,1,0.874,0.87
Kepler-1377,1,0.874,0.87
Kepler-1377,1,0.89,0.89
Kepler-1377,1,0.874,0.87
Kepler-1377,1,0.874,0.87
Kepler-1377,1,0.855527,0.9
Kepler-1378,1,0.648181,0.666
Kepler-1378,1,0.601,NA
Kepler-1378,1,0.648181,0.666
Kepler-1378,1,0.659,0.648
Kepler-1378,1,0.659,0.648
Kepler-1378,1,0.67,0.7
Kepler-1378,1,0.659,0.648
Kepler-1378,1,0.659,0.648
Kepler-1378,1,0.648181,0.666
Kepler-1378,1,0.72,0.63
Kepler-1379,1,0.79,0.92
Kepler-1379,1,0.79,0.83
Kepler-1379,1,0.773897,0.88
Kepler-1379,1,0.824,NA
Kepler-1379,1,0.778,0.856
Kepler-1379,1,0.778,0.856
Kepler-1379,1,0.773897,0.88
Kepler-1379,1,0.778,0.856
Kepler-1379,1,0.776,0.871
Kepler-138,4,0.53,0.56
Kepler-138,4,0.535,0.535
Kepler-138,4,0.582,0.551
Kepler-138,4,0.612,0.526
Kepler-138,4,0.5,0.52
Kepler-138,4,0.442,0.521
Kepler-138,4,0.528,NA
Kepler-138,4,0.537,NA
Kepler-138,4,0.503,0.505
Kepler-138,4,0.553,0.593
Kepler-138,4,0.5,0.52
Kepler-138,4,0.5,0.52
Kepler-138,4,0.553,0.593
Kepler-138,4,NA,NA
Kepler-138,4,0.543991,0.539818
Kepler-138,4,0.454,0.468
Kepler-138,4,0.553,0.593
Kepler-138,4,0.582,0.551
Kepler-138,4,0.442,0.521
Kepler-138,4,0.53,0.56
Kepler-138,4,0.54,0.57
Kepler-138,4,0.543991,0.539818
Kepler-138,4,0.535,0.535
Kepler-138,4,0.5,0.52
Kepler-138,4,0.454,0.468
Kepler-138,4,NA,NA
Kepler-138,4,0.553,0.593
Kepler-138,4,0.543991,0.539818
Kepler-138,4,0.537,NA
Kepler-138,4,0.5,0.52
Kepler-138,4,0.612,0.526
Kepler-138,4,0.5,0.52
Kepler-138,4,0.503,0.505
Kepler-138,4,0.5,0.52
Kepler-138,4,0.543991,0.539818
Kepler-138,4,0.54,0.57
Kepler-138,4,0.53,0.56
Kepler-138,4,0.582,0.551
Kepler-138,4,0.537,NA
Kepler-138,4,0.543991,0.539818
Kepler-138,4,0.454,0.468
Kepler-138,4,0.5,0.52
Kepler-138,4,0.553,0.593
Kepler-138,4,0.535,0.535
Kepler-138,4,0.503,0.505
Kepler-138,4,0.442,0.521
Kepler-138,4,0.5,0.52
Kepler-138,4,0.612,0.526
Kepler-138,4,NA,NA
Kepler-138,4,0.5,0.52
Kepler-138,4,0.5,0.52
Kepler-138,4,0.543991,0.539818
Kepler-138,4,0.535,0.535
Kepler-1380,1,1.929,NA
Kepler-1380,1,0.893,0.967
Kepler-1380,1,2.02521,0.92
Kepler-1380,1,0.94,0.96
Kepler-1380,1,0.86,0.926
Kepler-1380,1,2.02521,0.92
Kepler-1380,1,0.893,0.967
Kepler-1380,1,0.893,0.967
Kepler-1380,1,0.893,0.967
Kepler-1381,1,0.994,1.067
Kepler-1381,1,0.994,1.067
Kepler-1381,1,0.94,0.96
Kepler-1381,1,0.904984,1.01
Kepler-1381,1,0.994,1.067
Kepler-1381,1,0.904984,1.01
Kepler-1381,1,0.904984,1.01
Kepler-1381,1,0.98,1.08
Kepler-1381,1,0.834,NA
Kepler-1381,1,0.994,1.067
Kepler-1382,1,1.75667,1.13
Kepler-1382,1,1.007,1.111
Kepler-1382,1,1.007,1.111
Kepler-1382,1,0.93,1.029
Kepler-1382,1,1.72,1.36
Kepler-1382,1,1.727,1.373
Kepler-1382,1,1.75667,1.13
Kepler-1382,1,1.007,1.111
Kepler-1382,1,1.752,NA
Kepler-1382,1,1.765,1.377
Kepler-1383,1,1.424,1.128
Kepler-1383,1,1.44,1.26
Kepler-1383,1,1.194,0.932
Kepler-1383,1,1.194,0.932
Kepler-1383,1,1.33,1.16
Kepler-1383,1,1.612,NA
Kepler-1383,1,1.69936,1.16
Kepler-1383,1,1.194,0.932
Kepler-1383,1,1.581,1.019
Kepler-1383,1,1.69936,1.16
Kepler-1384,1,NA,NA
Kepler-1384,1,0.851,0.806
Kepler-1384,1,0.851,0.806
Kepler-1384,1,1,0.91
Kepler-1384,1,NA,NA
Kepler-1384,1,0.851,0.806
Kepler-1384,1,0.74,0.78
Kepler-1384,1,0.851,0.806
Kepler-1384,1,NA,NA
Kepler-1385,1,1.658,1.236
Kepler-1385,1,0.854,0.945
Kepler-1385,1,1.331,1.139
Kepler-1385,1,0.854,0.945
Kepler-1385,1,1.80581,0.98
Kepler-1385,1,1.29,1.15
Kepler-1385,1,1.80581,0.98
Kepler-1385,1,1.685,NA
Kepler-1385,1,0.85,0.963
Kepler-1385,1,0.854,0.945
Kepler-1386,1,1.047,NA
Kepler-1386,1,1.08793,0.98
Kepler-1386,1,1.03,1.02
Kepler-1386,1,0.933,1.001
Kepler-1386,1,0.9,0.926
Kepler-1386,1,1.08793,0.98
Kepler-1386,1,1.176,0.92
Kepler-1386,1,0.933,1.001
Kepler-1386,1,0.933,1.001
Kepler-1387,1,0.703842,0.82
Kepler-1387,1,0.72,0.73
Kepler-1387,1,0.712,NA
Kepler-1387,1,0.797,0.76
Kepler-1387,1,0.797,0.76
Kepler-1387,1,0.797,0.76
Kepler-1387,1,0.797,0.76
Kepler-1387,1,0.77,0.82
Kepler-1387,1,0.703842,0.82
Kepler-1388,4,0.523,0.541
Kepler-1388,4,0.485,NA
Kepler-1388,4,0.523,0.541
Kepler-1388,4,0.48,NA
Kepler-1388,4,0.564,0.605
Kepler-1388,4,NA,NA
Kepler-1388,4,0.600757,0.588706
Kepler-1388,4,0.600757,0.588706
Kepler-1388,4,0.6,0.52
Kepler-1388,4,0.523,0.541
Kepler-1388,4,0.61,0.63
Kepler-1388,4,0.600757,0.588706
Kepler-1388,4,0.600757,0.588706
Kepler-1388,4,0.523,0.541
Kepler-1388,4,0.48,NA
Kepler-1388,4,0.523,0.541
Kepler-1388,4,0.600757,0.588706
Kepler-1388,4,0.6,0.52
Kepler-1388,4,0.600757,0.588706
Kepler-1388,4,0.523,0.541
Kepler-1388,4,0.485,NA
Kepler-1388,4,0.564,0.605
Kepler-1388,4,0.61,0.63
Kepler-1388,4,NA,NA
Kepler-1388,4,0.48,NA
Kepler-1388,4,NA,NA
Kepler-1388,4,0.523,0.541
Kepler-1388,4,0.485,NA
Kepler-1388,4,0.600757,0.588706
Kepler-1388,4,0.61,0.63
Kepler-1388,4,0.600757,0.588706
Kepler-1388,4,0.564,0.605
Kepler-1388,4,0.523,0.541
Kepler-1388,4,0.485,NA
Kepler-1388,4,0.523,0.541
Kepler-1388,4,0.523,0.541
Kepler-1388,4,0.600757,0.588706
Kepler-1388,4,NA,NA
Kepler-1388,4,0.48,NA
Kepler-1388,4,0.61,0.63
Kepler-1388,4,0.600757,0.588706
Kepler-1388,4,0.564,0.605
Kepler-1389,1,0.748623,0.8
Kepler-1389,1,0.748623,0.8
Kepler-1389,1,0.709,0.757
Kepler-1389,1,0.754,0.756
Kepler-1389,1,0.7,0.784
Kepler-1389,1,0.754,0.756
Kepler-1389,1,0.717,NA
Kepler-1389,1,0.748623,0.8
Kepler-1389,1,0.74,0.81
Kepler-1389,1,0.715,0.798
Kepler-1389,1,0.754,0.756
Kepler-139,5,1.10169,0.98
Kepler-139,5,1.2,1.044
Kepler-139,5,1.12,1.05
Kepler-139,5,1.10169,0.98
Kepler-139,5,NA,1.078
Kepler-139,5,1.2,1.044
Kepler-139,5,1.2,1.044
Kepler-139,5,1.045,1.078
Kepler-139,5,1.3,NA
Kepler-139,5,1.10169,0.98
Kepler-139,5,1.18,1.084
Kepler-139,5,1.045,1.078
Kepler-139,5,1.052,NA
Kepler-139,5,1.143,1.025
Kepler-139,5,1.143,1.025
Kepler-139,5,1.2,1.044
Kepler-139,5,1.3,NA
Kepler-139,5,1.10169,0.98
Kepler-139,5,1.045,1.078
Kepler-139,5,1.10169,0.98
Kepler-139,5,1.2,1.044
Kepler-139,5,1.18,1.084
Kepler-139,5,1.10169,0.98
Kepler-139,5,1.2,1.044
Kepler-139,5,1.12,1.05
Kepler-139,5,1.052,NA
Kepler-139,5,NA,1.078
Kepler-139,5,1.045,1.078
Kepler-139,5,1.045,1.078
Kepler-139,5,1.10169,0.98
Kepler-139,5,1.10169,0.98
Kepler-139,5,1.143,1.025
Kepler-139,5,1.18,1.084
Kepler-139,5,1.045,1.078
Kepler-139,5,1.2,1.044
Kepler-139,5,1.2,1.044
Kepler-139,5,1.2,1.044
Kepler-139,5,NA,1.078
Kepler-139,5,NA,1.078
Kepler-139,5,1.045,1.078
Kepler-139,5,1.045,1.078
Kepler-1390,1,0.84,0.948
Kepler-1390,1,0.789,0.859
Kepler-1390,1,0.955,NA
Kepler-1390,1,0.983,0.92
Kepler-1390,1,0.789,0.859
Kepler-1390,1,1.02227,0.94
Kepler-1390,1,0.789,0.859
Kepler-1390,1,1.02227,0.94
Kepler-1390,1,0.98,0.98
Kepler-1391,1,0.892,0.985
Kepler-1391,1,1.77507,0.98
Kepler-1391,1,1.77507,0.98
Kepler-1391,1,0.892,0.985
Kepler-1391,1,1.77507,0.98
Kepler-1391,1,1.596,NA
Kepler-1391,1,1.133,0.954
Kepler-1391,1,0.892,0.985
Kepler-1391,1,1.1,1.03
Kepler-1391,1,1.557,1.222
Kepler-1391,1,0.9,1
Kepler-1392,1,NA,NA
Kepler-1392,1,NA,NA
Kepler-1392,1,0.887,0.978
Kepler-1392,1,NA,NA
Kepler-1392,1,0.85,0.88
Kepler-1392,1,0.887,0.978
Kepler-1392,1,0.85,1.04
Kepler-1392,1,0.887,0.978
Kepler-1392,1,0.887,0.978
Kepler-1393,1,0.825,0.905
Kepler-1393,1,0.825,0.905
Kepler-1393,1,0.87,0.976
Kepler-1393,1,NA,NA
Kepler-1393,1,0.873,0.85
Kepler-1393,1,0.825,0.905
Kepler-1393,1,0.92,0.95
Kepler-1393,1,NA,NA
Kepler-1394,1,1.525,1.331
Kepler-1394,1,2.55,1.64
Kepler-1394,1,1.96661,1.36
Kepler-1394,1,2.02,NA
Kepler-1394,1,1.55,1.32
Kepler-1394,1,1.525,1.331
Kepler-1394,1,1.525,1.331
Kepler-1394,1,2.741,1.465
Kepler-1394,1,1.989,1.41
Kepler-1394,1,1.96661,1.36
Kepler-1395,1,1.206,1.126
Kepler-1395,1,1.24297,1.13
Kepler-1395,1,1.193,1.145
Kepler-1395,1,1.95,1.302
Kepler-1395,1,1.99,1.4
Kepler-1395,1,1.21,NA
Kepler-1395,1,1.24297,1.13
Kepler-1395,1,1.23,1.17
Kepler-1395,1,1.95,1.302
Kepler-1395,1,1.95,1.302
Kepler-1396,1,1.22049,1.06
Kepler-1396,1,1.22049,1.06
Kepler-1396,1,1.03,1.114
Kepler-1396,1,1.27,1.18
Kepler-1396,1,1.262,1.117
Kepler-1396,1,1.031,1.088
Kepler-1396,1,1.031,1.088
Kepler-1396,1,1.031,1.088
Kepler-1396,1,1.124,NA
Kepler-1396,1,1.22049,1.06
Kepler-1397,1,0.911,0.87
Kepler-1397,1,1.70897,1.19
Kepler-1397,1,0.97,0.982
Kepler-1397,1,1.766,NA
Kepler-1397,1,1.126,1.042
Kepler-1397,1,0.911,0.87
Kepler-1397,1,1.70897,1.19
Kepler-1397,1,1.12,1.09
Kepler-1397,1,1.716,1.023
Kepler-1397,1,1.70897,1.19
Kepler-1397,1,0.911,0.87
Kepler-1398,2,0.981,1.015
Kepler-1398,2,1.32637,1.11
Kepler-1398,2,1.05,1.12
Kepler-1398,2,1.32637,1.11
Kepler-1398,2,1.18,1.13
Kepler-1398,2,1.385,1.029
Kepler-1398,2,0.981,1.015
Kepler-1398,2,0.981,1.015
Kepler-1398,2,1.276,1.024
Kepler-1398,2,1.298,NA
Kepler-1398,2,1.05,1.12
Kepler-1398,2,1.18,1.13
Kepler-1398,2,0.981,1.015
Kepler-1398,2,0.981,1.015
Kepler-1398,2,1.32637,1.11
Kepler-1398,2,0.981,1.015
Kepler-1398,2,1.298,NA
Kepler-1398,2,1.385,1.029
Kepler-1398,2,1.32637,1.11
Kepler-1398,2,1.276,1.024
Kepler-1399,1,0.981,1.039
Kepler-1399,1,0.96,0.97
Kepler-1399,1,0.981,1.039
Kepler-1399,1,1.09479,0.98
Kepler-1399,1,1.015,NA
Kepler-1399,1,0.981,1.039
Kepler-1399,1,0.97,1.08
Kepler-1399,1,0.981,1.039
Kepler-1399,1,1.09479,0.98
Kepler-14,1,2.075,1.391
Kepler-14,1,2.09,1.318
Kepler-14,1,2.00068,NA
Kepler-14,1,2.048,1.512
Kepler-14,1,2.075,1.391
Kepler-14,1,2.16,1.52
Kepler-14,1,2.075,1.391
Kepler-14,1,2.00068,NA
Kepler-14,1,2.00068,NA
Kepler-14,1,2.001,1.313
Kepler-14,1,1.63,1.374
Kepler-14,1,2.00068,NA
Kepler-140,2,1.172,1.044
Kepler-140,2,1.064,1.149
Kepler-140,2,1.089,1.092
Kepler-140,2,1.19153,1.15
Kepler-140,2,1.19153,1.15
Kepler-140,2,1.15,1.15
Kepler-140,2,1.166,1.207
Kepler-140,2,1.064,1.149
Kepler-140,2,1.187,NA
Kepler-140,2,1.19153,1.15
Kepler-140,2,1.064,1.149
Kepler-140,2,1.288,NA
Kepler-140,2,1.19153,1.15
Kepler-140,2,1.089,1.092
Kepler-140,2,1.064,1.149
Kepler-140,2,1.064,1.149
Kepler-140,2,1.288,NA
Kepler-140,2,1.166,1.207
Kepler-140,2,1.15,1.15
Kepler-140,2,1.187,NA
Kepler-140,2,1.19153,1.15
Kepler-140,2,1.064,1.149
Kepler-140,2,1.172,1.044
Kepler-140,2,1.19153,1.15
Kepler-1400,1,0.710105,0.8
Kepler-1400,1,0.93,0.93
Kepler-1400,1,0.789,0.745
Kepler-1400,1,0.78,0.83
Kepler-1400,1,0.789,0.745
Kepler-1400,1,0.789,0.745
Kepler-1400,1,0.710105,0.8
Kepler-1400,1,0.789,0.745
Kepler-1400,1,0.651,NA
Kepler-1401,1,0.898,0.982
Kepler-1401,1,0.898,0.982
Kepler-1401,1,0.898,0.982
Kepler-1401,1,0.898,0.982
Kepler-1401,1,NA,NA
Kepler-1401,1,0.95,1.054
Kepler-1401,1,1.1,1.07
Kepler-1402,1,0.804,0.877
Kepler-1402,1,1.928,NA
Kepler-1402,1,0.77,0.873
Kepler-1402,1,2.00029,0.91
Kepler-1402,1,0.804,0.877
Kepler-1402,1,0.87,0.9
Kepler-1402,1,1.899,1.075
Kepler-1402,1,0.804,0.877
Kepler-1402,1,2.00029,0.91
Kepler-1403,1,1.15,1.11
Kepler-1403,1,1.41138,1.11
Kepler-1403,1,1.224,1.293
Kepler-1403,1,1.241,1.306
Kepler-1403,1,1.241,1.306
Kepler-1403,1,1.07,1.15
Kepler-1403,1,1.41138,1.11
Kepler-1403,1,1.36,NA
Kepler-1403,1,1.241,1.306
Kepler-1404,1,0.78,0.878
Kepler-1404,1,0.741,0.778
Kepler-1404,1,0.822,NA
Kepler-1404,1,0.741,0.778
Kepler-1404,1,0.721,0.786
Kepler-1404,1,0.8,0.84
Kepler-1404,1,0.827978,0.86
Kepler-1404,1,0.827978,0.86
Kepler-1404,1,0.827978,0.86
Kepler-1404,1,0.741,0.778
Kepler-1405,1,1.005,NA
Kepler-1405,1,1.06976,1
Kepler-1405,1,0.89,0.997
Kepler-1405,1,0.849,0.94
Kepler-1405,1,0.842,0.929
Kepler-1405,1,1.07,1.05
Kepler-1405,1,0.842,0.929
Kepler-1405,1,0.842,0.929
Kepler-1405,1,1.06976,1
Kepler-1405,1,1.06976,1
Kepler-1406,1,NA,NA
Kepler-1406,1,1.095,0.965
Kepler-1406,1,1.12,1.05
Kepler-1406,1,1.095,0.965
Kepler-1406,1,1.12,1.034
Kepler-1406,1,1.095,0.965
Kepler-1406,1,NA,NA
Kepler-1406,1,1.131,0.945
Kepler-1407,1,1.11,1.09
Kepler-1407,1,1.15,1.1
Kepler-1407,1,1.35348,1.04
Kepler-1407,1,1.513,1.12
Kepler-1407,1,1.35348,1.04
Kepler-1407,1,1.122,1.101
Kepler-1407,1,1.122,1.101
Kepler-1407,1,1.35348,1.04
Kepler-1407,1,1.122,1.101
Kepler-1407,1,1.279,NA
Kepler-1408,1,1.744,NA
Kepler-1408,1,1.25,1.13
Kepler-1408,1,1.77996,1.12
Kepler-1408,1,1.723,1.112
Kepler-1408,1,1.236,1.068
Kepler-1408,1,1.645,1.136
Kepler-1408,1,1.77996,1.12
Kepler-1408,1,1.35,1.21
Kepler-1408,1,1.236,1.068
Kepler-1408,1,1.236,1.068
Kepler-1409,1,0.81123,0.84
Kepler-1409,1,0.79,0.83
Kepler-1409,1,0.86,0.808
Kepler-1409,1,0.753,0.853
Kepler-1409,1,0.764,NA
Kepler-1409,1,0.86,0.808
Kepler-1409,1,0.86,0.808
Kepler-1409,1,0.86,0.808
Kepler-1409,1,0.81123,0.84
Kepler-1409,1,0.79,0.77
Kepler-141,2,0.782,0.824
Kepler-141,2,0.848294,0.788
Kepler-141,2,18.939,0.941
Kepler-141,2,18.939,0.941
Kepler-141,2,0.848294,0.788
Kepler-141,2,0.783,NA
Kepler-141,2,19.2,1.001
Kepler-141,2,0.787,NA
Kepler-141,2,18.939,0.941
Kepler-141,2,0.778,0.878
Kepler-141,2,0.79,0.84
Kepler-141,2,18.939,0.941
Kepler-141,2,0.848294,0.788
Kepler-141,2,0.778,0.878
Kepler-141,2,18.939,0.941
Kepler-141,2,0.79,0.84
Kepler-141,2,18.939,0.941
Kepler-141,2,0.848294,0.788
Kepler-141,2,0.783,NA
Kepler-141,2,19.2,1.001
Kepler-141,2,0.848294,0.788
Kepler-141,2,0.782,0.824
Kepler-141,2,0.787,NA
Kepler-1410,1,NA,NA
Kepler-1410,1,0.523,0.541
Kepler-1410,1,0.523,0.541
Kepler-1410,1,NA,NA
Kepler-1410,1,0.6,0.63
Kepler-1410,1,0.566,0.594
Kepler-1410,1,0.523,0.541
Kepler-1410,1,0.522,0.539
Kepler-1410,1,0.532,0.558
Kepler-1410,1,NA,NA
Kepler-1411,1,1.05212,1.03
Kepler-1411,1,0.92,0.95
Kepler-1411,1,1.05212,1.03
Kepler-1411,1,0.88,1.07
Kepler-1411,1,1.064,1.149
Kepler-1411,1,1.064,1.149
Kepler-1411,1,1.064,1.149
Kepler-1411,1,1.05212,1.03
Kepler-1411,1,1.053,1.15
Kepler-1411,1,1.045,NA
Kepler-1412,1,1.55149,1.04
Kepler-1412,1,1.55149,1.04
Kepler-1412,1,1.507,0.998
Kepler-1412,1,0.899,0.864
Kepler-1412,1,1,1.055
Kepler-1412,1,0.899,0.864
Kepler-1412,1,1.375,0.999
Kepler-1412,1,1.53,NA
Kepler-1412,1,1.27,1.06
Kepler-1412,1,0.899,0.864
Kepler-1413,1,0.827,0.928
Kepler-1413,1,0.827,0.928
Kepler-1413,1,0.827,0.928
Kepler-1413,1,0.805,NA
Kepler-1413,1,0.68,0.91
Kepler-1413,1,0.827,0.928
Kepler-1413,1,0.8,0.84
Kepler-1413,1,0.821569,0.85
Kepler-1413,1,0.821569,0.85
Kepler-1414,1,0.808843,0.81
Kepler-1414,1,0.901,0.833
Kepler-1414,1,0.901,0.833
Kepler-1414,1,0.901,0.833
Kepler-1414,1,0.808843,0.81
Kepler-1414,1,1.94,0.916
Kepler-1414,1,0.901,0.833
Kepler-1414,1,0.797,NA
Kepler-1414,1,0.75,0.8
Kepler-1415,1,0.885,0.988
Kepler-1415,1,0.76,0.78
Kepler-1415,1,0.885,0.988
Kepler-1415,1,0.822,NA
Kepler-1415,1,0.909856,0.86
Kepler-1415,1,0.803,0.934
Kepler-1415,1,0.909856,0.86
Kepler-1415,1,0.885,0.988
Kepler-1415,1,0.885,0.988
Kepler-1415,1,0.84,0.89
Kepler-1416,1,1.166,0.906
Kepler-1416,1,1.166,0.906
Kepler-1416,1,1.15,1.09
Kepler-1416,1,1.166,0.906
Kepler-1416,1,1.452,1.008
Kepler-1416,1,1.16,0.9
Kepler-1416,1,1.48848,0.98
Kepler-1416,1,1.393,NA
Kepler-1417,1,1.54,0.895
Kepler-1417,1,1.58688,1.03
Kepler-1417,1,1.03,0.99
Kepler-1417,1,1.002,0.942
Kepler-1417,1,1.002,0.942
Kepler-1417,1,1.58688,1.03
Kepler-1417,1,1.575,NA
Kepler-1417,1,1.002,0.942
Kepler-1417,1,1.002,0.942
Kepler-1417,1,1.02,1.02
Kepler-1418,1,0.568,0.59
Kepler-1418,1,0.567,0.592
Kepler-1418,1,0.568,0.59
Kepler-1418,1,NA,NA
Kepler-1418,1,0.72,0.77
Kepler-1418,1,NA,NA
Kepler-1418,1,NA,NA
Kepler-1418,1,0.615,0.693
Kepler-1418,1,0.568,0.59
Kepler-1419,1,0.9,1.01
Kepler-1419,1,0.914,1.006
Kepler-1419,1,0.914,1.006
Kepler-1419,1,1.08724,1.01
Kepler-1419,1,1.08724,1.01
Kepler-1419,1,0.914,1.006
Kepler-1419,1,1.08724,1.01
Kepler-1419,1,1.01,1.01
Kepler-1419,1,1.048,NA
Kepler-1419,1,0.914,1.006
Kepler-142,3,1.243,0.933
Kepler-142,3,1.11566,1.045
Kepler-142,3,1.18,1.06
Kepler-142,3,1.269,NA
Kepler-142,3,1.116,NA
Kepler-142,3,1.101,0.978
Kepler-142,3,1.11566,1.045
Kepler-142,3,1.11566,1.045
Kepler-142,3,1.225,1.004
Kepler-142,3,1.14,0.988
Kepler-142,3,1.243,0.933
Kepler-142,3,1.243,0.933
Kepler-142,3,1.243,0.933
Kepler-142,3,1.14,0.988
Kepler-142,3,1.269,NA
Kepler-142,3,1.11566,1.045
Kepler-142,3,1.116,NA
Kepler-142,3,1.101,0.978
Kepler-142,3,1.243,0.933
Kepler-142,3,1.225,1.004
Kepler-142,3,1.11566,1.045
Kepler-142,3,1.18,1.06
Kepler-142,3,1.243,0.933
Kepler-142,3,1.11566,1.045
Kepler-142,3,1.11566,1.045
Kepler-142,3,1.225,1.004
Kepler-142,3,1.269,NA
Kepler-142,3,1.11566,1.045
Kepler-142,3,1.243,0.933
Kepler-142,3,1.116,NA
Kepler-142,3,1.243,0.933
Kepler-142,3,1.243,0.933
Kepler-142,3,1.101,0.978
Kepler-142,3,1.14,0.988
Kepler-142,3,1.18,1.06
Kepler-142,3,1.11566,1.045
Kepler-1420,1,0.794,0.887
Kepler-1420,1,0.886177,0.93
Kepler-1420,1,0.794,0.887
Kepler-1420,1,0.794,0.887
Kepler-1420,1,0.919,NA
Kepler-1420,1,0.79,0.82
Kepler-1420,1,0.799,0.901
Kepler-1420,1,0.73,0.824
Kepler-1420,1,0.886177,0.93
Kepler-1421,1,1.151,1.173
Kepler-1421,1,1.691,NA
Kepler-1421,1,1.67655,1.23
Kepler-1421,1,1.67655,1.23
Kepler-1421,1,1.151,1.173
Kepler-1421,1,1.659,1.212
Kepler-1421,1,1.42,1.25
Kepler-1421,1,1.151,1.173
Kepler-1421,1,1.444,1.233
Kepler-1421,1,1.2,1.21
Kepler-1422,1,1.298,1.31
Kepler-1422,1,1.298,1.31
Kepler-1422,1,1.52983,1.12
Kepler-1422,1,1.52983,1.12
Kepler-1422,1,1.298,1.31
Kepler-1422,1,1.238,1.298
Kepler-1422,1,1.23,1.15
Kepler-1422,1,1.437,NA
Kepler-1422,1,0.78,1.09
Kepler-1423,1,1.781,0.926
Kepler-1423,1,NA,NA
Kepler-1423,1,1.781,0.926
Kepler-1423,1,0.75,0.79
Kepler-1423,1,NA,NA
Kepler-1423,1,1.781,0.926
Kepler-1423,1,2.05,0.917
Kepler-1423,1,1.781,0.926
Kepler-1424,1,0.785,0.857
Kepler-1424,1,1.41,1.053
Kepler-1424,1,0.785,0.857
Kepler-1424,1,NA,NA
Kepler-1424,1,1.07,1.02
Kepler-1424,1,0.9,1.004
Kepler-1424,1,1.122,0.977
Kepler-1424,1,0.785,0.857
Kepler-1424,1,NA,NA
Kepler-1425,1,1.664,0.954
Kepler-1425,1,1.74686,0.96
Kepler-1425,1,1.698,NA
Kepler-1425,1,0.79,0.714
Kepler-1425,1,0.79,0.714
Kepler-1425,1,0.95,0.97
Kepler-1425,1,0.79,0.714
Kepler-1425,1,0.79,0.714
Kepler-1425,1,1.74686,0.96
Kepler-1425,1,0.93,0.891
Kepler-1426,1,1.02,1.02
Kepler-1426,1,1.027,1.094
Kepler-1426,1,1.024,1.094
Kepler-1426,1,1.024,1.094
Kepler-1426,1,1.024,1.094
Kepler-1426,1,NA,NA
Kepler-1426,1,0.98,1.07
Kepler-1426,1,NA,NA
Kepler-1427,1,1.007,1.075
Kepler-1427,1,1,1.083
Kepler-1427,1,0.99,1.05
Kepler-1427,1,NA,NA
Kepler-1427,1,1.007,1.075
Kepler-1427,1,1.007,1.075
Kepler-1427,1,1.01,1.01
Kepler-1427,1,NA,NA
Kepler-1428,1,2.50687,1.23
Kepler-1428,1,2.50687,1.23
Kepler-1428,1,2.558,NA
Kepler-1428,1,1.36,1.28
Kepler-1428,1,1.046,1.015
Kepler-1428,1,1.622,1.151
Kepler-1428,1,1.622,1.151
Kepler-1428,1,2.50687,1.23
Kepler-1428,1,1.434,1.388
Kepler-1428,1,2.48,1.577
Kepler-1428,1,1.622,1.151
Kepler-1429,1,1.07,1.05
Kepler-1429,1,1.03,1.1
Kepler-1429,1,1.033,1.093
Kepler-1429,1,1.051,1.1
Kepler-1429,1,1.033,1.093
Kepler-1429,1,1.12411,1.07
Kepler-1429,1,1.033,1.093
Kepler-1429,1,1.12411,1.07
Kepler-1429,1,1.114,NA
Kepler-143,2,1.037,0.987
Kepler-143,2,1.37139,1.052
Kepler-143,2,1.305,0.993
Kepler-143,2,1.338,NA
Kepler-143,2,1.06,1.008
Kepler-143,2,1.037,0.987
Kepler-143,2,1.037,0.987
Kepler-143,2,1.359,NA
Kepler-143,2,1.22,1.06
Kepler-143,2,1.314,0.982
Kepler-143,2,1.37139,1.052
Kepler-143,2,1.22,1.06
Kepler-143,2,1.305,0.993
Kepler-143,2,1.359,NA
Kepler-143,2,1.314,0.982
Kepler-143,2,1.037,0.987
Kepler-143,2,1.037,0.987
Kepler-143,2,1.037,0.987
Kepler-143,2,1.06,1.008
Kepler-143,2,1.37139,1.052
Kepler-143,2,1.338,NA
Kepler-1430,1,0.72,0.77
Kepler-1430,1,0.91,0.84
Kepler-1430,1,NA,NA
Kepler-1430,1,0.634,0.62
Kepler-1430,1,0.634,0.62
Kepler-1430,1,NA,NA
Kepler-1430,1,0.634,0.62
Kepler-1430,1,0.634,0.62
Kepler-1431,1,1.03,1.03
Kepler-1431,1,1.04,1.051
Kepler-1431,1,1.04,1.051
Kepler-1431,1,1,1
Kepler-1431,1,1.294,NA
Kepler-1431,1,1.04,1.051
Kepler-1431,1,1.04,1.051
Kepler-1431,1,1.38628,1
Kepler-1431,1,1.38628,1
Kepler-1432,1,1.537,NA
Kepler-1432,1,1.122,1.077
Kepler-1432,1,1.07,1.14
Kepler-1432,1,1.122,1.077
Kepler-1432,1,1.13,1.09
Kepler-1432,1,1.091,1.137
Kepler-1432,1,1.122,1.077
Kepler-1432,1,1.60636,1.07
Kepler-1432,1,1.60636,1.07
Kepler-1433,1,NA,NA
Kepler-1433,1,3.339,NA
Kepler-1433,1,1.045,1.109
Kepler-1433,1,1.19,1.14
Kepler-1433,1,1.152,1.072
Kepler-1433,1,0.99,1.08
Kepler-1433,1,1.045,1.109
Kepler-1433,1,NA,NA
Kepler-1433,1,1.045,1.109
Kepler-1434,1,2.44642,1.13
Kepler-1434,1,1.55,1.23
Kepler-1434,1,2.062,1.466
Kepler-1434,1,2.44642,1.13
Kepler-1434,1,1.439,1.064
Kepler-1434,1,2.323,NA
Kepler-1434,1,1.439,1.064
Kepler-1434,1,2.281,1.584
Kepler-1434,1,2.04,1.47
Kepler-1434,1,1.439,1.064
Kepler-1435,1,1.41209,1.26
Kepler-1435,1,1.269,1.087
Kepler-1435,1,1.375,1.091
Kepler-1435,1,1.41209,1.26
Kepler-1435,1,1.339,1.236
Kepler-1435,1,1.339,1.236
Kepler-1435,1,1.26,1.25
Kepler-1435,1,1.339,1.236
Kepler-1435,1,1.402,NA
Kepler-1435,1,1.32,1.21
Kepler-1436,1,1.13,1.1
Kepler-1436,1,1.048,0.969
Kepler-1436,1,1.048,0.969
Kepler-1436,1,1.09,1.06
Kepler-1436,1,2.45372,1.05
Kepler-1436,1,1.385,1.056
Kepler-1436,1,2.492,NA
Kepler-1436,1,1.048,0.969
Kepler-1437,1,NA,NA
Kepler-1437,1,0.871,0.966
Kepler-1437,1,0.9,0.93
Kepler-1437,1,0.871,0.966
Kepler-1437,1,1.655,NA
Kepler-1437,1,0.87,0.975
Kepler-1437,1,0.871,0.966
Kepler-1437,1,0.864,0.959
Kepler-1437,1,NA,NA
Kepler-1438,1,0.848,0.891
Kepler-1438,1,0.848,0.891
Kepler-1438,1,1.31418,0.94
Kepler-1438,1,0.848,0.891
Kepler-1438,1,1.248,1.023
Kepler-1438,1,1.31418,0.94
Kepler-1438,1,0.96,0.97
Kepler-1438,1,0.84,0.88
Kepler-1439,1,0.38,0.395
Kepler-1439,1,0.447421,0.443791
Kepler-1439,1,0.447421,0.443791
Kepler-1439,1,0.447421,0.443791
Kepler-1439,1,0.441,NA
Kepler-1439,1,0.398,0.428
Kepler-1439,1,NA,NA
Kepler-1439,1,0.38,0.395
Kepler-1439,1,0.38,0.395
Kepler-1439,1,0.43,0.46
Kepler-1439,1,0.67,0.49
Kepler-144,2,1.47,1.24
Kepler-144,2,1.26256,1.123
Kepler-144,2,1.012,1.065
Kepler-144,2,1.491,1.126
Kepler-144,2,1.116,1.154
Kepler-144,2,1.169,1.053
Kepler-144,2,1.012,1.065
Kepler-144,2,1.26256,1.123
Kepler-144,2,1.431,1.072
Kepler-144,2,1.235,NA
Kepler-144,2,1.012,1.065
Kepler-144,2,1.178,NA
Kepler-144,2,1.26256,1.123
Kepler-144,2,1.491,1.126
Kepler-144,2,1.012,1.065
Kepler-144,2,1.26256,1.123
Kepler-144,2,1.169,1.053
Kepler-144,2,1.012,1.065
Kepler-144,2,1.26256,1.123
Kepler-144,2,1.178,NA
Kepler-144,2,1.012,1.065
Kepler-144,2,1.235,NA
Kepler-144,2,1.26256,1.123
Kepler-144,2,1.47,1.24
Kepler-144,2,1.116,1.154
Kepler-144,2,1.431,1.072
Kepler-1440,1,0.96,0.98
Kepler-1440,1,1.073,0.95
Kepler-1440,1,1.073,0.95
Kepler-1440,1,1.548,1.079
Kepler-1440,1,1.073,0.95
Kepler-1440,1,1.60082,1.01
Kepler-1440,1,1.08,0.969
Kepler-1440,1,1.60082,1.01
Kepler-1440,1,1.588,NA
Kepler-1440,1,1.292,0.984
Kepler-1440,1,1.60082,1.01
Kepler-1441,1,1.55943,0.98
Kepler-1441,1,1,1
Kepler-1441,1,1.55943,0.98
Kepler-1441,1,1.55943,0.98
Kepler-1441,1,0.83,0.912
Kepler-1441,1,1.529,NA
Kepler-1441,1,0.83,0.912
Kepler-1441,1,0.86,0.969
Kepler-1441,1,0.83,0.912
Kepler-1441,1,1.902,1.106
Kepler-1442,1,1.095,1.083
Kepler-1442,1,1.69674,1.31
Kepler-1442,1,1.69674,1.31
Kepler-1442,1,1.683,NA
Kepler-1442,1,1.69674,1.31
Kepler-1442,1,1.44,1.34
Kepler-1442,1,1.095,1.083
Kepler-1442,1,1.661,1.367
Kepler-1442,1,1.401,1.323
Kepler-1442,1,1.095,1.083
Kepler-1443,1,1.27,1.19
Kepler-1443,1,1.111,1.028
Kepler-1443,1,1.111,1.028
Kepler-1443,1,1.57722,1.26
Kepler-1443,1,1.617,NA
Kepler-1443,1,1.596,1.233
Kepler-1443,1,1.57722,1.26
Kepler-1443,1,1.111,1.028
Kepler-1443,1,1.239,1.135
Kepler-1444,1,0.897,0.992
Kepler-1444,1,1.05,1.03
Kepler-1444,1,1.05926,1.01
Kepler-1444,1,1.05926,1.01
Kepler-1444,1,0.897,0.992
Kepler-1444,1,1.05926,1.01
Kepler-1444,1,1.066,0.977
Kepler-1444,1,0.992,NA
Kepler-1444,1,0.897,0.992
Kepler-1444,1,0.989,1.09
Kepler-1445,1,1.337,1.044
Kepler-1445,1,1.29258,1.18
Kepler-1445,1,1.35,NA
Kepler-1445,1,1.092,1.012
Kepler-1445,1,1.303,1.009
Kepler-1445,1,1.092,1.012
Kepler-1445,1,1.29258,1.18
Kepler-1445,1,1.092,1.012
Kepler-1445,1,1.26,1.13
Kepler-1446,1,1.749,0.97
Kepler-1446,1,0.686044,0.773
Kepler-1446,1,0.686044,0.773
Kepler-1446,1,0.75,0.81
Kepler-1446,1,0.726,0.814
Kepler-1446,1,1.749,0.97
Kepler-1446,1,0.696,0.776
Kepler-1446,1,0.697,NA
Kepler-1446,1,0.686044,0.773
Kepler-1446,1,1.749,0.97
Kepler-1447,1,1.295,0.945
Kepler-1447,1,0.999851,1
Kepler-1447,1,0.99,NA
Kepler-1447,1,0.95,0.97
Kepler-1447,1,0.999851,1
Kepler-1447,1,0.94,1.032
Kepler-1447,1,0.94,1.032
Kepler-1447,1,0.94,1.032
Kepler-1447,1,0.999851,1
Kepler-1448,1,0.886,NA
Kepler-1448,1,0.969,1.048
Kepler-1448,1,0.91981,1.04
Kepler-1448,1,0.969,1.048
Kepler-1448,1,0.91981,1.04
Kepler-1448,1,0.93,0.95
Kepler-1448,1,0.91981,1.04
Kepler-1448,1,0.969,1.048
Kepler-1448,1,0.969,1.048
Kepler-1449,1,1.155,1.237
Kepler-1449,1,1.155,1.237
Kepler-1449,1,1.155,1.237
Kepler-1449,1,1.155,1.237
Kepler-1449,1,1.641,NA
Kepler-1449,1,1.76594,1.05
Kepler-1449,1,1.1,1.08
Kepler-1449,1,1.76594,1.05
Kepler-145,2,1.763,1.24
Kepler-145,2,1.85,1.319
Kepler-145,2,1.99793,1.14
Kepler-145,2,1.849,1.31
Kepler-145,2,1.85,1.319
Kepler-145,2,1.85,1.32
Kepler-145,2,1.871,1.31
Kepler-145,2,1.99793,1.14
Kepler-145,2,1.98,1.28
Kepler-145,2,1.99793,1.14
Kepler-145,2,1.99793,1.14
Kepler-145,2,NA,1.31
Kepler-145,2,1.889,NA
Kepler-145,2,1.85,1.319
Kepler-145,2,1.89,1.37
Kepler-145,2,1.99793,1.14
Kepler-145,2,1.85,1.319
Kepler-145,2,1.849,1.31
Kepler-145,2,1.99793,1.14
Kepler-145,2,1.89,1.37
Kepler-145,2,1.763,1.24
Kepler-145,2,1.889,NA
Kepler-145,2,1.85,1.32
Kepler-145,2,1.871,1.31
Kepler-145,2,1.99793,1.14
Kepler-145,2,1.99793,1.14
Kepler-145,2,1.85,1.319
Kepler-145,2,1.98,1.28
Kepler-145,2,1.85,1.319
Kepler-145,2,NA,1.31
Kepler-1450,1,0.655719,0.72
Kepler-1450,1,0.61,0.615
Kepler-1450,1,0.61,0.615
Kepler-1450,1,0.655719,0.72
Kepler-1450,1,0.61,0.615
Kepler-1450,1,0.723,NA
Kepler-1450,1,0.68,0.71
Kepler-1450,1,0.603,0.621
Kepler-1450,1,0.655719,0.72
Kepler-1451,1,0.871,0.966
Kepler-1451,1,0.871,0.966
Kepler-1451,1,0.901,NA
Kepler-1451,1,0.878,0.975
Kepler-1451,1,0.871,0.966
Kepler-1451,1,0.99,1
Kepler-1451,1,0.933931,0.98
Kepler-1451,1,0.933931,0.98
Kepler-1452,1,2.483,1.419
Kepler-1452,1,1.217,1.07
Kepler-1452,1,2.06,1.41
Kepler-1452,1,1.217,1.07
Kepler-1452,1,2.066,1.237
Kepler-1452,1,2.20098,1.07
Kepler-1452,1,2.20098,1.07
Kepler-1452,1,2.20098,1.07
Kepler-1452,1,1.217,1.07
Kepler-1452,1,2.112,NA
Kepler-1453,1,0.965,1.075
Kepler-1453,1,0.94,0.97
Kepler-1453,1,0.965,1.075
Kepler-1453,1,0.904492,0.99
Kepler-1453,1,0.904492,0.99
Kepler-1453,1,0.854,NA
Kepler-1453,1,0.965,1.075
Kepler-1453,1,0.904492,0.99
Kepler-1453,1,0.965,1.075
Kepler-1454,1,0.764,0.824
Kepler-1454,1,0.853026,0.94
Kepler-1454,1,0.764,0.824
Kepler-1454,1,0.859,NA
Kepler-1454,1,0.853026,0.94
Kepler-1454,1,0.86,0.9
Kepler-1454,1,0.853026,0.94
Kepler-1454,1,1.055,0.881
Kepler-1454,1,0.764,0.824
Kepler-1455,1,NA,NA
Kepler-1455,1,0.541,0.548
Kepler-1455,1,0.583405,0.574333
Kepler-1455,1,0.529,0.528
Kepler-1455,1,0.518,0.544
Kepler-1455,1,0.6,0.62
Kepler-1455,1,0.541,0.548
Kepler-1455,1,0.583405,0.574333
Kepler-1455,1,0.583405,0.574333
Kepler-1455,1,0.541,0.548
Kepler-1455,1,0.578,NA
Kepler-1456,1,0.62,0.64
Kepler-1456,1,0.599,NA
Kepler-1456,1,0.602,0.589
Kepler-1456,1,0.602,0.589
Kepler-1456,1,0.653437,0.64
Kepler-1456,1,0.653437,0.64
Kepler-1456,1,0.602,0.589
Kepler-1456,1,0.602,0.589
Kepler-1457,1,1.01,1.01
Kepler-1457,1,1.25146,1.05
Kepler-1457,1,0.881,0.97
Kepler-1457,1,1.25146,1.05
Kepler-1457,1,1.25146,1.05
Kepler-1457,1,0.881,0.97
Kepler-1457,1,0.881,0.97
Kepler-1457,1,0.881,0.97
Kepler-1457,1,1.262,NA
Kepler-1457,1,1.237,0.938
Kepler-1458,1,0.811962,0.98
Kepler-1458,1,0.818,NA
Kepler-1458,1,0.981,0.899
Kepler-1458,1,0.813,0.89
Kepler-1458,1,0.981,0.899
Kepler-1458,1,0.981,0.899
Kepler-1458,1,0.981,0.899
Kepler-1458,1,0.811962,0.98
Kepler-1458,1,0.94,0.96
Kepler-1458,1,0.811962,0.98
Kepler-1459,1,0.781,0.762
Kepler-1459,1,0.74,0.78
Kepler-1459,1,0.868,0.821
Kepler-1459,1,0.813542,0.76
Kepler-1459,1,0.813542,0.76
Kepler-1459,1,0.868,0.821
Kepler-1459,1,0.868,0.821
Kepler-1459,1,0.813542,0.76
Kepler-1459,1,0.78,NA
Kepler-146,2,1.021,1.079
Kepler-146,2,1.155,1.015
Kepler-146,2,1.06,0.986
Kepler-146,2,1.12847,1.08
Kepler-146,2,1.035,NA
Kepler-146,2,1.06,0.986
Kepler-146,2,1.06,0.986
Kepler-146,2,1.208,NA
Kepler-146,2,1.12,1.09
Kepler-146,2,1.16,1.1
Kepler-146,2,1.12847,1.08
Kepler-146,2,1.12847,1.08
Kepler-146,2,1.155,1.015
Kepler-146,2,1.12847,1.08
Kepler-146,2,1.12847,1.08
Kepler-146,2,1.06,0.986
Kepler-146,2,1.06,0.986
Kepler-146,2,1.12847,1.08
Kepler-146,2,1.12847,1.08
Kepler-146,2,1.12,1.09
Kepler-146,2,1.06,0.986
Kepler-146,2,1.16,1.1
Kepler-146,2,1.021,1.079
Kepler-146,2,1.208,NA
Kepler-146,2,1.035,NA
Kepler-1460,1,0.665334,0.68
Kepler-1460,1,0.665334,0.68
Kepler-1460,1,0.638,0.624
Kepler-1460,1,0.638,0.624
Kepler-1460,1,0.67,0.7
Kepler-1460,1,0.638,0.624
Kepler-1460,1,0.665334,0.68
Kepler-1460,1,0.632,NA
Kepler-1460,1,0.638,0.624
Kepler-1461,1,0.723,0.773
Kepler-1461,1,0.74,0.79
Kepler-1461,1,0.686,NA
Kepler-1461,1,0.722,0.784
Kepler-1461,1,0.723,0.773
Kepler-1461,1,0.723,0.773
Kepler-1461,1,0.682284,0.78
Kepler-1461,1,0.682284,0.78
Kepler-1461,1,0.682284,0.78
Kepler-1462,1,0.819,0.919
Kepler-1462,1,0.797079,0.94
Kepler-1462,1,0.797079,0.94
Kepler-1462,1,0.819,0.919
Kepler-1462,1,0.819,0.919
Kepler-1462,1,0.755,NA
Kepler-1462,1,1,1
Kepler-1462,1,0.797079,0.94
Kepler-1462,1,0.819,0.919
Kepler-1463,1,0.95,0.96
Kepler-1463,1,0.935,1.024
Kepler-1463,1,0.935,1.024
Kepler-1463,1,1.202,NA
Kepler-1463,1,1.19033,0.98
Kepler-1463,1,0.935,1.024
Kepler-1463,1,0.935,1.024
Kepler-1463,1,1.19033,0.98
Kepler-1464,2,0.928,0.773
Kepler-1464,2,1.70936,1
Kepler-1464,2,1.01,1.02
Kepler-1464,2,1.666,NA
Kepler-1464,2,1.70936,1
Kepler-1464,2,0.928,0.773
Kepler-1464,2,0.928,0.773
Kepler-1464,2,1.70936,1
Kepler-1464,2,0.928,0.773
Kepler-1464,2,1.62,1.066
Kepler-1464,2,1.666,NA
Kepler-1464,2,1.70936,1
Kepler-1464,2,0.928,0.773
Kepler-1464,2,0.928,0.773
Kepler-1464,2,1.62,1.066
Kepler-1464,2,0.928,0.773
Kepler-1464,2,1.70936,1
Kepler-1464,2,1.01,1.02
Kepler-1464,2,0.928,0.773
Kepler-1465,1,0.686,0.67
Kepler-1465,1,0.748108,0.72
Kepler-1465,1,1.954,0.959
Kepler-1465,1,0.686,0.67
Kepler-1465,1,0.686,0.67
Kepler-1465,1,0.736,NA
Kepler-1465,1,0.748108,0.72
Kepler-1465,1,0.71,0.75
Kepler-1466,1,0.97,0.797
Kepler-1466,1,0.921,1.003
Kepler-1466,1,0.921,1.003
Kepler-1466,1,0.921,1.003
Kepler-1466,1,1.01632,1
Kepler-1466,1,1.01632,1
Kepler-1466,1,1.02,1.01
Kepler-1466,1,0.921,1.003
Kepler-1466,1,0.983,NA
Kepler-1466,1,1.01632,1
Kepler-1467,1,0.82,0.86
Kepler-1467,1,0.746,0.821
Kepler-1467,1,0.74,0.828
Kepler-1467,1,0.801,NA
Kepler-1467,1,0.788751,0.91
Kepler-1467,1,0.746,0.821
Kepler-1467,1,0.788751,0.91
Kepler-1467,1,0.788751,0.91
Kepler-1467,1,0.746,0.821
Kepler-1468,3,1.84166,1.03
Kepler-1468,3,1.05,1.04
Kepler-1468,3,0.976,1.019
Kepler-1468,3,1.781,NA
Kepler-1468,3,0.976,1.019
Kepler-1468,3,0.976,1.019
Kepler-1468,3,1.496,1.072
Kepler-1468,3,1.84166,1.03
Kepler-1468,3,1.84166,1.03
Kepler-1468,3,1.84166,1.03
Kepler-1468,3,1.781,NA
Kepler-1468,3,0.976,1.019
Kepler-1468,3,1.05,1.04
Kepler-1468,3,1.84166,1.03
Kepler-1468,3,0.976,1.019
Kepler-1468,3,0.976,1.019
Kepler-1468,3,1.496,1.072
Kepler-1468,3,0.976,1.019
Kepler-1468,3,1.84166,1.03
Kepler-1468,3,1.496,1.072
Kepler-1468,3,0.976,1.019
Kepler-1468,3,1.84166,1.03
Kepler-1468,3,1.496,1.072
Kepler-1468,3,0.976,1.019
Kepler-1469,1,0.838,NA
Kepler-1469,1,0.898872,0.88
Kepler-1469,1,0.89,0.92
Kepler-1469,1,0.793,0.879
Kepler-1469,1,0.793,0.879
Kepler-1469,1,0.898872,0.88
Kepler-1469,1,0.789,0.885
Kepler-1469,1,0.898872,0.88
Kepler-1469,1,0.793,0.879
Kepler-147,2,1.468,NA
Kepler-147,2,1.34,1.14
Kepler-147,2,1.26,1.1
Kepler-147,2,1.42,1.108
Kepler-147,2,1.26,1.1
Kepler-147,2,1.57208,1.07
Kepler-147,2,1.19,0.98
Kepler-147,2,1.555,NA
Kepler-147,2,1.518,1.145
Kepler-147,2,1.57208,1.07
Kepler-147,2,1.26,1.1
Kepler-147,2,1.57208,1.07
Kepler-147,2,1.555,NA
Kepler-147,2,1.26,1.1
Kepler-147,2,1.34,1.14
Kepler-147,2,1.42,1.108
Kepler-147,2,1.57208,1.07
Kepler-147,2,1.518,1.145
Kepler-147,2,1.19,0.98
Kepler-147,2,1.26,1.1
Kepler-147,2,1.26,1.1
Kepler-147,2,1.468,NA
Kepler-147,2,1.57208,1.07
Kepler-1470,1,0.809,0.777
Kepler-1470,1,0.799285,0.8
Kepler-1470,1,0.785,NA
Kepler-1470,1,0.76,0.8
Kepler-1470,1,0.799285,0.8
Kepler-1470,1,0.809,0.777
Kepler-1470,1,0.809,0.777
Kepler-1470,1,0.812,0.781
Kepler-1471,2,0.93,0.95
Kepler-1471,2,0.875927,0.96
Kepler-1471,2,0.848,0.794
Kepler-1471,2,0.848,0.794
Kepler-1471,2,0.848,0.794
Kepler-1471,2,0.875927,0.96
Kepler-1471,2,0.875,NA
Kepler-1471,2,1.166,0.934
Kepler-1471,2,0.848,0.794
Kepler-1471,2,0.848,0.794
Kepler-1471,2,0.848,0.794
Kepler-1471,2,1.166,0.934
Kepler-1471,2,0.875927,0.96
Kepler-1471,2,1.166,0.934
Kepler-1472,1,1.46026,1.14
Kepler-1472,1,1.164,1.168
Kepler-1472,1,1.25,1.16
Kepler-1472,1,1.46026,1.14
Kepler-1472,1,1.106,1.148
Kepler-1472,1,1.436,NA
Kepler-1472,1,1.46026,1.14
Kepler-1472,1,1.164,1.168
Kepler-1472,1,1.164,1.168
Kepler-1473,1,1.04,1
Kepler-1473,1,1.04,1
Kepler-1473,1,1.04,1
Kepler-1473,1,1.04,1
Kepler-1473,1,1.19437,1.07
Kepler-1473,1,1.19437,1.07
Kepler-1473,1,1.154,1
Kepler-1473,1,1.171,NA
Kepler-1473,1,1.09,1.09
Kepler-1474,1,1.04,1.04
Kepler-1474,1,1.147,1.118
Kepler-1474,1,1.147,1.118
Kepler-1474,1,1.049,NA
Kepler-1474,1,1.099,0.938
Kepler-1474,1,1.09099,0.99
Kepler-1474,1,1.09099,0.99
Kepler-1474,1,1.09099,0.99
Kepler-1474,1,1.147,1.118
Kepler-1475,1,1.28,1.18
Kepler-1475,1,0.954,1.022
Kepler-1475,1,1.20553,1.14
Kepler-1475,1,1.20553,1.14
Kepler-1475,1,1.176,NA
Kepler-1475,1,0.954,1.022
Kepler-1475,1,0.954,1.022
Kepler-1475,1,0.954,1.022
Kepler-1475,1,1.20553,1.14
Kepler-1476,1,1.02,1.005
Kepler-1476,1,1.02,1.005
Kepler-1476,1,0.841223,0.96
Kepler-1476,1,0.96,0.98
Kepler-1476,1,1.02,1.005
Kepler-1476,1,0.841223,0.96
Kepler-1476,1,0.78,NA
Kepler-1476,1,1.02,1.005
Kepler-1477,1,1.03644,0.85
Kepler-1477,1,0.78,0.81
Kepler-1477,1,1.03644,0.85
Kepler-1477,1,0.803,0.755
Kepler-1477,1,0.803,0.755
Kepler-1477,1,1.014,NA
Kepler-1477,1,0.803,0.755
Kepler-1477,1,0.803,0.755
Kepler-1478,1,0.835,0.933
Kepler-1478,1,1.40031,1.04
Kepler-1478,1,0.835,0.929
Kepler-1478,1,1.398,NA
Kepler-1478,1,1.06,1.04
Kepler-1478,1,0.835,0.929
Kepler-1478,1,1.40031,1.04
Kepler-1478,1,0.835,0.929
Kepler-1479,1,0.932,1.019
Kepler-1479,1,1.17,0.92
Kepler-1479,1,1.1547,1.05
Kepler-1479,1,0.98,0.99
Kepler-1479,1,0.932,1.019
Kepler-1479,1,0.932,1.019
Kepler-1479,1,1.1547,1.05
Kepler-1479,1,0.932,1.019
Kepler-1479,1,1.19,NA
Kepler-1479,1,1.1547,1.05
Kepler-148,3,0.838,0.893
Kepler-148,3,0.851,NA
Kepler-148,3,0.838,0.893
Kepler-148,3,0.850564,0.83
Kepler-148,3,0.78,0.777
Kepler-148,3,0.815,NA
Kepler-148,3,0.838,0.893
Kepler-148,3,0.81,0.86
Kepler-148,3,0.850564,0.83
Kepler-148,3,0.850564,0.83
Kepler-148,3,0.838,0.876
Kepler-148,3,0.838,0.893
Kepler-148,3,0.850564,0.83
Kepler-148,3,0.78,0.777
Kepler-148,3,0.81,0.86
Kepler-148,3,0.815,NA
Kepler-148,3,0.850564,0.83
Kepler-148,3,0.838,0.876
Kepler-148,3,0.838,0.893
Kepler-148,3,0.838,0.893
Kepler-148,3,0.850564,0.83
Kepler-148,3,0.851,NA
Kepler-148,3,0.815,NA
Kepler-148,3,0.850564,0.83
Kepler-148,3,0.838,0.893
Kepler-148,3,0.838,0.893
Kepler-148,3,0.850564,0.83
Kepler-148,3,0.838,0.893
Kepler-148,3,0.81,0.86
Kepler-148,3,0.850564,0.83
Kepler-148,3,0.838,0.876
Kepler-148,3,0.78,0.777
Kepler-1480,1,1.445,0.963
Kepler-1480,1,0.727,NA
Kepler-1480,1,1.445,0.963
Kepler-1480,1,0.81,0.85
Kepler-1480,1,0.799184,0.83
Kepler-1480,1,1.445,0.963
Kepler-1480,1,0.799184,0.83
Kepler-1480,1,0.799184,0.83
Kepler-1480,1,1.445,0.963
Kepler-1481,1,0.698,NA
Kepler-1481,1,0.769856,0.75
Kepler-1481,1,0.805,0.776
Kepler-1481,1,0.795,0.765
Kepler-1481,1,0.795,0.765
Kepler-1481,1,0.769856,0.75
Kepler-1481,1,0.795,0.765
Kepler-1481,1,0.75,0.8
Kepler-1482,1,1.058,0.879
Kepler-1482,1,0.685,0.708
Kepler-1482,1,0.84,0.88
Kepler-1482,1,0.82,0.931
Kepler-1482,1,0.97685,0.98
Kepler-1482,1,1.07,NA
Kepler-1482,1,0.685,0.708
Kepler-1482,1,0.97685,0.98
Kepler-1483,1,1.38,NA
Kepler-1483,1,1.013,1.069
Kepler-1483,1,1.3744,1.18
Kepler-1483,1,1.013,1.069
Kepler-1483,1,1.013,1.069
Kepler-1483,1,1.668,1.296
Kepler-1483,1,1.3744,1.18
Kepler-1483,1,1.4,1.25
Kepler-1484,1,0.984,1.047
Kepler-1484,1,2.65525,0.99
Kepler-1484,1,2.65525,0.99
Kepler-1484,1,0.92,0.94
Kepler-1484,1,0.984,1.047
Kepler-1484,1,2.65525,0.99
Kepler-1484,1,0.984,1.047
Kepler-1484,1,0.984,1.047
Kepler-1485,1,1.25,1.074
Kepler-1485,1,1.28054,1.1
Kepler-1485,1,1.12,1.11
Kepler-1485,1,1.09,1.074
Kepler-1485,1,1.28054,1.1
Kepler-1485,1,1.092,1.059
Kepler-1485,1,1.09,1.074
Kepler-1485,1,1.09,1.074
Kepler-1485,1,1.28054,1.1
Kepler-1485,1,1.263,NA
Kepler-1486,1,1.43882,1.03
Kepler-1486,1,1.12,1.08
Kepler-1486,1,1.066,1.079
Kepler-1486,1,1.358,NA
Kepler-1486,1,1.066,1.079
Kepler-1486,1,1.43882,1.03
Kepler-1486,1,1.43882,1.03
Kepler-1486,1,1.282,1.028
Kepler-1486,1,1.066,1.079
Kepler-1487,2,0.956,1.035
Kepler-1487,2,0.956,1.035
Kepler-1487,2,3.955,1.801
Kepler-1487,2,1.63,1.38
Kepler-1487,2,0.956,1.035
Kepler-1487,2,1.54002,1.29
Kepler-1487,2,1.54002,1.29
Kepler-1487,2,1.63,NA
Kepler-1487,2,0.956,1.035
Kepler-1487,2,1.54002,1.29
Kepler-1487,2,1.54002,1.29
Kepler-1487,2,0.956,1.035
Kepler-1487,2,0.956,1.035
Kepler-1487,2,3.955,1.801
Kepler-1487,2,3.955,1.801
Kepler-1488,2,1.135,0.992
Kepler-1488,2,1.941,NA
Kepler-1488,2,1.97691,1.03
Kepler-1488,2,1.905,1.184
Kepler-1488,2,1.524,1.003
Kepler-1488,2,1.135,0.992
Kepler-1488,2,1.97691,1.03
Kepler-1488,2,1.97691,1.03
Kepler-1488,2,1.31,1.05
Kepler-1488,2,1.135,0.992
Kepler-1488,2,1.135,0.992
Kepler-1488,2,1.524,1.003
Kepler-1488,2,1.135,0.992
Kepler-1488,2,1.905,1.184
Kepler-1488,2,1.524,1.003
Kepler-1488,2,1.135,0.992
Kepler-1488,2,1.97691,1.03
Kepler-1489,2,0.85,0.901
Kepler-1489,2,0.85,0.901
Kepler-1489,2,0.9,0.93
Kepler-1489,2,1.30799,1
Kepler-1489,2,1.30799,1
Kepler-1489,2,1.337,NA
Kepler-1489,2,1.30799,1
Kepler-1489,2,0.85,0.901
Kepler-1489,2,0.957,0.977
Kepler-1489,2,0.957,0.977
Kepler-149,3,0.94,0.934
Kepler-149,3,1.00315,0.93
Kepler-149,3,0.975,1.013
Kepler-149,3,1.00315,0.93
Kepler-149,3,1.58,0.909
Kepler-149,3,0.9,0.92
Kepler-149,3,0.832,0.848
Kepler-149,3,0.989,NA
Kepler-149,3,0.953,NA
Kepler-149,3,0.832,0.848
Kepler-149,3,0.832,0.848
Kepler-149,3,0.832,0.848
Kepler-149,3,1.00315,0.93
Kepler-149,3,0.975,1.013
Kepler-149,3,0.832,0.848
Kepler-149,3,1.00315,0.93
Kepler-149,3,0.9,0.92
Kepler-149,3,0.989,NA
Kepler-149,3,0.94,0.934
Kepler-149,3,1.00315,0.93
Kepler-149,3,0.832,0.848
Kepler-149,3,0.953,NA
Kepler-149,3,1.58,0.909
Kepler-149,3,0.953,NA
Kepler-149,3,1.58,0.909
Kepler-149,3,1.00315,0.93
Kepler-149,3,1.00315,0.93
Kepler-149,3,0.975,1.013
Kepler-149,3,0.832,0.848
Kepler-149,3,0.989,NA
Kepler-149,3,0.832,0.848
Kepler-149,3,1.00315,0.93
Kepler-149,3,0.832,0.848
Kepler-149,3,0.94,0.934
Kepler-149,3,0.9,0.92
Kepler-1490,1,0.773097,0.96
Kepler-1490,1,0.745,0.806
Kepler-1490,1,0.741,0.808
Kepler-1490,1,0.745,0.806
Kepler-1490,1,0.773097,0.96
Kepler-1490,1,0.774,NA
Kepler-1490,1,0.87,0.9
Kepler-1490,1,0.745,0.806
Kepler-1490,1,0.773097,0.96
Kepler-1491,2,0.917,1.01
Kepler-1491,2,1.389,0.991
Kepler-1491,2,1.576,NA
Kepler-1491,2,0.917,1.01
Kepler-1491,2,0.99,1
Kepler-1491,2,1.6281,0.98
Kepler-1491,2,1.6281,0.98
Kepler-1491,2,0.917,1.01
Kepler-1491,2,1.6281,0.98
Kepler-1491,2,0.917,1.01
Kepler-1491,2,1.389,0.991
Kepler-1491,2,0.917,1.01
Kepler-1491,2,1.389,0.991
Kepler-1492,1,1.802,0.955
Kepler-1492,1,1.802,0.955
Kepler-1492,1,1.802,0.955
Kepler-1492,1,0.623,NA
Kepler-1492,1,1.802,0.955
Kepler-1492,1,0.681829,0.71
Kepler-1492,1,0.72,0.77
Kepler-1492,1,0.681829,0.71
Kepler-1492,1,0.681829,0.71
Kepler-1493,1,0.796,0.713
Kepler-1493,1,0.796,0.713
Kepler-1493,1,0.796,0.713
Kepler-1493,1,NA,NA
Kepler-1493,1,1.382,1.011
Kepler-1493,1,1.29,1.06
Kepler-1493,1,NA,NA
Kepler-1494,1,1.008,1.014
Kepler-1494,1,1.148,NA
Kepler-1494,1,1.008,1.014
Kepler-1494,1,0.94,0.96
Kepler-1494,1,1.1382,1.01
Kepler-1494,1,1.1382,1.01
Kepler-1494,1,1.008,1.014
Kepler-1494,1,1.008,1.014
Kepler-1494,1,1.1382,1.01
Kepler-1495,1,1.057,0.911
Kepler-1495,1,1.057,0.911
Kepler-1495,1,1.057,0.911
Kepler-1495,1,NA,NA
Kepler-1495,1,1.04,1.03
Kepler-1495,1,1.057,0.911
Kepler-1495,1,NA,NA
Kepler-1496,1,1.36,NA
Kepler-1496,1,1.395,1.054
Kepler-1496,1,1.035,1.096
Kepler-1496,1,1.38809,1.05
Kepler-1496,1,1.035,1.096
Kepler-1496,1,1.035,1.096
Kepler-1496,1,1.38809,1.05
Kepler-1496,1,1.38809,1.05
Kepler-1496,1,1.27,1.18
Kepler-1497,1,0.998,1.003
Kepler-1497,1,NA,NA
Kepler-1497,1,0.95,0.96
Kepler-1497,1,0.998,1.003
Kepler-1497,1,1.145,0.95
Kepler-1497,1,NA,NA
Kepler-1497,1,0.998,1.003
Kepler-1498,1,0.889,0.828
Kepler-1498,1,NA,NA
Kepler-1498,1,0.81,0.86
Kepler-1498,1,0.889,0.828
Kepler-1498,1,NA,NA
Kepler-1498,1,1.453,0.932
Kepler-1498,1,NA,NA
Kepler-1498,1,0.889,0.828
Kepler-1499,1,0.753,0.723
Kepler-1499,1,0.800648,0.812
Kepler-1499,1,0.753,0.723
Kepler-1499,1,0.753,0.723
Kepler-1499,1,0.800648,0.812
Kepler-1499,1,0.800648,0.812
Kepler-1499,1,0.778,0.854
Kepler-1499,1,0.78,0.82
Kepler-1499,1,0.753,0.723
Kepler-1499,1,0.783,NA
Kepler-15,1,1.253,1.08
Kepler-15,1,1.32567,0.98
Kepler-15,1,0.978,1.003
Kepler-15,1,0.978,1.003
Kepler-15,1,0.978,1.003
Kepler-15,1,1,1.05
Kepler-15,1,0.992,1.018
Kepler-15,1,1.32567,0.98
Kepler-15,1,1.09,1.127
Kepler-15,1,1.32567,0.98
Kepler-15,1,0.978,1.003
Kepler-15,1,1.229,NA
Kepler-15,1,0.992,1.018
Kepler-15,1,1.32567,NA
Kepler-15,1,1.21,1.049
Kepler-150,5,0.905339,0.97
Kepler-150,5,0.94,0.97
Kepler-150,5,0.914,0.899
Kepler-150,5,0.939,NA
Kepler-150,5,0.931,0.963
Kepler-150,5,0.905339,0.97
Kepler-150,5,0.91,0.94
Kepler-150,5,0.931,0.963
Kepler-150,5,0.881,NA
Kepler-150,5,0.931,0.963
Kepler-150,5,0.863,0.956
Kepler-150,5,0.91,0.94
Kepler-150,5,0.914,0.899
Kepler-150,5,0.905339,0.97
Kepler-150,5,0.931,0.963
Kepler-150,5,0.905339,0.97
Kepler-150,5,0.905339,0.97
Kepler-150,5,0.881,NA
Kepler-150,5,0.863,0.956
Kepler-150,5,0.931,0.963
Kepler-150,5,0.94,0.97
Kepler-150,5,0.939,NA
Kepler-150,5,0.931,0.963
Kepler-150,5,0.905339,0.97
Kepler-150,5,0.931,0.963
Kepler-150,5,0.94,0.97
Kepler-150,5,0.905339,0.97
Kepler-150,5,0.931,0.963
Kepler-150,5,0.914,0.899
Kepler-150,5,0.931,0.963
Kepler-150,5,0.905339,0.97
Kepler-150,5,0.91,0.94
Kepler-150,5,0.863,0.956
Kepler-150,5,0.881,NA
Kepler-150,5,0.939,NA
Kepler-150,5,0.939,NA
Kepler-150,5,0.914,0.899
Kepler-150,5,0.931,0.963
Kepler-150,5,0.931,0.963
Kepler-150,5,0.905339,0.97
Kepler-150,5,0.905339,0.97
Kepler-150,5,0.881,NA
Kepler-150,5,0.91,0.94
Kepler-150,5,0.863,0.956
Kepler-150,5,0.931,0.963
Kepler-150,5,0.905339,0.97
Kepler-150,5,0.94,0.97
Kepler-150,5,0.905339,0.97
Kepler-1500,1,0.917,0.837
Kepler-1500,1,1.30271,1.08
Kepler-1500,1,0.917,0.837
Kepler-1500,1,0.917,0.837
Kepler-1500,1,1,1
Kepler-1500,1,1.601,1.114
Kepler-1500,1,1.385,NA
Kepler-1500,1,1.30271,1.08
Kepler-1501,1,1.132,NA
Kepler-1501,1,1.061,1.163
Kepler-1501,1,1.3,1.2
Kepler-1501,1,1.08945,1.2
Kepler-1501,1,1.11,0.98
Kepler-1501,1,1.186,1.196
Kepler-1501,1,1.186,1.196
Kepler-1501,1,1.186,1.196
Kepler-1501,1,1.08945,1.2
Kepler-1502,1,1.155,1.17
Kepler-1502,1,1.138,1.169
Kepler-1502,1,1.155,1.17
Kepler-1502,1,1.155,1.17
Kepler-1502,1,1.72373,1.44
Kepler-1502,1,1.75,NA
Kepler-1502,1,1.72373,1.44
Kepler-1502,1,1.72,1.44
Kepler-1502,1,1.72373,1.44
Kepler-1503,1,0.702,0.783
Kepler-1503,1,0.71,0.761
Kepler-1503,1,1.05,NA
Kepler-1503,1,0.74,0.77
Kepler-1503,1,0.71,0.761
Kepler-1503,1,1.23033,0.77
Kepler-1503,1,1.23033,0.77
Kepler-1503,1,1.23033,0.77
Kepler-1503,1,0.71,0.761
Kepler-1504,1,1.8831,0.97
Kepler-1504,1,0.848,0.888
Kepler-1504,1,1.975,NA
Kepler-1504,1,0.81,0.85
Kepler-1504,1,0.848,0.888
Kepler-1504,1,1.8831,0.97
Kepler-1504,1,1.8831,0.97
Kepler-1504,1,1.425,0.997
Kepler-1504,1,0.848,0.888
Kepler-1505,1,1.062,0.972
Kepler-1505,1,1.26394,0.989
Kepler-1505,1,0.833,0.902
Kepler-1505,1,1.26394,0.989
Kepler-1505,1,1.062,0.972
Kepler-1505,1,1.215,0.857
Kepler-1505,1,0.86,0.93
Kepler-1505,1,1.223,NA
Kepler-1505,1,1.26394,0.989
Kepler-1505,1,1.062,0.972
Kepler-1506,1,1.001,1.079
Kepler-1506,1,1.71753,1
Kepler-1506,1,1.001,1.079
Kepler-1506,1,0.93,0.95
Kepler-1506,1,1.626,NA
Kepler-1506,1,1.001,1.079
Kepler-1506,1,1.001,1.079
Kepler-1506,1,1.71753,1
Kepler-1507,1,0.808014,0.919
Kepler-1507,1,0.85,0.89
Kepler-1507,1,0.911,0.798
Kepler-1507,1,0.808014,0.919
Kepler-1507,1,0.911,0.798
Kepler-1507,1,0.911,0.798
Kepler-1507,1,0.808014,0.919
Kepler-1507,1,0.81,NA
Kepler-1507,1,0.806,0.881
Kepler-1507,1,0.853,0.971
Kepler-1508,1,0.921,0.817
Kepler-1508,1,1.70392,1.12
Kepler-1508,1,1.819,NA
Kepler-1508,1,2.437,1.338
Kepler-1508,1,0.921,0.817
Kepler-1508,1,1.22,1.14
Kepler-1508,1,0.921,0.817
Kepler-1509,1,1.027,1.068
Kepler-1509,1,1.55087,1.05
Kepler-1509,1,0.99,1
Kepler-1509,1,1.027,1.068
Kepler-1509,1,1.55087,1.05
Kepler-1509,1,1.158,1.024
Kepler-1509,1,1.027,1.068
Kepler-1509,1,1.54,NA
Kepler-1509,1,1.55087,1.05
Kepler-151,2,0.83,NA
Kepler-151,2,0.812,0.878
Kepler-151,2,0.818,0.874
Kepler-151,2,0.823,NA
Kepler-151,2,0.84,0.87
Kepler-151,2,0.806366,0.91
Kepler-151,2,0.806366,0.91
Kepler-151,2,0.806366,0.91
Kepler-151,2,0.818,0.874
Kepler-151,2,0.81,0.86
Kepler-151,2,0.818,0.874
Kepler-151,2,0.806366,0.91
Kepler-151,2,0.818,0.874
Kepler-151,2,0.823,NA
Kepler-151,2,0.806366,0.91
Kepler-151,2,0.818,0.874
Kepler-151,2,0.84,0.87
Kepler-151,2,0.818,0.874
Kepler-151,2,0.81,0.86
Kepler-151,2,0.806366,0.91
Kepler-151,2,0.812,0.878
Kepler-151,2,0.83,NA
Kepler-1510,1,1.382,NA
Kepler-1510,1,1.39983,1.13
Kepler-1510,1,1.132,1.087
Kepler-1510,1,1.28,1.19
Kepler-1510,1,1.132,1.087
Kepler-1510,1,1.132,1.087
Kepler-1510,1,1.634,1.271
Kepler-1510,1,1.39983,1.13
Kepler-1510,1,1.39983,1.13
Kepler-1511,1,1.95693,1.41
Kepler-1511,1,1.29,1.17
Kepler-1511,1,1.95693,1.41
Kepler-1511,1,1.685,1.333
Kepler-1511,1,1.685,1.333
Kepler-1511,1,1.95693,1.41
Kepler-1511,1,2.018,NA
Kepler-1511,1,1.685,1.333
Kepler-1511,1,1.685,1.333
Kepler-1512,1,0.740908,NA
Kepler-1512,1,0.740908,NA
Kepler-1512,1,0.698,0.696
Kepler-1512,1,0.698,0.696
Kepler-1512,1,1.209,0.825
Kepler-1512,1,0.344,0.346
Kepler-1512,1,0.698,0.696
Kepler-1512,1,0.393,0.418
Kepler-1512,1,0.740908,NA
Kepler-1512,1,0.67,0.73
Kepler-1513,2,0.95,0.943
Kepler-1513,2,0.924669,0.95
Kepler-1513,2,0.897,0.952
Kepler-1513,2,1.044,0.818
Kepler-1513,2,1.044,0.818
Kepler-1513,2,1.044,0.818
Kepler-1513,2,0.924669,0.95
Kepler-1513,2,0.924669,0.95
Kepler-1513,2,1.044,0.818
Kepler-1513,2,0.902,NA
Kepler-1513,2,0.97,0.99
Kepler-1513,2,0.95,0.943
Kepler-1514,2,1.266,1.19
Kepler-1514,2,1.36797,1.182
Kepler-1514,2,1.273,NA
Kepler-1514,2,1.289,1.196
Kepler-1514,2,2.274,1.093
Kepler-1514,2,1.36797,1.182
Kepler-1514,2,1.167,1.21
Kepler-1514,2,1.36797,NA
Kepler-1514,2,2.274,1.093
Kepler-1514,2,2.274,1.093
Kepler-1514,2,1.22,1.21
Kepler-1514,2,1.36797,1.182
Kepler-1514,2,1.289,1.196
Kepler-1514,2,1.167,1.21
Kepler-1514,2,1.36797,1.182
Kepler-1514,2,2.274,1.093
Kepler-1514,2,2.274,1.093
Kepler-1514,2,1.266,1.19
Kepler-1514,2,1.36797,1.182
Kepler-1514,2,2.274,1.093
Kepler-1514,2,1.36797,1.182
Kepler-1515,1,1.375,1.203
Kepler-1515,1,1.5373000000000001,1.31
Kepler-1515,1,1.375,1.203
Kepler-1515,1,1.375,1.203
Kepler-1515,1,1.357,1.303
Kepler-1515,1,1.41,1.3
Kepler-1515,1,1.5373000000000001,1.31
Kepler-1515,1,1.56,NA
Kepler-1515,1,1.5373000000000001,1.31
Kepler-1515,1,1.545,1.235
Kepler-1516,1,0.987,0.938
Kepler-1516,1,1.701,NA
Kepler-1516,1,1.68158,1.03
Kepler-1516,1,1.07,1.04
Kepler-1516,1,1.68158,1.03
Kepler-1516,1,0.987,0.938
Kepler-1516,1,1.68158,1.03
Kepler-1516,1,0.987,0.938
Kepler-1516,1,0.987,0.938
Kepler-1517,1,4.037,2.054
Kepler-1517,1,1.88937,1.53
Kepler-1517,1,1.883,NA
Kepler-1517,1,1.88937,1.53
Kepler-1517,1,1.95,1.58
Kepler-1517,1,1.88937,NA
Kepler-1517,1,4.037,2.054
Kepler-1517,1,4.037,2.054
Kepler-1517,1,4.037,2.054
Kepler-1517,1,1.88937,1.53
Kepler-1518,2,1.56981,1.49
Kepler-1518,2,1.345,1.06
Kepler-1518,2,1.345,1.06
Kepler-1518,2,1.345,1.06
Kepler-1518,2,1.574,NA
Kepler-1518,2,1.88,1.54
Kepler-1518,2,1.345,1.06
Kepler-1518,2,1.345,1.06
Kepler-1518,2,1.56981,1.49
Kepler-1518,2,1.345,1.06
Kepler-1518,2,1.345,1.06
Kepler-1519,1,1.52956,1
Kepler-1519,1,0.887,0.972
Kepler-1519,1,0.91,0.94
Kepler-1519,1,1.385,1.029
Kepler-1519,1,0.887,0.972
Kepler-1519,1,1.52956,1
Kepler-1519,1,1.535,NA
Kepler-1519,1,0.887,0.972
Kepler-1519,1,1.52956,1
Kepler-152,2,0.73,0.832
Kepler-152,2,0.738,0.826
Kepler-152,2,0.724,NA
Kepler-152,2,0.761,0.846
Kepler-152,2,0.764942,0.84
Kepler-152,2,0.76,0.83
Kepler-152,2,0.761,0.846
Kepler-152,2,0.764942,0.84
Kepler-152,2,0.755,NA
Kepler-152,2,0.761,0.846
Kepler-152,2,0.764942,0.84
Kepler-152,2,0.748,0.779
Kepler-152,2,0.755,NA
Kepler-152,2,0.764942,0.84
Kepler-152,2,0.738,0.826
Kepler-152,2,0.761,0.846
Kepler-152,2,0.764942,0.84
Kepler-152,2,0.764942,0.84
Kepler-152,2,0.73,0.832
Kepler-152,2,0.761,0.846
Kepler-152,2,0.724,NA
Kepler-152,2,0.761,0.846
Kepler-152,2,0.748,0.779
Kepler-152,2,0.76,0.83
Kepler-1520,1,0.734657,0.72
Kepler-1520,1,0.71,0.76
Kepler-1520,1,0.7,NA
Kepler-1520,1,0.734657,0.72
Kepler-1520,1,0.66,0.666
Kepler-1520,1,0.66,0.666
Kepler-1520,1,0.66,0.666
Kepler-1520,1,0.66,0.666
Kepler-1521,1,0.697343,0.824
Kepler-1521,1,1.945,1.029
Kepler-1521,1,0.76,0.81
Kepler-1521,1,1.945,1.029
Kepler-1521,1,0.693,0.776
Kepler-1521,1,0.697343,0.824
Kepler-1521,1,0.734,0.746
Kepler-1521,1,0.696,NA
Kepler-1521,1,0.697343,0.824
Kepler-1521,1,1.945,1.029
Kepler-1522,1,0.842,0.937
Kepler-1522,1,1.14923,1.01
Kepler-1522,1,0.853,0.943
Kepler-1522,1,0.853,0.943
Kepler-1522,1,0.93,0.96
Kepler-1522,1,0.853,0.943
Kepler-1522,1,1.14923,1.01
Kepler-1522,1,1.14923,1.01
Kepler-1522,1,1.125,NA
Kepler-1523,1,0.923,1.019
Kepler-1523,1,0.921,0.984
Kepler-1523,1,0.938,NA
Kepler-1523,1,0.96,0.97
Kepler-1523,1,0.992517,0.96
Kepler-1523,1,0.992517,0.96
Kepler-1523,1,0.923,1.019
Kepler-1523,1,0.923,1.019
Kepler-1523,1,0.886,0.964
Kepler-1524,1,1.25,1.17
Kepler-1524,1,0.97,NA
Kepler-1524,1,0.983879,1.041
Kepler-1524,1,1.002,0.876
Kepler-1524,1,0.983879,1.041
Kepler-1524,1,0.986,1.032
Kepler-1524,1,1.002,0.876
Kepler-1524,1,1.002,0.876
Kepler-1525,1,1.04,1.07
Kepler-1525,1,0.923,1.013
Kepler-1525,1,0.923,1.013
Kepler-1525,1,1.0558,0.985
Kepler-1525,1,1.016,1.027
Kepler-1525,1,1.026,1.069
Kepler-1525,1,1.0558,0.985
Kepler-1525,1,0.923,1.013
Kepler-1525,1,1.022,NA
Kepler-1526,1,0.653,0.639
Kepler-1526,1,0.653,0.639
Kepler-1526,1,0.653,0.639
Kepler-1526,1,0.681,NA
Kepler-1526,1,0.69,0.73
Kepler-1526,1,0.713621,0.72
Kepler-1526,1,0.713621,0.72
Kepler-1526,1,0.653,0.639
Kepler-1526,1,0.713621,0.72
Kepler-1527,1,1.65679,1.08
Kepler-1527,1,0.916,0.991
Kepler-1527,1,0.916,0.991
Kepler-1527,1,1.65679,1.08
Kepler-1527,1,1.32,1.21
Kepler-1527,1,1.58,NA
Kepler-1527,1,1.759,1.283
Kepler-1527,1,0.916,0.991
Kepler-1527,1,1.65679,1.08
Kepler-1528,1,0.999,1.07
Kepler-1528,1,1.03,1.03
Kepler-1528,1,0.999,1.07
Kepler-1528,1,0.930909,1.03
Kepler-1528,1,0.999,1.07
Kepler-1528,1,0.902,NA
Kepler-1528,1,0.999,1.07
Kepler-1528,1,0.930909,1.03
Kepler-1529,1,0.761793,0.8
Kepler-1529,1,0.704,0.676
Kepler-1529,1,0.738,NA
Kepler-1529,1,0.704,0.676
Kepler-1529,1,0.761793,0.8
Kepler-1529,1,0.704,0.676
Kepler-1529,1,0.761793,0.8
Kepler-1529,1,0.704,0.676
Kepler-1529,1,0.77,0.81
Kepler-153,2,0.712449,0.91
Kepler-153,2,0.737,NA
Kepler-153,2,0.712449,0.91
Kepler-153,2,0.865,0.774
Kepler-153,2,0.91,0.82
Kepler-153,2,0.712449,0.91
Kepler-153,2,0.865,0.774
Kepler-153,2,0.729,0.756
Kepler-153,2,0.892,NA
Kepler-153,2,0.865,0.774
Kepler-153,2,0.865,0.774
Kepler-153,2,0.8,0.83
Kepler-153,2,0.712449,0.91
Kepler-153,2,0.865,0.774
Kepler-153,2,0.737,NA
Kepler-153,2,0.8,0.83
Kepler-153,2,0.712449,0.91
Kepler-153,2,0.865,0.774
Kepler-153,2,0.865,0.774
Kepler-153,2,0.865,0.774
Kepler-153,2,0.712449,0.91
Kepler-153,2,0.892,NA
Kepler-153,2,0.91,0.82
Kepler-153,2,0.729,0.756
Kepler-1530,3,1.303,1.015
Kepler-1530,3,1.303,1.015
Kepler-1530,3,0.88,0.92
Kepler-1530,3,0.817288,0.92
Kepler-1530,3,0.817288,0.92
Kepler-1530,3,1.303,1.015
Kepler-1530,3,0.817288,0.92
Kepler-1530,3,0.797,0.891
Kepler-1530,3,0.807,NA
Kepler-1530,3,1.303,1.015
Kepler-1530,3,0.817288,0.92
Kepler-1530,3,1.303,1.015
Kepler-1530,3,0.817288,0.92
Kepler-1530,3,0.797,0.891
Kepler-1530,3,1.303,1.015
Kepler-1530,3,1.303,1.015
Kepler-1530,3,1.303,1.015
Kepler-1530,3,0.88,0.92
Kepler-1530,3,0.807,NA
Kepler-1530,3,0.817288,0.92
Kepler-1530,3,1.303,1.015
Kepler-1530,3,1.303,1.015
Kepler-1530,3,1.303,1.015
Kepler-1530,3,1.303,1.015
Kepler-1530,3,0.797,0.891
Kepler-1530,3,1.303,1.015
Kepler-1530,3,0.817288,0.92
Kepler-1530,3,0.817288,0.92
Kepler-1531,1,1.528,1.046
Kepler-1531,1,1.528,1.046
Kepler-1531,1,1.713,1.094
Kepler-1531,1,1.27,1.16
Kepler-1531,1,1.22309,1.2
Kepler-1531,1,1.528,1.046
Kepler-1531,1,1.22309,1.2
Kepler-1531,1,1.285,1.101
Kepler-1532,1,0.861608,1.02
Kepler-1532,1,0.861608,1.02
Kepler-1532,1,0.834,NA
Kepler-1532,1,0.869,0.963
Kepler-1532,1,0.869,0.963
Kepler-1532,1,0.874,0.968
Kepler-1532,1,0.88,0.91
Kepler-1532,1,0.869,0.963
Kepler-1533,1,1.725,1.141
Kepler-1533,1,1.759,NA
Kepler-1533,1,1.70463,1.32
Kepler-1533,1,1.035,1.083
Kepler-1533,1,1.035,1.083
Kepler-1533,1,1.70463,1.32
Kepler-1533,1,1.51,1.31
Kepler-1533,1,1.349,1.252
Kepler-1533,1,1.035,1.083
Kepler-1534,1,0.883,0.875
Kepler-1534,1,NA,NA
Kepler-1534,1,0.86,0.9
Kepler-1534,1,0.883,0.875
Kepler-1534,1,0.883,0.875
Kepler-1534,1,NA,NA
Kepler-1535,1,0.845,0.928
Kepler-1535,1,1.16562,1.06
Kepler-1535,1,1.16562,1.06
Kepler-1535,1,0.845,0.928
Kepler-1535,1,1.16562,1.06
Kepler-1535,1,1.141,NA
Kepler-1535,1,1.11,1.08
Kepler-1535,1,1.115,1.044
Kepler-1535,1,0.845,0.928
Kepler-1536,1,0.63,0.616
Kepler-1536,1,0.63,0.616
Kepler-1536,1,0.67,0.71
Kepler-1536,1,0.651,NA
Kepler-1536,1,0.721038,0.66
Kepler-1536,1,0.63,0.616
Kepler-1536,1,0.63,0.616
Kepler-1537,1,1.449,0.939
Kepler-1537,1,1.449,0.939
Kepler-1537,1,1.449,0.939
Kepler-1537,1,0.781,NA
Kepler-1537,1,1.449,0.939
Kepler-1537,1,0.77,0.81
Kepler-1537,1,0.819392,0.83
Kepler-1537,1,0.819392,0.83
Kepler-1538,1,1.1,1.106
Kepler-1538,1,1.03,1.03
Kepler-1538,1,1.1,1.106
Kepler-1538,1,0.948,NA
Kepler-1538,1,0.899629,1.04
Kepler-1538,1,1.1,1.106
Kepler-1538,1,0.899629,1.04
Kepler-1538,1,1.241,0.981
Kepler-1538,1,0.899629,1.04
Kepler-1539,1,0.806594,0.84
Kepler-1539,1,0.8,0.84
Kepler-1539,1,0.806594,0.84
Kepler-1539,1,0.801,0.816
Kepler-1539,1,0.801,0.816
Kepler-1539,1,0.806594,0.84
Kepler-1539,1,0.801,0.816
Kepler-1539,1,0.864,0.811
Kepler-1539,1,0.781,NA
Kepler-154,5,0.971,0.895
Kepler-154,5,0.832,0.916
Kepler-154,5,1.0506,1.03
Kepler-154,5,0.832,0.916
Kepler-154,5,1.0506,1.03
Kepler-154,5,1.001,NA
Kepler-154,5,1.05,0.933
Kepler-154,5,1.071,NA
Kepler-154,5,1.0506,1.03
Kepler-154,5,0.832,0.916
Kepler-154,5,0.98,0.98
Kepler-154,5,1.05,0.933
Kepler-154,5,1.0506,1.03
Kepler-154,5,1.071,NA
Kepler-154,5,1.0506,1.03
Kepler-154,5,0.971,0.895
Kepler-154,5,0.832,0.916
Kepler-154,5,0.832,0.916
Kepler-154,5,0.832,0.916
Kepler-154,5,0.98,0.98
Kepler-154,5,1.001,NA
Kepler-154,5,1.0506,1.03
Kepler-154,5,1.071,NA
Kepler-154,5,0.832,0.916
Kepler-154,5,0.98,0.98
Kepler-154,5,1.0506,1.03
Kepler-154,5,0.971,0.895
Kepler-154,5,1.0506,1.03
Kepler-154,5,0.832,0.916
Kepler-154,5,1.05,0.933
Kepler-154,5,0.93,1.034
Kepler-154,5,0.832,0.916
Kepler-154,5,0.832,0.916
Kepler-154,5,1.071,NA
Kepler-154,5,1.05,0.933
Kepler-154,5,0.98,0.98
Kepler-154,5,0.832,0.916
Kepler-154,5,0.971,0.895
Kepler-154,5,0.832,0.916
Kepler-154,5,1.0506,1.03
Kepler-154,5,1.0506,1.03
Kepler-154,5,0.832,0.916
Kepler-154,5,0.832,0.916
Kepler-154,5,1.05,0.933
Kepler-154,5,0.832,0.916
Kepler-154,5,1.071,NA
Kepler-154,5,0.98,0.98
Kepler-154,5,1.0506,1.03
Kepler-154,5,1.0506,1.03
Kepler-154,5,0.971,0.895
Kepler-1540,1,0.695483,0.676
Kepler-1540,1,0.639,0.628
Kepler-1540,1,0.639,0.628
Kepler-1540,1,0.747,0.734
Kepler-1540,1,0.639,0.628
Kepler-1540,1,0.695483,0.676
Kepler-1540,1,0.636,NA
Kepler-1540,1,0.69,0.74
Kepler-1541,1,0.83,0.813
Kepler-1541,1,1.533,0.899
Kepler-1541,1,0.804783,0.91
Kepler-1541,1,0.81,0.86
Kepler-1541,1,0.804783,0.91
Kepler-1541,1,0.834,NA
Kepler-1541,1,0.804783,0.91
Kepler-1541,1,1.533,0.899
Kepler-1541,1,1.533,0.899
Kepler-1541,1,1.533,0.899
Kepler-1542,4,1.19,0.866
Kepler-1542,4,1.184,NA
Kepler-1542,4,1.14724,0.99
Kepler-1542,4,1.174,0.923
Kepler-1542,4,1.19,0.866
Kepler-1542,4,1.19,0.866
Kepler-1542,4,1.065,0.933
Kepler-1542,4,0.99,0.94
Kepler-1542,4,1.14724,0.99
Kepler-1542,4,1.19,0.866
Kepler-1542,4,1.174,0.923
Kepler-1542,4,0.99,0.94
Kepler-1542,4,1.19,0.866
Kepler-1542,4,1.065,0.933
Kepler-1542,4,1.14724,0.99
Kepler-1542,4,1.184,NA
Kepler-1542,4,1.19,0.866
Kepler-1542,4,1.14724,0.99
Kepler-1542,4,0.99,0.94
Kepler-1542,4,1.14724,0.99
Kepler-1542,4,1.174,0.923
Kepler-1542,4,1.065,0.933
Kepler-1542,4,1.14724,0.99
Kepler-1542,4,1.19,0.866
Kepler-1542,4,1.19,0.866
Kepler-1542,4,1.184,NA
Kepler-1542,4,1.19,0.866
Kepler-1542,4,1.14724,0.99
Kepler-1542,4,1.174,0.923
Kepler-1542,4,1.19,0.866
Kepler-1542,4,0.99,0.94
Kepler-1542,4,1.14724,0.99
Kepler-1542,4,1.184,NA
Kepler-1542,4,1.065,0.933
Kepler-1543,1,3.53,1.786
Kepler-1543,1,1.397,1.425
Kepler-1543,1,1.33155,1.39
Kepler-1543,1,1.33155,1.39
Kepler-1543,1,1.408,NA
Kepler-1543,1,1.397,1.425
Kepler-1543,1,1.397,1.425
Kepler-1543,1,1.65,1.39
Kepler-1544,1,0.706,NA
Kepler-1544,1,0.750481,0.772
Kepler-1544,1,0.750481,0.772
Kepler-1544,1,0.707,0.771
Kepler-1544,1,0.750481,0.772
Kepler-1544,1,0.74,0.81
Kepler-1544,1,0.761,0.735
Kepler-1544,1,0.713,0.743
Kepler-1544,1,0.761,0.735
Kepler-1544,1,0.701,0.755
Kepler-1544,1,0.761,0.735
Kepler-1545,1,0.796,0.893
Kepler-1545,1,0.796,0.893
Kepler-1545,1,0.867,NA
Kepler-1545,1,0.8,0.84
Kepler-1545,1,0.843,0.8
Kepler-1545,1,0.926681,0.86
Kepler-1545,1,0.796,0.893
Kepler-1545,1,0.926681,0.86
Kepler-1545,1,0.926681,0.86
Kepler-1546,1,0.875867,1.02
Kepler-1546,1,0.885,NA
Kepler-1546,1,1.019,0.883
Kepler-1546,1,0.875867,1.02
Kepler-1546,1,1.019,0.883
Kepler-1546,1,1.019,0.883
Kepler-1546,1,0.93,0.95
Kepler-1546,1,1.019,0.883
Kepler-1546,1,0.875867,1.02
Kepler-1547,1,1.024,0.981
Kepler-1547,1,1.024,0.981
Kepler-1547,1,1.208,1.045
Kepler-1547,1,2.304,1.235
Kepler-1547,1,1.226,NA
Kepler-1547,1,1.27374,1.05
Kepler-1547,1,1.18,1.12
Kepler-1547,1,1.024,0.981
Kepler-1548,1,0.97,0.99
Kepler-1548,1,0.745817,0.99
Kepler-1548,1,0.745817,0.99
Kepler-1548,1,0.745817,0.99
Kepler-1548,1,0.847,0.935
Kepler-1548,1,0.764,NA
Kepler-1548,1,0.847,0.935
Kepler-1548,1,0.847,0.935
Kepler-1548,1,1.032,0.875
Kepler-1549,1,0.917362,0.87
Kepler-1549,1,0.917362,0.87
Kepler-1549,1,0.917362,0.87
Kepler-1549,1,0.84,0.88
Kepler-1549,1,0.858,NA
Kepler-1549,1,0.876,0.972
Kepler-1549,1,0.995,0.862
Kepler-1549,1,0.876,0.972
Kepler-1549,1,0.876,0.972
Kepler-155,2,0.539,0.557
Kepler-155,2,0.529,0.542
Kepler-155,2,0.62,NA
Kepler-155,2,0.68,0.72
Kepler-155,2,0.771507,0.678
Kepler-155,2,0.771507,0.678
Kepler-155,2,0.54,0.56
Kepler-155,2,0.54,0.56
Kepler-155,2,0.54,0.56
Kepler-155,2,0.606,0.635
Kepler-155,2,0.771507,0.678
Kepler-155,2,0.54,0.56
Kepler-155,2,0.771507,0.678
Kepler-155,2,0.54,0.56
Kepler-155,2,0.529,0.542
Kepler-155,2,0.54,0.56
Kepler-155,2,0.606,0.635
Kepler-155,2,0.68,0.72
Kepler-155,2,0.771507,0.678
Kepler-155,2,0.539,0.557
Kepler-155,2,0.771507,0.678
Kepler-155,2,0.54,0.56
Kepler-155,2,0.62,NA
Kepler-155,2,0.771507,0.678
Kepler-155,2,0.771507,0.678
Kepler-1550,1,0.959,1.031
Kepler-1550,1,0.959,1.031
Kepler-1550,1,0.959,1.031
Kepler-1550,1,1.363,1.185
Kepler-1550,1,1.09483,1.07
Kepler-1550,1,1.09483,1.07
Kepler-1550,1,1.104,NA
Kepler-1550,1,1.11,1.07
Kepler-1550,1,1.09483,1.07
Kepler-1551,1,1.12709,1.22
Kepler-1551,1,1.162,1.232
Kepler-1551,1,1.22,1.14
Kepler-1551,1,1.144,1.221
Kepler-1551,1,1.144,1.221
Kepler-1551,1,1.144,1.221
Kepler-1551,1,1.12709,1.22
Kepler-1551,1,1.125,NA
Kepler-1551,1,1.12709,1.22
Kepler-1552,1,0.677,0.714
Kepler-1552,1,0.677,0.714
Kepler-1552,1,0.974,0.847
Kepler-1552,1,0.677,0.714
Kepler-1552,1,0.78,0.85
Kepler-1552,1,1.11332,0.79
Kepler-1552,1,0.801,0.861
Kepler-1552,1,0.989,NA
Kepler-1552,1,1.11332,0.79
Kepler-1553,1,0.78,0.875
Kepler-1553,1,0.820256,0.9
Kepler-1553,1,0.81,0.85
Kepler-1553,1,0.820256,0.9
Kepler-1553,1,0.825,0.822
Kepler-1553,1,0.804,NA
Kepler-1553,1,0.78,0.875
Kepler-1553,1,0.78,0.875
Kepler-1554,1,0.764,0.833
Kepler-1554,1,0.78238,0.88
Kepler-1554,1,0.78238,0.88
Kepler-1554,1,0.792,0.716
Kepler-1554,1,0.809,NA
Kepler-1554,1,0.764,0.833
Kepler-1554,1,0.969,0.855
Kepler-1554,1,0.81,0.84
Kepler-1554,1,0.764,0.833
Kepler-1554,1,0.78238,0.88
Kepler-1555,1,0.989,1.058
Kepler-1555,1,1.009,1.072
Kepler-1555,1,1.52668,1.05
Kepler-1555,1,1.533,NA
Kepler-1555,1,1.06,1.04
Kepler-1555,1,1.009,1.072
Kepler-1555,1,1.52668,1.05
Kepler-1555,1,1.009,1.072
Kepler-1556,1,0.878,0.972
Kepler-1556,1,1.01,0.944
Kepler-1556,1,0.95,0.97
Kepler-1556,1,0.824385,0.98
Kepler-1556,1,1.01,0.944
Kepler-1556,1,1.01,0.944
Kepler-1556,1,0.862,NA
Kepler-1556,1,0.824385,0.98
Kepler-1556,1,0.824385,0.98
Kepler-1557,1,1.17,1.11
Kepler-1557,1,1.031,1.091
Kepler-1557,1,1.09641,1.07
Kepler-1557,1,1.031,1.091
Kepler-1557,1,1.09641,1.07
Kepler-1557,1,1.031,1.091
Kepler-1557,1,1.058,NA
Kepler-1557,1,1.063,1.118
Kepler-1558,1,0.854,0.798
Kepler-1558,1,0.766356,0.829
Kepler-1558,1,0.854,0.798
Kepler-1558,1,0.766356,0.829
Kepler-1558,1,0.854,0.798
Kepler-1558,1,0.739,0.849
Kepler-1558,1,0.743,NA
Kepler-1558,1,0.854,0.798
Kepler-1558,1,0.79,0.83
Kepler-1559,1,0.875,0.872
Kepler-1559,1,0.89054,0.89
Kepler-1559,1,0.822,0.927
Kepler-1559,1,0.89054,0.89
Kepler-1559,1,0.822,0.927
Kepler-1559,1,0.822,0.927
Kepler-1559,1,0.886,NA
Kepler-1559,1,0.82,0.86
Kepler-1559,1,0.889,0.828
Kepler-156,2,0.797,0.829
Kepler-156,2,0.806,NA
Kepler-156,2,0.769,0.801
Kepler-156,2,0.769,0.801
Kepler-156,2,0.769,0.801
Kepler-156,2,0.797,0.864
Kepler-156,2,0.7905,0.84
Kepler-156,2,0.7905,0.84
Kepler-156,2,0.807,NA
Kepler-156,2,0.7905,0.84
Kepler-156,2,0.74,0.737
Kepler-156,2,0.8,0.84
Kepler-156,2,0.7905,0.84
Kepler-156,2,0.7905,0.84
Kepler-156,2,0.8,0.84
Kepler-156,2,0.7905,0.84
Kepler-156,2,0.806,NA
Kepler-156,2,0.769,0.801
Kepler-156,2,0.769,0.801
Kepler-156,2,0.74,0.737
Kepler-156,2,0.797,0.864
Kepler-156,2,0.797,0.829
Kepler-156,2,0.769,0.801
Kepler-156,2,0.807,NA
Kepler-1560,1,1.00011,1.005
Kepler-1560,1,0.993,0.909
Kepler-1560,1,0.993,0.909
Kepler-1560,1,1.00011,1.005
Kepler-1560,1,0.993,0.909
Kepler-1560,1,0.993,0.909
Kepler-1560,1,0.971,NA
Kepler-1560,1,0.963,1.055
Kepler-1560,1,1.02,1.02
Kepler-1561,1,0.864,0.958
Kepler-1561,1,0.96,NA
Kepler-1561,1,1.00439,1.01
Kepler-1561,1,1.00439,1.01
Kepler-1561,1,1.11,1.07
Kepler-1561,1,0.864,0.958
Kepler-1561,1,0.864,0.958
Kepler-1561,1,0.863,0.96
Kepler-1562,1,1.05,1.02
Kepler-1562,1,1.378,1.199
Kepler-1562,1,1.75955,1.03
Kepler-1562,1,1.299,1.165
Kepler-1562,1,1.378,1.199
Kepler-1562,1,1.546,NA
Kepler-1562,1,1.75955,1.03
Kepler-1562,1,1.378,1.199
Kepler-1562,1,1.75955,1.03
Kepler-1563,1,0.99,1
Kepler-1563,1,0.881,0.974
Kepler-1563,1,0.881,0.974
Kepler-1563,1,0.881,0.974
Kepler-1563,1,NA,NA
Kepler-1563,1,0.881,0.974
Kepler-1563,1,NA,NA
Kepler-1564,1,0.852,0.953
Kepler-1564,1,0.909,0.955
Kepler-1564,1,0.965104,0.95
Kepler-1564,1,0.965104,0.95
Kepler-1564,1,0.852,0.953
Kepler-1564,1,0.852,0.953
Kepler-1564,1,0.965104,0.95
Kepler-1564,1,0.9,0.93
Kepler-1564,1,0.942,NA
Kepler-1565,1,0.73,0.76
Kepler-1565,1,0.726,0.783
Kepler-1565,1,0.726,0.783
Kepler-1565,1,0.732828,0.79
Kepler-1565,1,0.695,NA
Kepler-1565,1,0.726,0.783
Kepler-1565,1,0.732828,0.79
Kepler-1565,1,0.723,0.794
Kepler-1566,1,0.837,0.811
Kepler-1566,1,0.678,0.752
Kepler-1566,1,0.741,0.784
Kepler-1566,1,0.678,0.752
Kepler-1566,1,0.678,0.752
Kepler-1566,1,0.81,0.84
Kepler-1566,1,0.784518,0.85
Kepler-1566,1,0.748,NA
Kepler-1566,1,0.784518,0.85
Kepler-1567,1,0.903,0.944
Kepler-1567,1,0.935994,0.98
Kepler-1567,1,0.903,0.944
Kepler-1567,1,0.93,0.95
Kepler-1567,1,0.903,0.944
Kepler-1567,1,0.935994,0.98
Kepler-1567,1,0.903,0.944
Kepler-1567,1,0.935994,0.98
Kepler-1567,1,0.886,NA
Kepler-1568,1,1.221,1.06
Kepler-1568,1,1.19,1.09
Kepler-1568,1,1.21,1.025
Kepler-1568,1,1.246,NA
Kepler-1568,1,1.26451,1.09
Kepler-1568,1,1.21,1.025
Kepler-1568,1,1.21,1.025
Kepler-1568,1,1.21,1.025
Kepler-1568,1,1.26451,1.09
Kepler-1568,1,1.26451,1.09
Kepler-1569,1,1.247,1.177
Kepler-1569,1,1.275,NA
Kepler-1569,1,1.087,1.038
Kepler-1569,1,1.32262,1.14
Kepler-1569,1,1.087,1.038
Kepler-1569,1,1.4,1.25
Kepler-1569,1,1.087,1.038
Kepler-1569,1,1.318,1.109
Kepler-157,3,1.12809,1.02
Kepler-157,3,1.12809,1.02
Kepler-157,3,1.014,0.918
Kepler-157,3,0.934,1.021
Kepler-157,3,0.92,1.028
Kepler-157,3,0.934,1.021
Kepler-157,3,0.934,1.021
Kepler-157,3,1.044,NA
Kepler-157,3,1.03,1.02
Kepler-157,3,1.069,0.95
Kepler-157,3,1.085,NA
Kepler-157,3,1.12809,1.02
Kepler-157,3,1.12809,1.02
Kepler-157,3,0.934,1.021
Kepler-157,3,1.085,NA
Kepler-157,3,0.934,1.021
Kepler-157,3,1.03,1.02
Kepler-157,3,1.014,0.918
Kepler-157,3,0.934,1.021
Kepler-157,3,1.044,NA
Kepler-157,3,0.92,1.028
Kepler-157,3,1.069,0.95
Kepler-157,3,1.12809,1.02
Kepler-157,3,1.085,NA
Kepler-157,3,0.92,1.028
Kepler-157,3,0.934,1.021
Kepler-157,3,0.934,1.021
Kepler-157,3,1.03,1.02
Kepler-157,3,0.934,1.021
Kepler-157,3,1.12809,1.02
Kepler-157,3,1.12809,1.02
Kepler-157,3,1.014,0.918
Kepler-157,3,1.069,0.95
Kepler-1570,1,2.154,1.074
Kepler-1570,1,1.7202,0.99
Kepler-1570,1,2.154,1.074
Kepler-1570,1,1.7202,0.99
Kepler-1570,1,1.77,0.88
Kepler-1570,1,0.89,0.92
Kepler-1570,1,2.154,1.074
Kepler-1570,1,1.7202,0.99
Kepler-1570,1,1.807,NA
Kepler-1570,1,2.154,1.074
Kepler-1571,1,1.248,NA
Kepler-1571,1,1.48,0.936
Kepler-1571,1,1.237,0.916
Kepler-1571,1,1.48,0.936
Kepler-1571,1,1.48,0.936
Kepler-1571,1,1.33016,0.99
Kepler-1571,1,1.33016,0.99
Kepler-1571,1,1.48,0.936
Kepler-1571,1,1.39,1.23
Kepler-1572,1,1.392,1.02
Kepler-1572,1,1.392,1.02
Kepler-1572,1,0.95,0.97
Kepler-1572,1,1.462,NA
Kepler-1572,1,1.46132,1.08
Kepler-1572,1,1.392,1.02
Kepler-1572,1,1.43,0.878
Kepler-1572,1,1.46132,1.08
Kepler-1572,1,1.392,1.02
Kepler-1573,1,1.22919,1.02
Kepler-1573,1,0.958,0.934
Kepler-1573,1,0.958,0.934
Kepler-1573,1,0.958,0.934
Kepler-1573,1,1.22919,1.02
Kepler-1573,1,1.202,NA
Kepler-1573,1,1,1.01
Kepler-1573,1,0.958,0.934
Kepler-1574,1,1.03,1.132
Kepler-1574,1,1.08,1.06
Kepler-1574,1,1.22293,1.02
Kepler-1574,1,1.03,1.132
Kepler-1574,1,1.22293,1.02
Kepler-1574,1,1.03,1.132
Kepler-1574,1,1.128,NA
Kepler-1574,1,1.03,1.132
Kepler-1575,1,0.966,NA
Kepler-1575,1,0.982139,1.02
Kepler-1575,1,0.92,0.95
Kepler-1575,1,0.908,0.996
Kepler-1575,1,0.908,0.996
Kepler-1575,1,0.908,0.996
Kepler-1575,1,0.908,0.996
Kepler-1575,1,0.982139,1.02
Kepler-1576,1,1.235,1.046
Kepler-1576,1,1.227,1.044
Kepler-1576,1,0.925,NA
Kepler-1576,1,1.235,1.046
Kepler-1576,1,1.235,1.046
Kepler-1576,1,0.96195,1.01
Kepler-1576,1,0.96195,1.01
Kepler-1576,1,1.06,1.05
Kepler-1576,1,0.917,1.024
Kepler-1577,1,1.756,0.952
Kepler-1577,1,0.750229,0.75
Kepler-1577,1,1.756,0.952
Kepler-1577,1,0.74,0.78
Kepler-1577,1,0.685,NA
Kepler-1577,1,1.756,0.952
Kepler-1577,1,1.756,0.952
Kepler-1577,1,0.750229,0.75
Kepler-1578,1,1.023,1.011
Kepler-1578,1,0.888146,0.98
Kepler-1578,1,1.023,1.011
Kepler-1578,1,1.023,1.011
Kepler-1578,1,0.888146,0.98
Kepler-1578,1,1.023,1.011
Kepler-1578,1,0.86,0.9
Kepler-1578,1,0.886,NA
Kepler-1579,1,0.504,0.504
Kepler-1579,1,0.504,0.504
Kepler-1579,1,0.504,0.504
Kepler-1579,1,0.7,0.75
Kepler-1579,1,0.505,0.503
Kepler-1579,1,NA,NA
Kepler-1579,1,NA,NA
Kepler-158,3,0.628,0.655
Kepler-158,3,0.668,0.656
Kepler-158,3,0.650925,0.73
Kepler-158,3,0.650925,0.73
Kepler-158,3,0.639,0.652
Kepler-158,3,0.668,0.656
Kepler-158,3,0.624,NA
Kepler-158,3,0.643,NA
Kepler-158,3,0.668,0.656
Kepler-158,3,0.668,0.656
Kepler-158,3,0.71,0.75
Kepler-158,3,0.650925,0.73
Kepler-158,3,0.71,0.75
Kepler-158,3,0.668,0.656
Kepler-158,3,0.639,0.652
Kepler-158,3,0.650925,0.73
Kepler-158,3,0.668,0.656
Kepler-158,3,0.628,0.655
Kepler-158,3,0.650925,0.73
Kepler-158,3,0.668,0.656
Kepler-158,3,0.624,NA
Kepler-158,3,0.643,NA
Kepler-158,3,0.650925,0.73
Kepler-158,3,0.668,0.656
Kepler-158,3,0.668,0.656
Kepler-1580,1,2.57556,1.16
Kepler-1580,1,2.295,1.399
Kepler-1580,1,1.201,0.985
Kepler-1580,1,2.419,1.571
Kepler-1580,1,1.201,0.985
Kepler-1580,1,2.57556,1.16
Kepler-1580,1,2.57556,1.16
Kepler-1580,1,1.201,0.985
Kepler-1580,1,2.475,NA
Kepler-1580,1,2.15,1.47
Kepler-1581,1,1.219,1.07
Kepler-1581,1,1.45368,1.1
Kepler-1581,1,1.375,1.091
Kepler-1581,1,1.219,1.07
Kepler-1581,1,1.219,1.07
Kepler-1581,1,1.23,1.12
Kepler-1581,1,1.45368,1.1
Kepler-1581,1,1.387,NA
Kepler-1581,1,1.227,1.036
Kepler-1582,1,0.158,0.132
Kepler-1582,1,0.158,0.132
Kepler-1582,1,0.3,0.28
Kepler-1582,1,0.2,0.18
Kepler-1582,1,0.214913,0.183955
Kepler-1582,1,0.214913,0.183955
Kepler-1582,1,0.158,0.132
Kepler-1582,1,0.217,NA
Kepler-1583,1,0.91,0.94
Kepler-1583,1,1.047,0.877
Kepler-1583,1,0.899,0.996
Kepler-1583,1,0.899,0.996
Kepler-1583,1,0.899,0.996
Kepler-1583,1,0.888,0.939
Kepler-1583,1,1.06779,0.97
Kepler-1583,1,1.056,NA
Kepler-1583,1,1.06779,0.97
Kepler-1584,1,1.171,1.241
Kepler-1584,1,1.171,1.241
Kepler-1584,1,1.171,1.241
Kepler-1584,1,1.15,1.183
Kepler-1584,1,1.13,1.1
Kepler-1584,1,1.22504,1.12
Kepler-1584,1,1.207,NA
Kepler-1584,1,1.22504,1.12
Kepler-1585,1,0.677,NA
Kepler-1585,1,0.752873,0.88
Kepler-1585,1,0.872,0.912
Kepler-1585,1,0.872,0.912
Kepler-1585,1,0.872,0.912
Kepler-1585,1,0.752873,0.88
Kepler-1585,1,0.872,0.912
Kepler-1585,1,0.91,0.94
Kepler-1586,1,2.106,1.201
Kepler-1586,1,1.141,0.995
Kepler-1586,1,1.156,NA
Kepler-1586,1,1.75,1.45
Kepler-1586,1,1.07345,1.186
Kepler-1586,1,2.106,1.201
Kepler-1586,1,1.07345,1.186
Kepler-1586,1,1.706,1.11
Kepler-1586,1,2.106,1.201
Kepler-1587,1,1.268,1.02
Kepler-1587,1,1.37592,1.08
Kepler-1587,1,1.37592,1.08
Kepler-1587,1,1.368,1.008
Kepler-1587,1,1.268,1.02
Kepler-1587,1,1.268,1.02
Kepler-1587,1,1.22,1.08
Kepler-1587,1,1.268,1.02
Kepler-1587,1,1.403,NA
Kepler-1588,1,1.48384,1.01
Kepler-1588,1,1.48384,1.01
Kepler-1588,1,1.435,NA
Kepler-1588,1,0.99,0.828
Kepler-1588,1,0.99,0.96
Kepler-1588,1,0.99,0.828
Kepler-1588,1,0.99,0.828
Kepler-1588,1,0.99,0.828
Kepler-1588,1,1.407,0.883
Kepler-1589,1,1.323,NA
Kepler-1589,1,1.03,1.132
Kepler-1589,1,1.03,1.132
Kepler-1589,1,1.38239,1.08
Kepler-1589,1,1.25,1.18
Kepler-1589,1,1.03,1.132
Kepler-1589,1,1.244,1.17
Kepler-159,2,0.5,0.52
Kepler-159,2,0.69737,0.7
Kepler-159,2,0.659,NA
Kepler-159,2,0.5,0.52
Kepler-159,2,0.7,0.76
Kepler-159,2,0.69737,0.7
Kepler-159,2,0.5,0.52
Kepler-159,2,0.597,0.628
Kepler-159,2,0.5,0.521
Kepler-159,2,0.663,NA
Kepler-159,2,0.69737,0.7
Kepler-159,2,0.66,0.694
Kepler-159,2,0.5,0.52
Kepler-159,2,0.5,0.52
Kepler-159,2,0.69737,0.7
Kepler-159,2,0.7,0.76
Kepler-159,2,0.5,0.52
Kepler-159,2,0.5,0.521
Kepler-159,2,0.5,0.52
Kepler-159,2,0.663,NA
Kepler-159,2,0.659,NA
Kepler-159,2,0.597,0.628
Kepler-159,2,0.66,0.694
Kepler-159,2,0.5,0.52
Kepler-159,2,0.69737,0.7
Kepler-1590,1,0.992163,1.11
Kepler-1590,1,1.018,0.827
Kepler-1590,1,0.992163,1.11
Kepler-1590,1,1.072,1.05
Kepler-1590,1,1.072,1.05
Kepler-1590,1,1.072,1.05
Kepler-1590,1,1.036,NA
Kepler-1590,1,1.072,1.05
Kepler-1590,1,1.16,1.11
Kepler-1591,1,0.906,0.993
Kepler-1591,1,0.906,0.993
Kepler-1591,1,1.16,1.1
Kepler-1591,1,0.906,0.993
Kepler-1591,1,1.51497,1.11
Kepler-1591,1,0.906,0.993
Kepler-1591,1,1.551,NA
Kepler-1592,1,1.608,NA
Kepler-1592,1,0.829,0.914
Kepler-1592,1,0.829,0.914
Kepler-1592,1,1.60695,1.15
Kepler-1592,1,1.60695,1.15
Kepler-1592,1,1.28,1.18
Kepler-1592,1,0.829,0.914
Kepler-1592,1,0.819,0.922
Kepler-1593,1,0.672,NA
Kepler-1593,1,0.455,0.495
Kepler-1593,1,0.717674,0.72
Kepler-1593,1,0.455,0.495
Kepler-1593,1,0.717674,0.72
Kepler-1593,1,0.455,0.495
Kepler-1593,1,0.452,0.496
Kepler-1593,1,0.698,0.725
Kepler-1593,1,0.717674,0.72
Kepler-1593,1,0.77,0.81
Kepler-1593,1,0.661,0.747
Kepler-1594,1,1.08,1.06
Kepler-1594,1,1.01,1.074
Kepler-1594,1,0.949,NA
Kepler-1594,1,0.970822,1.06
Kepler-1594,1,0.970822,1.06
Kepler-1594,1,1.01,1.074
Kepler-1594,1,1.01,1.074
Kepler-1594,1,1.041,1.119
Kepler-1595,1,0.794,NA
Kepler-1595,1,0.827444,0.87
Kepler-1595,1,0.861,0.848
Kepler-1595,1,0.8,0.84
Kepler-1595,1,0.827444,0.87
Kepler-1595,1,0.861,0.848
Kepler-1595,1,0.861,0.848
Kepler-1595,1,0.861,0.848
Kepler-1596,1,0.92,0.95
Kepler-1596,1,1.69595,1.01
Kepler-1596,1,1.69595,1.01
Kepler-1596,1,1.69595,1.01
Kepler-1596,1,1.655,NA
Kepler-1596,1,0.976,1.006
Kepler-1596,1,0.976,1.006
Kepler-1596,1,0.976,1.006
Kepler-1596,1,0.976,1.027
Kepler-1597,1,1.363,1.086
Kepler-1597,1,1.171,1.194
Kepler-1597,1,1.173,1.195
Kepler-1597,1,1.352,1.27
Kepler-1597,1,1.352,1.27
Kepler-1597,1,1.4,NA
Kepler-1597,1,1.173,1.195
Kepler-1597,1,1.39,1.25
Kepler-1597,1,1.173,1.195
Kepler-1598,1,1.09,1.032
Kepler-1598,1,0.916,0.998
Kepler-1598,1,0.93,NA
Kepler-1598,1,1.09,1.07
Kepler-1598,1,1.09,1.032
Kepler-1598,1,0.952578,1.04
Kepler-1598,1,1.09,1.032
Kepler-1598,1,1.09,1.032
Kepler-1598,1,0.952578,1.04
Kepler-1599,1,1.144,1
Kepler-1599,1,1.33622,1.02
Kepler-1599,1,0.99,0.99
Kepler-1599,1,1.144,1
Kepler-1599,1,1.33622,1.02
Kepler-1599,1,1.28,NA
Kepler-1599,1,1.33622,1.02
Kepler-1599,1,1.144,1
Kepler-1599,1,1.139,0.998
Kepler-16,1,NA,0.655
Kepler-16,1,0.6489,0.6897
Kepler-160,3,1.08187,0.99
Kepler-160,3,0.95,0.97
Kepler-160,3,0.867,0.887
Kepler-160,3,1.089,0.929
Kepler-160,3,1.045,1.003
Kepler-160,3,1.08187,0.99
Kepler-160,3,1.066,NA
Kepler-160,3,0.884,NA
Kepler-160,3,1.08187,0.99
Kepler-160,3,1.118,NA
Kepler-160,3,0.867,0.887
Kepler-160,3,0.867,0.887
Kepler-160,3,0.92,0.993
Kepler-160,3,1.118,NA
Kepler-160,3,1.066,NA
Kepler-160,3,0.867,0.887
Kepler-160,3,0.92,0.993
Kepler-160,3,0.884,NA
Kepler-160,3,1.08187,0.99
Kepler-160,3,1.045,1.003
Kepler-160,3,0.867,0.887
Kepler-160,3,0.867,0.887
Kepler-160,3,1.089,0.929
Kepler-160,3,1.08187,0.99
Kepler-160,3,0.95,0.97
Kepler-160,3,1.118,NA
Kepler-1600,2,0.834,0.818
Kepler-1600,2,0.828,0.929
Kepler-1600,2,0.826,0.844
Kepler-1600,2,0.865862,0.86
Kepler-1600,2,0.82,0.86
Kepler-1600,2,0.847,NA
Kepler-1600,2,0.828,0.929
Kepler-1600,2,0.826,0.844
Kepler-1600,2,0.865862,0.86
Kepler-1600,2,0.828,0.929
Kepler-1600,2,0.828,0.929
Kepler-1600,2,0.828,0.929
Kepler-1600,2,0.834,0.818
Kepler-1600,2,0.834,0.818
Kepler-1601,1,1.092,1.032
Kepler-1601,1,1.07,1.04
Kepler-1601,1,1.04837,1.08
Kepler-1601,1,1.055,0.965
Kepler-1601,1,1.092,1.032
Kepler-1601,1,1.092,1.032
Kepler-1601,1,1.092,1.032
Kepler-1601,1,1.04837,1.08
Kepler-1601,1,1.072,NA
Kepler-1602,1,1.077,0.986
Kepler-1602,1,1.36,1.22
Kepler-1602,1,1.031,1.087
Kepler-1602,1,1.10662,1.17
Kepler-1602,1,1.095,NA
Kepler-1602,1,1.031,1.087
Kepler-1602,1,1.031,1.087
Kepler-1602,1,1.873,1.324
Kepler-1602,1,1.10662,1.17
Kepler-1603,1,2.069,NA
Kepler-1603,1,1.106,1.078
Kepler-1603,1,1.106,1.078
Kepler-1603,1,2.10317,1.1
Kepler-1603,1,1.31,1.21
Kepler-1603,1,1.062,1.115
Kepler-1603,1,1.106,1.078
Kepler-1603,1,2.10317,1.1
Kepler-1604,1,0.753,0.811
Kepler-1604,1,0.734,0.793
Kepler-1604,1,0.753,0.811
Kepler-1604,1,0.777791,0.78
Kepler-1604,1,0.747,0.817
Kepler-1604,1,0.753,0.811
Kepler-1604,1,0.744,NA
Kepler-1604,1,0.76,0.81
Kepler-1605,1,2.1319,NA
Kepler-1605,1,2.213,1.083
Kepler-1605,1,0.82,0.86
Kepler-1605,1,4.001,1.658
Kepler-1605,1,2.1319,NA
Kepler-1605,1,4.001,1.658
Kepler-1605,1,2.036,0.886
Kepler-1605,1,2.064,NA
Kepler-1605,1,4.001,1.658
Kepler-1605,1,2.1319,NA
Kepler-1606,1,0.827593,0.94
Kepler-1606,1,0.827593,0.94
Kepler-1606,1,0.816,0.895
Kepler-1606,1,0.816,0.895
Kepler-1606,1,0.946,0.924
Kepler-1606,1,0.816,0.895
Kepler-1606,1,0.819,NA
Kepler-1606,1,0.86,0.9
Kepler-1606,1,0.827593,0.94
Kepler-1606,1,0.915,0.921
Kepler-1607,1,1.382,0.89
Kepler-1607,1,1.21,1.14
Kepler-1607,1,2.073,1.229
Kepler-1607,1,1.382,0.89
Kepler-1607,1,1.382,0.89
Kepler-1607,1,2.16832,1.07
Kepler-1607,1,1.382,0.89
Kepler-1607,1,2.122,NA
Kepler-1608,1,NA,NA
Kepler-1608,1,0.754,0.702
Kepler-1608,1,0.754,0.702
Kepler-1608,1,0.754,0.702
Kepler-1608,1,0.72,0.75
Kepler-1608,1,0.754,0.702
Kepler-1608,1,NA,NA
Kepler-1609,1,1.71327,1.05
Kepler-1609,1,1.71327,1.05
Kepler-1609,1,1.316,1.044
Kepler-1609,1,1.671,NA
Kepler-1609,1,1.27,1.18
Kepler-1609,1,1.186,1.226
Kepler-1609,1,1.186,1.226
Kepler-1609,1,1.186,1.226
Kepler-1609,1,1.71327,1.05
Kepler-161,2,0.751,0.853
Kepler-161,2,0.7993,0.827
Kepler-161,2,0.739,0.817
Kepler-161,2,0.771,0.853
Kepler-161,2,0.739,0.817
Kepler-161,2,0.771,0.853
Kepler-161,2,0.799,0.827
Kepler-161,2,0.81,0.86
Kepler-161,2,0.7993,0.827
Kepler-161,2,0.7993,0.827
Kepler-161,2,0.756,NA
Kepler-161,2,0.739,0.82
Kepler-161,2,0.806,NA
Kepler-161,2,0.69,0.783
Kepler-161,2,0.739,0.817
Kepler-161,2,0.806,NA
Kepler-161,2,0.7993,0.827
Kepler-161,2,0.771,0.853
Kepler-161,2,0.739,0.817
Kepler-161,2,0.771,0.853
Kepler-161,2,0.739,0.817
Kepler-161,2,0.739,0.82
Kepler-161,2,0.69,0.783
Kepler-161,2,0.7993,0.827
Kepler-161,2,0.799,0.827
Kepler-161,2,0.756,NA
Kepler-161,2,0.751,0.853
Kepler-161,2,0.81,0.86
Kepler-161,2,0.739,0.817
Kepler-1610,2,0.8,0.825
Kepler-1610,2,0.732623,0.86
Kepler-1610,2,0.694,NA
Kepler-1610,2,0.8,0.825
Kepler-1610,2,0.87,0.91
Kepler-1610,2,0.8,0.825
Kepler-1610,2,0.8,0.825
Kepler-1610,2,0.732623,0.86
Kepler-1610,2,0.8,0.825
Kepler-1610,2,0.8,0.825
Kepler-1610,2,0.732623,0.86
Kepler-1610,2,0.8,0.825
Kepler-1610,2,0.8,0.825
Kepler-1610,2,0.732623,0.86
Kepler-1610,2,0.8,0.825
Kepler-1611,1,NA,NA
Kepler-1611,1,0.72,0.786
Kepler-1611,1,NA,NA
Kepler-1611,1,0.72,0.786
Kepler-1611,1,0.72,0.786
Kepler-1611,1,1.497,1.001
Kepler-1611,1,0.93,0.94
Kepler-1612,1,0.813,0.891
Kepler-1612,1,0.94,0.96
Kepler-1612,1,0.813,0.891
Kepler-1612,1,0.895233,0.96
Kepler-1612,1,0.895233,0.96
Kepler-1612,1,0.87,0.974
Kepler-1612,1,0.874,NA
Kepler-1612,1,0.813,0.891
Kepler-1613,1,1.269,1.063
Kepler-1613,1,1.91961,1.11
Kepler-1613,1,1.91961,1.11
Kepler-1613,1,1.269,1.063
Kepler-1613,1,1.269,1.063
Kepler-1613,1,1.993,NA
Kepler-1613,1,1.12,1.08
Kepler-1613,1,1.927,1.207
Kepler-1613,1,1.269,1.063
Kepler-1613,1,1.91961,1.11
Kepler-1614,1,0.806,0.897
Kepler-1614,1,0.76,0.79
Kepler-1614,1,0.903,NA
Kepler-1614,1,0.806,0.897
Kepler-1614,1,0.935067,0.86
Kepler-1614,1,0.806,0.897
Kepler-1614,1,0.935067,0.86
Kepler-1614,1,0.806,0.897
Kepler-1615,1,1.002,1.035
Kepler-1615,1,1.002,1.035
Kepler-1615,1,1.62218,1.01
Kepler-1615,1,1.002,1.035
Kepler-1615,1,1.571,NA
Kepler-1615,1,1.62218,1.01
Kepler-1615,1,1.876,1.288
Kepler-1615,1,1.05,1.04
Kepler-1616,1,1.34,1.21
Kepler-1616,1,1.80461,1.19
Kepler-1616,1,1.155,1.177
Kepler-1616,1,1.155,1.177
Kepler-1616,1,1.155,1.177
Kepler-1616,1,1.63,1.289
Kepler-1616,1,1.80461,1.19
Kepler-1616,1,1.762,1.142
Kepler-1616,1,1.806,NA
Kepler-1617,1,1.394,NA
Kepler-1617,1,1.37549,1.1
Kepler-1617,1,1.37549,1.1
Kepler-1617,1,1.368,0.979
Kepler-1617,1,1.126,1.082
Kepler-1617,1,1.126,1.082
Kepler-1617,1,1.126,1.082
Kepler-1617,1,1.22,1.15
Kepler-1617,1,1.707,1.046
Kepler-1618,1,1.385,1.279
Kepler-1618,1,1.65,1.41
Kepler-1618,1,1.385,1.279
Kepler-1618,1,1.80467,1.28
Kepler-1618,1,1.714,NA
Kepler-1618,1,1.673,1.283
Kepler-1618,1,1.80467,1.28
Kepler-1618,1,1.289,1.261
Kepler-1618,1,1.385,1.279
Kepler-1619,1,1.005,0.972
Kepler-1619,1,1.455,NA
Kepler-1619,1,1.47942,1.02
Kepler-1619,1,1.005,0.972
Kepler-1619,1,1.005,0.972
Kepler-1619,1,1,1
Kepler-1619,1,1.47942,1.02
Kepler-1619,1,1.429,0.874
Kepler-1619,1,1.393,0.999
Kepler-162,2,0.958,NA
Kepler-162,2,1.152,NA
Kepler-162,2,0.954,0.875
Kepler-162,2,0.98,0.953
Kepler-162,2,1.20802,1.03
Kepler-162,2,1.20802,1.03
Kepler-162,2,0.954,0.875
Kepler-162,2,0.954,0.875
Kepler-162,2,0.954,0.875
Kepler-162,2,1.2,1.12
Kepler-162,2,1.134,1.053
Kepler-162,2,1.2,1.12
Kepler-162,2,0.954,0.875
Kepler-162,2,0.958,NA
Kepler-162,2,1.20802,1.03
Kepler-162,2,0.954,0.875
Kepler-162,2,0.98,0.953
Kepler-162,2,1.20802,1.03
Kepler-162,2,1.134,1.053
Kepler-162,2,0.954,0.875
Kepler-162,2,0.954,0.875
Kepler-162,2,1.20802,1.03
Kepler-162,2,1.152,NA
Kepler-1620,1,NA,NA
Kepler-1620,1,NA,NA
Kepler-1620,1,NA,NA
Kepler-1620,1,1.23,1.15
Kepler-1620,1,1.054,1.028
Kepler-1620,1,1.054,1.028
Kepler-1620,1,1.054,1.028
Kepler-1620,1,1.054,1.028
Kepler-1621,1,1.43064,1.26
Kepler-1621,1,1.137,1.213
Kepler-1621,1,1.43064,1.26
Kepler-1621,1,1.137,1.213
Kepler-1621,1,1.42,NA
Kepler-1621,1,1.283,1.167
Kepler-1621,1,1.24,1.15
Kepler-1621,1,1.137,1.213
Kepler-1621,1,1.43064,1.26
Kepler-1622,1,1.5,1.31
Kepler-1622,1,1.19,1.157
Kepler-1622,1,1.196,1.119
Kepler-1622,1,1.28583,1.24
Kepler-1622,1,1.312,1.187
Kepler-1622,1,1.19,1.157
Kepler-1622,1,1.28583,1.24
Kepler-1622,1,1.331,NA
Kepler-1622,1,1.19,1.157
Kepler-1623,1,0.962,1.057
Kepler-1623,1,0.873,0.972
Kepler-1623,1,0.878876,0.98
Kepler-1623,1,0.962,1.057
Kepler-1623,1,1,1
Kepler-1623,1,0.885,NA
Kepler-1623,1,0.878876,0.98
Kepler-1623,1,0.962,1.057
Kepler-1624,1,0.568,NA
Kepler-1624,1,0.189,0.165
Kepler-1624,1,0.567309,0.560561
Kepler-1624,1,0.47,0.5
Kepler-1624,1,0.552,0.541
Kepler-1624,1,0.567309,NA
Kepler-1624,1,0.427,0.43
Kepler-1624,1,0.189,0.165
Kepler-1624,1,0.567309,0.560561
Kepler-1624,1,0.567309,0.560561
Kepler-1625,1,1.88043,0.94
Kepler-1625,1,1.818,NA
Kepler-1625,1,1.793,1.079
Kepler-1625,1,0.838,0.861
Kepler-1625,1,1.88043,0.94
Kepler-1625,1,1.719,1.09
Kepler-1625,1,0.94,0.96
Kepler-1625,1,0.838,0.861
Kepler-1626,1,1.181,1.202
Kepler-1626,1,1.85,1.51
Kepler-1626,1,1.521,NA
Kepler-1626,1,1.159,1.181
Kepler-1626,1,1.50068,1.42
Kepler-1626,1,1.50068,1.42
Kepler-1626,1,1.159,1.181
Kepler-1627,1,0.754519,0.99
Kepler-1627,1,0.717,0.681
Kepler-1627,1,0.754519,0.99
Kepler-1627,1,0.882,NA
Kepler-1627,1,0.84,0.87
Kepler-1627,1,0.717,0.681
Kepler-1627,1,0.717,0.681
Kepler-1628,1,0.52,0.55
Kepler-1628,1,0.584,0.587
Kepler-1628,1,NA,NA
Kepler-1628,1,NA,NA
Kepler-1628,1,0.586,0.589
Kepler-1628,1,0.586,0.589
Kepler-1629,1,0.893,1.01
Kepler-1629,1,0.993,1.098
Kepler-1629,1,0.878763,1.01
Kepler-1629,1,0.882,NA
Kepler-1629,1,1.01,1.01
Kepler-1629,1,0.878763,1.01
Kepler-163,2,0.913,NA
Kepler-163,2,0.85,0.96
Kepler-163,2,0.901,0.999
Kepler-163,2,0.96,0.98
Kepler-163,2,1.071,0.882
Kepler-163,2,0.901,0.999
Kepler-163,2,0.901,0.999
Kepler-163,2,0.97077,0.94
Kepler-163,2,0.97077,0.94
Kepler-163,2,0.917,NA
Kepler-163,2,0.901,0.999
Kepler-163,2,1.071,0.882
Kepler-163,2,0.96,0.98
Kepler-163,2,0.97077,0.94
Kepler-163,2,0.913,NA
Kepler-163,2,0.97077,0.94
Kepler-163,2,0.97077,0.94
Kepler-163,2,0.917,NA
Kepler-163,2,0.901,0.999
Kepler-163,2,0.901,0.999
Kepler-163,2,0.85,0.96
Kepler-1630,1,0.719935,0.748
Kepler-1630,1,0.63,0.66
Kepler-1630,1,0.756,0.724
Kepler-1630,1,0.756,0.724
Kepler-1631,1,1.047,NA
Kepler-1631,1,1.08985,0.98
Kepler-1631,1,0.963,1.056
Kepler-1631,1,0.963,1.056
Kepler-1631,1,0.95,0.97
Kepler-1631,1,0.963,1.056
Kepler-1632,1,1.286,0.818
Kepler-1632,1,1.19,1.12
Kepler-1632,1,0.812,0.844
Kepler-1632,1,1.48749,1.1
Kepler-1632,1,1.507,NA
Kepler-1632,1,0.812,0.844
Kepler-1633,1,1.84201,1.18
Kepler-1633,1,1.84201,1.18
Kepler-1633,1,1.92,NA
Kepler-1633,1,1.32,1.2
Kepler-1633,1,0.921,1.008
Kepler-1633,1,4.912,2.006
Kepler-1633,1,1.84201,1.18
Kepler-1633,1,0.921,1.008
Kepler-1634,1,1.354,1.103
Kepler-1634,1,0.884374,0.9
Kepler-1634,1,0.89,0.92
Kepler-1634,1,1.354,1.103
Kepler-1634,1,1.354,1.103
Kepler-1634,1,0.815,NA
Kepler-1635,1,0.863,NA
Kepler-1635,1,0.85,0.89
Kepler-1635,1,0.763,0.847
Kepler-1635,1,0.775,0.831
Kepler-1635,1,0.775,0.831
Kepler-1635,1,0.889688,0.89
Kepler-1635,1,0.842,0.863
Kepler-1636,1,1.297,NA
Kepler-1636,1,1.022,1.133
Kepler-1636,1,1.02,1.01
Kepler-1636,1,1.022,1.133
Kepler-1636,1,1.022,1.133
Kepler-1636,1,1.239,1.039
Kepler-1636,1,1.38556,0.99
Kepler-1637,1,NA,NA
Kepler-1637,1,1.02,1.02
Kepler-1637,1,1.009,0.756
Kepler-1637,1,1.009,0.756
Kepler-1637,1,1.009,0.756
Kepler-1637,1,NA,NA
Kepler-1638,1,1.713,NA
Kepler-1638,1,0.95,0.97
Kepler-1638,1,0.835,0.817
Kepler-1638,1,1.62302,1.03
Kepler-1638,1,1.62302,1.03
Kepler-1638,1,0.85,0.773
Kepler-1638,1,0.85,0.773
Kepler-1638,1,1.62302,1.03
Kepler-1638,1,3.204,1.592
Kepler-1639,1,1.03264,1.18
Kepler-1639,1,1.148,1.102
Kepler-1639,1,1.015,NA
Kepler-1639,1,1.145,1.11
Kepler-1639,1,1.145,1.11
Kepler-1639,1,1.03264,1.18
Kepler-1639,1,1.18,1.12
Kepler-1639,1,1.03264,1.18
Kepler-164,4,1.02132,1.14
Kepler-164,4,1.02132,1.14
Kepler-164,4,1.022,1.036
Kepler-164,4,1.139,1.076
Kepler-164,4,1.139,1.076
Kepler-164,4,1.097,0.966
Kepler-164,4,1.1,1.15
Kepler-164,4,1.148,NA
Kepler-164,4,1.041,NA
Kepler-164,4,1.13,1.09
Kepler-164,4,1.139,1.076
Kepler-164,4,1.139,1.076
Kepler-164,4,1.148,NA
Kepler-164,4,1.139,1.076
Kepler-164,4,1.13,1.09
Kepler-164,4,1.041,NA
Kepler-164,4,1.1,1.15
Kepler-164,4,1.02132,1.14
Kepler-164,4,1.022,1.036
Kepler-164,4,1.139,1.076
Kepler-164,4,1.097,0.966
Kepler-164,4,1.02132,1.14
Kepler-164,4,1.02132,1.14
Kepler-164,4,1.13,1.09
Kepler-164,4,1.041,NA
Kepler-164,4,1.02132,1.14
Kepler-164,4,1.139,1.076
Kepler-164,4,1.02132,1.14
Kepler-164,4,1.139,1.076
Kepler-164,4,1.148,NA
Kepler-164,4,1.097,0.966
Kepler-164,4,1.139,1.076
Kepler-164,4,1.022,1.036
Kepler-164,4,1.02132,1.14
Kepler-164,4,1.1,1.15
Kepler-164,4,1.022,1.036
Kepler-164,4,1.097,0.966
Kepler-164,4,1.139,1.076
Kepler-164,4,1.139,1.076
Kepler-164,4,1.02132,1.14
Kepler-164,4,1.097,0.966
Kepler-164,4,1.02132,1.14
Kepler-164,4,1.139,1.076
Kepler-164,4,1.1,1.15
Kepler-1640,1,1.63,1.345
Kepler-1640,1,NA,NA
Kepler-1640,1,1.63,1.345
Kepler-1640,1,1.43,1.27
Kepler-1640,1,1.651,1.352
Kepler-1640,1,NA,NA
Kepler-1641,2,1.485,1.098
Kepler-1641,2,1.05573,1.13
Kepler-1641,2,1.485,1.098
Kepler-1641,2,1.05573,1.13
Kepler-1641,2,1.485,1.098
Kepler-1641,2,1.064,NA
Kepler-1641,2,1.19,1.12
Kepler-1641,2,1.064,NA
Kepler-1641,2,1.485,1.098
Kepler-1641,2,1.05573,1.13
Kepler-1641,2,1.485,1.098
Kepler-1641,2,1.485,1.098
Kepler-1641,2,1.05573,1.13
Kepler-1641,2,1.19,1.12
Kepler-1642,2,0.776,NA
Kepler-1642,2,0.84,0.88
Kepler-1642,2,0.805577,0.855
Kepler-1642,2,1.514,0.937
Kepler-1642,2,0.805577,0.855
Kepler-1642,2,1.514,0.937
Kepler-1642,2,1.514,0.937
Kepler-1642,2,0.776,NA
Kepler-1642,2,1.514,0.937
Kepler-1642,2,0.84,0.88
Kepler-1642,2,0.805577,0.855
Kepler-1642,2,1.514,0.937
Kepler-1642,2,1.514,0.937
Kepler-1642,2,0.805577,0.855
Kepler-1643,1,0.88,0.92
Kepler-1643,1,0.824683,0.787
Kepler-1643,1,0.667,0.699
Kepler-1643,1,0.855,0.845
Kepler-1643,1,0.824683,0.787
Kepler-1643,1,0.667,0.699
Kepler-1643,1,0.67,0.699
Kepler-1643,1,0.8,NA
Kepler-1644,1,NA,NA
Kepler-1644,1,0.818,0.857
Kepler-1644,1,0.821,0.856
Kepler-1644,1,0.86,0.89
Kepler-1644,1,0.821,0.856
Kepler-1645,1,1.069,1.079
Kepler-1645,1,1.437,NA
Kepler-1645,1,1.069,1.079
Kepler-1645,1,1.52015,1.01
Kepler-1645,1,1.52015,1.01
Kepler-1645,1,1.02,1.02
Kepler-1645,1,1.069,1.079
Kepler-1646,1,0.193,0.169
Kepler-1646,1,0.26,0.24
Kepler-1646,1,0.2,0.176
Kepler-1646,1,0.373314,0.361077
Kepler-1646,1,NA,NA
Kepler-1646,1,0.374,NA
Kepler-1646,1,0.373314,0.361077
Kepler-1647,1,1.7903,1.2207
Kepler-1649,2,0.118,0.096
Kepler-1649,2,0.118,0.096
Kepler-1649,2,0.609,0.522
Kepler-1649,2,0.23113,0.200732
Kepler-1649,2,0.252,0.219
Kepler-1649,2,0.118,0.096
Kepler-1649,2,0.2317,0.1977
Kepler-1649,2,0.118,0.096
Kepler-1649,2,0.23113,0.200732
Kepler-1649,2,0.118,0.096
Kepler-1649,2,0.2317,0.1977
Kepler-165,2,0.748,NA
Kepler-165,2,0.76,0.8
Kepler-165,2,0.755,0.733
Kepler-165,2,0.79,0.79
Kepler-165,2,0.77,NA
Kepler-165,2,0.755,0.733
Kepler-165,2,0.77,0.864
Kepler-165,2,0.738,0.746
Kepler-165,2,0.755,0.733
Kepler-165,2,0.727855,0.87
Kepler-165,2,0.727855,0.87
Kepler-165,2,0.727855,0.87
Kepler-165,2,0.738,0.746
Kepler-165,2,0.727855,0.87
Kepler-165,2,0.76,0.8
Kepler-165,2,0.755,0.733
Kepler-165,2,0.755,0.733
Kepler-165,2,0.77,0.864
Kepler-165,2,0.748,NA
Kepler-165,2,0.77,NA
Kepler-165,2,0.755,0.733
Kepler-165,2,0.727855,0.87
Kepler-165,2,0.79,0.79
Kepler-165,2,0.727855,0.87
Kepler-1650,1,0.365733,0.352361
Kepler-1650,1,0.26,0.242
Kepler-1650,1,0.274,0.26
Kepler-1650,1,0.365733,0.352361
Kepler-1650,1,0.479,0.487
Kepler-1650,1,0.366,NA
Kepler-1650,1,0.334,0.326
Kepler-1650,1,NA,NA
Kepler-1650,1,0.26,0.242
Kepler-1650,1,0.26,0.242
Kepler-1651,1,0.27,0.21
Kepler-1651,1,0.316,0.323
Kepler-1651,1,0.503,0.522
Kepler-1651,1,0.422,0.452
Kepler-1651,1,0.460619,NA
Kepler-1651,1,0.316,0.323
Kepler-1651,1,0.460619,0.57
Kepler-1651,1,0.316,0.323
Kepler-1652,1,NA,NA
Kepler-1652,1,0.35,0.359
Kepler-1652,1,0.382,0.404
Kepler-1652,1,0.502,0.52
Kepler-1652,1,0.35,0.359
Kepler-1652,1,0.398,0.426
Kepler-1652,1,0.35,0.359
Kepler-1652,1,NA,NA
Kepler-1653,1,0.696,0.681
Kepler-1653,1,NA,NA
Kepler-1653,1,1.063,NA
Kepler-1653,1,0.696,0.681
Kepler-1653,1,0.788,0.765
Kepler-1653,1,0.696,0.681
Kepler-1653,1,0.693,0.719
Kepler-1653,1,NA,NA
Kepler-1654,1,1.179,1.011
Kepler-1655,1,1.07563,1.123
Kepler-1655,1,1.17,0.963
Kepler-1655,1,1.058,NA
Kepler-1655,1,1.07563,1.123
Kepler-1655,1,1.03,1.03
Kepler-1655,1,1.03,1.03
Kepler-1655,1,1.042,1.032
Kepler-1655,1,1.052,0.922
Kepler-1655,1,1.042,1.032
Kepler-1655,1,1.04,1.014
Kepler-1655,1,1.042,1.032
Kepler-1656,2,1.05178,1.014
Kepler-1656,2,1.1,1.03
Kepler-1656,2,1.1,1.03
Kepler-1656,2,0.979,1.045
Kepler-1656,2,1.05178,NA
Kepler-1656,2,1.001,1.048
Kepler-1656,2,0.979,1.045
Kepler-1656,2,0.979,1.045
Kepler-1656,2,1.05178,1.014
Kepler-1656,2,0.99,0.987
Kepler-1656,2,1.09,0.981
Kepler-1656,2,1.1,1.03
Kepler-166,3,0.742,NA
Kepler-166,3,0.746,0.835
Kepler-166,3,0.759,0.819
Kepler-166,3,0.782,NA
Kepler-166,3,0.759,0.819
Kepler-166,3,0.78,0.879
Kepler-166,3,0.781826,0.89
Kepler-166,3,0.83,0.88
Kepler-166,3,0.771,0.811
Kepler-166,3,0.759,0.819
Kepler-166,3,0.781826,0.89
Kepler-166,3,0.781826,0.89
Kepler-166,3,0.781826,0.89
Kepler-166,3,0.782,NA
Kepler-166,3,0.759,0.819
Kepler-166,3,0.781826,0.89
Kepler-166,3,0.78,0.879
Kepler-166,3,0.781826,0.89
Kepler-166,3,0.771,0.811
Kepler-166,3,0.759,0.819
Kepler-166,3,0.746,0.835
Kepler-166,3,0.83,0.88
Kepler-166,3,0.742,NA
Kepler-166,3,0.759,0.819
Kepler-166,3,0.759,0.819
Kepler-166,3,0.782,NA
Kepler-166,3,0.746,0.835
Kepler-166,3,0.781826,0.89
Kepler-166,3,0.781826,0.89
Kepler-166,3,0.83,0.88
Kepler-166,3,0.759,0.819
Kepler-166,3,0.78,0.879
Kepler-166,3,0.781826,0.89
Kepler-166,3,0.759,0.819
Kepler-166,3,0.771,0.811
Kepler-1660 A,1,1.491,1.1366
Kepler-1660 A,1,NA,1.21
Kepler-1661,1,0.762,0.841
Kepler-1663,1,0.49,0.51
Kepler-1663,1,0.654,0.629
Kepler-1663,1,0.62859,0.610816
Kepler-1663,1,0.49,0.51
Kepler-1663,1,0.516,0.529
Kepler-1663,1,0.49,0.51
Kepler-1663,1,0.62859,0.610816
Kepler-1663,1,0.62859,0.610816
Kepler-1664,1,NA,NA
Kepler-1664,1,1.146,1.081
Kepler-1664,1,1.05,0.937
Kepler-1664,1,NA,NA
Kepler-1664,1,NA,NA
Kepler-1664,1,1.146,1.081
Kepler-1664,1,1.072,0.944
Kepler-1664,1,1.146,1.081
Kepler-1665,1,1.657,0.947
Kepler-1665,1,0.797,0.825
Kepler-1665,1,0.777785,0.842
Kepler-1665,1,0.787,0.746
Kepler-1665,1,0.787,0.746
Kepler-1665,1,0.777785,0.842
Kepler-1665,1,0.76,0.75
Kepler-1665,1,0.777785,0.842
Kepler-1665,1,0.787,0.746
Kepler-1666,2,1.14586,1.23
Kepler-1666,2,1.031,1.084
Kepler-1666,2,1.031,1.084
Kepler-1666,2,1.07,1.14
Kepler-1666,2,1.14586,1.23
Kepler-1666,2,1.031,1.084
Kepler-1666,2,1.14586,1.23
Kepler-1666,2,1.031,1.084
Kepler-1666,2,1.031,1.084
Kepler-1666,2,1.031,1.084
Kepler-1666,2,1.07,1.14
Kepler-1666,2,1.14586,1.23
Kepler-1666,2,1.031,1.084
Kepler-1666,2,1.14586,1.23
Kepler-1666,2,1.031,1.084
Kepler-1666,2,1.14586,1.23
Kepler-1667,1,1.08751,1.09
Kepler-1667,1,1.401,1.094
Kepler-1667,1,1.38,1.12
Kepler-1667,1,1.065,0.883
Kepler-1667,1,1.08751,1.09
Kepler-1667,1,1.401,1.094
Kepler-1667,1,1.08751,1.09
Kepler-1667,1,2.562,1.468
Kepler-1667,1,1.401,1.094
Kepler-1668,1,1.01738,0.98
Kepler-1668,1,0.951,1.065
Kepler-1668,1,0.951,1.065
Kepler-1668,1,0.79,1.02
Kepler-1668,1,0.951,1.065
Kepler-1668,1,0.951,1.065
Kepler-1668,1,1.01738,0.98
Kepler-1668,1,1.01738,0.98
Kepler-1669,3,0.56,0.57
Kepler-1669,3,0.603,0.609
Kepler-1669,3,0.56,0.57
Kepler-1669,3,0.56,0.57
Kepler-1669,3,0.714145,0.67
Kepler-1669,3,0.556,0.585
Kepler-1669,3,0.714145,0.67
Kepler-1669,3,0.714145,0.67
Kepler-1669,3,0.603,0.609
Kepler-1669,3,0.556,0.585
Kepler-1669,3,0.714145,0.67
Kepler-1669,3,0.56,0.57
Kepler-1669,3,0.603,0.609
Kepler-1669,3,0.56,0.57
Kepler-1669,3,0.56,0.57
Kepler-1669,3,0.56,0.57
Kepler-1669,3,0.714145,0.67
Kepler-1669,3,0.556,0.585
Kepler-1669,3,0.603,0.609
Kepler-1669,3,0.56,0.57
Kepler-1669,3,0.56,0.57
Kepler-1669,3,0.603,0.609
Kepler-167,4,0.757643,0.783
Kepler-167,4,0.726,0.77
Kepler-167,4,0.808,0.772
Kepler-167,4,0.7,0.713
Kepler-167,4,0.736,0.782
Kepler-167,4,0.808,0.772
Kepler-167,4,0.757643,0.783
Kepler-167,4,0.696,NA
Kepler-167,4,0.808,0.772
Kepler-167,4,0.692,0.776
Kepler-167,4,0.757643,0.783
Kepler-167,4,0.74,0.8
Kepler-167,4,0.743,NA
Kepler-167,4,0.749,0.777
Kepler-167,4,0.757643,0.783
Kepler-167,4,0.743,NA
Kepler-167,4,0.808,0.772
Kepler-167,4,0.749,0.777
Kepler-167,4,0.808,0.772
Kepler-167,4,0.757643,0.783
Kepler-167,4,0.726,0.77
Kepler-167,4,0.7,0.713
Kepler-167,4,0.808,0.772
Kepler-167,4,0.696,NA
Kepler-167,4,0.74,0.8
Kepler-167,4,0.736,0.782
Kepler-167,4,0.692,0.776
Kepler-167,4,0.757643,0.783
Kepler-167,4,0.808,0.772
Kepler-167,4,0.749,0.777
Kepler-167,4,0.757643,0.783
Kepler-167,4,0.736,0.782
Kepler-167,4,0.757643,0.783
Kepler-167,4,0.74,0.8
Kepler-167,4,0.757643,0.783
Kepler-167,4,0.743,NA
Kepler-167,4,0.726,0.77
Kepler-167,4,0.808,0.772
Kepler-167,4,0.808,0.772
Kepler-167,4,0.692,0.776
Kepler-167,4,0.7,0.713
Kepler-167,4,0.808,0.772
Kepler-167,4,0.736,0.782
Kepler-167,4,0.757643,0.783
Kepler-167,4,0.726,0.77
Kepler-167,4,0.743,NA
Kepler-167,4,0.757643,0.783
Kepler-167,4,0.808,0.772
Kepler-167,4,0.692,0.776
Kepler-167,4,0.749,0.777
Kepler-167,4,0.7,0.713
Kepler-1670,1,1.03,1.12
Kepler-1670,1,1.51889,1.05
Kepler-1670,1,1.076,1.13
Kepler-1670,1,1.51889,1.05
Kepler-1670,1,1.076,1.086
Kepler-1670,1,1.076,1.086
Kepler-1670,1,1.51889,1.05
Kepler-1670,1,1.076,1.086
Kepler-1671,1,0.847,0.91
Kepler-1671,1,0.821,0.766
Kepler-1671,1,0.85,0.796
Kepler-1671,1,0.929771,0.866
Kepler-1671,1,0.929771,0.866
Kepler-1671,1,0.846,0.928
Kepler-1671,1,0.821,0.766
Kepler-1671,1,0.821,0.766
Kepler-1671,1,0.929771,0.866
Kepler-1672,1,1.052,0.994
Kepler-1672,1,1.23,0.936
Kepler-1672,1,1.737,1.099
Kepler-1672,1,1.08841,1.16
Kepler-1672,1,1.08841,1.16
Kepler-1672,1,1.08841,1.16
Kepler-1672,1,1.39,1.14
Kepler-1672,1,1.23,0.936
Kepler-1672,1,1.23,0.936
Kepler-1673,1,1.098,1.138
Kepler-1673,1,1.13166,1.11
Kepler-1673,1,1.062,1.122
Kepler-1673,1,1.01,1.1
Kepler-1673,1,1.038,1.1
Kepler-1673,1,1.038,1.1
Kepler-1673,1,1.13166,1.11
Kepler-1673,1,1.038,1.1
Kepler-1673,1,1.13166,1.11
Kepler-1674,1,0.841,0.925
Kepler-1674,1,0.877273,0.96
Kepler-1674,1,0.83,0.94
Kepler-1674,1,0.877273,0.96
Kepler-1674,1,0.84,0.937
Kepler-1674,1,0.841,0.925
Kepler-1674,1,0.877273,0.96
Kepler-1674,1,0.841,0.925
Kepler-1675,1,1.12865,1.06
Kepler-1675,1,1.019,0.976
Kepler-1675,1,1.074,1.118
Kepler-1675,1,1.09,1.137
Kepler-1675,1,1.12865,1.06
Kepler-1675,1,0.97,1.023
Kepler-1675,1,1.09,1.137
Kepler-1675,1,1.12865,1.06
Kepler-1675,1,1.09,1.137
Kepler-1676,1,1.06066,NA
Kepler-1676,1,0.996,1.07
Kepler-1676,1,0.98,1.07
Kepler-1676,1,1.637,1.109
Kepler-1676,1,0.996,1.07
Kepler-1676,1,0.996,1.07
Kepler-1676,1,1.06066,NA
Kepler-1677,1,1.24959,1.11
Kepler-1677,1,1.24959,1.11
Kepler-1677,1,1.145,1.195
Kepler-1677,1,1.24959,1.11
Kepler-1677,1,1.09,1.174
Kepler-1677,1,1.142,1.119
Kepler-1677,1,1.145,1.195
Kepler-1677,1,1,1.09
Kepler-1677,1,1.145,1.195
Kepler-1678,1,0.875,0.961
Kepler-1678,1,0.95,0.905
Kepler-1678,1,0.834976,1.03
Kepler-1678,1,0.875,0.961
Kepler-1678,1,0.875,0.961
Kepler-1678,1,0.95,1.048
Kepler-1678,1,0.834976,1.03
Kepler-1678,1,0.834976,1.03
Kepler-1679,1,0.873196,0.96
Kepler-1679,1,0.873196,0.96
Kepler-1679,1,0.86,0.969
Kepler-1679,1,0.873196,0.96
Kepler-1679,1,0.899,0.996
Kepler-1679,1,0.899,0.996
Kepler-1679,1,0.899,0.996
Kepler-1679,1,0.899,0.996
Kepler-168,2,1.38749,1.12
Kepler-168,2,1.119,1.089
Kepler-168,2,1.119,1.089
Kepler-168,2,1.223,1.113
Kepler-168,2,1.107,NA
Kepler-168,2,1.48,1.3
Kepler-168,2,1.04,1.12
Kepler-168,2,1.119,1.089
Kepler-168,2,1.38749,1.12
Kepler-168,2,1.39,NA
Kepler-168,2,1.48,1.3
Kepler-168,2,1.39,NA
Kepler-168,2,1.38749,1.12
Kepler-168,2,1.223,1.113
Kepler-168,2,1.38749,1.12
Kepler-168,2,1.107,NA
Kepler-168,2,1.119,1.089
Kepler-168,2,1.04,1.12
Kepler-168,2,1.119,1.089
Kepler-168,2,1.119,1.089
Kepler-168,2,1.38749,1.12
Kepler-1680,1,0.905,0.832
Kepler-1680,1,0.905,0.832
Kepler-1680,1,0.905,0.832
Kepler-1680,1,0.707,0.772
Kepler-1680,1,0.723259,0.834
Kepler-1680,1,0.905,0.832
Kepler-1680,1,0.723259,0.834
Kepler-1680,1,1.88,0.92
Kepler-1680,1,0.723259,0.834
Kepler-1681,1,NA,NA
Kepler-1681,1,0.759,0.724
Kepler-1681,1,0.759,0.724
Kepler-1681,1,NA,NA
Kepler-1681,1,NA,NA
Kepler-1681,1,0.759,0.724
Kepler-1681,1,1.104,0.893
Kepler-1681,1,0.84,0.9
Kepler-1682,1,0.842301,0.99
Kepler-1682,1,0.842301,0.99
Kepler-1682,1,0.942,0.926
Kepler-1682,1,0.94,0.93
Kepler-1682,1,0.904,0.882
Kepler-1682,1,0.942,0.926
Kepler-1682,1,0.942,0.926
Kepler-1682,1,0.842301,0.99
Kepler-1683,1,0.900327,0.95
Kepler-1683,1,1.018,0.909
Kepler-1683,1,0.900327,0.95
Kepler-1683,1,0.900327,0.95
Kepler-1683,1,1.018,0.909
Kepler-1683,1,0.891,0.972
Kepler-1683,1,1.018,0.909
Kepler-1683,1,0.93,0.826
Kepler-1684,1,0.708,0.654
Kepler-1684,1,0.666,0.672
Kepler-1684,1,0.666755,0.75
Kepler-1684,1,0.666755,0.75
Kepler-1684,1,0.672,0.669
Kepler-1684,1,0.666755,0.75
Kepler-1684,1,0.666,0.672
Kepler-1684,1,0.666,0.672
Kepler-1685,1,0.923,1.038
Kepler-1685,1,0.923,1.038
Kepler-1685,1,0.835451,0.96
Kepler-1685,1,0.835451,0.96
Kepler-1685,1,0.923,1.038
Kepler-1685,1,0.85,1.01
Kepler-1685,1,0.923,1.038
Kepler-1685,1,0.835451,0.96
Kepler-1686,1,0.98,1.07
Kepler-1686,1,1.101,0.996
Kepler-1686,1,1.19951,1.02
Kepler-1686,1,1.101,0.996
Kepler-1686,1,1.101,0.996
Kepler-1686,1,1.101,0.996
Kepler-1686,1,1.11,1.057
Kepler-1686,1,1.19951,1.02
Kepler-1687,1,0.554,0.584
Kepler-1687,1,0.553,0.565
Kepler-1687,1,0.726119,0.65
Kepler-1687,1,NA,NA
Kepler-1687,1,0.726119,0.65
Kepler-1687,1,0.581,0.599
Kepler-1687,1,0.553,0.565
Kepler-1687,1,0.553,0.565
Kepler-1688,1,1.826,0.949
Kepler-1688,1,1.826,0.949
Kepler-1688,1,NA,NA
Kepler-1688,1,NA,NA
Kepler-1688,1,0.746,0.814
Kepler-1688,1,0.7,0.69
Kepler-1688,1,1.826,0.949
Kepler-1688,1,NA,NA
Kepler-1689,1,0.999,0.916
Kepler-1689,1,0.996208,1.023
Kepler-1689,1,0.971,0.893
Kepler-1689,1,0.999,0.916
Kepler-1689,1,0.933,0.94
Kepler-1689,1,0.996208,1.023
Kepler-1689,1,0.98,1.017
Kepler-1689,1,0.999,0.916
Kepler-169,5,0.774293,0.81
Kepler-169,5,1.86,0.918
Kepler-169,5,0.78,0.84
Kepler-169,5,0.76,0.806
Kepler-169,5,0.939,0.85
Kepler-169,5,0.763,NA
Kepler-169,5,0.939,0.85
Kepler-169,5,0.727,0.825
Kepler-169,5,0.939,0.85
Kepler-169,5,0.774293,0.81
Kepler-169,5,0.732,NA
Kepler-169,5,0.78,0.84
Kepler-169,5,0.727,0.825
Kepler-169,5,1.86,0.918
Kepler-169,5,0.774293,0.81
Kepler-169,5,0.763,NA
Kepler-169,5,0.774293,0.81
Kepler-169,5,0.76,0.806
Kepler-169,5,0.939,0.85
Kepler-169,5,0.774293,0.81
Kepler-169,5,0.939,0.85
Kepler-169,5,0.939,0.85
Kepler-169,5,0.732,NA
Kepler-169,5,0.732,NA
Kepler-169,5,0.763,NA
Kepler-169,5,0.76,0.806
Kepler-169,5,0.939,0.85
Kepler-169,5,0.939,0.85
Kepler-169,5,0.78,0.84
Kepler-169,5,0.774293,0.81
Kepler-169,5,1.86,0.918
Kepler-169,5,0.774293,0.81
Kepler-169,5,0.727,0.825
Kepler-169,5,0.939,0.85
Kepler-169,5,0.774293,0.81
Kepler-169,5,0.732,NA
Kepler-169,5,0.774293,0.81
Kepler-169,5,0.774293,0.81
Kepler-169,5,0.774293,0.81
Kepler-169,5,1.86,0.918
Kepler-169,5,0.939,0.85
Kepler-169,5,0.78,0.84
Kepler-169,5,0.727,0.825
Kepler-169,5,0.939,0.85
Kepler-169,5,0.76,0.806
Kepler-169,5,0.763,NA
Kepler-169,5,0.939,0.85
Kepler-169,5,0.727,0.825
Kepler-169,5,0.732,NA
Kepler-169,5,0.939,0.85
Kepler-169,5,1.86,0.918
Kepler-169,5,0.774293,0.81
Kepler-169,5,0.939,0.85
Kepler-169,5,0.774293,0.81
Kepler-169,5,0.763,NA
Kepler-169,5,0.774293,0.81
Kepler-169,5,0.76,0.806
Kepler-169,5,0.939,0.85
Kepler-169,5,0.78,0.84
Kepler-1690,1,0.862346,0.94
Kepler-1690,1,0.831,0.882
Kepler-1690,1,0.862346,0.94
Kepler-1690,1,0.885,0.867
Kepler-1690,1,0.862346,0.94
Kepler-1690,1,0.831,0.882
Kepler-1690,1,0.831,0.882
Kepler-1690,1,0.98,0.908
Kepler-1691,1,1.08,1.14
Kepler-1691,1,1.13152,1.11
Kepler-1691,1,1.144,1.221
Kepler-1691,1,1.193,1.094
Kepler-1691,1,1.144,1.221
Kepler-1691,1,1.13152,1.11
Kepler-1691,1,1.144,1.221
Kepler-1692,1,0.9,1.012
Kepler-1692,1,0.866139,0.87
Kepler-1692,1,0.9,1.012
Kepler-1692,1,0.78,0.821
Kepler-1692,1,0.9,1.012
Kepler-1692,1,0.9,1.012
Kepler-1692,1,0.866139,0.87
Kepler-1693,2,0.856,0.95
Kepler-1693,2,0.84,0.943
Kepler-1693,2,0.878295,0.95
Kepler-1693,2,1.098,0.941
Kepler-1693,2,0.878295,0.95
Kepler-1693,2,0.856,0.95
Kepler-1693,2,0.856,0.95
Kepler-1693,2,0.84,0.943
Kepler-1693,2,1.098,0.941
Kepler-1693,2,1.098,0.941
Kepler-1693,2,0.856,0.95
Kepler-1693,2,0.856,0.95
Kepler-1693,2,0.856,0.95
Kepler-1693,2,0.878295,0.95
Kepler-1694,1,0.627,0.675
Kepler-1694,1,0.756284,0.82
Kepler-1694,1,0.68,0.781
Kepler-1694,1,0.756284,0.82
Kepler-1694,1,0.627,0.675
Kepler-1694,1,0.627,0.675
Kepler-1694,1,0.838,0.795
Kepler-1695,1,0.796,0.89
Kepler-1695,1,0.79,0.865
Kepler-1695,1,0.79,0.865
Kepler-1695,1,0.987155,0.96
Kepler-1695,1,0.82,0.923
Kepler-1695,1,0.987155,0.96
Kepler-1695,1,0.79,0.865
Kepler-1696,1,0.96,1.047
Kepler-1696,1,1.19811,1.02
Kepler-1696,1,1.19811,1.02
Kepler-1696,1,1.19811,1.02
Kepler-1696,1,0.96,1.047
Kepler-1696,1,0.96,1.047
Kepler-1696,1,0.96,1.047
Kepler-1697,1,0.772344,0.747
Kepler-1697,1,1.688,0.962
Kepler-1697,1,1.688,0.962
Kepler-1697,1,1.688,0.962
Kepler-1697,1,0.772344,0.747
Kepler-1697,1,1.688,0.962
Kepler-1697,1,0.772344,0.747
Kepler-1698,1,0.747,0.717
Kepler-1698,1,0.741698,0.822
Kepler-1698,1,0.756,0.756
Kepler-1698,1,0.747,0.717
Kepler-1698,1,0.741698,0.822
Kepler-1698,1,0.741698,0.822
Kepler-1698,1,0.714,0.801
Kepler-1698,1,0.747,0.717
Kepler-1699,1,NA,NA
Kepler-1699,1,0.724,0.791
Kepler-1699,1,0.724,0.791
Kepler-1699,1,NA,NA
Kepler-1699,1,0.724,0.791
Kepler-1699,1,0.725,0.81
Kepler-1699,1,NA,NA
Kepler-17,1,1.01034,1.04
Kepler-17,1,0.992,1.077
Kepler-17,1,1.048,1.119
Kepler-17,1,1.008,NA
Kepler-17,1,1.01034,NA
Kepler-17,1,1.01034,1.04
Kepler-17,1,1.05,1.16
Kepler-17,1,0.983,1.066
Kepler-17,1,1.018,1.021
Kepler-17,1,1.018,1.021
Kepler-17,1,1.018,1.021
Kepler-17,1,1.01034,1.04
Kepler-17,1,1.01,1.03
Kepler-17,1,1.018,1.021
Kepler-17,1,1.01034,1.04
Kepler-170,2,1,1.03
Kepler-170,2,1.032,1.086
Kepler-170,2,1.04076,0.96
Kepler-170,2,1.004,NA
Kepler-170,2,1.04076,0.96
Kepler-170,2,0.99,1.08
Kepler-170,2,1.04076,0.96
Kepler-170,2,0.99,1.081
Kepler-170,2,1.035,NA
Kepler-170,2,0.988,1.066
Kepler-170,2,0.99,1.081
Kepler-170,2,1.035,1.089
Kepler-170,2,0.99,1.081
Kepler-170,2,0.99,1.081
Kepler-170,2,0.988,1.066
Kepler-170,2,0.99,1.081
Kepler-170,2,1,1.03
Kepler-170,2,1.035,1.089
Kepler-170,2,1.032,1.086
Kepler-170,2,1.035,NA
Kepler-170,2,1.04076,0.96
Kepler-170,2,0.99,1.08
Kepler-170,2,0.99,1.081
Kepler-170,2,1.04076,0.96
Kepler-170,2,1.004,NA
Kepler-170,2,1.04076,0.96
Kepler-1700,1,1.167,1.249
Kepler-1700,1,1.072,1.07
Kepler-1700,1,1.167,1.249
Kepler-1700,1,1.0937,1.12
Kepler-1700,1,1.167,1.249
Kepler-1700,1,1.0937,1.12
Kepler-1700,1,1.248,1.055
Kepler-1700,1,1.0937,1.12
Kepler-1701,1,0.787,0.88
Kepler-1701,1,0.840217,0.87
Kepler-1701,1,0.779,0.864
Kepler-1701,1,0.840217,0.87
Kepler-1701,1,0.779,0.864
Kepler-1701,1,0.779,0.864
Kepler-1701,1,0.801,0.82
Kepler-1701,1,0.840217,0.87
Kepler-1702,1,0.744,0.829
Kepler-1702,1,0.744,0.829
Kepler-1702,1,0.734,0.815
Kepler-1702,1,0.725742,0.85
Kepler-1702,1,0.744,0.829
Kepler-1702,1,0.725742,0.85
Kepler-1704,1,1.697,1.132
Kepler-1704,1,1.639,1.21
Kepler-1704,1,1.549,1.105
Kepler-1704,1,1.52,1.167
Kepler-1704,1,1.549,1.105
Kepler-1704,1,1.72553,1.02
Kepler-1705,2,1.29308,1.27
Kepler-1705,2,0.768,0.838
Kepler-1705,2,1.259,1.139
Kepler-1705,2,0.768,0.838
Kepler-1705,2,1.259,1.139
Kepler-1708,1,1.117,1.088
Kepler-1709,1,1.13513,1.039
Kepler-1709,1,1.13513,1.039
Kepler-1709,1,1.043,1.003
Kepler-1709,1,0.971,1.057
Kepler-1709,1,0.971,1.057
Kepler-1709,1,1.043,1.003
Kepler-1709,1,1.064,1.08
Kepler-1709,1,0.971,1.057
Kepler-1709,1,1.044,1.08
Kepler-171,3,0.831,0.908
Kepler-171,3,0.997769,0.97
Kepler-171,3,0.83,0.931
Kepler-171,3,0.997769,0.97
Kepler-171,3,1.09,1.07
Kepler-171,3,0.937,NA
Kepler-171,3,0.831,0.908
Kepler-171,3,0.839,NA
Kepler-171,3,0.831,0.908
Kepler-171,3,0.943,0.914
Kepler-171,3,0.997769,0.97
Kepler-171,3,0.922,0.978
Kepler-171,3,0.943,0.914
Kepler-171,3,0.922,0.978
Kepler-171,3,0.831,0.908
Kepler-171,3,0.831,0.908
Kepler-171,3,0.937,NA
Kepler-171,3,0.831,0.908
Kepler-171,3,0.839,NA
Kepler-171,3,0.83,0.931
Kepler-171,3,0.997769,0.97
Kepler-171,3,1.09,1.07
Kepler-171,3,0.997769,0.97
Kepler-171,3,0.997769,0.97
Kepler-171,3,0.943,0.914
Kepler-171,3,0.83,0.931
Kepler-171,3,0.831,0.908
Kepler-171,3,0.997769,0.97
Kepler-171,3,0.831,0.908
Kepler-171,3,0.937,NA
Kepler-171,3,0.997769,0.97
Kepler-171,3,0.922,0.978
Kepler-171,3,1.09,1.07
Kepler-171,3,0.997769,0.97
Kepler-171,3,0.831,0.908
Kepler-171,3,0.839,NA
Kepler-1710,1,NA,0.931
Kepler-1710,1,0.873,0.931
Kepler-1710,1,0.857,0.952
Kepler-1710,1,0.857,0.952
Kepler-1710,1,0.899,0.932
Kepler-1710,1,0.899,0.932
Kepler-1710,1,0.910598,0.983
Kepler-1710,1,0.857,0.952
Kepler-1710,1,0.910598,0.983
Kepler-1710,1,0.955,0.908
Kepler-1711,1,1.068,0.949
Kepler-1711,1,1.034,0.94
Kepler-1711,1,1.06,0.998
Kepler-1711,1,1.08991,NA
Kepler-1711,1,1.068,0.949
Kepler-1711,1,1.034,0.94
Kepler-1711,1,1.08991,NA
Kepler-1711,1,1.068,0.949
Kepler-1712,1,0.49,0.51
Kepler-1712,1,NA,NA
Kepler-1712,1,0.49,0.51
Kepler-1712,1,0.49,0.51
Kepler-1712,1,0.509,0.515
Kepler-1712,1,0.511,0.532
Kepler-1712,1,0.583435,0.574359
Kepler-1712,1,0.583435,0.574359
Kepler-1712,1,0.509,0.515
Kepler-1713,1,1.447,1.318
Kepler-1713,1,1.4527,1.25
Kepler-1713,1,1.4527,1.25
Kepler-1713,1,1.459,1.3
Kepler-1713,1,1.432,1.173
Kepler-1713,1,1.459,1.3
Kepler-1713,1,1.447,1.318
Kepler-1713,1,1.447,1.318
Kepler-1713,1,1.26,1.244
Kepler-1714,1,2.086,1.448
Kepler-1714,1,2.114,1.49
Kepler-1714,1,2.044,1.481
Kepler-1714,1,2.114,1.49
Kepler-1714,1,2.15632,1.14
Kepler-1714,1,2.15632,1.14
Kepler-1714,1,1.95,1.41
Kepler-1714,1,2.114,1.49
Kepler-1714,1,2.086,1.448
Kepler-1715,1,1.47908,1.12
Kepler-1715,1,1.207,1.234
Kepler-1715,1,1.1,1.106
Kepler-1715,1,1.209,1.082
Kepler-1715,1,1.47908,1.12
Kepler-1715,1,1.1,1.106
Kepler-1715,1,1.1,1.106
Kepler-1715,1,1.403,1.186
Kepler-1715,1,1.209,1.082
Kepler-1716,1,0.701328,0.779
Kepler-1716,1,0.701328,0.779
Kepler-1716,1,0.684,0.753
Kepler-1716,1,0.649,0.701
Kepler-1716,1,0.688,0.671
Kepler-1716,1,0.688,0.671
Kepler-1716,1,0.688,0.671
Kepler-1716,1,0.684,0.753
Kepler-1716,1,0.68,0.703
Kepler-1717,1,1.377,1.319
Kepler-1717,1,1.64,1.158
Kepler-1717,1,1.377,1.319
Kepler-1717,1,1.64,1.158
Kepler-1717,1,1.51748,1.37
Kepler-1717,1,1.51748,1.37
Kepler-1717,1,1.3,1.33
Kepler-1717,1,1.377,1.319
Kepler-1718,1,0.989,0.784
Kepler-1718,1,0.989,0.784
Kepler-1718,1,0.989,0.784
Kepler-1718,1,0.933238,1.053
Kepler-1718,1,0.933238,1.053
Kepler-1718,1,0.94,0.827
Kepler-1718,1,0.906,0.846
Kepler-1718,1,0.906,0.846
Kepler-1718,1,0.909,0.84
Kepler-1719,1,1.775,1.08
Kepler-1719,1,1.84376,1.03
Kepler-1719,1,1.799,1.142
Kepler-1719,1,1.775,1.08
Kepler-1719,1,1.775,1.08
Kepler-1719,1,1.775,1.08
Kepler-1719,1,1.84376,1.03
Kepler-1719,1,1.58,1.092
Kepler-1719,1,1.775,1.08
Kepler-172,4,1.054,0.964
Kepler-172,4,1.007,0.903
Kepler-172,4,1.063,NA
Kepler-172,4,1.08963,0.95
Kepler-172,4,1.007,0.903
Kepler-172,4,1.085,NA
Kepler-172,4,0.97,0.85
Kepler-172,4,1.08963,0.95
Kepler-172,4,1.03,1
Kepler-172,4,1.044,1.081
Kepler-172,4,1.08963,0.95
Kepler-172,4,1.007,0.903
Kepler-172,4,0.97,0.85
Kepler-172,4,1.054,0.964
Kepler-172,4,1.063,NA
Kepler-172,4,1.007,0.903
Kepler-172,4,1.085,NA
Kepler-172,4,1.007,0.903
Kepler-172,4,1.08963,0.95
Kepler-172,4,1.03,1
Kepler-172,4,1.08963,0.95
Kepler-172,4,1.044,1.081
Kepler-172,4,1.007,0.903
Kepler-172,4,1.08963,0.95
Kepler-172,4,1.007,0.903
Kepler-172,4,1.08963,0.95
Kepler-172,4,1.08963,0.95
Kepler-172,4,1.03,1
Kepler-172,4,1.007,0.903
Kepler-172,4,1.063,NA
Kepler-172,4,1.007,0.903
Kepler-172,4,1.085,NA
Kepler-172,4,1.054,0.964
Kepler-172,4,1.08963,0.95
Kepler-172,4,0.97,0.85
Kepler-172,4,1.044,1.081
Kepler-172,4,1.085,NA
Kepler-172,4,1.007,0.903
Kepler-172,4,0.97,0.85
Kepler-172,4,1.044,1.081
Kepler-172,4,1.08963,0.95
Kepler-172,4,1.08963,0.95
Kepler-172,4,1.007,0.903
Kepler-172,4,1.007,0.903
Kepler-172,4,1.063,NA
Kepler-172,4,1.03,1
Kepler-172,4,1.054,0.964
Kepler-1720,1,0.793371,0.92
Kepler-1720,1,0.8,0.91
Kepler-1720,1,0.793371,0.92
Kepler-1720,1,0.85,0.937
Kepler-1720,1,0.85,0.937
Kepler-1720,1,0.85,0.937
Kepler-1720,1,0.839,0.939
Kepler-1720,1,0.839,0.939
Kepler-1721,1,0.796,0.89
Kepler-1721,1,0.780964,0.87
Kepler-1721,1,0.799,0.889
Kepler-1721,1,0.796,0.89
Kepler-1721,1,0.799,0.889
Kepler-1721,1,0.75,0.852
Kepler-1721,1,0.780964,0.87
Kepler-1721,1,0.799,0.889
Kepler-1722,1,0.8,0.895
Kepler-1722,1,0.937744,0.94
Kepler-1722,1,0.788,0.876
Kepler-1722,1,0.795,0.859
Kepler-1722,1,0.795,0.859
Kepler-1722,1,0.937744,0.94
Kepler-1722,1,0.788,0.876
Kepler-1722,1,0.795,0.859
Kepler-1723,1,1.01,0.96
Kepler-1723,1,1.01,0.96
Kepler-1723,1,1.07937,1.01
Kepler-1723,1,1.01,0.96
Kepler-1723,1,1.01,0.96
Kepler-1723,1,1.06,1.04
Kepler-1723,1,1.07937,1.01
Kepler-1723,1,1.01,0.96
Kepler-1724,1,0.943,1.016
Kepler-1724,1,1.08301,1.02
Kepler-1724,1,0.97,1.07
Kepler-1724,1,0.943,1.016
Kepler-1724,1,1.08301,1.02
Kepler-1724,1,0.943,1.016
Kepler-1724,1,0.943,1.016
Kepler-1724,1,0.943,1.016
Kepler-1725,1,1.03,1.132
Kepler-1725,1,1.03,1.132
Kepler-1725,1,1.096,1.112
Kepler-1725,1,1.085,1.049
Kepler-1725,1,1.10308,1.17
Kepler-1725,1,1.129,1.18
Kepler-1725,1,1.03,1.132
Kepler-1725,1,1.10308,1.17
Kepler-1725,1,1.085,1.049
Kepler-1726,1,0.804,0.876
Kepler-1726,1,0.88,0.834
Kepler-1726,1,0.763872,0.92
Kepler-1726,1,0.754,0.825
Kepler-1726,1,0.763872,0.92
Kepler-1726,1,0.804,0.876
Kepler-1726,1,0.884,0.854
Kepler-1726,1,0.884,0.854
Kepler-1726,1,0.884,0.854
Kepler-1727,1,0.82,0.824
Kepler-1727,1,0.82,0.824
Kepler-1727,1,0.82,0.814
Kepler-1727,1,0.889319,0.91
Kepler-1727,1,0.82,0.824
Kepler-1727,1,0.82,0.824
Kepler-1727,1,0.889319,0.91
Kepler-1727,1,0.82,0.824
Kepler-1728,1,0.818491,0.83
Kepler-1728,1,0.807,0.891
Kepler-1728,1,0.807,0.891
Kepler-1728,1,0.74,0.748
Kepler-1728,1,0.818491,0.83
Kepler-1728,1,0.807,0.891
Kepler-1728,1,0.807,0.891
Kepler-1728,1,0.807,0.891
Kepler-1729,1,0.52,0.55
Kepler-1729,1,0.796785,0.69
Kepler-1729,1,0.52,0.55
Kepler-1729,1,0.517,0.544
Kepler-1729,1,0.56,0.629
Kepler-1729,1,0.796785,0.69
Kepler-1729,1,0.517,0.544
Kepler-1729,1,0.52,0.55
Kepler-173,2,0.949,NA
Kepler-173,2,1.06,1.04
Kepler-173,2,1.14448,1
Kepler-173,2,0.935,0.793
Kepler-173,2,1.08,1.06
Kepler-173,2,1.085,1.067
Kepler-173,2,1.14448,1
Kepler-173,2,0.935,0.793
Kepler-173,2,1.102,NA
Kepler-173,2,0.935,0.793
Kepler-173,2,0.935,0.793
Kepler-173,2,0.949,NA
Kepler-173,2,1.14448,1
Kepler-173,2,1.085,1.067
Kepler-173,2,1.06,1.04
Kepler-173,2,0.935,0.793
Kepler-173,2,1.14448,1
Kepler-173,2,0.935,0.793
Kepler-173,2,1.102,NA
Kepler-173,2,0.935,0.793
Kepler-173,2,1.14448,1
Kepler-173,2,0.935,0.793
Kepler-173,2,1.08,1.06
Kepler-1730,1,1.15841,0.99
Kepler-1730,1,1.142,1.009
Kepler-1730,1,1.142,1.009
Kepler-1730,1,1.142,1.009
Kepler-1730,1,1.142,1.009
Kepler-1730,1,1.15841,0.99
Kepler-1730,1,1.142,1.009
Kepler-1730,1,1.11,0.972
Kepler-1731,1,0.72,0.781
Kepler-1731,1,0.72,0.781
Kepler-1731,1,0.72,0.723
Kepler-1731,1,0.7,0.713
Kepler-1731,1,0.702,0.77
Kepler-1731,1,0.72,0.723
Kepler-1731,1,0.689105,0.808
Kepler-1731,1,0.72,0.723
Kepler-1732,1,1.494,1.043
Kepler-1732,1,1.37369,1.05
Kepler-1732,1,0.96,1.015
Kepler-1732,1,0.973,1.042
Kepler-1732,1,0.973,1.042
Kepler-1732,1,0.973,1.042
Kepler-1732,1,1.494,1.043
Kepler-1732,1,1.37369,1.05
Kepler-1733,1,1.035,1.083
Kepler-1733,1,1.1,1.17
Kepler-1733,1,1.035,1.083
Kepler-1733,1,1.035,1.083
Kepler-1733,1,1.252,1.273
Kepler-1733,1,1.252,1.273
Kepler-1733,1,1.38712,1.23
Kepler-1734,1,0.95,1.05
Kepler-1734,1,1.12567,1.08
Kepler-1734,1,0.97,1.05
Kepler-1734,1,0.97,1.05
Kepler-1734,1,1.12567,1.08
Kepler-1734,1,0.97,1.05
Kepler-1734,1,0.97,1.05
Kepler-1734,1,0.97,1.05
Kepler-1735,1,0.526,0.55
Kepler-1735,1,0.509,0.535
Kepler-1735,1,0.509,0.535
Kepler-1735,1,0.52,0.54
Kepler-1735,1,NA,NA
Kepler-1735,1,0.52,0.54
Kepler-1735,1,0.558075,0.55246
Kepler-1735,1,0.52,0.54
Kepler-1736,1,0.973,0.976
Kepler-1736,1,1.01,1.06
Kepler-1736,1,0.973,0.976
Kepler-1736,1,0.973,0.976
Kepler-1736,1,1.57116,1.04
Kepler-1736,1,0.973,0.976
Kepler-1736,1,0.973,0.976
Kepler-1736,1,1.57116,1.04
Kepler-1737,1,0.881,0.834
Kepler-1737,1,0.881,0.834
Kepler-1737,1,0.881,0.834
Kepler-1737,1,NA,NA
Kepler-1737,1,0.881,0.834
Kepler-1737,1,NA,NA
Kepler-1737,1,0.71,0.718
Kepler-1737,1,0.881,0.834
Kepler-1738,1,0.95,1.05
Kepler-1738,1,1.001,1.079
Kepler-1738,1,1.001,1.079
Kepler-1738,1,1.01798,1.02
Kepler-1738,1,1.001,1.079
Kepler-1738,1,1.001,1.079
Kepler-1738,1,1.001,1.079
Kepler-1739,1,0.871746,1.02
Kepler-1739,1,0.87,0.979
Kepler-1739,1,0.766,0.84
Kepler-1739,1,0.871746,1.02
Kepler-1739,1,0.766,0.84
Kepler-1739,1,0.762,0.865
Kepler-1739,1,0.766,0.84
Kepler-1739,1,0.762,0.865
Kepler-174,3,0.725,NA
Kepler-174,3,0.622,NA
Kepler-174,3,0.595,0.583
Kepler-174,3,0.595,0.583
Kepler-174,3,0.732,NA
Kepler-174,3,0.774168,0.76
Kepler-174,3,0.651,0.636
Kepler-174,3,0.61,0.602
Kepler-174,3,0.774168,0.76
Kepler-174,3,0.68,0.71
Kepler-174,3,0.774168,0.76
Kepler-174,3,0.595,0.583
Kepler-174,3,0.651,0.636
Kepler-174,3,0.622,NA
Kepler-174,3,0.774168,0.76
Kepler-174,3,0.68,0.71
Kepler-174,3,0.725,NA
Kepler-174,3,0.774168,0.76
Kepler-174,3,0.595,0.583
Kepler-174,3,0.61,0.602
Kepler-174,3,0.732,NA
Kepler-174,3,0.774168,0.76
Kepler-174,3,0.595,0.583
Kepler-174,3,0.774168,0.76
Kepler-174,3,0.595,0.583
Kepler-174,3,0.774168,0.76
Kepler-174,3,0.774168,0.76
Kepler-174,3,0.61,0.602
Kepler-174,3,0.595,0.583
Kepler-174,3,0.651,0.636
Kepler-174,3,0.595,0.583
Kepler-174,3,0.68,0.71
Kepler-174,3,0.725,NA
Kepler-174,3,0.774168,0.76
Kepler-174,3,0.774168,0.76
Kepler-174,3,0.595,0.583
Kepler-174,3,0.732,NA
Kepler-174,3,0.622,NA
Kepler-1740,1,0.931052,1.02
Kepler-1740,1,0.986,1.093
Kepler-1740,1,0.986,1.093
Kepler-1740,1,0.905,0.943
Kepler-1740,1,0.931052,1.02
Kepler-1740,1,0.905,0.943
Kepler-1740,1,0.986,1.093
Kepler-1740,1,0.81,1.04
Kepler-1741,1,0.46,0.48
Kepler-1741,1,0.46,0.48
Kepler-1741,1,0.53995,0.591
Kepler-1741,1,0.516,0.539
Kepler-1741,1,0.424,0.454
Kepler-1741,1,0.424,0.454
Kepler-1741,1,0.46,0.48
Kepler-1742,1,0.865348,0.99
Kepler-1742,1,0.851,0.937
Kepler-1742,1,0.851,0.937
Kepler-1742,1,0.865348,0.99
Kepler-1742,1,0.849,0.939
Kepler-1742,1,0.849,0.939
Kepler-1742,1,0.86,0.97
Kepler-1742,1,0.851,0.937
Kepler-1743,1,2.09988,1
Kepler-1743,1,2.024,1.23
Kepler-1743,1,1.861,1.35
Kepler-1743,1,2.024,1.23
Kepler-1743,1,1.84,1.254
Kepler-1743,1,2.024,1.23
Kepler-1743,1,1.613,1.266
Kepler-1743,1,1.613,1.266
Kepler-1743,1,2.09988,1
Kepler-1744,1,0.92,1.05
Kepler-1744,1,0.967,0.89
Kepler-1744,1,0.85,0.886
Kepler-1744,1,0.85,0.886
Kepler-1744,1,0.85,0.886
Kepler-1744,1,0.941344,1
Kepler-1744,1,0.941344,1
Kepler-1744,1,0.85,0.886
Kepler-1744,1,0.85,0.886
Kepler-1745,1,1.4,0.995
Kepler-1745,1,0.98,1.03
Kepler-1745,1,0.999,1.062
Kepler-1745,1,0.999,1.062
Kepler-1745,1,0.999,1.062
Kepler-1745,1,1.4,0.995
Kepler-1745,1,1.08087,0.98
Kepler-1746,1,0.901,0.869
Kepler-1746,1,0.901,0.869
Kepler-1746,1,1.49962,1.22
Kepler-1746,1,1.168,1.135
Kepler-1746,1,1.286,1.09
Kepler-1746,1,0.901,0.869
Kepler-1746,1,1.286,1.09
Kepler-1746,1,1.514,1.075
Kepler-1747,1,0.865,0.983
Kepler-1747,1,0.982546,0.88
Kepler-1747,1,0.865,0.983
Kepler-1747,1,0.865,0.983
Kepler-1747,1,0.76,0.862
Kepler-1747,1,0.982546,0.88
Kepler-1747,1,0.865,0.983
Kepler-1747,1,0.865,0.983
Kepler-1748,1,0.864,0.916
Kepler-1748,1,0.864,0.916
Kepler-1748,1,0.770843,0.93
Kepler-1748,1,0.770843,0.93
Kepler-1748,1,0.91,1.03
Kepler-1748,1,0.864,0.916
Kepler-1748,1,0.864,0.916
Kepler-1748,1,0.864,0.916
Kepler-1749,1,NA,NA
Kepler-1749,1,0.57,0.59
Kepler-1749,1,0.621183,0.66
Kepler-1749,1,0.553,0.551
Kepler-1749,1,0.54,0.567
Kepler-1749,1,0.57,0.59
Kepler-1749,1,0.621183,0.66
Kepler-1749,1,0.553,0.551
Kepler-1749,1,0.57,0.59
Kepler-175,2,1.001,1.079
Kepler-175,2,1.21,NA
Kepler-175,2,1.17,1.12
Kepler-175,2,1.001,1.079
Kepler-175,2,1.001,1.079
Kepler-175,2,1.001,1.079
Kepler-175,2,1.27267,1.02
Kepler-175,2,1.01,NA
Kepler-175,2,0.95,1.045
Kepler-175,2,1.27267,1.02
Kepler-175,2,1.27267,1.02
Kepler-175,2,1.175,0.969
Kepler-175,2,1.17,1.12
Kepler-175,2,1.001,1.079
Kepler-175,2,1.001,1.079
Kepler-175,2,1.175,0.969
Kepler-175,2,1.001,1.079
Kepler-175,2,1.27267,1.02
Kepler-175,2,1.27267,1.02
Kepler-175,2,1.01,NA
Kepler-175,2,0.95,1.045
Kepler-175,2,1.001,1.079
Kepler-175,2,1.27267,1.02
Kepler-175,2,1.21,NA
Kepler-1750,1,1.19297,0.96
Kepler-1750,1,0.969,0.981
Kepler-1750,1,0.897,0.85
Kepler-1750,1,1.19297,0.96
Kepler-1750,1,0.969,0.981
Kepler-1750,1,0.87,0.98
Kepler-1750,1,0.897,0.85
Kepler-1750,1,0.897,0.85
Kepler-1751,1,0.967,0.974
Kepler-1751,1,0.967,0.974
Kepler-1751,1,0.967,0.974
Kepler-1751,1,1.05701,1.02
Kepler-1751,1,0.967,0.974
Kepler-1751,1,1,1.04
Kepler-1751,1,0.967,0.974
Kepler-1752,1,0.821,0.824
Kepler-1752,1,0.821,0.824
Kepler-1752,1,0.774842,0.89
Kepler-1752,1,0.774842,0.89
Kepler-1752,1,0.821,0.824
Kepler-1752,1,0.821,0.824
Kepler-1752,1,0.821,0.824
Kepler-1752,1,0.83,0.85
Kepler-1753,1,0.73,0.782
Kepler-1753,1,0.697488,0.83
Kepler-1753,1,0.697488,0.83
Kepler-1753,1,0.769,0.86
Kepler-1753,1,0.777,0.853
Kepler-1753,1,0.777,0.853
Kepler-1753,1,0.777,0.853
Kepler-1753,1,0.769,0.86
Kepler-1754,1,0.747,0.734
Kepler-1754,1,0.747,0.734
Kepler-1754,1,0.794505,0.72
Kepler-1754,1,0.747,0.734
Kepler-1754,1,0.78,0.77
Kepler-1754,1,0.747,0.734
Kepler-1754,1,0.747,0.734
Kepler-1754,1,0.794505,0.72
Kepler-1755,1,0.921,1.003
Kepler-1755,1,0.921,1.003
Kepler-1755,1,0.921,1.003
Kepler-1755,1,1.17647,1.2
Kepler-1755,1,1.17647,1.2
Kepler-1755,1,0.921,1.003
Kepler-1755,1,0.921,1.003
Kepler-1755,1,0.98,1.07
Kepler-1756,1,0.767,0.738
Kepler-1756,1,0.812,0.781
Kepler-1756,1,0.71,0.718
Kepler-1756,1,0.812,0.781
Kepler-1756,1,0.767,0.738
Kepler-1756,1,0.767,0.738
Kepler-1756,1,NA,NA
Kepler-1757,1,0.741,0.817
Kepler-1757,1,0.741,0.817
Kepler-1757,1,0.74,0.828
Kepler-1757,1,0.74,0.828
Kepler-1757,1,0.822254,0.87
Kepler-1757,1,0.822254,0.87
Kepler-1757,1,0.741,0.817
Kepler-1757,1,0.74,0.841
Kepler-1758,1,1.616,1.035
Kepler-1758,1,1.62104,1.1
Kepler-1758,1,1.616,1.035
Kepler-1758,1,0.87,0.982
Kepler-1758,1,0.854,0.943
Kepler-1758,1,0.854,0.943
Kepler-1758,1,0.854,0.943
Kepler-1759,1,0.797,0.76
Kepler-1759,1,0.732008,0.796
Kepler-1759,1,0.797,0.76
Kepler-1759,1,0.797,0.76
Kepler-1759,1,0.797,0.76
Kepler-1759,1,0.72,0.73
Kepler-1759,1,0.797,0.76
Kepler-176,4,0.796,NA
Kepler-176,4,0.79,0.86
Kepler-176,4,0.821202,0.84
Kepler-176,4,0.79,0.77
Kepler-176,4,0.891,NA
Kepler-176,4,0.826,0.789
Kepler-176,4,0.83,0.87
Kepler-176,4,0.821202,0.84
Kepler-176,4,0.877,0.826
Kepler-176,4,0.877,0.826
Kepler-176,4,0.787,0.86
Kepler-176,4,0.821202,0.84
Kepler-176,4,0.877,0.826
Kepler-176,4,0.877,0.826
Kepler-176,4,0.787,0.86
Kepler-176,4,0.821202,0.84
Kepler-176,4,0.826,0.789
Kepler-176,4,0.8,0.847
Kepler-176,4,0.877,0.826
Kepler-176,4,0.877,0.83
Kepler-176,4,0.821202,0.84
Kepler-176,4,0.79,0.86
Kepler-176,4,0.891,NA
Kepler-176,4,0.796,NA
Kepler-176,4,0.83,0.87
Kepler-176,4,0.877,0.826
Kepler-176,4,0.79,0.77
Kepler-176,4,0.877,0.83
Kepler-176,4,0.877,0.826
Kepler-176,4,0.877,0.826
Kepler-176,4,0.8,0.847
Kepler-176,4,0.79,0.86
Kepler-176,4,0.891,NA
Kepler-176,4,0.796,NA
Kepler-176,4,0.79,0.77
Kepler-176,4,0.83,0.87
Kepler-176,4,0.877,0.826
Kepler-176,4,0.821202,0.84
Kepler-176,4,0.821202,0.84
Kepler-176,4,0.826,0.789
Kepler-176,4,0.787,0.86
Kepler-176,4,0.83,0.87
Kepler-176,4,0.826,0.789
Kepler-176,4,0.877,0.826
Kepler-176,4,0.796,NA
Kepler-176,4,0.821202,0.84
Kepler-176,4,0.787,0.86
Kepler-176,4,0.79,0.86
Kepler-176,4,0.877,0.826
Kepler-176,4,0.821202,0.84
Kepler-1760,1,0.857,0.977
Kepler-1760,1,0.903,0.821
Kepler-1760,1,NA,NA
Kepler-1760,1,0.75,0.854
Kepler-1760,1,NA,NA
Kepler-1760,1,0.857,0.977
Kepler-1760,1,0.903,0.821
Kepler-1760,1,0.857,0.977
Kepler-1761,1,0.479,0.488
Kepler-1761,1,0.532,0.573
Kepler-1761,1,NA,NA
Kepler-1761,1,0.599209,0.587443
Kepler-1761,1,0.479,0.488
Kepler-1761,1,0.479,0.488
Kepler-1761,1,0.532,0.573
Kepler-1761,1,0.513,0.534
Kepler-1762,1,1.298,1.31
Kepler-1762,1,1.238,1.298
Kepler-1762,1,1.26993,1.19
Kepler-1762,1,1.26993,1.19
Kepler-1762,1,1.238,1.298
Kepler-1762,1,1.298,1.31
Kepler-1762,1,1.298,1.31
Kepler-1762,1,1.16,1.22
Kepler-1763,1,1.28177,1.1
Kepler-1763,1,1.259,1.026
Kepler-1763,1,1.259,1.026
Kepler-1763,1,1.259,1.026
Kepler-1763,1,1.259,1.026
Kepler-1763,1,1.25,1.083
Kepler-1763,1,1.259,1.026
Kepler-1764,1,1.131,1.162
Kepler-1764,1,1.142,1.158
Kepler-1764,1,1.131,1.162
Kepler-1764,1,1.12,1.19
Kepler-1764,1,1.142,1.158
Kepler-1764,1,1.45028,1.14
Kepler-1764,1,1.142,1.158
Kepler-1764,1,1.45028,1.14
Kepler-1765,1,1.064,0.946
Kepler-1765,1,1.064,0.946
Kepler-1765,1,0.887668,1.006
Kepler-1765,1,1.064,0.946
Kepler-1765,1,1.064,0.946
Kepler-1765,1,1.064,0.946
Kepler-1765,1,0.887668,1.006
Kepler-1765,1,1.03,0.88
Kepler-1766,1,1.21593,1.039
Kepler-1766,1,1.042,0.915
Kepler-1766,1,1.21593,1.039
Kepler-1766,1,1.159,0.87
Kepler-1766,1,1.069,0.917
Kepler-1766,1,1.042,0.915
Kepler-1766,1,1.05,0.96
Kepler-1766,1,1.069,0.917
Kepler-1766,1,1.069,0.917
Kepler-1767,1,0.695,0.746
Kepler-1767,1,0.695,0.746
Kepler-1767,1,0.77,0.876
Kepler-1767,1,0.697975,0.88
Kepler-1767,1,0.697975,0.88
Kepler-1767,1,0.831,0.887
Kepler-1767,1,0.831,0.887
Kepler-1767,1,0.695,0.746
Kepler-1768,1,1.559,1.202
Kepler-1768,1,1.559,1.202
Kepler-1768,1,1.18107,1.22
Kepler-1768,1,1.559,1.202
Kepler-1768,1,0.911,0.902
Kepler-1768,1,1.572,1.24
Kepler-1768,1,1.572,1.24
Kepler-1768,1,1.18107,1.22
Kepler-1769,1,1.13,1.035
Kepler-1769,1,1.13,1.035
Kepler-1769,1,1.12015,1.18
Kepler-1769,1,1.074,1.12
Kepler-1769,1,1.12015,1.18
Kepler-1769,1,1.295,1.061
Kepler-1769,1,1.17,1.12
Kepler-1769,1,1.13,1.035
Kepler-1769,1,1.295,1.061
Kepler-177,2,NA,1
Kepler-177,2,1.066,1.07
Kepler-177,2,1.07,1.07
Kepler-177,2,1.324,0.921
Kepler-177,2,1.30556,1.04
Kepler-177,2,1.066,1.07
Kepler-177,2,1.066,1.07
Kepler-177,2,1.324,0.921
Kepler-177,2,1.30556,1.04
Kepler-177,2,1.369,NA
Kepler-177,2,1.07,1.09
Kepler-177,2,0.98,1
Kepler-177,2,1.015,1.021
Kepler-177,2,0.98,1
Kepler-177,2,1.324,0.921
Kepler-177,2,1.369,NA
Kepler-177,2,1.015,1.021
Kepler-177,2,1.07,1.09
Kepler-177,2,1.30556,1.04
Kepler-177,2,1.07,1.07
Kepler-177,2,1.324,0.921
Kepler-177,2,1.066,1.07
Kepler-177,2,1.066,1.07
Kepler-177,2,1.30556,1.04
Kepler-177,2,1.066,1.07
Kepler-177,2,NA,1
Kepler-1770,1,0.859459,0.97
Kepler-1770,1,1.009,0.941
Kepler-1770,1,1.009,0.941
Kepler-1770,1,1.009,0.941
Kepler-1770,1,1.009,0.941
Kepler-1770,1,0.859459,0.97
Kepler-1770,1,0.95,0.847
Kepler-1770,1,1.009,0.941
Kepler-1771,1,0.9,0.99
Kepler-1771,1,NA,NA
Kepler-1771,1,NA,NA
Kepler-1771,1,0.934,0.941
Kepler-1771,1,0.872,0.966
Kepler-1771,1,0.934,0.941
Kepler-1771,1,0.872,0.966
Kepler-1771,1,0.872,0.966
Kepler-1772,1,1.79,1.091
Kepler-1772,1,2.142,1.098
Kepler-1772,1,2.142,1.098
Kepler-1772,1,2.16,1.2
Kepler-1772,1,1.84111,0.99
Kepler-1772,1,1.84111,0.99
Kepler-1772,1,0.934,0.942
Kepler-1772,1,2.142,1.098
Kepler-1772,1,0.934,0.942
Kepler-1773,1,1.40991,1.16
Kepler-1773,1,1.216,1.115
Kepler-1773,1,1.216,1.115
Kepler-1773,1,1.356,1.225
Kepler-1773,1,1.17,1.106
Kepler-1773,1,1.3,1.241
Kepler-1773,1,1.40991,1.16
Kepler-1773,1,1.216,1.115
Kepler-1773,1,1.3,1.241
Kepler-1774,1,1.09,1.08
Kepler-1774,1,1.17485,1.09
Kepler-1774,1,1.122,1.101
Kepler-1774,1,1.122,1.101
Kepler-1774,1,1.152,0.957
Kepler-1774,1,1.17485,1.09
Kepler-1774,1,1.122,1.101
Kepler-1774,1,1.122,1.101
Kepler-1774,1,1.122,1.101
Kepler-1775,1,1.26615,1.08
Kepler-1775,1,1.26615,1.08
Kepler-1775,1,0.998,1.074
Kepler-1775,1,0.998,1.074
Kepler-1775,1,1.647,1.149
Kepler-1775,1,0.998,1.074
Kepler-1775,1,1.647,1.149
Kepler-1775,1,1.154,1.125
Kepler-1775,1,0.96,1.06
Kepler-1776,1,1.153,1.041
Kepler-1776,1,1.09,1.152
Kepler-1776,1,1.13226,1.09
Kepler-1776,1,1.012,1.067
Kepler-1776,1,1.012,1.067
Kepler-1776,1,1.084,0.997
Kepler-1776,1,1.153,1.041
Kepler-1776,1,1.13226,1.09
Kepler-1776,1,1.012,1.067
Kepler-1777,1,0.882,0.981
Kepler-1777,1,1.85,1.19
Kepler-1777,1,1.85,1.19
Kepler-1777,1,1.0225,0.99
Kepler-1777,1,1.85,1.19
Kepler-1777,1,1.068,0.984
Kepler-1777,1,1.97,1.35
Kepler-1777,1,1.068,0.984
Kepler-1777,1,1.0225,0.99
Kepler-1778,1,1.08028,1.06
Kepler-1778,1,1.137,1.213
Kepler-1778,1,1.137,1.213
Kepler-1778,1,1.095,1.143
Kepler-1778,1,1.08028,1.06
Kepler-1778,1,1.05,1.13
Kepler-1778,1,1.137,1.213
Kepler-1778,1,1.095,1.143
Kepler-1779,1,0.821,0.902
Kepler-1779,1,1.056,1.008
Kepler-1779,1,1.056,1.008
Kepler-1779,1,0.821,0.902
Kepler-1779,1,0.821,0.902
Kepler-1779,1,0.96333,1.02
Kepler-1779,1,0.96333,1.02
Kepler-1779,1,0.83,0.935
Kepler-178,3,1.05,0.89
Kepler-178,3,0.893476,0.94
Kepler-178,3,1.066,NA
Kepler-178,3,0.897,NA
Kepler-178,3,1.042,0.861
Kepler-178,3,0.92,0.94
Kepler-178,3,1.042,0.861
Kepler-178,3,0.893476,0.94
Kepler-178,3,1.076,0.886
Kepler-178,3,1.042,0.861
Kepler-178,3,0.883,0.852
Kepler-178,3,0.893476,0.94
Kepler-178,3,0.897,NA
Kepler-178,3,1.05,0.89
Kepler-178,3,1.076,0.886
Kepler-178,3,1.042,0.861
Kepler-178,3,0.893476,0.94
Kepler-178,3,1.066,NA
Kepler-178,3,0.893476,0.94
Kepler-178,3,0.92,0.94
Kepler-178,3,0.893476,0.94
Kepler-178,3,1.042,0.861
Kepler-178,3,1.042,0.861
Kepler-178,3,0.883,0.852
Kepler-178,3,1.042,0.861
Kepler-178,3,1.05,0.89
Kepler-178,3,0.897,NA
Kepler-178,3,1.042,0.861
Kepler-178,3,0.893476,0.94
Kepler-178,3,0.92,0.94
Kepler-178,3,1.042,0.861
Kepler-178,3,0.893476,0.94
Kepler-178,3,1.066,NA
Kepler-178,3,0.883,0.852
Kepler-178,3,1.076,0.886
Kepler-1780,1,0.895253,0.93
Kepler-1780,1,0.771,0.843
Kepler-1780,1,0.771,0.843
Kepler-1780,1,0.895253,0.93
Kepler-1780,1,0.8,0.901
Kepler-1780,1,0.868,0.868
Kepler-1780,1,0.868,0.868
Kepler-1780,1,0.771,0.843
Kepler-1781,1,0.77,0.87
Kepler-1781,1,0.81635,0.88
Kepler-1781,1,0.957,1.053
Kepler-1781,1,0.943,1.043
Kepler-1781,1,0.943,1.043
Kepler-1781,1,0.943,1.043
Kepler-1781,1,0.81635,0.88
Kepler-1781,1,0.957,1.053
Kepler-1782,1,0.734,0.794
Kepler-1782,1,0.741337,0.79
Kepler-1782,1,0.829,0.788
Kepler-1782,1,0.741337,0.79
Kepler-1782,1,0.734,0.794
Kepler-1782,1,0.829,0.788
Kepler-1782,1,0.829,0.788
Kepler-1782,1,0.71,0.72
Kepler-1782,1,0.736,0.794
Kepler-1783,1,0.758799,0.859
Kepler-1783,1,1.8,0.915
Kepler-1783,1,1.781,0.887
Kepler-1783,1,1.781,0.887
Kepler-1783,1,1.781,0.887
Kepler-1783,1,1.781,0.887
Kepler-1783,1,0.758799,0.859
Kepler-1783,1,1.781,0.887
Kepler-1783,1,0.767,0.852
Kepler-1784,1,0.974,0.887
Kepler-1784,1,0.974,0.887
Kepler-1784,1,0.974,0.887
Kepler-1784,1,0.966878,0.96
Kepler-1784,1,0.974,0.887
Kepler-1784,1,0.88,0.807
Kepler-1784,1,0.974,0.887
Kepler-1784,1,0.966878,0.96
Kepler-1785,1,1.0169,1.02
Kepler-1785,1,0.889,0.916
Kepler-1785,1,0.94,1.04
Kepler-1785,1,0.889,0.916
Kepler-1785,1,0.998,0.936
Kepler-1785,1,0.996,0.911
Kepler-1785,1,0.996,0.911
Kepler-1785,1,0.889,0.916
Kepler-1785,1,1.0169,1.02
Kepler-1786,1,0.973,1.055
Kepler-1786,1,1.22294,1.02
Kepler-1786,1,1.397,1.058
Kepler-1786,1,0.973,1.055
Kepler-1786,1,0.94,1.037
Kepler-1786,1,0.973,1.055
Kepler-1786,1,1.397,1.058
Kepler-1786,1,1.22294,1.02
Kepler-1786,1,1.152,0.984
Kepler-1787,1,0.925,1.008
Kepler-1787,1,0.88185500000000006,1.04
Kepler-1787,1,0.925,1.008
Kepler-1787,1,0.925,1.008
Kepler-1787,1,0.925,1.008
Kepler-1787,1,0.925,1.008
Kepler-1787,1,0.96,1.057
Kepler-1787,1,0.88185500000000006,1.04
Kepler-1788,1,0.704,0.686
Kepler-1788,1,0.704,0.686
Kepler-1788,1,0.704,0.686
Kepler-1788,1,0.756384,0.74
Kepler-1788,1,0.756384,0.74
Kepler-1788,1,0.704,0.686
Kepler-1788,1,0.666,0.686
Kepler-1788,1,0.704,0.686
Kepler-1789,1,0.845417,0.96
Kepler-1789,1,0.88,0.913
Kepler-1789,1,0.893,0.939
Kepler-1789,1,0.845417,0.96
Kepler-1789,1,0.893,0.939
Kepler-1789,1,0.888,0.92
Kepler-1789,1,0.893,0.939
Kepler-1789,1,0.888,0.92
Kepler-179,2,0.888685,0.89
Kepler-179,2,0.761,0.849
Kepler-179,2,0.766,0.856
Kepler-179,2,0.888685,0.89
Kepler-179,2,0.761,0.849
Kepler-179,2,0.87,0.91
Kepler-179,2,0.888685,0.89
Kepler-179,2,0.83,NA
Kepler-179,2,0.761,0.849
Kepler-179,2,0.738,0.842
Kepler-179,2,0.759,NA
Kepler-179,2,0.821,0.893
Kepler-179,2,0.761,0.849
Kepler-179,2,0.759,NA
Kepler-179,2,0.888685,0.89
Kepler-179,2,0.761,0.849
Kepler-179,2,0.87,0.91
Kepler-179,2,0.888685,0.89
Kepler-179,2,0.888685,0.89
Kepler-179,2,0.83,NA
Kepler-179,2,0.766,0.856
Kepler-179,2,0.821,0.893
Kepler-179,2,0.738,0.842
Kepler-179,2,0.761,0.849
Kepler-1790,1,1.367,1.02
Kepler-1790,1,1.03,1.132
Kepler-1790,1,1.367,1.02
Kepler-1790,1,1.38843,1.15
Kepler-1790,1,1.38843,1.15
Kepler-1790,1,1.03,1.132
Kepler-1790,1,1.363,1.235
Kepler-1790,1,1.03,1.132
Kepler-1790,1,0.96,1.055
Kepler-1791,1,1.168,0.972
Kepler-1791,1,1.177,0.985
Kepler-1791,1,1.17967,NA
Kepler-1791,1,1.177,0.985
Kepler-1791,1,1.168,0.972
Kepler-1791,1,1.17967,NA
Kepler-1791,1,1.25,1.11
Kepler-1791,1,1.168,0.972
Kepler-1792,1,1.005,0.878
Kepler-1792,1,1.005,0.878
Kepler-1792,1,1.005,0.878
Kepler-1792,1,0.746776,0.825
Kepler-1792,1,1.005,0.878
Kepler-1792,1,1.005,0.878
Kepler-1792,1,1.12,0.99
Kepler-1792,1,0.746776,0.825
Kepler-1793,1,0.765,0.845
Kepler-1793,1,0.764,0.85
Kepler-1793,1,0.905795,0.91
Kepler-1793,1,0.72,0.798
Kepler-1793,1,0.905795,0.91
Kepler-1793,1,0.765,0.845
Kepler-1793,1,0.765,0.845
Kepler-1793,1,0.764,0.85
Kepler-1794,1,0.816,0.773
Kepler-1794,1,0.67592699999999994,0.812
Kepler-1794,1,0.816,0.773
Kepler-1794,1,0.816,0.773
Kepler-1794,1,0.816,0.773
Kepler-1794,1,0.816,0.773
Kepler-1794,1,0.73,0.73
Kepler-1794,1,0.67592699999999994,0.812
Kepler-1795,1,0.688,0.768
Kepler-1795,1,NA,NA
Kepler-1795,1,0.706,0.76
Kepler-1795,1,0.573,0.628
Kepler-1795,1,NA,NA
Kepler-1795,1,0.706,0.76
Kepler-1795,1,0.688,0.768
Kepler-1795,1,0.706,0.76
Kepler-1796,1,0.949,1.018
Kepler-1796,1,1.02456,1.15
Kepler-1796,1,0.949,1.018
Kepler-1796,1,0.949,1.018
Kepler-1796,1,1.02456,1.15
Kepler-1796,1,0.949,1.018
Kepler-1796,1,0.949,1.018
Kepler-1796,1,0.95,1.04
Kepler-1797,1,1.009,1.069
Kepler-1797,1,1.009,1.069
Kepler-1797,1,1.009,1.069
Kepler-1797,1,1.09739,1.02
Kepler-1797,1,1.09739,1.02
Kepler-1797,1,1.009,1.069
Kepler-1797,1,1.04,1.12
Kepler-1797,1,1.009,1.069
Kepler-1798,1,0.641076,0.65
Kepler-1798,1,0.565,0.568
Kepler-1798,1,0.587,0.593
Kepler-1798,1,0.587,0.593
Kepler-1798,1,0.565,0.568
Kepler-1798,1,0.536,0.562
Kepler-1798,1,NA,NA
Kepler-1798,1,0.565,0.568
Kepler-1798,1,0.641076,0.65
Kepler-1799,1,0.921,1.016
Kepler-1799,1,1.55873,0.97
Kepler-1799,1,0.921,1.016
Kepler-1799,1,0.87,0.976
Kepler-1799,1,1.55873,0.97
Kepler-1799,1,0.921,1.016
Kepler-1799,1,0.921,1.016
Kepler-1799,1,0.921,1.016
Kepler-18,3,0.923,NA
Kepler-18,3,0.951815,0.927
Kepler-18,3,1.055,0.882
Kepler-18,3,1.055,0.882
Kepler-18,3,0.978,0.944
Kepler-18,3,NA,0.983
Kepler-18,3,0.903,0.983
Kepler-18,3,1.108,0.972
Kepler-18,3,0.951815,0.927
Kepler-18,3,0.903,0.983
Kepler-18,3,1.055,0.882
Kepler-18,3,1.055,0.882
Kepler-18,3,0.951815,0.927
Kepler-18,3,1.06,0.94
Kepler-18,3,0.904,0.983
Kepler-18,3,0.951815,0.927
Kepler-18,3,1.108,0.972
Kepler-18,3,1.055,0.882
Kepler-18,3,0.904,0.983
Kepler-18,3,0.978,0.944
Kepler-18,3,0.923,NA
Kepler-18,3,0.903,0.983
Kepler-18,3,1.055,0.882
Kepler-18,3,1.06,0.94
Kepler-18,3,0.903,0.983
Kepler-18,3,1.055,0.882
Kepler-18,3,0.951815,0.927
Kepler-18,3,1.055,0.882
Kepler-18,3,1.055,0.88
Kepler-18,3,NA,0.983
Kepler-18,3,1.055,0.88
Kepler-18,3,0.951815,0.927
Kepler-18,3,NA,0.9
Kepler-18,3,0.903,0.983
Kepler-18,3,1.06,0.94
Kepler-18,3,1.055,0.882
Kepler-18,3,1.055,0.882
Kepler-18,3,0.903,0.983
Kepler-18,3,1.108,0.972
Kepler-18,3,0.904,0.983
Kepler-18,3,0.951815,0.927
Kepler-18,3,0.923,NA
Kepler-18,3,1.055,0.882
Kepler-18,3,NA,0.983
Kepler-18,3,0.951815,NA
Kepler-18,3,1.108,0.972
Kepler-18,3,0.978,0.944
Kepler-18,3,1.055,0.882
Kepler-180,2,1.028,0.875
Kepler-180,2,1.04,0.91
Kepler-180,2,1.028,0.875
Kepler-180,2,0.968088,0.95
Kepler-180,2,0.968088,0.95
Kepler-180,2,0.93,NA
Kepler-180,2,1.028,0.875
Kepler-180,2,1.028,0.875
Kepler-180,2,0.93,0.95
Kepler-180,2,1.063,NA
Kepler-180,2,1.028,0.875
Kepler-180,2,0.93,NA
Kepler-180,2,0.93,0.95
Kepler-180,2,1.028,0.875
Kepler-180,2,1.063,NA
Kepler-180,2,1.04,0.91
Kepler-180,2,0.968088,0.95
Kepler-180,2,1.028,0.875
Kepler-180,2,1.028,0.875
Kepler-180,2,0.968088,0.95
Kepler-180,2,0.968088,0.95
Kepler-1800,1,1.46,0.896
Kepler-1800,1,2.506,1.33
Kepler-1800,1,1.46,0.896
Kepler-1800,1,1.46,0.896
Kepler-1800,1,0.932,0.848
Kepler-1800,1,0.988327,0.89
Kepler-1800,1,1.55,0.909
Kepler-1800,1,2.506,1.33
Kepler-1801,2,0.981,0.936
Kepler-1801,2,0.866395,0.95
Kepler-1801,2,0.981,0.936
Kepler-1801,2,0.981,0.936
Kepler-1801,2,0.981,0.936
Kepler-1801,2,0.866395,0.95
Kepler-1801,2,0.981,0.936
Kepler-1801,2,0.96,0.91
Kepler-1801,2,0.981,0.936
Kepler-1801,2,0.981,0.936
Kepler-1801,2,0.981,0.936
Kepler-1801,2,0.981,0.936
Kepler-1801,2,0.981,0.936
Kepler-1801,2,0.866395,0.95
Kepler-1801,2,0.866395,0.95
Kepler-1802,2,0.572,0.602
Kepler-1802,2,0.608,0.619
Kepler-1802,2,0.608,0.619
Kepler-1802,2,NA,NA
Kepler-1802,2,0.637,0.649
Kepler-1802,2,0.637,0.649
Kepler-1802,2,0.608,0.619
Kepler-1802,2,NA,NA
Kepler-1802,2,0.637,0.649
Kepler-1802,2,0.608,0.619
Kepler-1802,2,0.637,0.649
Kepler-1802,2,0.608,0.619
Kepler-1802,2,NA,NA
Kepler-1802,2,0.608,0.619
Kepler-1802,2,0.572,0.602
Kepler-1804,1,1.671,0.929
Kepler-1804,1,1.671,0.929
Kepler-1804,1,1.89,0.916
Kepler-1804,1,1.671,0.929
Kepler-1804,1,0.779855,0.79
Kepler-1804,1,1.671,0.929
Kepler-1804,1,1.671,0.929
Kepler-1804,1,0.779855,0.79
Kepler-1805,1,0.596385,0.585129
Kepler-1805,1,0.46,0.471
Kepler-1805,1,0.596385,0.585129
Kepler-1805,1,0.552,0.581
Kepler-1805,1,0.46,0.471
Kepler-1805,1,NA,NA
Kepler-1805,1,0.516,0.538
Kepler-1805,1,0.46,0.471
Kepler-1805,1,0.552,0.581
Kepler-1806,1,0.74,0.84
Kepler-1806,1,0.788,0.884
Kepler-1806,1,0.788,0.884
Kepler-1806,1,0.788,0.884
Kepler-1806,1,0.782974,0.85
Kepler-1806,1,0.788,0.884
Kepler-1806,1,0.788,0.884
Kepler-1806,1,0.782974,0.85
Kepler-1807,1,1.496,1.087
Kepler-1807,1,1.496,1.087
Kepler-1807,1,1.496,1.087
Kepler-1807,1,1.64657,1.27
Kepler-1807,1,1.496,1.087
Kepler-1807,1,1.496,1.087
Kepler-1807,1,1.62,1.28
Kepler-1807,1,1.64657,1.27
Kepler-1808,1,0.892,0.773
Kepler-1808,1,1.02834,0.96
Kepler-1808,1,0.892,0.773
Kepler-1808,1,0.892,0.773
Kepler-1808,1,0.97,0.86
Kepler-1808,1,0.892,0.773
Kepler-1808,1,0.892,0.773
Kepler-1808,1,1.02834,0.96
Kepler-1809,1,0.748,0.828
Kepler-1809,1,0.738,0.788
Kepler-1809,1,0.738,0.788
Kepler-1809,1,0.716,0.807
Kepler-1809,1,0.691,0.744
Kepler-1809,1,0.716,0.807
Kepler-1809,1,0.738,0.788
Kepler-1809,1,0.799884,0.808
Kepler-181,2,0.749,NA
Kepler-181,2,0.761,0.84
Kepler-181,2,0.761,0.84
Kepler-181,2,0.810966,0.87
Kepler-181,2,0.857,0.807
Kepler-181,2,0.796,NA
Kepler-181,2,0.75,0.853
Kepler-181,2,0.810966,0.87
Kepler-181,2,0.784,0.81
Kepler-181,2,0.761,0.84
Kepler-181,2,0.85,0.88
Kepler-181,2,0.85,0.88
Kepler-181,2,0.810966,0.87
Kepler-181,2,0.810966,0.87
Kepler-181,2,0.761,0.84
Kepler-181,2,0.749,NA
Kepler-181,2,0.784,0.81
Kepler-181,2,0.810966,0.87
Kepler-181,2,0.75,0.853
Kepler-181,2,0.761,0.84
Kepler-181,2,0.857,0.807
Kepler-181,2,0.796,NA
Kepler-181,2,0.761,0.84
Kepler-1810,1,0.939,0.988
Kepler-1810,1,0.939,0.988
Kepler-1810,1,0.91,0.933
Kepler-1810,1,0.933466,0.95
Kepler-1810,1,0.939,0.988
Kepler-1810,1,0.933466,0.95
Kepler-1810,1,1.016,0.921
Kepler-1810,1,1.016,0.921
Kepler-1811,1,1.19,0.946
Kepler-1811,1,1.21043,1.02
Kepler-1811,1,0.967,1.045
Kepler-1811,1,0.967,1.045
Kepler-1811,1,0.967,1.045
Kepler-1811,1,1.21043,1.02
Kepler-1811,1,1.19,0.946
Kepler-1811,1,0.97,1.062
Kepler-1812,1,1.15231,1.24
Kepler-1812,1,1.103,1.162
Kepler-1812,1,1.103,1.162
Kepler-1812,1,1.103,1.162
Kepler-1812,1,1.103,1.162
Kepler-1812,1,0.98,1.06
Kepler-1812,1,1.103,1.162
Kepler-1813,1,0.746,0.821
Kepler-1813,1,0.746,0.821
Kepler-1813,1,0.75,0.836
Kepler-1813,1,0.787,0.812
Kepler-1813,1,0.787,0.812
Kepler-1813,1,0.746,0.821
Kepler-1813,1,NA,NA
Kepler-1814,2,0.821079,0.77
Kepler-1814,2,0.821079,0.77
Kepler-1814,2,0.823,0.79
Kepler-1814,2,0.823,0.79
Kepler-1814,2,0.754,0.825
Kepler-1814,2,0.87,0.85
Kepler-1814,2,0.823,0.79
Kepler-1814,2,0.823,0.79
Kepler-1814,2,0.823,0.79
Kepler-1814,2,0.823,0.79
Kepler-1814,2,0.823,0.79
Kepler-1814,2,0.823,0.79
Kepler-1814,2,0.821079,0.77
Kepler-1814,2,0.823,0.79
Kepler-1814,2,0.754,0.825
Kepler-1814,2,0.823,0.79
Kepler-1815,1,0.94,0.832
Kepler-1815,1,0.967,0.856
Kepler-1815,1,0.967,0.856
Kepler-1815,1,0.967,0.856
Kepler-1815,1,0.980197,1.02
Kepler-1815,1,0.980197,1.02
Kepler-1815,1,0.967,0.856
Kepler-1815,1,0.967,0.856
Kepler-1816,1,0.716,0.799
Kepler-1816,1,0.706,0.786
Kepler-1816,1,0.677,0.721
Kepler-1816,1,0.716,0.799
Kepler-1816,1,0.750709,0.803
Kepler-1816,1,0.706,0.786
Kepler-1816,1,0.716,0.799
Kepler-1816,1,0.750709,0.803
Kepler-1816,1,0.701,0.801
Kepler-1817,1,0.760218,0.92
Kepler-1817,1,0.760218,0.92
Kepler-1817,1,0.736,0.801
Kepler-1817,1,0.8,0.906
Kepler-1817,1,0.915,0.878
Kepler-1817,1,0.736,0.801
Kepler-1817,1,0.915,0.878
Kepler-1817,1,0.736,0.801
Kepler-1818,1,1.28905,1.07
Kepler-1818,1,1.129,1.021
Kepler-1818,1,1.129,1.021
Kepler-1818,1,1.129,1.021
Kepler-1818,1,1.129,1.021
Kepler-1818,1,1.129,1.021
Kepler-1818,1,1.12,1.02
Kepler-1819,1,1.14482,1.01
Kepler-1819,1,1.071,1.173
Kepler-1819,1,1.061,1.163
Kepler-1819,1,1.14482,1.01
Kepler-1819,1,0.93,1.033
Kepler-1819,1,1.061,1.163
Kepler-1819,1,1.071,1.173
Kepler-1819,1,1.061,1.163
Kepler-182,2,1.4297,1.07
Kepler-182,2,1.145,1.195
Kepler-182,2,1.334,1.114
Kepler-182,2,1.4297,1.07
Kepler-182,2,1.381,NA
Kepler-182,2,1.146,NA
Kepler-182,2,1.01,1.1
Kepler-182,2,1.092,1.18
Kepler-182,2,1.23,1.16
Kepler-182,2,1.4297,1.07
Kepler-182,2,1.145,1.195
Kepler-182,2,1.145,1.195
Kepler-182,2,1.334,1.114
Kepler-182,2,1.146,NA
Kepler-182,2,1.092,1.18
Kepler-182,2,1.23,1.16
Kepler-182,2,1.4297,1.07
Kepler-182,2,1.4297,1.07
Kepler-182,2,1.01,1.1
Kepler-182,2,1.4297,1.07
Kepler-182,2,1.145,1.195
Kepler-182,2,1.145,1.195
Kepler-182,2,1.145,1.195
Kepler-182,2,1.381,NA
Kepler-1820,1,0.931,1.047
Kepler-1820,1,0.931,1.047
Kepler-1820,1,1.0496,0.98
Kepler-1820,1,1.0496,0.98
Kepler-1820,1,0.85,0.96
Kepler-1820,1,0.931,1.047
Kepler-1820,1,0.931,1.047
Kepler-1820,1,0.931,1.047
Kepler-1821,1,0.946827,0.97
Kepler-1821,1,0.877,0.973
Kepler-1821,1,0.877,0.973
Kepler-1821,1,0.87,0.981
Kepler-1821,1,0.884,0.946
Kepler-1821,1,0.884,0.946
Kepler-1821,1,0.877,0.973
Kepler-1821,1,0.946827,0.97
Kepler-1822,1,0.692,0.759
Kepler-1822,1,0.692,0.759
Kepler-1822,1,0.702,0.782
Kepler-1822,1,0.692,0.759
Kepler-1822,1,0.844437,0.92
Kepler-1822,1,0.702,0.782
Kepler-1822,1,0.844437,0.92
Kepler-1822,1,0.72,0.82
Kepler-1823,1,1.24,1.19
Kepler-1823,1,1.229,1.125
Kepler-1823,1,1.215,1.078
Kepler-1823,1,1.20744,1.19
Kepler-1823,1,1.229,1.125
Kepler-1823,1,1.229,1.125
Kepler-1823,1,1.126,1.068
Kepler-1823,1,1.20744,1.19
Kepler-1823,1,1.126,1.068
Kepler-1824,1,1.01591,1.25
Kepler-1824,1,1.081,1.135
Kepler-1824,1,1.102,1.074
Kepler-1824,1,1.081,1.135
Kepler-1824,1,1.102,1.074
Kepler-1824,1,1.102,1.074
Kepler-1824,1,1.01591,1.25
Kepler-1824,1,1.05,1.132
Kepler-1825,1,0.791,0.754
Kepler-1825,1,0.847,0.828
Kepler-1825,1,0.716362,0.835
Kepler-1825,1,0.73,0.732
Kepler-1825,1,0.847,0.828
Kepler-1825,1,0.791,0.754
Kepler-1825,1,0.791,0.754
Kepler-1826,1,0.498,0.505
Kepler-1826,1,0.498,0.505
Kepler-1826,1,0.527,0.552
Kepler-1826,1,0.498,0.505
Kepler-1826,1,0.486,0.49
Kepler-1826,1,0.486,0.49
Kepler-1826,1,NA,NA
Kepler-1826,1,0.604869,0.592043
Kepler-1827,1,1.404,0.915
Kepler-1827,1,1.404,0.915
Kepler-1827,1,1.671,0.839
Kepler-1827,1,1.57,0.922
Kepler-1827,1,1.923,0.976
Kepler-1827,1,1.671,0.839
Kepler-1827,1,1.671,0.839
Kepler-1827,1,2.01879,NA
Kepler-1828,1,0.959127,0.97
Kepler-1828,1,0.856,0.943
Kepler-1828,1,0.85,0.95
Kepler-1828,1,0.856,0.943
Kepler-1828,1,0.899,0.996
Kepler-1828,1,0.899,0.996
Kepler-1828,1,0.856,0.943
Kepler-1829,1,0.828392,0.84
Kepler-1829,1,0.73,0.8
Kepler-1829,1,0.777,0.873
Kepler-1829,1,0.781,0.869
Kepler-1829,1,0.781,0.869
Kepler-1829,1,0.781,0.869
Kepler-1829,1,0.777,0.873
Kepler-183,2,1.039,0.99
Kepler-183,2,0.944,1.04
Kepler-183,2,0.88,0.99
Kepler-183,2,1.06777,1.01
Kepler-183,2,1.06777,1.01
Kepler-183,2,1.198,0.945
Kepler-183,2,1.01,1
Kepler-183,2,0.958,NA
Kepler-183,2,1.062,NA
Kepler-183,2,0.944,1.037
Kepler-183,2,0.944,1.037
Kepler-183,2,1.06777,1.01
Kepler-183,2,0.944,1.037
Kepler-183,2,1.198,0.945
Kepler-183,2,1.06777,1.01
Kepler-183,2,0.88,0.99
Kepler-183,2,1.06777,1.01
Kepler-183,2,0.944,1.037
Kepler-183,2,1.01,1
Kepler-183,2,1.062,NA
Kepler-183,2,0.958,NA
Kepler-183,2,1.039,0.99
Kepler-183,2,1.06777,1.01
Kepler-183,2,0.944,1.037
Kepler-183,2,0.944,1.037
Kepler-183,2,0.944,1.04
Kepler-1830,1,2.046,1.443
Kepler-1830,1,1.75079,1.22
Kepler-1830,1,1.609,1.339
Kepler-1830,1,1.04,1.084
Kepler-1830,1,1.75079,1.22
Kepler-1830,1,1.11,1.18
Kepler-1830,1,1.04,1.084
Kepler-1830,1,2.046,1.443
Kepler-1830,1,1.04,1.084
Kepler-1831,1,0.94831,1.03
Kepler-1831,1,1.012,1.117
Kepler-1831,1,1.012,1.117
Kepler-1831,1,1.012,1.117
Kepler-1831,1,0.93,1.03
Kepler-1831,1,1.012,1.117
Kepler-1831,1,1.012,1.117
Kepler-1832,1,0.722,0.684
Kepler-1832,1,0.722,0.684
Kepler-1832,1,0.722,0.684
Kepler-1832,1,0.722,0.684
Kepler-1832,1,0.811707,0.91
Kepler-1832,1,0.86,0.8
Kepler-1832,1,0.722,0.684
Kepler-1833,1,1.37,1.145
Kepler-1833,1,1.37,1.145
Kepler-1833,1,1.37,1.145
Kepler-1833,1,1.436,1.205
Kepler-1833,1,1.17,1.12
Kepler-1833,1,1.446,1.286
Kepler-1833,1,1.446,1.286
Kepler-1833,1,1.48104,1.15
Kepler-1834,2,0.788,0.765
Kepler-1834,2,0.701,0.716
Kepler-1834,2,0.788,0.765
Kepler-1834,2,0.719,0.746
Kepler-1834,2,0.745109,0.775
Kepler-1834,2,0.701,0.716
Kepler-1834,2,0.691,0.714
Kepler-1834,2,0.701,0.716
Kepler-1834,2,0.719,0.746
Kepler-1834,2,0.745109,0.775
Kepler-1834,2,0.701,0.716
Kepler-1834,2,0.788,0.765
Kepler-1834,2,0.788,0.765
Kepler-1834,2,0.701,0.716
Kepler-1835,1,0.961,0.922
Kepler-1835,1,0.961,0.922
Kepler-1835,1,1.13324,1.01
Kepler-1835,1,0.961,0.922
Kepler-1835,1,0.961,0.922
Kepler-1835,1,0.961,0.922
Kepler-1835,1,1,0.979
Kepler-1836,1,0.987,1.053
Kepler-1836,1,0.987,1.053
Kepler-1836,1,0.987,1.053
Kepler-1836,1,0.987,1.053
Kepler-1836,1,1.02232,1.03
Kepler-1836,1,0.987,1.053
Kepler-1836,1,0.89,1.06
Kepler-1837,1,0.961,1.049
Kepler-1837,1,0.975451,0.99
Kepler-1837,1,0.92,1.02
Kepler-1837,1,0.961,1.049
Kepler-1837,1,0.961,1.049
Kepler-1837,1,0.961,1.049
Kepler-1837,1,0.961,1.049
Kepler-1838,1,1.257,1.082
Kepler-1838,1,1.43,1.07
Kepler-1838,1,1.69886,1.119
Kepler-1838,1,1.963,1.187
Kepler-1838,1,1.257,1.082
Kepler-1838,1,1.708,1.228
Kepler-1838,1,1.69886,1.119
Kepler-1838,1,1.257,1.082
Kepler-1838,1,1.963,1.187
Kepler-1839,1,0.939,1.03
Kepler-1839,1,0.939,1.03
Kepler-1839,1,0.939,1.03
Kepler-1839,1,1.30932,1
Kepler-1839,1,0.939,1.03
Kepler-1839,1,0.939,1.03
Kepler-1839,1,0.9,1.002
Kepler-184,3,0.86,0.869
Kepler-184,3,0.848,0.877
Kepler-184,3,0.86,0.869
Kepler-184,3,0.86,0.869
Kepler-184,3,0.832,NA
Kepler-184,3,0.869668,0.95
Kepler-184,3,0.873,NA
Kepler-184,3,0.869668,0.95
Kepler-184,3,0.96,0.97
Kepler-184,3,0.89,0.97
Kepler-184,3,0.86,0.87
Kepler-184,3,0.821,0.872
Kepler-184,3,0.869668,0.95
Kepler-184,3,0.873,NA
Kepler-184,3,0.869668,0.95
Kepler-184,3,0.869668,0.95
Kepler-184,3,0.86,0.869
Kepler-184,3,0.821,0.872
Kepler-184,3,0.848,0.877
Kepler-184,3,0.89,0.97
Kepler-184,3,0.86,0.869
Kepler-184,3,0.86,0.87
Kepler-184,3,0.96,0.97
Kepler-184,3,0.86,0.869
Kepler-184,3,0.869668,0.95
Kepler-184,3,0.832,NA
Kepler-184,3,0.86,0.869
Kepler-184,3,0.848,0.877
Kepler-184,3,0.89,0.97
Kepler-184,3,0.86,0.869
Kepler-184,3,0.86,0.87
Kepler-184,3,0.869668,0.95
Kepler-184,3,0.873,NA
Kepler-184,3,0.86,0.869
Kepler-184,3,0.96,0.97
Kepler-184,3,0.869668,0.95
Kepler-184,3,0.821,0.872
Kepler-184,3,0.832,NA
Kepler-184,3,0.869668,0.95
Kepler-1840,1,0.644,0.704
Kepler-1840,1,0.644,0.704
Kepler-1840,1,0.68,0.696
Kepler-1840,1,0.738,0.763
Kepler-1840,1,0.77386,0.75
Kepler-1840,1,0.803,0.774
Kepler-1840,1,0.77386,0.75
Kepler-1840,1,0.803,0.774
Kepler-1840,1,0.644,0.704
Kepler-1841,1,0.906,0.821
Kepler-1841,1,0.899,0.823
Kepler-1841,1,0.906,0.821
Kepler-1841,1,0.899,0.823
Kepler-1841,1,0.92,0.843
Kepler-1841,1,0.855913,0.92
Kepler-1841,1,0.906,0.821
Kepler-1841,1,0.855913,0.92
Kepler-1842,1,1.131,1.057
Kepler-1842,1,1.131,1.057
Kepler-1842,1,1.131,1.057
Kepler-1842,1,1.131,1.057
Kepler-1842,1,1.03914,0.98
Kepler-1842,1,1.03914,0.98
Kepler-1842,1,1.131,1.057
Kepler-1842,1,1.09,0.97
Kepler-1843,1,1.677,0.932
Kepler-1843,1,1.677,0.932
Kepler-1843,1,2.2969,NA
Kepler-1843,1,1.677,0.932
Kepler-1843,1,1.782,1.02
Kepler-1843,1,2.185,1.165
Kepler-1843,1,1.782,1.02
Kepler-1843,1,1.7,0.975
Kepler-1843,1,2.2969,NA
Kepler-1844,1,0.851,0.941
Kepler-1844,1,0.851,0.941
Kepler-1844,1,0.851,0.941
Kepler-1844,1,1.36208,1
Kepler-1844,1,0.849,0.939
Kepler-1844,1,0.63,0.97
Kepler-1844,1,0.849,0.939
Kepler-1845,1,0.731848,0.79
Kepler-1845,1,0.664,0.756
Kepler-1845,1,0.707,0.786
Kepler-1845,1,0.701,0.686
Kepler-1845,1,0.707,0.786
Kepler-1845,1,0.707,0.786
Kepler-1845,1,0.701,0.686
Kepler-1846,1,2.25,0.919
Kepler-1846,1,0.741,0.779
Kepler-1846,1,0.732,0.785
Kepler-1846,1,0.741,0.779
Kepler-1846,1,0.732,0.785
Kepler-1846,1,0.754888,0.8
Kepler-1846,1,0.754888,0.8
Kepler-1846,1,0.741,0.779
Kepler-1846,1,0.766,0.819
Kepler-1847,1,1.07605,1.07
Kepler-1847,1,0.964,1.041
Kepler-1847,1,0.98,1.07
Kepler-1847,1,0.964,1.041
Kepler-1847,1,0.964,1.041
Kepler-1847,1,0.964,1.041
Kepler-1847,1,0.964,1.041
Kepler-1848,1,0.763,0.843
Kepler-1848,1,0.7,0.7
Kepler-1848,1,1.636,0.953
Kepler-1848,1,1.636,0.953
Kepler-1848,1,1.636,0.953
Kepler-1848,1,0.737,0.756
Kepler-1848,1,0.810461,0.769
Kepler-1848,1,0.737,0.756
Kepler-1849,1,0.729,0.709
Kepler-1849,1,0.707472,0.75
Kepler-1849,1,0.729,0.709
Kepler-1849,1,0.729,0.709
Kepler-1849,1,0.665,0.687
Kepler-1849,1,0.707472,0.75
Kepler-1849,1,0.729,0.709
Kepler-1849,1,0.729,0.709
Kepler-185,2,0.803,0.811
Kepler-185,2,0.792,0.815
Kepler-185,2,0.806,NA
Kepler-185,2,0.724815,0.85
Kepler-185,2,0.78,0.773
Kepler-185,2,0.724815,0.85
Kepler-185,2,0.792,0.815
Kepler-185,2,0.726,NA
Kepler-185,2,0.79,0.82
Kepler-185,2,0.792,0.815
Kepler-185,2,0.718,0.763
Kepler-185,2,0.79,0.82
Kepler-185,2,0.792,0.815
Kepler-185,2,0.806,NA
Kepler-185,2,0.78,0.773
Kepler-185,2,0.792,0.815
Kepler-185,2,0.718,0.763
Kepler-185,2,0.724815,0.85
Kepler-185,2,0.724815,0.85
Kepler-185,2,0.792,0.815
Kepler-185,2,0.726,NA
Kepler-185,2,0.724815,0.85
Kepler-185,2,0.803,0.811
Kepler-1850,1,0.6,0.611
Kepler-1850,1,0.581,0.611
Kepler-1850,1,0.587,0.593
Kepler-1850,1,0.587,0.593
Kepler-1850,1,0.587,0.593
Kepler-1850,1,0.6,0.611
Kepler-1850,1,0.697027,0.678
Kepler-1851,1,1.12674,1
Kepler-1851,1,0.93,1.035
Kepler-1851,1,0.879,0.967
Kepler-1851,1,0.879,0.967
Kepler-1851,1,0.879,0.967
Kepler-1851,1,0.879,0.967
Kepler-1851,1,0.879,0.967
Kepler-1851,1,1.12674,1
Kepler-1852,1,0.826,0.927
Kepler-1852,1,0.826,0.927
Kepler-1852,1,0.826,0.927
Kepler-1852,1,0.826,0.927
Kepler-1852,1,0.74,0.772
Kepler-1852,1,0.826,0.927
Kepler-1852,1,0.8302,0.81
Kepler-1853,1,0.732,0.707
Kepler-1853,1,0.71,0.72
Kepler-1853,1,0.768139,0.77
Kepler-1853,1,0.768139,0.77
Kepler-1853,1,0.788,0.765
Kepler-1853,1,0.732,0.707
Kepler-1853,1,0.788,0.765
Kepler-1853,1,0.732,0.707
Kepler-1854,1,1.001,0.766
Kepler-1854,1,0.713,0.814
Kepler-1854,1,0.759,0.8
Kepler-1854,1,0.647,0.708
Kepler-1854,1,NA,NA
Kepler-1854,1,0.759,0.8
Kepler-1854,1,NA,NA
Kepler-1854,1,0.647,0.708
Kepler-1854,1,0.647,0.708
Kepler-1855,1,0.288,0.275
Kepler-1855,1,0.619862,0.603999
Kepler-1855,1,0.288,0.275
Kepler-1855,1,0.288,0.275
Kepler-1855,1,0.356,0.385
Kepler-1855,1,0.485,0.495
Kepler-1855,1,0.356,0.385
Kepler-1855,1,NA,NA
Kepler-1856,1,0.674,0.653
Kepler-1856,1,0.739,0.757
Kepler-1856,1,0.816,0.782
Kepler-1856,1,0.674,0.653
Kepler-1856,1,0.816,0.782
Kepler-1856,1,0.674,0.653
Kepler-1856,1,0.962367,0.79
Kepler-1857,1,1.11667,1.17
Kepler-1857,1,1.005,0.873
Kepler-1857,1,1.005,0.873
Kepler-1857,1,1.11,1.06
Kepler-1857,1,1.005,0.873
Kepler-1857,1,1.165,0.955
Kepler-1857,1,1.005,0.873
Kepler-1857,1,1.005,0.873
Kepler-1858,1,0.819,0.785
Kepler-1858,1,0.819,0.785
Kepler-1858,1,0.751,0.839
Kepler-1858,1,0.751,0.839
Kepler-1858,1,0.773028,0.84
Kepler-1858,1,0.773028,0.84
Kepler-1858,1,0.689,0.787
Kepler-1858,1,0.751,0.839
Kepler-1859,2,1.068,1.025
Kepler-1859,2,1.068,1.025
Kepler-1859,2,1.09,1.08
Kepler-1859,2,1.235,1.09
Kepler-1859,2,1.068,1.025
Kepler-1859,2,1.235,1.09
Kepler-1859,2,1.16465,1.05
Kepler-1859,2,1.235,1.09
Kepler-1859,2,1.235,1.09
Kepler-1859,2,1.068,1.025
Kepler-1859,2,1.16465,1.05
Kepler-1859,2,1.068,1.025
Kepler-1859,2,1.068,1.025
Kepler-186,5,0.523,0.546
Kepler-186,5,NA,NA
Kepler-186,5,0.513,0.549
Kepler-186,5,0.5,0.506
Kepler-186,5,0.443,0.452
Kepler-186,5,0.472,0.478
Kepler-186,5,0.547805,0.543276
Kepler-186,5,0.49,0.51
Kepler-186,5,0.547805,0.543276
Kepler-186,5,0.46,0.48
Kepler-186,5,0.46,0.48
Kepler-186,5,0.547805,0.543276
Kepler-186,5,0.46,0.48
Kepler-186,5,0.539,NA
Kepler-186,5,0.524,NA
Kepler-186,5,0.547805,0.543276
Kepler-186,5,0.46,0.48
Kepler-186,5,0.46,0.48
Kepler-186,5,0.49,0.51
Kepler-186,5,0.547805,0.543276
Kepler-186,5,0.513,0.549
Kepler-186,5,0.5,0.506
Kepler-186,5,0.46,0.48
Kepler-186,5,0.472,0.478
Kepler-186,5,0.547805,0.543276
Kepler-186,5,0.547805,0.543276
Kepler-186,5,0.443,0.452
Kepler-186,5,0.523,0.546
Kepler-186,5,0.46,0.48
Kepler-186,5,0.539,NA
Kepler-186,5,NA,NA
Kepler-186,5,0.547805,0.543276
Kepler-186,5,0.46,0.48
Kepler-186,5,0.524,NA
Kepler-186,5,0.46,0.48
Kepler-186,5,0.524,NA
Kepler-186,5,0.539,NA
Kepler-186,5,0.5,0.506
Kepler-186,5,0.46,0.48
Kepler-186,5,0.547805,0.543276
Kepler-186,5,0.547805,0.543276
Kepler-186,5,0.49,0.51
Kepler-186,5,0.46,0.48
Kepler-186,5,0.443,0.452
Kepler-186,5,0.523,0.546
Kepler-186,5,0.547805,0.543276
Kepler-186,5,0.547805,0.543276
Kepler-186,5,0.472,0.478
Kepler-186,5,NA,NA
Kepler-186,5,0.513,0.549
Kepler-186,5,0.46,0.48
Kepler-186,5,0.472,0.478
Kepler-186,5,0.513,0.549
Kepler-186,5,0.524,NA
Kepler-186,5,0.443,0.452
Kepler-186,5,0.547805,0.543276
Kepler-186,5,0.547805,0.543276
Kepler-186,5,0.523,0.546
Kepler-186,5,0.46,0.48
Kepler-186,5,0.5,0.506
Kepler-186,5,0.539,NA
Kepler-186,5,0.46,0.48
Kepler-186,5,0.49,0.51
Kepler-186,5,0.547805,0.543276
Kepler-186,5,NA,NA
Kepler-186,5,0.547805,0.543276
Kepler-186,5,0.46,0.48
Kepler-186,5,0.472,0.478
Kepler-186,5,NA,NA
Kepler-186,5,0.539,NA
Kepler-186,5,0.547805,0.543276
Kepler-186,5,0.49,0.51
Kepler-186,5,0.46,0.48
Kepler-186,5,0.46,0.48
Kepler-186,5,0.523,0.544
Kepler-186,5,0.547805,0.543276
Kepler-186,5,0.46,0.48
Kepler-186,5,0.443,0.452
Kepler-186,5,0.547805,0.543276
Kepler-186,5,0.547805,0.543276
Kepler-1860,1,0.82,0.925
Kepler-1860,1,0.87,0.971
Kepler-1860,1,0.886,0.984
Kepler-1860,1,0.868,0.874
Kepler-1860,1,0.897077,0.96
Kepler-1860,1,0.87,0.971
Kepler-1860,1,0.87,0.971
Kepler-1860,1,0.868,0.874
Kepler-1861,1,1.06,1.06
Kepler-1861,1,1.373,1.161
Kepler-1861,1,1.40729,1.04
Kepler-1861,1,1.364,1.158
Kepler-1861,1,1.316,1.161
Kepler-1861,1,1.364,1.158
Kepler-1861,1,1.364,1.158
Kepler-1861,1,1.373,1.161
Kepler-1861,1,1.40729,1.04
Kepler-1862,1,0.815,0.895
Kepler-1862,1,0.815,0.895
Kepler-1862,1,0.806,0.9
Kepler-1862,1,0.815,0.895
Kepler-1862,1,0.806,0.9
Kepler-1862,1,0.894824,0.94
Kepler-1862,1,0.894824,0.94
Kepler-1862,1,0.83,0.941
Kepler-1863,1,1.57153,1.05
Kepler-1863,1,1.57153,1.05
Kepler-1863,1,0.983,1.097
Kepler-1863,1,1.2,1.06
Kepler-1863,1,1.168,0.953
Kepler-1863,1,1.168,0.953
Kepler-1863,1,1.168,0.953
Kepler-1863,1,0.983,1.097
Kepler-1863,1,1.537,0.874
Kepler-1864,1,1.594,1.177
Kepler-1864,1,1.594,1.177
Kepler-1864,1,1.01,0.991
Kepler-1864,1,1.04004,1.031
Kepler-1864,1,0.987,1.041
Kepler-1864,1,0.979,1.03
Kepler-1864,1,0.979,1.03
Kepler-1864,1,1.594,1.177
Kepler-1865,1,0.871,0.849
Kepler-1865,1,0.871,0.849
Kepler-1865,1,0.871,0.849
Kepler-1865,1,0.871,0.849
Kepler-1865,1,0.86,0.82
Kepler-1865,1,0.871,0.849
Kepler-1865,1,0.860953,0.87
Kepler-1866,1,1.17443,1.04
Kepler-1866,1,1.083,1.03
Kepler-1866,1,1.024,1.125
Kepler-1866,1,1.083,1.03
Kepler-1866,1,1.024,1.125
Kepler-1866,1,1.024,1.125
Kepler-1866,1,0.94,1.04
Kepler-1867,1,0.819,0.894
Kepler-1867,1,0.819,0.894
Kepler-1867,1,0.816,0.911
Kepler-1867,1,0.819,0.894
Kepler-1867,1,0.816,0.911
Kepler-1867,1,0.84,0.95
Kepler-1867,1,1.36632,0.991
Kepler-1868,1,0.661,0.681
Kepler-1868,1,0.686,0.743
Kepler-1868,1,0.686,0.743
Kepler-1868,1,0.65,0.674
Kepler-1868,1,0.661,0.681
Kepler-1868,1,0.661,0.681
Kepler-1868,1,0.751174,0.717
Kepler-1868,1,0.687,0.725
Kepler-1868,1,0.751174,0.717
Kepler-1869,2,2.014,1.241
Kepler-1869,2,2.014,1.241
Kepler-1869,2,0.902,0.987
Kepler-1869,2,0.944588,1.034
Kepler-1869,2,0.902,0.987
Kepler-1869,2,2.014,1.241
Kepler-1869,2,1.94,1.122
Kepler-1869,2,0.944588,1.034
Kepler-1869,2,0.935,1.014
Kepler-1869,2,0.935,1.014
Kepler-1869,2,1.94,1.122
Kepler-1869,2,2.014,1.241
Kepler-1869,2,0.944588,1.034
Kepler-1869,2,2.014,1.241
Kepler-1869,2,0.902,0.987
Kepler-1869,2,0.944588,1.034
Kepler-1869,2,0.902,0.987
Kepler-1869,2,2.014,1.241
Kepler-187,2,1.2,1.11
Kepler-187,2,1.099,0.896
Kepler-187,2,1.15,1
Kepler-187,2,1.614,NA
Kepler-187,2,1.099,0.896
Kepler-187,2,1.61568,1.12
Kepler-187,2,1.61568,1.12
Kepler-187,2,1.287,NA
Kepler-187,2,1.099,0.896
Kepler-187,2,1.574,1.081
Kepler-187,2,1.233,1.057
Kepler-187,2,1.574,1.081
Kepler-187,2,1.233,1.057
Kepler-187,2,1.099,0.896
Kepler-187,2,1.614,NA
Kepler-187,2,1.099,0.896
Kepler-187,2,1.2,1.11
Kepler-187,2,1.61568,1.12
Kepler-187,2,1.61568,1.12
Kepler-187,2,1.287,NA
Kepler-187,2,1.61568,1.12
Kepler-187,2,1.099,0.896
Kepler-187,2,1.15,1
Kepler-1870,1,0.84,0.955
Kepler-1870,1,0.978,0.806
Kepler-1870,1,0.888229,0.932
Kepler-1870,1,1.06,0.865
Kepler-1870,1,0.888229,0.932
Kepler-1870,1,0.841,0.945
Kepler-1870,1,0.978,0.806
Kepler-1870,1,0.84,0.955
Kepler-1870,1,0.978,0.806
Kepler-1871,1,0.946,1.02
Kepler-1871,1,0.946,1.02
Kepler-1871,1,0.946,1.02
Kepler-1871,1,1.18198,0.92
Kepler-1871,1,0.946,1.02
Kepler-1871,1,0.946,1.02
Kepler-1871,1,0.9,0.91
Kepler-1872,1,0.885,0.913
Kepler-1872,1,0.885,0.913
Kepler-1872,1,0.885,0.913
Kepler-1872,1,0.776212,0.8
Kepler-1872,1,0.885,0.913
Kepler-1872,1,0.9,0.94
Kepler-1872,1,0.885,0.913
Kepler-1873,1,0.798,0.902
Kepler-1873,1,0.69,0.782
Kepler-1873,1,0.792,0.903
Kepler-1873,1,0.792,0.903
Kepler-1873,1,0.798,0.902
Kepler-1873,1,0.798,0.902
Kepler-1873,1,0.830552,0.83
Kepler-1874,1,0.639,0.667
Kepler-1874,1,0.639,0.667
Kepler-1874,1,0.775,0.758
Kepler-1874,1,0.639,0.667
Kepler-1874,1,0.619,0.647
Kepler-1874,1,0.775,0.758
Kepler-1874,1,NA,NA
Kepler-1874,1,NA,NA
Kepler-1875,1,1.02,1.102
Kepler-1875,1,0.862,0.95
Kepler-1875,1,1.42986,1.15
Kepler-1875,1,0.851,0.95
Kepler-1875,1,0.862,0.95
Kepler-1875,1,0.851,0.95
Kepler-1875,1,0.851,0.95
Kepler-1875,1,1.42986,1.15
Kepler-1876,1,2.07,1.23
Kepler-1876,1,1.477,1.187
Kepler-1876,1,1.57556,1.067
Kepler-1876,1,1.467,1.081
Kepler-1876,1,1.467,1.081
Kepler-1876,1,2.166,1.271
Kepler-1876,1,2.166,1.271
Kepler-1876,1,1.481,1.134
Kepler-1876,1,2.166,1.271
Kepler-1877,1,0.83,0.934
Kepler-1877,1,0.936,1.022
Kepler-1877,1,0.821,0.902
Kepler-1877,1,0.821,0.902
Kepler-1877,1,1.02263,0.954
Kepler-1877,1,0.936,1.022
Kepler-1877,1,0.98,0.987
Kepler-1877,1,0.821,0.902
Kepler-1878,1,0.865,0.956
Kepler-1878,1,0.863,0.953
Kepler-1878,1,0.865,0.956
Kepler-1878,1,0.76,1.02
Kepler-1878,1,0.863,0.953
Kepler-1878,1,0.863,0.953
Kepler-1878,1,1.25218,1.03
Kepler-1879,1,1.064,1.014
Kepler-1879,1,1.51298,1.06
Kepler-1879,1,1.388,1.023
Kepler-1879,1,1.51298,1.06
Kepler-1879,1,1.28,1.1
Kepler-1879,1,1.388,1.023
Kepler-1879,1,1.064,1.014
Kepler-1879,1,1.064,1.014
Kepler-1879,1,1.442,1.036
Kepler-188,2,1.141,NA
Kepler-188,2,0.96,0.98
Kepler-188,2,1.093,0.989
Kepler-188,2,1.06544,1.02
Kepler-188,2,1.093,0.989
Kepler-188,2,1.049,NA
Kepler-188,2,1.026,1.021
Kepler-188,2,1.12,1.01
Kepler-188,2,1.089,0.958
Kepler-188,2,1.06544,1.02
Kepler-188,2,1.093,0.989
Kepler-188,2,1.06544,1.02
Kepler-188,2,1.141,NA
Kepler-188,2,1.093,0.989
Kepler-188,2,1.06544,1.02
Kepler-188,2,1.06544,1.02
Kepler-188,2,1.026,1.021
Kepler-188,2,0.96,0.98
Kepler-188,2,1.089,0.958
Kepler-188,2,1.12,1.01
Kepler-188,2,1.049,NA
Kepler-188,2,1.093,0.989
Kepler-188,2,1.093,0.989
Kepler-1880,1,0.68972,0.7
Kepler-1880,1,0.53,0.524
Kepler-1880,1,0.53,0.524
Kepler-1880,1,0.53,0.524
Kepler-1880,1,0.53,0.524
Kepler-1880,1,0.609,0.639
Kepler-1880,1,0.53,0.524
Kepler-1881,1,0.812,0.911
Kepler-1881,1,0.874,0.812
Kepler-1881,1,0.817,0.795
Kepler-1881,1,0.812,0.911
Kepler-1881,1,0.76,0.86
Kepler-1881,1,0.812,0.911
Kepler-1881,1,0.880395,0.87
Kepler-1881,1,0.874,0.812
Kepler-1882,1,1.961,1.341
Kepler-1882,1,1.75,1.06
Kepler-1882,1,1.319,1.104
Kepler-1882,1,1.40555,0.98
Kepler-1882,1,1.961,1.341
Kepler-1882,1,1.458,1.068
Kepler-1882,1,1.458,1.068
Kepler-1882,1,1.961,1.341
Kepler-1882,1,1.40555,0.98
Kepler-1883,1,1.01895,1.01
Kepler-1883,1,0.8,1.05
Kepler-1883,1,1.02,1.086
Kepler-1883,1,1.024,1.086
Kepler-1883,1,1.024,1.086
Kepler-1883,1,1.01895,1.01
Kepler-1883,1,1.02,1.086
Kepler-1883,1,1.02,1.086
Kepler-1884,1,1.26017,1.12
Kepler-1884,1,0.906,0.993
Kepler-1884,1,0.906,0.993
Kepler-1884,1,0.93,1.03
Kepler-1884,1,0.906,0.993
Kepler-1884,1,0.906,0.993
Kepler-1884,1,0.906,0.993
Kepler-1885,1,0.8,0.9
Kepler-1885,1,0.86,0.977
Kepler-1885,1,0.86,0.977
Kepler-1885,1,0.86,0.977
Kepler-1885,1,0.975378,0.91
Kepler-1885,1,0.86,0.977
Kepler-1885,1,0.86,0.977
Kepler-1886,1,0.888635,0.99
Kepler-1886,1,0.888635,0.99
Kepler-1886,1,0.68,0.97
Kepler-1886,1,0.837,0.928
Kepler-1886,1,0.833,0.915
Kepler-1886,1,0.833,0.915
Kepler-1886,1,0.837,0.928
Kepler-1886,1,0.833,0.915
Kepler-1887,1,0.854,0.945
Kepler-1887,1,0.864,0.961
Kepler-1887,1,0.864,0.961
Kepler-1887,1,0.85,0.961
Kepler-1887,1,0.904093,0.95
Kepler-1887,1,0.904093,0.95
Kepler-1887,1,0.854,0.945
Kepler-1887,1,0.854,0.945
Kepler-1888,1,1.657,1.074
Kepler-1888,1,1.249,0.897
Kepler-1888,1,1.249,0.897
Kepler-1888,1,1.58,0.96
Kepler-1888,1,1.657,1.074
Kepler-1888,1,1.657,1.074
Kepler-1888,1,1.74099,0.95
Kepler-1889,1,0.817,0.864
Kepler-1889,1,0.88,1
Kepler-1889,1,1.17771,1.12
Kepler-1889,1,0.817,0.853
Kepler-1889,1,1.17771,1.12
Kepler-1889,1,0.817,0.853
Kepler-1889,1,0.817,0.864
Kepler-1889,1,0.817,0.853
Kepler-189,2,0.755,0.836
Kepler-189,2,0.753,0.803
Kepler-189,2,0.75,NA
Kepler-189,2,0.72,0.824
Kepler-189,2,0.755,0.836
Kepler-189,2,0.8,0.83
Kepler-189,2,0.755,0.84
Kepler-189,2,0.773127,0.85
Kepler-189,2,0.826,0.789
Kepler-189,2,0.755,0.836
Kepler-189,2,0.761,NA
Kepler-189,2,0.773127,0.85
Kepler-189,2,0.755,0.84
Kepler-189,2,0.755,0.836
Kepler-189,2,0.773127,0.85
Kepler-189,2,0.755,0.836
Kepler-189,2,0.753,0.803
Kepler-189,2,0.761,NA
Kepler-189,2,0.8,0.83
Kepler-189,2,0.773127,0.85
Kepler-189,2,0.75,NA
Kepler-189,2,0.755,0.836
Kepler-189,2,0.826,0.789
Kepler-189,2,0.773127,0.85
Kepler-189,2,0.72,0.824
Kepler-1890,1,1.26559,1.1
Kepler-1890,1,1.32,1.19
Kepler-1890,1,1.31,1.164
Kepler-1890,1,1.31,1.164
Kepler-1890,1,1.396,1.024
Kepler-1890,1,1.127,1.069
Kepler-1890,1,1.396,1.024
Kepler-1890,1,1.31,1.164
Kepler-1891,1,0.818,0.878
Kepler-1891,1,0.827,0.873
Kepler-1891,1,0.818,0.878
Kepler-1891,1,0.818,0.878
Kepler-1891,1,0.84865,0.96
Kepler-1891,1,0.827,0.873
Kepler-1891,1,0.82,0.881
Kepler-1892,1,0.759,0.851
Kepler-1892,1,0.758,0.849
Kepler-1892,1,0.758,0.849
Kepler-1892,1,0.758,0.849
Kepler-1892,1,0.759,0.851
Kepler-1892,1,0.822051,0.93
Kepler-1892,1,0.76,0.866
Kepler-1893,1,1.22399,1.02
Kepler-1893,1,1.162,0.973
Kepler-1893,1,1.162,0.973
Kepler-1893,1,1.155,0.934
Kepler-1893,1,1.06,0.859
Kepler-1893,1,1.155,0.934
Kepler-1893,1,1.155,0.934
Kepler-1894,2,0.901,0.999
Kepler-1894,2,0.901,0.999
Kepler-1894,2,0.901,0.999
Kepler-1894,2,0.86,0.963
Kepler-1894,2,0.901,0.999
Kepler-1894,2,0.817099,0.96
Kepler-1894,2,0.901,0.999
Kepler-1894,2,0.817099,0.96
Kepler-1894,2,0.901,0.999
Kepler-1894,2,0.901,0.999
Kepler-1894,2,0.901,0.999
Kepler-1894,2,0.901,0.999
Kepler-1894,2,0.86,0.963
Kepler-1894,2,0.901,0.999
Kepler-1895,1,0.763,0.86
Kepler-1895,1,0.763,0.86
Kepler-1895,1,0.78,0.846
Kepler-1895,1,1.06398,0.8
Kepler-1895,1,0.78,0.846
Kepler-1895,1,0.78,0.846
Kepler-1895,1,0.68,0.772
Kepler-1896,1,0.82,1.05
Kepler-1896,1,0.996,1.07
Kepler-1896,1,1.15654,1.08
Kepler-1896,1,0.996,1.07
Kepler-1896,1,1.15654,1.08
Kepler-1896,1,0.996,1.07
Kepler-1896,1,0.996,1.07
Kepler-1896,1,0.996,1.07
Kepler-1897,1,0.78,0.857
Kepler-1897,1,0.78,0.857
Kepler-1897,1,0.78,0.857
Kepler-1897,1,0.863787,0.82
Kepler-1897,1,0.863787,0.82
Kepler-1897,1,0.761,0.859
Kepler-1897,1,0.71,0.784
Kepler-1897,1,0.761,0.859
Kepler-1898,1,1.125,0.837
Kepler-1898,1,0.854,0.761
Kepler-1898,1,1.125,0.837
Kepler-1898,1,1.125,0.837
Kepler-1898,1,1.125,0.837
Kepler-1898,1,0.817466,0.984
Kepler-1898,1,1.125,0.837
Kepler-1898,1,0.84,0.781
Kepler-1899,1,0.655,0.677
Kepler-1899,1,0.742,0.759
Kepler-1899,1,0.742,0.759
Kepler-1899,1,0.742,0.759
Kepler-1899,1,0.742,0.759
Kepler-1899,1,0.685832,0.76
Kepler-1899,1,0.742,0.759
Kepler-19,3,0.813,0.891
Kepler-19,3,0.911823,0.967
Kepler-19,3,0.813,0.891
Kepler-19,3,0.813,0.891
Kepler-19,3,0.857,0.906
Kepler-19,3,0.88,0.903
Kepler-19,3,0.84,0.92
Kepler-19,3,0.911823,NA
Kepler-19,3,0.859,0.936
Kepler-19,3,0.911823,0.967
Kepler-19,3,NA,0.903
Kepler-19,3,0.859,0.936
Kepler-19,3,0.85,0.936
Kepler-19,3,0.884,NA
Kepler-19,3,0.81,0.907
Kepler-19,3,NA,0.903
Kepler-19,3,0.859,0.936
Kepler-19,3,0.85,0.936
Kepler-19,3,0.859,0.936
Kepler-190,2,0.774964,0.85
Kepler-190,2,0.774964,0.85
Kepler-190,2,0.74,0.802
Kepler-190,2,0.787,0.823
Kepler-190,2,0.75,0.834
Kepler-190,2,0.785,0.868
Kepler-190,2,0.774964,0.85
Kepler-190,2,0.8,0.86
Kepler-190,2,0.756,NA
Kepler-190,2,0.795,NA
Kepler-190,2,0.785,0.868
Kepler-190,2,0.785,0.868
Kepler-190,2,0.74,0.802
Kepler-190,2,0.756,NA
Kepler-190,2,0.787,0.823
Kepler-190,2,0.785,0.868
Kepler-190,2,0.774964,0.85
Kepler-190,2,0.8,0.86
Kepler-190,2,0.774964,0.85
Kepler-190,2,0.774964,0.85
Kepler-190,2,0.795,NA
Kepler-190,2,0.785,0.868
Kepler-190,2,0.75,0.834
Kepler-190,2,0.785,0.868
Kepler-1900,1,1.041,1.104
Kepler-1900,1,1.041,1.104
Kepler-1900,1,1.041,1.104
Kepler-1900,1,1.041,1.104
Kepler-1900,1,1.041,1.104
Kepler-1900,1,0.99,1.08
Kepler-1900,1,1.25275,1.06
Kepler-1901,1,0.921,1.022
Kepler-1901,1,0.975,1.058
Kepler-1901,1,0.921,1.022
Kepler-1901,1,0.94,1.032
Kepler-1901,1,0.975,1.058
Kepler-1901,1,0.975,1.058
Kepler-1901,1,1.03547,1.01
Kepler-1902,1,0.514,0.52
Kepler-1902,1,0.7,0.56
Kepler-1902,1,0.612958,0.598534
Kepler-1902,1,0.53,0.534
Kepler-1902,1,0.514,0.52
Kepler-1902,1,0.53,0.534
Kepler-1902,1,0.53,0.534
Kepler-1903,1,1.09,1.16
Kepler-1903,1,1.012,1.065
Kepler-1903,1,0.996,1.053
Kepler-1903,1,1.012,1.065
Kepler-1903,1,1.26609,1.13
Kepler-1903,1,1.012,1.065
Kepler-1903,1,0.996,1.053
Kepler-1904,1,0.497,0.526
Kepler-1904,1,0.497,0.526
Kepler-1904,1,0.497,0.526
Kepler-1904,1,0.497,0.526
Kepler-1904,1,NA,NA
Kepler-1904,1,0.509063,0.506941
Kepler-1904,1,0.513,0.565
Kepler-1904,1,0.497,0.526
Kepler-1905,1,0.91,0.999
Kepler-1905,1,0.91,0.999
Kepler-1905,1,1.015,1.038
Kepler-1905,1,0.91,0.999
Kepler-1905,1,1.015,1.038
Kepler-1905,1,1.02824,0.99
Kepler-1905,1,0.92,1.02
Kepler-1906,1,0.894,0.987
Kepler-1906,1,0.894,0.987
Kepler-1906,1,1.34424,1.02
Kepler-1906,1,0.89,0.992
Kepler-1906,1,0.894,0.987
Kepler-1906,1,0.894,0.987
Kepler-1906,1,0.894,0.987
Kepler-1907,2,0.8,0.752
Kepler-1907,2,0.665,0.673
Kepler-1907,2,0.8,0.752
Kepler-1907,2,0.8,0.752
Kepler-1907,2,0.8,0.752
Kepler-1907,2,0.647296,0.831
Kepler-1907,2,0.78,0.759
Kepler-1907,2,0.8,0.752
Kepler-1907,2,0.8,0.752
Kepler-1907,2,0.8,0.752
Kepler-1907,2,0.8,0.752
Kepler-1907,2,0.78,0.759
Kepler-1907,2,0.647296,0.831
Kepler-1907,2,0.8,0.752
Kepler-1907,2,0.8,0.752
Kepler-1907,2,0.665,0.673
Kepler-1909,1,0.685,0.663
Kepler-1909,1,0.723,0.728
Kepler-1909,1,0.685,0.663
Kepler-1909,1,0.685,0.663
Kepler-1909,1,0.685,0.663
Kepler-1909,1,0.685,0.663
Kepler-1909,1,0.696842,0.819
Kepler-191,3,0.781226,0.87
Kepler-191,3,0.868,0.81
Kepler-191,3,0.787,0.883
Kepler-191,3,0.789,NA
Kepler-191,3,0.787,0.883
Kepler-191,3,0.781226,0.87
Kepler-191,3,0.8,0.84
Kepler-191,3,0.755,0.857
Kepler-191,3,0.73,0.828
Kepler-191,3,0.787,0.883
Kepler-191,3,0.781226,0.87
Kepler-191,3,0.8,0.84
Kepler-191,3,0.789,NA
Kepler-191,3,0.781226,0.87
Kepler-191,3,0.755,0.857
Kepler-191,3,0.787,0.883
Kepler-191,3,0.781226,0.87
Kepler-191,3,0.73,0.828
Kepler-191,3,0.787,0.883
Kepler-191,3,0.787,0.883
Kepler-191,3,0.868,0.81
Kepler-191,3,0.781226,0.87
Kepler-191,3,0.787,0.883
Kepler-191,3,0.73,0.828
Kepler-191,3,0.8,0.84
Kepler-191,3,0.755,0.857
Kepler-191,3,0.781226,0.87
Kepler-191,3,0.781226,0.87
Kepler-191,3,0.781226,0.87
Kepler-191,3,0.787,0.883
Kepler-191,3,0.787,0.883
Kepler-191,3,0.868,0.81
Kepler-1910,1,0.544,0.572
Kepler-1910,1,0.639,0.636
Kepler-1910,1,0.639,0.636
Kepler-1910,1,0.639,0.636
Kepler-1910,1,0.639,0.636
Kepler-1910,1,0.639,0.636
Kepler-1910,1,NA,NA
Kepler-1911,1,0.972,0.954
Kepler-1911,1,0.941705,1.012
Kepler-1911,1,0.972,0.954
Kepler-1911,1,1.683,1.115
Kepler-1911,1,1.683,1.115
Kepler-1911,1,1.683,1.115
Kepler-1912,1,1.474,1.091
Kepler-1912,1,0.935,0.991
Kepler-1912,1,1.474,1.091
Kepler-1912,1,0.962,0.977
Kepler-1912,1,0.962,0.977
Kepler-1912,1,0.988958,1
Kepler-1912,1,1.474,1.091
Kepler-1912,1,0.988958,1
Kepler-1913,1,1.11,1.113
Kepler-1913,1,0.867406,1.11
Kepler-1913,1,1.076,1.169
Kepler-1913,1,1.11,1.113
Kepler-1913,1,1.11,1.113
Kepler-1913,1,1.076,1.169
Kepler-1914,1,0.96,1.047
Kepler-1914,1,1.13513,1.01
Kepler-1914,1,0.96,1.047
Kepler-1914,1,0.96,1.047
Kepler-1914,1,0.96,1.047
Kepler-1914,1,1.13513,1.01
Kepler-1914,1,0.96,1.047
Kepler-1915,1,1.08403,1.03
Kepler-1915,1,1.057,1.03
Kepler-1915,1,1.056,1.035
Kepler-1915,1,1.056,1.035
Kepler-1915,1,1.057,1.03
Kepler-1915,1,1.056,1.035
Kepler-1916,1,1.24474,1.06
Kepler-1916,1,1.145,1.195
Kepler-1916,1,1.24474,1.06
Kepler-1916,1,1.092,1.18
Kepler-1916,1,1.145,1.195
Kepler-1916,1,1.092,1.18
Kepler-1916,1,1.145,1.195
Kepler-1917,1,0.796,0.862
Kepler-1917,1,0.796,0.862
Kepler-1917,1,0.867011,0.89
Kepler-1917,1,0.796,0.862
Kepler-1917,1,0.788,0.882
Kepler-1917,1,0.788,0.882
Kepler-1918,1,0.808512,0.93
Kepler-1918,1,0.924,0.967
Kepler-1918,1,0.924,0.967
Kepler-1918,1,0.924,0.967
Kepler-1918,1,0.924,0.967
Kepler-1918,1,0.924,0.967
Kepler-1918,1,0.808512,0.93
Kepler-1919,1,0.818,0.868
Kepler-1919,1,0.818,0.868
Kepler-1919,1,0.818,0.868
Kepler-1919,1,0.818,0.868
Kepler-1919,1,0.818,0.868
Kepler-1919,1,0.879764,0.9
Kepler-1919,1,0.879764,0.9
Kepler-192,3,0.813,0.891
Kepler-192,3,1.007,NA
Kepler-192,3,0.982,0.947
Kepler-192,3,0.987806,0.96
Kepler-192,3,0.987806,0.96
Kepler-192,3,0.987806,0.96
Kepler-192,3,0.94,0.94
Kepler-192,3,0.813,0.891
Kepler-192,3,0.981,1.028
Kepler-192,3,0.995,NA
Kepler-192,3,0.8,0.905
Kepler-192,3,0.813,0.891
Kepler-192,3,0.813,0.891
Kepler-192,3,0.813,0.891
Kepler-192,3,0.813,0.891
Kepler-192,3,0.94,0.94
Kepler-192,3,0.982,0.947
Kepler-192,3,0.8,0.905
Kepler-192,3,0.995,NA
Kepler-192,3,1.007,NA
Kepler-192,3,0.981,1.028
Kepler-192,3,0.987806,0.96
Kepler-192,3,0.987806,0.96
Kepler-192,3,0.987806,0.96
Kepler-192,3,0.813,0.891
Kepler-192,3,0.987806,0.96
Kepler-192,3,0.995,NA
Kepler-192,3,0.94,0.94
Kepler-192,3,0.987806,0.96
Kepler-192,3,0.982,0.947
Kepler-192,3,0.813,0.891
Kepler-192,3,0.813,0.891
Kepler-192,3,0.8,0.905
Kepler-192,3,0.981,1.028
Kepler-1920,1,1.161,1.239
Kepler-1920,1,1.167,1.249
Kepler-1920,1,1.161,1.239
Kepler-1920,1,1.08394,1.06
Kepler-1920,1,1.167,1.249
Kepler-1920,1,1.08394,1.06
Kepler-1920,1,1.167,1.249
Kepler-1921,2,2.22385,1.17
Kepler-1921,2,2,1.251
Kepler-1921,2,2,1.251
Kepler-1921,2,2,1.251
Kepler-1921,2,2,1.251
Kepler-1921,2,2.22385,1.17
Kepler-1921,2,2.06,1.325
Kepler-1921,2,2,1.251
Kepler-1921,2,2,1.251
Kepler-1921,2,2,1.251
Kepler-1921,2,2.06,1.325
Kepler-1921,2,2,1.251
Kepler-1921,2,2.22385,1.17
Kepler-1921,2,2,1.251
Kepler-1921,2,2,1.251
Kepler-1922,1,0.861,0.95
Kepler-1922,1,0.863,0.953
Kepler-1922,1,1.25398,1
Kepler-1922,1,0.861,0.95
Kepler-1922,1,0.861,0.95
Kepler-1922,1,0.863,0.953
Kepler-1923,1,1.294,1.109
Kepler-1923,1,0.767,0.83
Kepler-1923,1,1.294,1.109
Kepler-1923,1,0.767,0.83
Kepler-1923,1,0.767,0.83
Kepler-1923,1,NA,NA
Kepler-1923,1,NA,NA
Kepler-1924,1,0.844,0.89
Kepler-1924,1,1.285,1.018
Kepler-1924,1,0.844,0.89
Kepler-1924,1,1.285,1.018
Kepler-1924,1,1.73618,1.01
Kepler-1924,1,0.844,0.89
Kepler-1925,1,1.54405,1.02
Kepler-1925,1,0.932,1.019
Kepler-1925,1,0.932,1.019
Kepler-1925,1,1.092,1.057
Kepler-1925,1,1.54405,1.02
Kepler-1925,1,0.932,1.019
Kepler-1925,1,1.092,1.057
Kepler-1926,1,0.832,0.768
Kepler-1926,1,0.832,0.768
Kepler-1926,1,0.832,0.768
Kepler-1926,1,0.634802,0.83
Kepler-1926,1,0.832,0.768
Kepler-1926,1,0.832,0.768
Kepler-1926,1,0.634802,0.83
Kepler-1927,1,2.481,1.408
Kepler-1927,1,2.059,1.424
Kepler-1927,1,2.25422,1.11
Kepler-1927,1,2.481,1.408
Kepler-1927,1,0.962,0.988
Kepler-1927,1,0.962,0.988
Kepler-1927,1,2.25422,1.11
Kepler-1927,1,0.962,0.988
Kepler-1928,1,1.173,0.887
Kepler-1928,1,1.173,0.887
Kepler-1928,1,0.89,0.994
Kepler-1928,1,0.946541,0.988
Kepler-1928,1,0.884,0.971
Kepler-1928,1,0.92,1.01
Kepler-1928,1,0.884,0.971
Kepler-1928,1,0.946541,0.988
Kepler-1928,1,1.173,0.887
Kepler-1929,1,2.03867,1.01
Kepler-1929,1,1.471,1.006
Kepler-1929,1,1.471,1.006
Kepler-1929,1,1.921,1.113
Kepler-1929,1,2.03867,1.01
Kepler-1929,1,4.015,1.675
Kepler-1929,1,4.015,1.675
Kepler-1929,1,4.015,1.675
Kepler-193,2,1.147,NA
Kepler-193,2,1.137,1.213
Kepler-193,2,1.035,NA
Kepler-193,2,1.06,1.139
Kepler-193,2,1.0289,1.12
Kepler-193,2,1.012,1.051
Kepler-193,2,1.137,1.213
Kepler-193,2,1.0289,1.12
Kepler-193,2,1.137,1.213
Kepler-193,2,1.456,1.093
Kepler-193,2,1.21,1.14
Kepler-193,2,1.0289,1.12
Kepler-193,2,1.0289,1.12
Kepler-193,2,1.012,1.051
Kepler-193,2,1.0289,1.12
Kepler-193,2,1.456,1.093
Kepler-193,2,1.137,1.213
Kepler-193,2,1.147,NA
Kepler-193,2,1.035,NA
Kepler-193,2,1.137,1.213
Kepler-193,2,1.21,1.14
Kepler-193,2,1.06,1.139
Kepler-193,2,1.0289,1.12
Kepler-193,2,1.137,1.213
Kepler-1930,1,0.844,0.844
Kepler-1930,1,0.844,0.844
Kepler-1930,1,0.744,0.841
Kepler-1930,1,0.844,0.844
Kepler-1930,1,0.757501,0.817
Kepler-1930,1,0.844,0.844
Kepler-1930,1,0.844,0.844
Kepler-1931,1,1.467,1.137
Kepler-1931,1,1.221,1.174
Kepler-1931,1,1.49349,1.19
Kepler-1931,1,1.402,1.119
Kepler-1931,1,1.402,1.119
Kepler-1931,1,1.402,1.119
Kepler-1931,1,1.49349,1.19
Kepler-1931,1,1.221,1.174
Kepler-1932,1,0.93,0.978
Kepler-1932,1,0.815,0.911
Kepler-1932,1,0.801,0.902
Kepler-1932,1,0.815,0.911
Kepler-1932,1,0.93,0.978
Kepler-1932,1,0.93,0.978
Kepler-1932,1,0.847538,0.86
Kepler-1933,1,1.916,0.939
Kepler-1933,1,0.884144,1.026
Kepler-1933,1,0.899,0.96
Kepler-1933,1,0.884144,1.026
Kepler-1933,1,1.008,0.964
Kepler-1933,1,1.008,0.964
Kepler-1933,1,1.916,0.939
Kepler-1933,1,1.916,0.939
Kepler-1934,1,1.052,1.061
Kepler-1934,1,1.052,1.061
Kepler-1934,1,1.035,0.968
Kepler-1934,1,0.991,0.99
Kepler-1934,1,1.052,1.061
Kepler-1934,1,1.09935,1.059
Kepler-1934,1,1.035,0.968
Kepler-1935,1,1.28409,0.99
Kepler-1935,1,0.899,0.845
Kepler-1935,1,0.899,0.845
Kepler-1935,1,0.899,0.845
Kepler-1935,1,0.899,0.845
Kepler-1935,1,0.899,0.845
Kepler-1936,1,1.854,1.419
Kepler-1936,1,1.854,1.419
Kepler-1936,1,1.854,1.419
Kepler-1936,1,1.351,1.214
Kepler-1936,1,1.37635,1.28
Kepler-1936,1,1.37635,1.28
Kepler-1936,1,1.854,1.419
Kepler-1936,1,1.854,1.419
Kepler-1937,1,1.11386,1.18
Kepler-1937,1,1.222,1.181
Kepler-1937,1,1.11386,1.18
Kepler-1937,1,1.095,1.088
Kepler-1937,1,1.222,1.181
Kepler-1937,1,1.196,1.19
Kepler-1937,1,1.222,1.181
Kepler-1937,1,1.196,1.19
Kepler-1938,1,0.655,0.646
Kepler-1938,1,0.751226,0.724
Kepler-1938,1,0.655,0.646
Kepler-1938,1,0.655,0.646
Kepler-1938,1,0.655,0.646
Kepler-1938,1,0.655,0.646
Kepler-1938,1,0.751226,0.724
Kepler-1939,1,0.603,0.648
Kepler-1939,1,0.62,0.643
Kepler-1939,1,0.603,0.648
Kepler-1939,1,0.62,0.643
Kepler-1939,1,0.62,0.643
Kepler-1939,1,0.641737,0.712
Kepler-194,3,1.005,0.962
Kepler-194,3,1.025,NA
Kepler-194,3,1.06547,1.02
Kepler-194,3,1.008,NA
Kepler-194,3,1.005,0.962
Kepler-194,3,1.005,0.962
Kepler-194,3,1.06547,1.02
Kepler-194,3,1.11,1.09
Kepler-194,3,1.439,0.989
Kepler-194,3,1.04,1.053
Kepler-194,3,0.983,0.94
Kepler-194,3,1.06547,1.02
Kepler-194,3,1.005,0.962
Kepler-194,3,1.04,1.053
Kepler-194,3,1.005,0.962
Kepler-194,3,1.439,0.989
Kepler-194,3,1.06547,1.02
Kepler-194,3,1.005,0.962
Kepler-194,3,1.11,1.09
Kepler-194,3,1.06547,1.02
Kepler-194,3,0.983,0.94
Kepler-194,3,1.008,NA
Kepler-194,3,1.025,NA
Kepler-194,3,1.008,NA
Kepler-194,3,1.025,NA
Kepler-194,3,1.005,0.962
Kepler-194,3,1.439,0.989
Kepler-194,3,1.04,1.053
Kepler-194,3,1.005,0.962
Kepler-194,3,1.005,0.962
Kepler-194,3,1.06547,1.02
Kepler-194,3,0.983,0.94
Kepler-194,3,1.06547,1.02
Kepler-194,3,1.11,1.09
Kepler-194,3,1.06547,1.02
Kepler-1940,1,0.725,0.782
Kepler-1940,1,0.725,0.782
Kepler-1940,1,0.725,0.782
Kepler-1940,1,0.717,0.802
Kepler-1940,1,0.717,0.802
Kepler-1940,1,0.778655,0.9
Kepler-1941,1,1.171,1.241
Kepler-1941,1,1.171,1.241
Kepler-1941,1,1.39436,1.23
Kepler-1941,1,1.142,1.175
Kepler-1941,1,1.171,1.241
Kepler-1941,1,1.142,1.175
Kepler-1941,1,1.39436,1.23
Kepler-1942,1,0.797,0.852
Kepler-1942,1,0.797,0.852
Kepler-1942,1,0.797,0.852
Kepler-1942,1,0.963936,1
Kepler-1942,1,0.797,0.852
Kepler-1942,1,0.797,0.852
Kepler-1943,1,1.69306,1.02
Kepler-1943,1,0.973,1.055
Kepler-1943,1,0.973,1.055
Kepler-1943,1,0.973,1.055
Kepler-1943,1,0.973,1.055
Kepler-1943,1,0.973,1.055
Kepler-1943,1,1.592,1.208
Kepler-1944,1,0.972,1.064
Kepler-1944,1,0.974,1.066
Kepler-1944,1,0.974,1.066
Kepler-1944,1,1.04867,0.93
Kepler-1944,1,0.974,1.066
Kepler-1944,1,0.972,1.064
Kepler-1945,1,0.804,0.767
Kepler-1945,1,0.804,0.767
Kepler-1945,1,NA,NA
Kepler-1945,1,0.804,0.767
Kepler-1945,1,0.804,0.767
Kepler-1945,1,0.804,0.767
Kepler-1946,1,0.877155,0.9
Kepler-1946,1,0.873,0.887
Kepler-1946,1,0.873,0.887
Kepler-1946,1,0.873,0.887
Kepler-1946,1,0.873,0.887
Kepler-1946,1,0.873,0.887
Kepler-1947,1,1.686,0.984
Kepler-1947,1,1.686,0.984
Kepler-1947,1,1.046,1.102
Kepler-1947,1,1.686,0.984
Kepler-1947,1,1.686,0.984
Kepler-1947,1,1.05358,1.104
Kepler-1947,1,1.686,0.984
Kepler-1948,1,0.557,0.585
Kepler-1948,1,0.526,0.531
Kepler-1948,1,0.799053,0.611
Kepler-1948,1,0.526,0.531
Kepler-1948,1,0.557,0.585
Kepler-1948,1,0.526,0.531
Kepler-1949,1,2.15305,1.08
Kepler-1949,1,1.454,1.194
Kepler-1949,1,0.989,1.009
Kepler-1949,1,0.989,1.009
Kepler-1949,1,0.989,1.009
Kepler-1949,1,1.454,1.194
Kepler-195,2,0.806,NA
Kepler-195,2,0.795,0.867
Kepler-195,2,0.79,0.83
Kepler-195,2,0.798803,0.89
Kepler-195,2,0.791,0.884
Kepler-195,2,0.798803,0.89
Kepler-195,2,0.74,0.843
Kepler-195,2,0.791,0.884
Kepler-195,2,0.786,0.882
Kepler-195,2,0.775,NA
Kepler-195,2,0.791,0.884
Kepler-195,2,0.786,0.882
Kepler-195,2,0.798803,0.89
Kepler-195,2,0.791,0.884
Kepler-195,2,0.806,NA
Kepler-195,2,0.775,NA
Kepler-195,2,0.791,0.884
Kepler-195,2,0.798803,0.89
Kepler-195,2,0.79,0.83
Kepler-195,2,0.74,0.843
Kepler-195,2,0.795,0.867
Kepler-195,2,0.791,0.884
Kepler-195,2,0.798803,0.89
Kepler-1950,1,0.852,0.759
Kepler-1950,1,0.852,0.759
Kepler-1950,1,0.852,0.759
Kepler-1950,1,0.843518,0.97
Kepler-1950,1,0.852,0.759
Kepler-1950,1,0.852,0.759
Kepler-1951,1,0.9,0.782
Kepler-1951,1,1.306,0.923
Kepler-1951,1,0.9,0.782
Kepler-1951,1,2.04115,0.94
Kepler-1951,1,1.306,0.923
Kepler-1951,1,0.9,0.782
Kepler-1952,1,NA,NA
Kepler-1952,1,1.305,0.922
Kepler-1952,1,1.305,0.922
Kepler-1952,1,1.305,0.922
Kepler-1952,1,1.305,0.922
Kepler-1952,1,NA,NA
Kepler-1952,1,1.305,0.922
Kepler-1953,1,0.72,0.761
Kepler-1953,1,0.72,0.761
Kepler-1953,1,0.72,0.761
Kepler-1953,1,0.707,0.786
Kepler-1953,1,0.707,0.786
Kepler-1953,1,0.755738,0.73
Kepler-1954,1,0.847,0.935
Kepler-1954,1,0.847,0.935
Kepler-1954,1,0.849,0.942
Kepler-1954,1,0.847,0.935
Kepler-1954,1,1.01109,1.07
Kepler-1954,1,0.849,0.942
Kepler-1955,1,1.236,1.066
Kepler-1955,1,1.291,1.049
Kepler-1955,1,1.236,1.066
Kepler-1955,1,1.27893,1.05
Kepler-1955,1,1.228,1.119
Kepler-1955,1,1.236,1.066
Kepler-1955,1,1.291,1.049
Kepler-1956,1,0.682,0.671
Kepler-1956,1,0.682,0.671
Kepler-1956,1,0.682,0.671
Kepler-1956,1,0.56945,0.656
Kepler-1956,1,0.682,0.671
Kepler-1956,1,0.682,0.671
Kepler-1957,1,0.772,0.745
Kepler-1957,1,0.772,0.745
Kepler-1957,1,0.772,0.745
Kepler-1957,1,0.752243,0.75
Kepler-1957,1,0.772,0.745
Kepler-1957,1,0.772,0.745
Kepler-1958,1,0.855,0.947
Kepler-1958,1,0.855,0.947
Kepler-1958,1,0.864,0.961
Kepler-1958,1,0.864,0.961
Kepler-1958,1,1.11067,0.96
Kepler-1958,1,0.855,0.947
Kepler-1959,1,0.811,0.768
Kepler-1959,1,0.811,0.768
Kepler-1959,1,0.811,0.768
Kepler-1959,1,0.775895,0.826
Kepler-1959,1,0.811,0.768
Kepler-1959,1,0.811,0.768
Kepler-196,3,0.79,0.85
Kepler-196,3,0.83,0.783
Kepler-196,3,0.793822,0.87
Kepler-196,3,1.501,0.926
Kepler-196,3,0.779,0.839
Kepler-196,3,0.793822,0.87
Kepler-196,3,0.793822,0.87
Kepler-196,3,1.501,0.926
Kepler-196,3,0.77,0.805
Kepler-196,3,1.501,0.926
Kepler-196,3,0.789,NA
Kepler-196,3,0.782,NA
Kepler-196,3,0.779,0.839
Kepler-196,3,1.501,0.926
Kepler-196,3,0.793822,0.87
Kepler-196,3,0.83,0.783
Kepler-196,3,1.501,0.926
Kepler-196,3,0.793822,0.87
Kepler-196,3,0.79,0.85
Kepler-196,3,0.782,NA
Kepler-196,3,0.793822,0.87
Kepler-196,3,0.789,NA
Kepler-196,3,1.501,0.926
Kepler-196,3,0.77,0.805
Kepler-196,3,0.77,0.805
Kepler-196,3,0.779,0.839
Kepler-196,3,1.501,0.926
Kepler-196,3,1.501,0.926
Kepler-196,3,0.793822,0.87
Kepler-196,3,1.501,0.926
Kepler-196,3,0.77,0.805
Kepler-196,3,0.793822,0.87
Kepler-1960,1,1.072,1.117
Kepler-1960,1,1.035,1.083
Kepler-1960,1,1.072,1.117
Kepler-1960,1,1.29015,1.08
Kepler-1960,1,1.035,1.083
Kepler-1960,1,1.035,1.083
Kepler-1961,1,0.907236,0.88
Kepler-1961,1,0.766,0.859
Kepler-1961,1,0.766,0.859
Kepler-1961,1,0.777,0.871
Kepler-1961,1,0.777,0.871
Kepler-1961,1,0.766,0.859
Kepler-1962,1,1.006,1.003
Kepler-1962,1,0.93,0.931
Kepler-1962,1,0.93,0.931
Kepler-1962,1,0.870793,1.03
Kepler-1962,1,0.93,0.931
Kepler-1962,1,1.006,1.003
Kepler-1963,1,0.979,0.915
Kepler-1963,1,0.979,0.915
Kepler-1963,1,0.979,0.915
Kepler-1963,1,0.979,0.915
Kepler-1963,1,0.979,0.915
Kepler-1963,1,0.826189,0.96
Kepler-1963,1,0.814,0.857
Kepler-1964,1,0.71,0.733
Kepler-1964,1,NA,NA
Kepler-1964,1,0.698,0.752
Kepler-1964,1,0.698,0.752
Kepler-1964,1,0.71,0.733
Kepler-1964,1,0.71,0.733
Kepler-1965,1,0.993645,0.976
Kepler-1965,1,0.908,0.922
Kepler-1965,1,0.842,0.929
Kepler-1965,1,0.842,0.929
Kepler-1965,1,0.837,0.928
Kepler-1965,1,0.993645,0.976
Kepler-1965,1,0.842,0.929
Kepler-1965,1,0.837,0.928
Kepler-1966,1,0.84,0.797
Kepler-1966,1,0.84,0.797
Kepler-1966,1,0.764415,0.77
Kepler-1966,1,0.657,0.67
Kepler-1966,1,0.657,0.67
Kepler-1966,1,0.657,0.67
Kepler-1967,1,1.806,0.996
Kepler-1967,1,1.806,0.996
Kepler-1967,1,1.806,0.996
Kepler-1967,1,0.749033,0.779
Kepler-1967,1,1.806,0.996
Kepler-1967,1,1.806,0.996
Kepler-1967,1,0.724,0.751
Kepler-1968,1,0.788,0.844
Kepler-1968,1,0.787,0.845
Kepler-1968,1,0.788,0.844
Kepler-1968,1,0.787,0.845
Kepler-1968,1,0.787,0.845
Kepler-1968,1,0.699473,0.76
Kepler-1969,1,1.007,1.111
Kepler-1969,1,1.007,1.111
Kepler-1969,1,1.007,1.111
Kepler-1969,1,1.007,1.111
Kepler-1969,1,0.865413,0.99
Kepler-1969,1,1.007,1.111
Kepler-197,4,1.109,0.902
Kepler-197,4,NA,0.857
Kepler-197,4,1.163,0.857
Kepler-197,4,1.12,0.922
Kepler-197,4,1.20944,1.093
Kepler-197,4,1.169,NA
Kepler-197,4,1.18,0.864
Kepler-197,4,1.20944,1.093
Kepler-197,4,1.12,0.922
Kepler-197,4,1.20944,1.093
Kepler-197,4,1.12,NA
Kepler-197,4,1.17,1.01
Kepler-197,4,1.12,0.922
Kepler-197,4,1.17,1.01
Kepler-197,4,1.20944,1.093
Kepler-197,4,1.12,0.922
Kepler-197,4,1.18,0.864
Kepler-197,4,1.12,0.92
Kepler-197,4,1.12,0.922
Kepler-197,4,1.12,NA
Kepler-197,4,1.109,0.902
Kepler-197,4,1.12,0.922
Kepler-197,4,1.20944,1.093
Kepler-197,4,1.163,0.857
Kepler-197,4,1.20944,1.093
Kepler-197,4,1.169,NA
Kepler-197,4,1.20944,1.093
Kepler-197,4,NA,0.857
Kepler-197,4,1.12,0.92
Kepler-197,4,1.20944,1.093
Kepler-197,4,1.109,0.902
Kepler-197,4,1.20944,1.093
Kepler-197,4,1.169,NA
Kepler-197,4,1.12,0.922
Kepler-197,4,1.20944,1.093
Kepler-197,4,1.20944,1.093
Kepler-197,4,1.12,NA
Kepler-197,4,1.12,0.922
Kepler-197,4,1.17,1.01
Kepler-197,4,1.18,0.864
Kepler-197,4,1.12,0.922
Kepler-197,4,NA,0.857
Kepler-197,4,1.163,0.857
Kepler-197,4,1.12,0.922
Kepler-197,4,1.163,0.857
Kepler-197,4,1.17,1.01
Kepler-197,4,NA,0.857
Kepler-197,4,1.12,0.922
Kepler-197,4,1.20944,1.093
Kepler-197,4,1.20944,1.093
Kepler-197,4,1.12,NA
Kepler-197,4,1.18,0.864
Kepler-197,4,1.20944,1.093
Kepler-197,4,1.20944,1.093
Kepler-197,4,1.12,0.922
Kepler-197,4,1.109,0.902
Kepler-197,4,1.169,NA
Kepler-1972,2,1.384,1.12
Kepler-1972,2,1.45621,1.077
Kepler-1972,2,2.193,1.173
Kepler-1972,2,1.415,1.201
Kepler-1972,2,2.193,1.173
Kepler-1972,2,2.193,1.173
Kepler-1972,2,1.376,1.039
Kepler-1972,2,1.384,1.12
Kepler-1972,2,2.193,1.173
Kepler-1972,2,1.415,1.201
Kepler-1972,2,2.193,1.173
Kepler-1972,2,1.45621,1.077
Kepler-1976,1,1.018,1.011
Kepler-1976,1,1.082,0.976
Kepler-1976,1,1.025,1.097
Kepler-1976,1,NA,NA
Kepler-1976,1,1.025,1.097
Kepler-1976,1,1.06251,1.02
Kepler-1976,1,1.025,1.097
Kepler-1976,1,0.96,1.063
Kepler-1976,1,1.06251,1.02
Kepler-1977,1,0.713,0.751
Kepler-1977,1,0.688,0.769
Kepler-1977,1,0.705982,0.73
Kepler-1977,1,0.713,0.751
Kepler-1977,1,0.688,0.769
Kepler-1977,1,0.633,0.717
Kepler-1977,1,0.713,0.751
Kepler-1978,1,0.889672,0.87
Kepler-1978,1,0.889672,0.87
Kepler-1978,1,0.779,0.875
Kepler-1978,1,0.778,0.869
Kepler-1978,1,0.72,0.824
Kepler-1978,1,0.779,0.875
Kepler-1978,1,0.778,0.869
Kepler-1978,1,0.779,0.875
Kepler-1979,1,0.938,1.028
Kepler-1979,1,0.923659,1.01
Kepler-1979,1,0.91,1.011
Kepler-1979,1,0.938,1.028
Kepler-1979,1,0.938,1.028
Kepler-1979,1,0.938,1.028
Kepler-1979,1,0.938,1.028
Kepler-1979,1,0.923659,1.01
Kepler-198,3,0.94755,0.982
Kepler-198,3,0.94755,0.982
Kepler-198,3,0.9,NA
Kepler-198,3,0.94,NA
Kepler-198,3,0.93,0.97
Kepler-198,3,0.94755,0.982
Kepler-198,3,0.855,0.947
Kepler-198,3,0.855,0.947
Kepler-198,3,0.855,0.947
Kepler-198,3,0.889,0.995
Kepler-198,3,0.927,0.935
Kepler-198,3,0.85,0.958
Kepler-198,3,0.94755,0.982
Kepler-198,3,0.889,0.995
Kepler-198,3,0.94,NA
Kepler-198,3,0.94755,0.982
Kepler-198,3,0.855,0.947
Kepler-198,3,0.94755,0.982
Kepler-198,3,0.85,0.958
Kepler-198,3,0.927,0.935
Kepler-198,3,0.855,0.947
Kepler-198,3,0.855,0.947
Kepler-198,3,0.9,NA
Kepler-198,3,0.93,0.97
Kepler-198,3,0.94755,0.982
Kepler-198,3,0.94755,0.982
Kepler-198,3,0.94755,0.982
Kepler-198,3,0.927,0.935
Kepler-198,3,0.9,NA
Kepler-198,3,0.93,0.97
Kepler-198,3,0.889,0.995
Kepler-198,3,0.85,0.958
Kepler-198,3,0.855,0.947
Kepler-198,3,0.855,0.947
Kepler-198,3,0.855,0.947
Kepler-1980,1,1.34066,1.01
Kepler-1980,1,0.99,1.049
Kepler-1980,1,0.83,0.902
Kepler-1980,1,0.83,0.902
Kepler-1980,1,0.99,1.049
Kepler-1980,1,0.83,0.902
Kepler-1980,1,1.34066,1.01
Kepler-1981,1,1.179,1.038
Kepler-1981,1,1.274,1.07
Kepler-1981,1,3.006,1.519
Kepler-1981,1,1.179,1.038
Kepler-1981,1,3.006,1.519
Kepler-1982,1,1.491,1.306
Kepler-1982,1,1.491,1.306
Kepler-1982,1,1.22767,1.31
Kepler-1982,1,1.122,1.213
Kepler-1982,1,1.491,1.306
Kepler-1982,1,1.122,1.213
Kepler-1982,1,1.233,1.146
Kepler-1983,1,0.853,0.797
Kepler-1983,1,0.759486,0.835
Kepler-1983,1,0.874,0.812
Kepler-1983,1,0.75,0.74
Kepler-1983,1,0.853,0.797
Kepler-1983,1,0.874,0.812
Kepler-1983,1,0.853,0.797
Kepler-1984,1,0.42,0.45
Kepler-1984,1,NA,NA
Kepler-1984,1,0.4,0.417
Kepler-1984,1,0.42,0.45
Kepler-1984,1,0.4,0.417
Kepler-1984,1,0.4,0.417
Kepler-1985,1,0.95,0.99
Kepler-1985,1,0.966,0.877
Kepler-1985,1,NA,NA
Kepler-1985,1,0.906,0.923
Kepler-1985,1,0.906,0.923
Kepler-1985,1,0.906,0.923
Kepler-1985,1,0.966,0.877
Kepler-1986,1,0.729,0.776
Kepler-1986,1,0.729,0.776
Kepler-1986,1,0.732,0.776
Kepler-1986,1,0.732,0.776
Kepler-1986,1,0.740332,0.91
Kepler-1986,1,0.729,0.776
Kepler-1987,4,0.729,0.778
Kepler-1987,4,0.67,0.74
Kepler-1987,4,0.714,0.799
Kepler-1987,4,0.738369,0.75
Kepler-1987,4,0.729,0.778
Kepler-1987,4,0.729,0.778
Kepler-1987,4,0.714,0.799
Kepler-1987,4,0.714,0.799
Kepler-1987,4,0.729,0.778
Kepler-1987,4,0.729,0.778
Kepler-1987,4,0.67,0.74
Kepler-1987,4,0.729,0.778
Kepler-1987,4,0.714,0.799
Kepler-1987,4,0.738369,0.75
Kepler-1987,4,0.729,0.778
Kepler-1987,4,0.729,0.778
Kepler-1987,4,0.738369,0.75
Kepler-1987,4,0.67,0.74
Kepler-1987,4,0.738369,0.75
Kepler-1987,4,0.714,0.799
Kepler-1987,4,0.714,0.799
Kepler-1987,4,0.729,0.778
Kepler-1987,4,0.738369,0.75
Kepler-1987,4,0.738369,0.75
Kepler-1987,4,0.729,0.778
Kepler-1987,4,0.714,0.799
Kepler-1987,4,0.714,0.799
Kepler-1987,4,0.729,0.778
Kepler-1987,4,0.67,0.74
Kepler-1987,4,0.729,0.778
Kepler-1988,1,3.132,1.502
Kepler-1988,1,NA,NA
Kepler-1988,1,1.788,1.127
Kepler-1988,1,3.132,1.502
Kepler-1988,1,NA,NA
Kepler-1988,1,1.788,1.127
Kepler-1988,1,3.132,1.502
Kepler-1989,1,1.29675,1.09
Kepler-1989,1,1.29675,1.09
Kepler-1989,1,1.06,0.999
Kepler-1989,1,1.06,0.999
Kepler-1989,1,1.09,1.08
Kepler-1989,1,1.06,0.999
Kepler-1989,1,1.06,0.999
Kepler-1989,1,1.06,0.999
Kepler-199,2,1.131,0.979
Kepler-199,2,0.908,0.972
Kepler-199,2,1.131,0.979
Kepler-199,2,0.882,0.98
Kepler-199,2,0.967,NA
Kepler-199,2,0.917774,1.01
Kepler-199,2,1.16,1.003
Kepler-199,2,0.919,NA
Kepler-199,2,0.88,0.96
Kepler-199,2,0.917774,1.01
Kepler-199,2,1.131,0.979
Kepler-199,2,0.882,0.98
Kepler-199,2,0.88,0.96
Kepler-199,2,0.917774,1.01
Kepler-199,2,1.131,0.979
Kepler-199,2,1.131,0.979
Kepler-199,2,0.919,NA
Kepler-199,2,0.908,0.972
Kepler-199,2,1.16,1.003
Kepler-199,2,0.967,NA
Kepler-199,2,0.917774,1.01
Kepler-199,2,1.131,0.979
Kepler-199,2,0.917774,1.01
Kepler-1990,2,1.231,1.016
Kepler-1990,2,1.08041,1.08
Kepler-1990,2,1.071,1.028
Kepler-1990,2,1.079,1.112
Kepler-1990,2,1.105,1.084
Kepler-1990,2,1.08041,1.08
Kepler-1990,2,1.071,1.028
Kepler-1990,2,1.231,1.016
Kepler-1990,2,1.231,1.016
Kepler-1990,2,1.071,1.028
Kepler-1990,2,1.079,1.112
Kepler-1990,2,1.231,1.016
Kepler-1990,2,1.231,1.016
Kepler-1990,2,1.231,1.016
Kepler-1990,2,1.071,1.028
Kepler-1990,2,1.08041,1.08
Kepler-1990,2,1.105,1.084
Kepler-1991,2,0.857,0.953
Kepler-1991,2,1.053,0.914
Kepler-1991,2,0.82,0.923
Kepler-1991,2,0.857,0.953
Kepler-1991,2,0.961,0.941
Kepler-1991,2,1.053,0.914
Kepler-1991,2,0.857,0.953
Kepler-1991,2,0.980207,0.96
Kepler-1991,2,0.980207,0.96
Kepler-1991,2,0.961,0.941
Kepler-1991,2,0.82,0.923
Kepler-1991,2,0.980207,0.96
Kepler-1991,2,0.857,0.953
Kepler-1991,2,0.857,0.953
Kepler-1991,2,0.857,0.953
Kepler-1991,2,1.053,0.914
Kepler-1991,2,1.053,0.914
Kepler-1992,1,0.842,0.874
Kepler-1992,1,0.946,0.821
Kepler-1992,1,1.1425,0.93
Kepler-1992,1,0.946,0.821
Kepler-1992,1,0.93,0.826
Kepler-1992,1,0.842,0.874
Kepler-1992,1,0.946,0.821
Kepler-1992,1,1.122,0.872
Kepler-1993,1,3.015,1.262
Kepler-1993,1,3.062,1.373
Kepler-1993,1,3.062,1.373
Kepler-1993,1,3.14014,NA
Kepler-1993,1,3.062,1.373
Kepler-1993,1,3.062,1.373
Kepler-1993,1,3.14014,NA
Kepler-1993,1,3.062,1.373
Kepler-1994,1,0.924,0.824
Kepler-1994,1,0.961,0.932
Kepler-1994,1,0.961,0.932
Kepler-1994,1,0.924,0.824
Kepler-1994,1,0.92,0.829
Kepler-1994,1,0.924,0.824
Kepler-1994,1,1.029,1.023
Kepler-1994,1,1.11473,0.921
Kepler-1995,1,0.93,0.847
Kepler-1995,1,0.93,0.847
Kepler-1995,1,1.14,0.95
Kepler-1995,1,0.736,0.82
Kepler-1995,1,0.797914,0.75
Kepler-1995,1,0.797914,0.75
Kepler-1995,1,0.93,0.847
Kepler-1995,1,0.93,0.847
Kepler-1995,1,0.93,0.847
Kepler-1996,2,0.765529,0.71
Kepler-1996,2,0.624,0.651
Kepler-1996,2,0.765529,0.71
Kepler-1996,2,0.707,0.762
Kepler-1996,2,0.675,0.748
Kepler-1996,2,0.616,0.644
Kepler-1996,2,0.675,0.748
Kepler-1996,2,0.624,0.651
Kepler-1996,2,0.624,0.651
Kepler-1996,2,0.765529,0.71
Kepler-1996,2,0.675,0.748
Kepler-1996,2,0.624,0.651
Kepler-1996,2,0.616,0.644
Kepler-1996,2,0.624,0.651
Kepler-1996,2,0.707,0.762
Kepler-1996,2,0.624,0.651
Kepler-1996,2,0.675,0.748
Kepler-1996,2,0.765529,0.71
Kepler-1997,1,1.035,1.096
Kepler-1997,1,1.06582,1.12
Kepler-1997,1,1.06582,1.12
Kepler-1997,1,1.052,1.111
Kepler-1997,1,1.035,1.096
Kepler-1997,1,1.052,1.111
Kepler-1997,1,1.035,1.096
Kepler-1998,1,0.991425,0.985
Kepler-1998,1,0.881,0.874
Kepler-1998,1,0.881,0.874
Kepler-1998,1,0.921,0.962
Kepler-1998,1,0.881,0.874
Kepler-1998,1,0.91,0.933
Kepler-1998,1,0.96,0.975
Kepler-1998,1,0.921,0.962
Kepler-1999,1,0.714303,0.68
Kepler-1999,1,0.628,0.632
Kepler-1999,1,0.627,0.632
Kepler-1999,1,0.628,0.632
Kepler-20,6,0.914982,0.96
Kepler-20,6,0.925,0.876
Kepler-20,6,0.939,0.901
Kepler-20,6,0.925,0.876
Kepler-20,6,0.93,0.95
Kepler-20,6,0.914982,0.96
Kepler-20,6,0.944,0.912
Kepler-20,6,NA,0.942
Kepler-20,6,0.887,NA
Kepler-20,6,0.9164,0.929
Kepler-20,6,0.925,0.876
Kepler-20,6,0.88,0.942
Kepler-20,6,0.925,0.876
Kepler-20,6,0.9639,0.948
Kepler-20,6,0.914982,0.96
Kepler-20,6,0.93,0.95
Kepler-20,6,0.925,0.876
Kepler-20,6,0.9164,0.929
Kepler-20,6,0.914982,0.96
Kepler-20,6,0.925,0.876
Kepler-20,6,0.925,0.876
Kepler-20,6,0.925,0.876
Kepler-20,6,NA,0.942
Kepler-20,6,0.887,NA
Kepler-20,6,0.88,0.942
Kepler-20,6,0.939,0.901
Kepler-20,6,0.914982,0.96
Kepler-20,6,0.944,0.912
Kepler-20,6,0.914982,0.96
Kepler-20,6,0.9639,0.948
Kepler-20,6,0.914982,0.96
Kepler-20,6,0.9164,0.929
Kepler-20,6,0.914982,0.96
Kepler-20,6,0.93,0.95
Kepler-20,6,0.925,0.876
Kepler-20,6,0.925,0.876
Kepler-20,6,0.925,0.876
Kepler-20,6,NA,0.942
Kepler-20,6,0.939,0.901
Kepler-20,6,0.944,0.912
Kepler-20,6,0.9639,0.948
Kepler-20,6,0.887,NA
Kepler-20,6,0.925,0.876
Kepler-20,6,0.88,0.942
Kepler-20,6,0.914982,0.96
Kepler-20,6,0.887,NA
Kepler-20,6,0.925,0.876
Kepler-20,6,0.914982,0.96
Kepler-20,6,0.93,0.95
Kepler-20,6,NA,0.942
Kepler-20,6,0.914982,0.96
Kepler-20,6,0.9639,0.948
Kepler-20,6,0.925,0.876
Kepler-20,6,0.88,0.942
Kepler-20,6,0.925,0.876
Kepler-20,6,0.939,0.901
Kepler-20,6,0.944,0.912
Kepler-20,6,0.925,0.876
Kepler-20,6,0.9164,0.929
Kepler-20,6,0.944,0.912
Kepler-20,6,0.914982,0.96
Kepler-20,6,0.93,0.95
Kepler-20,6,0.88,0.942
Kepler-20,6,0.887,NA
Kepler-20,6,0.925,0.876
Kepler-20,6,NA,0.942
Kepler-20,6,0.914982,0.96
Kepler-20,6,0.9164,0.929
Kepler-20,6,0.925,0.876
Kepler-20,6,0.925,0.876
Kepler-20,6,0.939,0.901
Kepler-20,6,0.9639,0.948
Kepler-20,6,0.925,0.876
Kepler-20,6,0.914982,0.96
Kepler-20,6,NA,0.942
Kepler-20,6,0.9639,0.948
Kepler-200,2,0.986123,1.05
Kepler-200,2,0.944,NA
Kepler-200,2,0.915,0.878
Kepler-200,2,0.974,0.972
Kepler-200,2,1.277,1.038
Kepler-200,2,0.986123,1.05
Kepler-200,2,0.986123,1.05
Kepler-200,2,1.28,1.042
Kepler-200,2,0.99,NA
Kepler-200,2,1.277,1.038
Kepler-200,2,1.277,1.038
Kepler-200,2,0.95,0.98
Kepler-200,2,0.915,0.878
Kepler-200,2,0.986123,1.05
Kepler-200,2,0.986123,1.05
Kepler-200,2,1.277,1.038
Kepler-200,2,0.974,0.972
Kepler-200,2,0.944,NA
Kepler-200,2,0.95,0.98
Kepler-200,2,1.277,1.038
Kepler-200,2,1.277,1.038
Kepler-200,2,1.28,1.042
Kepler-200,2,0.99,NA
Kepler-2000,2,0.576,0.581
Kepler-2000,2,NA,NA
Kepler-2000,2,0.656577,0.632033
Kepler-2000,2,0.56,0.59
Kepler-2000,2,0.56,0.59
Kepler-2000,2,0.522,0.546
Kepler-2000,2,0.576,0.581
Kepler-2000,2,0.56,0.59
Kepler-2000,2,0.656577,0.632033
Kepler-2000,2,0.56,0.59
Kepler-2000,2,0.656577,0.632033
Kepler-2000,2,0.522,0.546
Kepler-2000,2,0.56,0.59
Kepler-2000,2,0.656577,0.632033
Kepler-2000,2,0.576,0.581
Kepler-2000,2,0.576,0.581
Kepler-2000,2,0.56,0.59
Kepler-2000,2,NA,NA
Kepler-2001,2,0.784,0.856
Kepler-2001,2,0.77,0.864
Kepler-2001,2,0.758905,0.79
Kepler-2001,2,0.784,0.856
Kepler-2001,2,0.77,0.864
Kepler-2001,2,0.784,0.856
Kepler-2001,2,0.758905,0.79
Kepler-2001,2,0.758905,0.79
Kepler-2001,2,0.77,0.864
Kepler-2001,2,0.69,0.764
Kepler-2001,2,0.77,0.864
Kepler-2001,2,0.784,0.856
Kepler-2001,2,0.784,0.856
Kepler-2001,2,0.784,0.856
Kepler-201,2,1.179,1.164
Kepler-201,2,1.268,NA
Kepler-201,2,1.24,1.096
Kepler-201,2,1.229,NA
Kepler-201,2,1.2,1.18
Kepler-201,2,1.24,1.096
Kepler-201,2,1.255,1.098
Kepler-201,2,1.24,1.096
Kepler-201,2,1.27729,1.209
Kepler-201,2,1.27729,1.209
Kepler-201,2,1.27729,1.209
Kepler-201,2,1.24,1.177
Kepler-201,2,1.179,1.164
Kepler-201,2,1.24,1.096
Kepler-201,2,1.24,1.096
Kepler-201,2,1.229,NA
Kepler-201,2,1.27729,1.209
Kepler-201,2,1.27729,1.209
Kepler-201,2,1.27729,1.209
Kepler-201,2,1.255,1.098
Kepler-201,2,1.2,1.18
Kepler-201,2,1.24,1.096
Kepler-201,2,1.24,1.177
Kepler-201,2,1.268,NA
Kepler-202,2,0.72,0.758
Kepler-202,2,0.683,0.698
Kepler-202,2,0.659,0.683
Kepler-202,2,0.72,0.758
Kepler-202,2,0.754033,0.729
Kepler-202,2,0.688,NA
Kepler-202,2,0.72,0.758
Kepler-202,2,0.667,NA
Kepler-202,2,0.754033,0.729
Kepler-202,2,0.68,0.75
Kepler-202,2,0.754033,0.729
Kepler-202,2,0.73,0.78
Kepler-202,2,0.72,0.758
Kepler-202,2,0.72,0.758
Kepler-202,2,0.667,NA
Kepler-202,2,0.754033,0.729
Kepler-202,2,0.659,0.683
Kepler-202,2,0.688,NA
Kepler-202,2,0.72,0.758
Kepler-202,2,0.683,0.698
Kepler-202,2,0.73,0.78
Kepler-202,2,0.68,0.75
Kepler-202,2,0.754033,0.729
Kepler-202,2,0.754033,0.729
Kepler-203,3,0.937,1.013
Kepler-203,3,1.029,1.06
Kepler-203,3,1.041,NA
Kepler-203,3,0.91,1.01
Kepler-203,3,1.07657,1.06
Kepler-203,3,1.03,1
Kepler-203,3,1.07657,1.06
Kepler-203,3,1.085,0.972
Kepler-203,3,0.937,1.013
Kepler-203,3,0.937,1.013
Kepler-203,3,1.114,NA
Kepler-203,3,1.07657,1.06
Kepler-203,3,0.937,1.013
Kepler-203,3,1.07657,1.06
Kepler-203,3,1.114,NA
Kepler-203,3,1.085,0.972
Kepler-203,3,0.91,1.01
Kepler-203,3,0.937,1.013
Kepler-203,3,1.07657,1.06
Kepler-203,3,1.07657,1.06
Kepler-203,3,1.041,NA
Kepler-203,3,0.937,1.01
Kepler-203,3,1.03,1
Kepler-203,3,0.937,1.013
Kepler-203,3,1.029,1.06
Kepler-203,3,0.937,1.01
Kepler-203,3,1.07657,1.06
Kepler-203,3,1.029,1.06
Kepler-203,3,0.937,1.013
Kepler-203,3,0.91,1.01
Kepler-203,3,1.085,0.972
Kepler-203,3,0.937,1.013
Kepler-203,3,1.07657,1.06
Kepler-203,3,1.07657,1.06
Kepler-203,3,0.937,1.013
Kepler-203,3,1.03,1
Kepler-203,3,1.114,NA
Kepler-203,3,1.041,NA
Kepler-204,2,1.198,0.976
Kepler-204,2,1.038,0.992
Kepler-204,2,1.238,NA
Kepler-204,2,1.0253,1.04
Kepler-204,2,1.038,0.992
Kepler-204,2,1.07,1.05
Kepler-204,2,1.0253,1.04
Kepler-204,2,0.991,NA
Kepler-204,2,1.11,1.03
Kepler-204,2,0.975,1.038
Kepler-204,2,1.0253,1.04
Kepler-204,2,1.038,0.992
Kepler-204,2,1.038,0.992
Kepler-204,2,1.038,0.992
Kepler-204,2,1.0253,1.04
Kepler-204,2,1.07,1.05
Kepler-204,2,1.198,0.976
Kepler-204,2,1.0253,1.04
Kepler-204,2,1.0253,1.04
Kepler-204,2,1.11,1.03
Kepler-204,2,0.975,1.038
Kepler-204,2,1.038,0.992
Kepler-204,2,0.991,NA
Kepler-204,2,1.238,NA
Kepler-205,2,0.553,0.57
Kepler-205,2,0.48,0.51
Kepler-205,2,0.604434,0.669
Kepler-205,2,0.48,0.51
Kepler-205,2,0.635,NA
Kepler-205,2,0.622,0.659
Kepler-205,2,0.604434,0.669
Kepler-205,2,0.546,NA
Kepler-205,2,0.58,0.6
Kepler-205,2,0.48,0.51
Kepler-205,2,NA,NA
Kepler-205,2,0.48,0.51
Kepler-205,2,0.604434,0.669
Kepler-205,2,0.562,0.592
Kepler-205,2,0.48,0.51
Kepler-205,2,NA,NA
Kepler-205,2,0.562,0.592
Kepler-205,2,0.622,0.659
Kepler-205,2,0.48,0.51
Kepler-205,2,0.604434,0.669
Kepler-205,2,0.604434,0.669
Kepler-205,2,0.48,0.51
Kepler-205,2,0.604434,0.669
Kepler-205,2,0.635,NA
Kepler-205,2,0.546,NA
Kepler-205,2,0.58,0.6
Kepler-205,2,0.48,0.51
Kepler-205,2,0.553,0.57
Kepler-206,3,1.092,NA
Kepler-206,3,1.17453,0.99
Kepler-206,3,1.078,0.957
Kepler-206,3,1.27,1.021
Kepler-206,3,1.12,1.05
Kepler-206,3,1.06,0.981
Kepler-206,3,1.143,0.982
Kepler-206,3,1.06,0.981
Kepler-206,3,1.06,0.981
Kepler-206,3,1.17453,0.99
Kepler-206,3,1.185,NA
Kepler-206,3,1.092,NA
Kepler-206,3,1.17453,0.99
Kepler-206,3,1.143,0.982
Kepler-206,3,1.185,NA
Kepler-206,3,1.06,0.981
Kepler-206,3,1.06,0.981
Kepler-206,3,1.06,0.981
Kepler-206,3,1.17453,0.99
Kepler-206,3,1.078,0.957
Kepler-206,3,1.27,1.021
Kepler-206,3,1.17453,0.99
Kepler-206,3,1.12,1.05
Kepler-206,3,1.17453,0.99
Kepler-206,3,1.185,NA
Kepler-206,3,1.078,0.957
Kepler-206,3,1.12,1.05
Kepler-206,3,1.27,1.021
Kepler-206,3,1.092,NA
Kepler-206,3,1.143,0.982
Kepler-206,3,1.17453,0.99
Kepler-206,3,1.06,0.981
Kepler-206,3,1.06,0.981
Kepler-206,3,1.17453,0.99
Kepler-206,3,1.06,0.981
Kepler-207,3,1.109,1.065
Kepler-207,3,1.73156,1.09
Kepler-207,3,1.555,1.181
Kepler-207,3,1.1,1.04
Kepler-207,3,1.709,NA
Kepler-207,3,1.49,1.2
Kepler-207,3,1.73156,1.09
Kepler-207,3,1.109,1.065
Kepler-207,3,1.109,1.065
Kepler-207,3,1.674,1.313
Kepler-207,3,1.588,NA
Kepler-207,3,1.109,1.065
Kepler-207,3,1.709,NA
Kepler-207,3,1.73156,1.09
Kepler-207,3,1.674,1.313
Kepler-207,3,1.1,1.04
Kepler-207,3,1.109,1.065
Kepler-207,3,1.555,1.181
Kepler-207,3,1.109,1.065
Kepler-207,3,1.49,1.2
Kepler-207,3,1.588,NA
Kepler-207,3,1.49,1.2
Kepler-207,3,1.73156,1.09
Kepler-207,3,1.109,1.065
Kepler-207,3,1.674,1.313
Kepler-207,3,1.555,1.181
Kepler-207,3,1.1,1.04
Kepler-207,3,1.73156,1.09
Kepler-207,3,1.73156,1.09
Kepler-207,3,1.709,NA
Kepler-207,3,1.588,NA
Kepler-207,3,1.109,1.065
Kepler-207,3,1.109,1.065
Kepler-208,4,1.32062,1.11
Kepler-208,4,1.32062,1.11
Kepler-208,4,1.234,1.082
Kepler-208,4,0.972,0.963
Kepler-208,4,1.499,1.213
Kepler-208,4,1.257,NA
Kepler-208,4,1.328,1.123
Kepler-208,4,1.4,1.16
Kepler-208,4,1.328,1.123
Kepler-208,4,1.314,NA
Kepler-208,4,1.328,1.123
Kepler-208,4,1.32062,1.11
Kepler-208,4,1.328,1.123
Kepler-208,4,1.328,1.123
Kepler-208,4,1.32062,1.11
Kepler-208,4,1.257,NA
Kepler-208,4,1.4,1.16
Kepler-208,4,1.32062,1.11
Kepler-208,4,0.972,0.963
Kepler-208,4,1.32062,1.11
Kepler-208,4,1.234,1.082
Kepler-208,4,1.328,1.123
Kepler-208,4,1.314,NA
Kepler-208,4,1.499,1.213
Kepler-208,4,1.499,1.213
Kepler-208,4,1.328,1.123
Kepler-208,4,1.257,NA
Kepler-208,4,1.4,1.16
Kepler-208,4,1.32062,1.11
Kepler-208,4,1.328,1.123
Kepler-208,4,1.32062,1.11
Kepler-208,4,1.234,1.082
Kepler-208,4,1.328,1.123
Kepler-208,4,1.314,NA
Kepler-208,4,0.972,0.963
Kepler-208,4,1.328,1.123
Kepler-208,4,1.314,NA
Kepler-208,4,1.499,1.213
Kepler-208,4,1.257,NA
Kepler-208,4,1.32062,1.11
Kepler-208,4,1.234,1.082
Kepler-208,4,0.972,0.963
Kepler-208,4,1.32062,1.11
Kepler-208,4,1.328,1.123
Kepler-208,4,1.32062,1.11
Kepler-208,4,1.4,1.16
Kepler-208,4,1.328,1.123
Kepler-209,2,1.043,0.876
Kepler-209,2,0.962384,0.96
Kepler-209,2,1,0.931
Kepler-209,2,0.962384,0.96
Kepler-209,2,0.92,0.95
Kepler-209,2,0.962384,0.96
Kepler-209,2,0.914,0.904
Kepler-209,2,1.043,0.876
Kepler-209,2,0.935,NA
Kepler-209,2,0.898,0.971
Kepler-209,2,0.908,NA
Kepler-209,2,1.043,0.876
Kepler-209,2,0.935,NA
Kepler-209,2,0.908,NA
Kepler-209,2,0.962384,0.96
Kepler-209,2,1.043,0.876
Kepler-209,2,1.043,0.876
Kepler-209,2,0.92,0.95
Kepler-209,2,0.962384,0.96
Kepler-209,2,0.962384,0.96
Kepler-209,2,1.043,0.876
Kepler-209,2,0.898,0.971
Kepler-209,2,1,0.931
Kepler-209,2,0.914,0.904
Kepler-21,1,1.733,1.162
Kepler-21,1,1.90746,1.212
Kepler-21,1,1.90746,1.212
Kepler-21,1,1.86,1.34
Kepler-21,1,1.945,NA
Kepler-21,1,1.86,1.34
Kepler-21,1,1.86,1.34
Kepler-21,1,1.86,1.34
Kepler-21,1,1.94,1.245
Kepler-21,1,1.79,1.24
Kepler-21,1,2.04,1.36
Kepler-21,1,1.902,1.408
Kepler-21,1,1.902,1.408
Kepler-210,2,0.569,0.612
Kepler-210,2,0.53,0.55
Kepler-210,2,0.65,NA
Kepler-210,2,0.637495,0.72
Kepler-210,2,0.69,0.63
Kepler-210,2,0.53,0.55
Kepler-210,2,0.53,0.55
Kepler-210,2,0.53,0.55
Kepler-210,2,0.533,0.556
Kepler-210,2,0.706,NA
Kepler-210,2,0.637495,0.72
Kepler-210,2,0.637495,0.72
Kepler-210,2,0.7,0.77
Kepler-210,2,0.637495,0.72
Kepler-210,2,0.533,0.556
Kepler-210,2,0.706,NA
Kepler-210,2,0.69,0.63
Kepler-210,2,0.7,0.77
Kepler-210,2,0.569,0.612
Kepler-210,2,0.637495,0.72
Kepler-210,2,0.637495,NA
Kepler-210,2,0.637495,0.72
Kepler-210,2,0.53,0.55
Kepler-210,2,0.53,0.55
Kepler-210,2,0.65,NA
Kepler-210,2,0.53,0.55
Kepler-210,2,0.53,0.55
Kepler-211,2,0.816,NA
Kepler-211,2,0.740717,0.91
Kepler-211,2,1.75,0.914
Kepler-211,2,0.769,NA
Kepler-211,2,1.56,0.93
Kepler-211,2,0.81,0.9
Kepler-211,2,1.56,0.929
Kepler-211,2,0.740717,0.91
Kepler-211,2,0.764,0.867
Kepler-211,2,1.56,0.929
Kepler-211,2,0.825,0.938
Kepler-211,2,0.740717,0.91
Kepler-211,2,1.56,0.929
Kepler-211,2,1.75,0.914
Kepler-211,2,0.816,NA
Kepler-211,2,0.769,NA
Kepler-211,2,0.81,0.9
Kepler-211,2,0.740717,0.91
Kepler-211,2,1.56,0.929
Kepler-211,2,0.764,0.867
Kepler-211,2,1.56,0.93
Kepler-211,2,0.740717,0.91
Kepler-211,2,1.56,0.929
Kepler-211,2,0.825,0.938
Kepler-211,2,1.56,0.929
Kepler-211,2,0.740717,0.91
Kepler-212,2,1.28,1.09
Kepler-212,2,1.141,1.137
Kepler-212,2,1.141,1.137
Kepler-212,2,1.141,1.137
Kepler-212,2,1.455,NA
Kepler-212,2,1.356,1.153
Kepler-212,2,1.16,1.166
Kepler-212,2,1.448,1.174
Kepler-212,2,1.49783,1.07
Kepler-212,2,1.471,NA
Kepler-212,2,1.49783,1.07
Kepler-212,2,1.141,1.137
Kepler-212,2,1.141,1.137
Kepler-212,2,1.141,1.137
Kepler-212,2,1.356,1.153
Kepler-212,2,1.455,NA
Kepler-212,2,1.49783,1.07
Kepler-212,2,1.16,1.166
Kepler-212,2,1.49783,1.07
Kepler-212,2,1.49783,1.07
Kepler-212,2,1.448,1.174
Kepler-212,2,1.471,NA
Kepler-212,2,1.28,1.09
Kepler-213,2,1.104,NA
Kepler-213,2,1.195,NA
Kepler-213,2,1.12221,1.018
Kepler-213,2,1.008,1.087
Kepler-213,2,1,1.07
Kepler-213,2,1.09,0.991
Kepler-213,2,0.898,0.994
Kepler-213,2,0.87,0.976
Kepler-213,2,0.898,0.994
Kepler-213,2,1.12221,1.018
Kepler-213,2,0.898,0.994
Kepler-213,2,1.09,0.991
Kepler-213,2,1.12221,1.018
Kepler-213,2,1.104,NA
Kepler-213,2,0.898,0.994
Kepler-213,2,0.898,0.994
Kepler-213,2,1.008,1.087
Kepler-213,2,1.195,NA
Kepler-213,2,0.87,0.976
Kepler-213,2,1,1.07
Kepler-213,2,0.898,0.994
Kepler-214,2,1.07,1.15
Kepler-214,2,0.981,1.041
Kepler-214,2,1.64616,1.12
Kepler-214,2,0.981,1.041
Kepler-214,2,0.981,1.041
Kepler-214,2,1.07,1.11
Kepler-214,2,1.626,NA
Kepler-214,2,1.582,1.137
Kepler-214,2,1.64616,1.12
Kepler-214,2,1.64616,1.12
Kepler-214,2,1.352,NA
Kepler-214,2,1.044,1.122
Kepler-214,2,1.626,NA
Kepler-214,2,0.981,1.041
Kepler-214,2,1.07,1.15
Kepler-214,2,1.582,1.137
Kepler-214,2,1.352,NA
Kepler-214,2,0.981,1.041
Kepler-214,2,1.044,1.122
Kepler-214,2,1.07,1.11
Kepler-214,2,1.64616,1.12
Kepler-214,2,1.64616,1.12
Kepler-214,2,1.64616,1.12
Kepler-214,2,0.981,1.041
Kepler-215,4,0.85,0.94
Kepler-215,4,1.008,0.813
Kepler-215,4,1.008,0.813
Kepler-215,4,1.008,0.813
Kepler-215,4,0.896627,1.015
Kepler-215,4,0.828,0.92
Kepler-215,4,0.896627,1.015
Kepler-215,4,1.07,0.977
Kepler-215,4,0.896,0.788
Kepler-215,4,1.027,NA
Kepler-215,4,0.896627,1.015
Kepler-215,4,0.905,NA
Kepler-215,4,1.008,0.81
Kepler-215,4,1.008,0.813
Kepler-215,4,0.896627,1.015
Kepler-215,4,1.008,0.813
Kepler-215,4,0.896627,1.015
Kepler-215,4,1.008,0.813
Kepler-215,4,1.027,NA
Kepler-215,4,0.905,NA
Kepler-215,4,0.896627,1.015
Kepler-215,4,1.07,0.977
Kepler-215,4,0.85,0.94
Kepler-215,4,0.896,0.788
Kepler-215,4,0.828,0.92
Kepler-215,4,0.85,0.94
Kepler-215,4,0.896,0.788
Kepler-215,4,1.027,NA
Kepler-215,4,0.828,0.92
Kepler-215,4,0.896627,1.015
Kepler-215,4,0.905,NA
Kepler-215,4,0.896627,1.015
Kepler-215,4,1.07,0.977
Kepler-215,4,0.896627,1.015
Kepler-215,4,1.008,0.813
Kepler-215,4,1.008,0.813
Kepler-215,4,1.008,0.813
Kepler-215,4,1.008,0.81
Kepler-215,4,1.008,0.813
Kepler-215,4,1.07,0.977
Kepler-215,4,0.896627,1.015
Kepler-215,4,0.896627,1.015
Kepler-215,4,1.027,NA
Kepler-215,4,1.008,0.813
Kepler-215,4,0.896,0.788
Kepler-215,4,0.85,0.94
Kepler-215,4,0.828,0.92
Kepler-215,4,0.905,NA
Kepler-215,4,0.896627,1.015
Kepler-215,4,1.008,0.813
Kepler-216,2,1.545,1.126
Kepler-216,2,1.62969,1.14
Kepler-216,2,1.2,1.11
Kepler-216,2,1.031,1.085
Kepler-216,2,1.031,1.085
Kepler-216,2,1.589,NA
Kepler-216,2,1.26,NA
Kepler-216,2,1.216,1.013
Kepler-216,2,1.62969,1.14
Kepler-216,2,1.031,1.085
Kepler-216,2,1.62969,1.14
Kepler-216,2,1.05,1.129
Kepler-216,2,1.62969,1.14
Kepler-216,2,1.589,NA
Kepler-216,2,1.62969,1.14
Kepler-216,2,1.26,NA
Kepler-216,2,1.545,1.126
Kepler-216,2,1.216,1.013
Kepler-216,2,1.031,1.085
Kepler-216,2,1.05,1.129
Kepler-216,2,1.2,1.11
Kepler-216,2,1.031,1.085
Kepler-216,2,1.62969,1.14
Kepler-216,2,1.031,1.085
Kepler-217,3,1.798,NA
Kepler-217,3,1.78903,1.4
Kepler-217,3,1.439,1.426
Kepler-217,3,1.356,1.383
Kepler-217,3,1.439,1.426
Kepler-217,3,1.78903,1.4
Kepler-217,3,1.78903,1.4
Kepler-217,3,1.76,1.37
Kepler-217,3,1.689,1.135
Kepler-217,3,1.439,1.426
Kepler-217,3,1.799,NA
Kepler-217,3,1.754,1.342
Kepler-217,3,1.439,1.426
Kepler-217,3,1.78903,1.4
Kepler-217,3,1.798,NA
Kepler-217,3,1.689,1.135
Kepler-217,3,1.439,1.426
Kepler-217,3,1.754,1.342
Kepler-217,3,1.439,1.426
Kepler-217,3,1.78903,1.4
Kepler-217,3,1.78903,1.4
Kepler-217,3,1.356,1.383
Kepler-217,3,1.76,1.37
Kepler-217,3,1.799,NA
Kepler-217,3,1.754,1.342
Kepler-217,3,1.439,1.426
Kepler-217,3,1.439,1.426
Kepler-217,3,1.689,1.135
Kepler-217,3,1.439,1.426
Kepler-217,3,1.76,1.37
Kepler-217,3,1.798,NA
Kepler-217,3,1.78903,1.4
Kepler-217,3,1.78903,1.4
Kepler-217,3,1.356,1.383
Kepler-218,3,1.052,0.983
Kepler-218,3,1.02,1.01
Kepler-218,3,1.037,1.067
Kepler-218,3,1.11246,0.97
Kepler-218,3,1.052,0.983
Kepler-218,3,1.11246,0.97
Kepler-218,3,1.053,NA
Kepler-218,3,1.046,0.988
Kepler-218,3,1.11246,0.97
Kepler-218,3,1.063,NA
Kepler-218,3,1.059,1.019
Kepler-218,3,1.052,0.983
Kepler-218,3,1.046,0.988
Kepler-218,3,1.052,0.983
Kepler-218,3,1.063,NA
Kepler-218,3,1.11246,0.97
Kepler-218,3,1.052,0.983
Kepler-218,3,1.053,NA
Kepler-218,3,1.037,1.067
Kepler-218,3,1.052,0.983
Kepler-218,3,1.02,1.01
Kepler-218,3,1.059,1.019
Kepler-218,3,1.11246,0.97
Kepler-218,3,1.052,0.983
Kepler-218,3,1.046,0.988
Kepler-218,3,1.11246,0.97
Kepler-218,3,1.11246,0.97
Kepler-218,3,1.037,1.067
Kepler-218,3,1.059,1.019
Kepler-218,3,1.053,NA
Kepler-218,3,1.052,0.983
Kepler-218,3,1.11246,0.97
Kepler-218,3,1.02,1.01
Kepler-218,3,1.052,0.983
Kepler-219,3,1.161,1.164
Kepler-219,3,1.332,1.154
Kepler-219,3,1.31,1.171
Kepler-219,3,1.491,NA
Kepler-219,3,1.28163,1.03
Kepler-219,3,1.495,1.179
Kepler-219,3,1.18,NA
Kepler-219,3,1.28163,1.03
Kepler-219,3,1.332,1.154
Kepler-219,3,1.43,1.16
Kepler-219,3,1.332,1.154
Kepler-219,3,1.28163,1.03
Kepler-219,3,1.28163,1.03
Kepler-219,3,1.332,1.154
Kepler-219,3,1.332,1.15
Kepler-219,3,1.332,1.154
Kepler-219,3,1.491,NA
Kepler-219,3,1.43,1.16
Kepler-219,3,1.332,1.154
Kepler-219,3,1.28163,1.03
Kepler-219,3,1.18,NA
Kepler-219,3,1.495,1.179
Kepler-219,3,1.31,1.171
Kepler-219,3,1.161,1.164
Kepler-219,3,1.28163,1.03
Kepler-219,3,1.28163,1.03
Kepler-219,3,1.495,1.179
Kepler-219,3,1.31,1.171
Kepler-219,3,1.161,1.164
Kepler-219,3,1.332,1.154
Kepler-219,3,1.332,1.154
Kepler-219,3,1.332,1.154
Kepler-219,3,1.43,1.16
Kepler-219,3,1.491,NA
Kepler-219,3,1.18,NA
Kepler-219,3,1.28163,1.03
Kepler-219,3,1.332,1.15
Kepler-219,3,1.28163,1.03
Kepler-22,1,0.855243,0.989
Kepler-22,1,0.979,0.97
Kepler-22,1,0.886,0.799
Kepler-22,1,0.85,0.828
Kepler-22,1,0.979,0.97
Kepler-22,1,0.855243,0.989
Kepler-22,1,0.85,NA
Kepler-22,1,0.979,0.97
Kepler-22,1,0.979,0.97
Kepler-22,1,0.869,0.857
Kepler-22,1,0.94,0.9
Kepler-220,4,0.686,NA
Kepler-220,4,0.64,0.65
Kepler-220,4,0.769859,0.699
Kepler-220,4,0.769859,0.699
Kepler-220,4,0.707,0.716
Kepler-220,4,0.685,0.729
Kepler-220,4,0.685,0.731
Kepler-220,4,0.685,0.731
Kepler-220,4,0.639,0.643
Kepler-220,4,0.769859,0.699
Kepler-220,4,0.666,NA
Kepler-220,4,NA,0.729
Kepler-220,4,0.685,0.731
Kepler-220,4,0.655,0.717
Kepler-220,4,0.666,NA
Kepler-220,4,0.64,0.65
Kepler-220,4,0.686,NA
Kepler-220,4,0.639,0.643
Kepler-220,4,0.707,0.716
Kepler-220,4,0.769859,0.699
Kepler-220,4,0.685,0.731
Kepler-220,4,0.655,0.717
Kepler-220,4,0.685,0.731
Kepler-220,4,NA,0.729
Kepler-220,4,0.685,0.729
Kepler-220,4,0.685,0.731
Kepler-220,4,0.769859,0.699
Kepler-220,4,0.769859,0.699
Kepler-220,4,0.655,0.717
Kepler-220,4,0.685,0.731
Kepler-220,4,0.64,0.65
Kepler-220,4,0.769859,0.699
Kepler-220,4,0.686,NA
Kepler-220,4,0.707,0.716
Kepler-220,4,0.685,0.731
Kepler-220,4,0.769859,0.699
Kepler-220,4,NA,0.729
Kepler-220,4,0.685,0.731
Kepler-220,4,0.685,0.729
Kepler-220,4,0.639,0.643
Kepler-220,4,0.769859,0.699
Kepler-220,4,0.666,NA
Kepler-220,4,0.769859,0.699
Kepler-220,4,0.769859,0.699
Kepler-220,4,0.685,0.731
Kepler-220,4,NA,0.729
Kepler-220,4,0.685,0.731
Kepler-220,4,0.666,NA
Kepler-220,4,0.639,0.643
Kepler-220,4,0.686,NA
Kepler-220,4,0.769859,0.699
Kepler-220,4,0.64,0.65
Kepler-220,4,0.707,0.716
Kepler-220,4,0.685,0.731
Kepler-220,4,0.655,0.717
Kepler-220,4,0.685,0.729
Kepler-221,4,0.751,0.72
Kepler-221,4,0.74895,0.907
Kepler-221,4,0.751,0.72
Kepler-221,4,0.74895,0.907
Kepler-221,4,0.751,0.72
Kepler-221,4,0.81,0.826
Kepler-221,4,0.82,0.87
Kepler-221,4,0.821,NA
Kepler-221,4,0.751,0.72
Kepler-221,4,0.774,NA
Kepler-221,4,0.767,0.854
Kepler-221,4,0.779,0.854
Kepler-221,4,0.81,0.816
Kepler-221,4,0.74895,0.907
Kepler-221,4,0.751,0.72
Kepler-221,4,0.81,0.816
Kepler-221,4,0.81,0.826
Kepler-221,4,0.751,0.72
Kepler-221,4,0.779,0.854
Kepler-221,4,0.74895,0.907
Kepler-221,4,0.74895,0.907
Kepler-221,4,0.774,NA
Kepler-221,4,0.82,0.87
Kepler-221,4,0.751,0.72
Kepler-221,4,0.74895,0.907
Kepler-221,4,0.751,0.72
Kepler-221,4,0.821,NA
Kepler-221,4,0.767,0.854
Kepler-221,4,0.751,0.72
Kepler-221,4,0.751,0.72
Kepler-221,4,0.774,NA
Kepler-221,4,0.74895,0.907
Kepler-221,4,0.779,0.854
Kepler-221,4,0.821,NA
Kepler-221,4,0.767,0.854
Kepler-221,4,0.81,0.816
Kepler-221,4,0.74895,0.907
Kepler-221,4,0.81,0.826
Kepler-221,4,0.74895,0.907
Kepler-221,4,0.751,0.72
Kepler-221,4,0.82,0.87
Kepler-221,4,0.81,0.826
Kepler-221,4,0.821,NA
Kepler-221,4,0.82,0.87
Kepler-221,4,0.81,0.816
Kepler-221,4,0.779,0.854
Kepler-221,4,0.751,0.72
Kepler-221,4,0.74895,0.907
Kepler-221,4,0.751,0.72
Kepler-221,4,0.74895,0.907
Kepler-221,4,0.74895,0.907
Kepler-221,4,0.751,0.72
Kepler-221,4,0.767,0.854
Kepler-221,4,0.774,NA
Kepler-222,3,0.84,0.88
Kepler-222,3,0.843,0.945
Kepler-222,3,0.843,0.945
Kepler-222,3,0.850048,0.87
Kepler-222,3,0.850048,0.87
Kepler-222,3,0.816,NA
Kepler-222,3,0.801,0.933
Kepler-222,3,0.869,NA
Kepler-222,3,0.850048,0.87
Kepler-222,3,0.843,0.945
Kepler-222,3,0.843,0.945
Kepler-222,3,0.76,0.857
Kepler-222,3,0.843,0.945
Kepler-222,3,0.801,0.933
Kepler-222,3,0.843,0.945
Kepler-222,3,0.843,0.945
Kepler-222,3,0.76,0.857
Kepler-222,3,0.84,0.88
Kepler-222,3,0.850048,0.87
Kepler-222,3,0.869,NA
Kepler-222,3,0.850048,0.87
Kepler-222,3,0.843,0.945
Kepler-222,3,0.850048,0.87
Kepler-222,3,0.816,NA
Kepler-222,3,0.843,0.945
Kepler-222,3,0.801,0.933
Kepler-222,3,0.843,0.945
Kepler-222,3,0.850048,0.87
Kepler-222,3,0.84,0.88
Kepler-222,3,0.76,0.857
Kepler-222,3,0.850048,0.87
Kepler-222,3,0.850048,0.87
Kepler-222,3,0.843,0.945
Kepler-222,3,0.816,NA
Kepler-222,3,0.843,0.945
Kepler-222,3,0.869,NA
Kepler-223,4,1.51701,1.04
Kepler-223,4,1.72,1.125
Kepler-223,4,NA,1.1
Kepler-223,4,1.639,NA
Kepler-223,4,1.003,0.902
Kepler-223,4,1.51701,1.04
Kepler-223,4,1.248,1.055
Kepler-223,4,1.003,0.902
Kepler-223,4,1.003,0.902
Kepler-223,4,1.017,NA
Kepler-223,4,0.98,0.98
Kepler-223,4,1.03,0.95
Kepler-223,4,1.574,1.041
Kepler-223,4,1.003,0.902
Kepler-223,4,1.248,1.055
Kepler-223,4,1.639,NA
Kepler-223,4,NA,1.1
Kepler-223,4,1.51701,1.04
Kepler-223,4,1.03,0.95
Kepler-223,4,0.98,0.98
Kepler-223,4,1.51701,1.04
Kepler-223,4,1.51701,1.04
Kepler-223,4,1.72,1.125
Kepler-223,4,1.017,NA
Kepler-223,4,1.003,0.902
Kepler-223,4,1.003,0.902
Kepler-223,4,1.574,1.041
Kepler-223,4,1.017,NA
Kepler-223,4,1.574,1.041
Kepler-223,4,1.003,0.902
Kepler-223,4,1.639,NA
Kepler-223,4,1.51701,1.04
Kepler-223,4,1.248,1.055
Kepler-223,4,NA,1.1
Kepler-223,4,1.003,0.902
Kepler-223,4,1.72,1.125
Kepler-223,4,0.98,0.98
Kepler-223,4,1.51701,1.04
Kepler-223,4,1.003,0.902
Kepler-223,4,1.03,0.95
Kepler-223,4,1.574,1.041
Kepler-223,4,1.51701,1.04
Kepler-223,4,1.003,0.902
Kepler-223,4,1.003,0.902
Kepler-223,4,1.248,1.055
Kepler-223,4,1.51701,1.04
Kepler-223,4,1.72,1.125
Kepler-223,4,1.003,0.902
Kepler-223,4,1.017,NA
Kepler-223,4,1.639,NA
Kepler-223,4,1.03,0.95
Kepler-223,4,0.98,0.98
Kepler-223,4,1.51701,1.04
Kepler-224,4,0.71,0.78
Kepler-224,4,0.699,0.768
Kepler-224,4,0.699,0.768
Kepler-224,4,0.705,NA
Kepler-224,4,0.722794,0.84
Kepler-224,4,0.699,0.768
Kepler-224,4,0.676,NA
Kepler-224,4,0.693,0.777
Kepler-224,4,0.679,0.743
Kepler-224,4,0.72,0.825
Kepler-224,4,0.722794,0.84
Kepler-224,4,0.679,0.743
Kepler-224,4,0.71,0.78
Kepler-224,4,0.722794,0.84
Kepler-224,4,0.693,0.777
Kepler-224,4,0.699,0.768
Kepler-224,4,0.676,NA
Kepler-224,4,0.699,0.768
Kepler-224,4,0.72,0.825
Kepler-224,4,0.705,NA
Kepler-224,4,0.722794,0.84
Kepler-224,4,0.699,0.768
Kepler-224,4,0.722794,0.84
Kepler-224,4,0.722794,0.84
Kepler-224,4,0.676,NA
Kepler-224,4,0.72,0.825
Kepler-224,4,0.693,0.777
Kepler-224,4,0.722794,0.84
Kepler-224,4,0.71,0.78
Kepler-224,4,0.722794,0.84
Kepler-224,4,0.705,NA
Kepler-224,4,0.699,0.768
Kepler-224,4,0.699,0.768
Kepler-224,4,0.679,0.743
Kepler-224,4,0.699,0.768
Kepler-224,4,0.722794,0.84
Kepler-224,4,0.71,0.78
Kepler-224,4,0.72,0.825
Kepler-224,4,0.699,0.768
Kepler-224,4,0.722794,0.84
Kepler-224,4,0.699,0.768
Kepler-224,4,0.679,0.743
Kepler-224,4,0.722794,0.84
Kepler-224,4,0.705,NA
Kepler-224,4,0.676,NA
Kepler-224,4,0.693,0.777
Kepler-224,4,0.699,0.768
Kepler-225,2,0.623,0.66
Kepler-225,2,0.77462,0.65
Kepler-225,2,0.44,0.46
Kepler-225,2,0.63,0.66
Kepler-225,2,0.44,0.46
Kepler-225,2,0.77462,0.65
Kepler-225,2,0.48,NA
Kepler-225,2,0.725,NA
Kepler-225,2,0.563,0.593
Kepler-225,2,0.44,0.46
Kepler-225,2,0.44,0.46
Kepler-225,2,0.77462,0.65
Kepler-225,2,0.602,0.616
Kepler-225,2,0.44,0.46
Kepler-225,2,0.77462,0.65
Kepler-225,2,0.44,0.46
Kepler-225,2,0.563,0.593
Kepler-225,2,0.623,0.66
Kepler-225,2,0.44,0.46
Kepler-225,2,0.48,NA
Kepler-225,2,0.725,NA
Kepler-225,2,0.77462,0.65
Kepler-225,2,0.602,0.616
Kepler-225,2,0.44,0.46
Kepler-225,2,0.77462,0.65
Kepler-225,2,0.63,0.66
Kepler-225,2,0.77462,0.65
Kepler-226,3,0.802,NA
Kepler-226,3,0.887751,0.92
Kepler-226,3,0.806,0.883
Kepler-226,3,0.887751,0.92
Kepler-226,3,0.85,0.89
Kepler-226,3,0.88,NA
Kepler-226,3,0.806,0.883
Kepler-226,3,0.91,0.831
Kepler-226,3,0.861,0.904
Kepler-226,3,0.806,0.88
Kepler-226,3,0.81,0.912
Kepler-226,3,0.806,0.883
Kepler-226,3,0.91,0.831
Kepler-226,3,0.806,0.883
Kepler-226,3,0.887751,0.92
Kepler-226,3,0.861,0.904
Kepler-226,3,0.887751,0.92
Kepler-226,3,0.806,0.883
Kepler-226,3,0.887751,0.92
Kepler-226,3,0.806,0.883
Kepler-226,3,0.806,0.88
Kepler-226,3,0.81,0.912
Kepler-226,3,0.802,NA
Kepler-226,3,0.88,NA
Kepler-226,3,0.85,0.89
Kepler-226,3,0.81,0.912
Kepler-226,3,0.85,0.89
Kepler-226,3,0.806,0.883
Kepler-226,3,0.887751,0.92
Kepler-226,3,0.861,0.904
Kepler-226,3,0.806,0.883
Kepler-226,3,0.806,0.883
Kepler-226,3,0.802,NA
Kepler-226,3,0.88,NA
Kepler-226,3,0.887751,0.92
Kepler-226,3,0.91,0.831
Kepler-227,2,0.949466,0.97
Kepler-227,2,0.949,NA
Kepler-227,2,1.04,1.051
Kepler-227,2,0.925,0.954
Kepler-227,2,1.04,1.051
Kepler-227,2,0.927,0.919
Kepler-227,2,0.949466,0.97
Kepler-227,2,0.94,0.96
Kepler-227,2,0.949466,0.97
Kepler-227,2,1.091,NA
Kepler-227,2,0.99,0.92
Kepler-227,2,1.04,1.051
Kepler-227,2,0.949466,0.97
Kepler-227,2,1.04,1.051
Kepler-227,2,0.99,0.92
Kepler-227,2,0.925,0.954
Kepler-227,2,1.04,1.051
Kepler-227,2,0.949466,0.97
Kepler-227,2,0.949466,0.97
Kepler-227,2,0.94,0.96
Kepler-227,2,1.091,NA
Kepler-227,2,1.04,1.051
Kepler-227,2,0.927,0.919
Kepler-227,2,0.949,NA
Kepler-228,3,1.145,NA
Kepler-228,3,1.1757,1.01
Kepler-228,3,0.92,0.95
Kepler-228,3,0.94,1.04
Kepler-228,3,1.104,1.006
Kepler-228,3,0.972,1.053
Kepler-228,3,1.014,NA
Kepler-228,3,0.972,1.053
Kepler-228,3,1.1757,1.01
Kepler-228,3,0.972,1.053
Kepler-228,3,0.972,1.053
Kepler-228,3,0.972,1.053
Kepler-228,3,1.145,NA
Kepler-228,3,1.1757,1.01
Kepler-228,3,0.972,1.053
Kepler-228,3,0.972,1.053
Kepler-228,3,0.94,1.04
Kepler-228,3,0.92,0.95
Kepler-228,3,0.972,1.053
Kepler-228,3,1.014,NA
Kepler-228,3,1.1757,1.01
Kepler-228,3,1.1757,1.01
Kepler-228,3,1.104,1.006
Kepler-228,3,0.972,1.053
Kepler-228,3,1.1757,1.01
Kepler-228,3,0.92,0.95
Kepler-228,3,0.972,1.053
Kepler-228,3,1.1757,1.01
Kepler-228,3,1.014,NA
Kepler-228,3,1.145,NA
Kepler-228,3,0.972,1.053
Kepler-228,3,1.1757,1.01
Kepler-228,3,1.104,1.006
Kepler-228,3,0.94,1.04
Kepler-228,3,0.972,1.053
Kepler-229,3,0.752766,0.8
Kepler-229,3,0.719,NA
Kepler-229,3,0.728,NA
Kepler-229,3,0.706,0.808
Kepler-229,3,0.76,0.8
Kepler-229,3,0.7,0.794
Kepler-229,3,0.742,0.827
Kepler-229,3,0.848,0.801
Kepler-229,3,0.752766,0.8
Kepler-229,3,0.742,0.827
Kepler-229,3,0.752766,0.8
Kepler-229,3,0.742,0.827
Kepler-229,3,0.7,0.794
Kepler-229,3,0.728,NA
Kepler-229,3,0.848,0.801
Kepler-229,3,0.719,NA
Kepler-229,3,0.742,0.827
Kepler-229,3,0.752766,0.8
Kepler-229,3,0.76,0.8
Kepler-229,3,0.742,0.827
Kepler-229,3,0.742,0.827
Kepler-229,3,0.752766,0.8
Kepler-229,3,0.752766,0.8
Kepler-229,3,0.706,0.808
Kepler-229,3,0.742,0.827
Kepler-229,3,0.752766,0.8
Kepler-229,3,0.742,0.827
Kepler-229,3,0.728,NA
Kepler-229,3,0.752766,0.8
Kepler-229,3,0.76,0.8
Kepler-229,3,0.848,0.801
Kepler-229,3,0.706,0.808
Kepler-229,3,0.7,0.794
Kepler-229,3,0.719,NA
Kepler-229,3,0.742,0.827
Kepler-23,3,1.523,NA
Kepler-23,3,1.548,1.078
Kepler-23,3,1.53278,1.06
Kepler-23,3,1.53278,1.06
Kepler-23,3,1.53278,1.06
Kepler-23,3,1.52,1.11
Kepler-23,3,1.491,0.99
Kepler-23,3,1.548,1.078
Kepler-23,3,1.548,1.08
Kepler-23,3,1.87,1.19
Kepler-23,3,1.53278,1.06
Kepler-23,3,1.548,1.078
Kepler-23,3,1.548,1.078
Kepler-23,3,1.518,1.036
Kepler-23,3,1.57,1.1
Kepler-23,3,1.53278,1.06
Kepler-23,3,1.53278,1.06
Kepler-23,3,1.548,1.08
Kepler-23,3,1.491,0.99
Kepler-23,3,1.523,NA
Kepler-23,3,1.518,1.036
Kepler-23,3,1.87,1.19
Kepler-23,3,1.548,1.078
Kepler-23,3,1.548,1.078
Kepler-23,3,1.57,1.1
Kepler-23,3,1.52,1.11
Kepler-23,3,1.53278,1.06
Kepler-23,3,1.548,1.078
Kepler-23,3,1.548,1.078
Kepler-23,3,1.548,1.078
Kepler-23,3,1.548,NA
Kepler-23,3,1.87,1.19
Kepler-23,3,1.53278,1.06
Kepler-23,3,1.548,1.078
Kepler-23,3,1.53278,1.06
Kepler-23,3,1.548,1.078
Kepler-23,3,1.491,0.99
Kepler-23,3,1.53278,1.06
Kepler-23,3,1.53278,1.06
Kepler-23,3,1.518,1.036
Kepler-23,3,1.523,NA
Kepler-23,3,1.57,1.1
Kepler-23,3,1.548,1.08
Kepler-23,3,1.548,1.078
Kepler-230,2,0.785,NA
Kepler-230,2,0.798,0.844
Kepler-230,2,0.766994,0.92
Kepler-230,2,0.83,0.918
Kepler-230,2,0.81,0.84
Kepler-230,2,0.766994,0.92
Kepler-230,2,0.773,0.784
Kepler-230,2,0.817,NA
Kepler-230,2,0.796,0.846
Kepler-230,2,0.796,0.846
Kepler-230,2,0.796,0.846
Kepler-230,2,0.796,0.846
Kepler-230,2,0.785,NA
Kepler-230,2,0.798,0.844
Kepler-230,2,0.796,0.846
Kepler-230,2,0.796,0.846
Kepler-230,2,0.81,0.84
Kepler-230,2,0.817,NA
Kepler-230,2,0.766994,0.92
Kepler-230,2,0.766994,0.92
Kepler-230,2,0.773,0.784
Kepler-230,2,0.83,0.918
Kepler-230,2,0.766994,0.92
Kepler-231,2,0.591335,0.64
Kepler-231,2,0.48,0.51
Kepler-231,2,0.551,0.58
Kepler-231,2,0.57,0.59
Kepler-231,2,0.611,0.65
Kepler-231,2,NA,NA
Kepler-231,2,0.591335,0.64
Kepler-231,2,0.591335,0.64
Kepler-231,2,0.48,0.51
Kepler-231,2,0.56,0.576
Kepler-231,2,0.611,0.65
Kepler-231,2,0.48,0.51
Kepler-231,2,0.591335,0.64
Kepler-231,2,0.49,NA
Kepler-231,2,0.588,0.576
Kepler-231,2,0.588,NA
Kepler-231,2,0.48,0.51
Kepler-231,2,0.611,0.65
Kepler-231,2,0.48,0.51
Kepler-231,2,0.591335,0.64
Kepler-231,2,0.611,0.65
Kepler-231,2,0.591335,0.64
Kepler-231,2,0.588,0.576
Kepler-231,2,0.591335,0.64
Kepler-231,2,0.49,NA
Kepler-231,2,0.48,0.51
Kepler-231,2,0.57,0.59
Kepler-231,2,0.56,0.576
Kepler-231,2,0.551,0.58
Kepler-231,2,0.588,NA
Kepler-231,2,NA,NA
Kepler-231,2,0.48,0.51
Kepler-232,2,0.931,1.047
Kepler-232,2,1.015,1.007
Kepler-232,2,1.094,NA
Kepler-232,2,0.95,0.97
Kepler-232,2,0.88,0.964
Kepler-232,2,1.13988,0.98
Kepler-232,2,0.931,1.047
Kepler-232,2,0.931,1.047
Kepler-232,2,1.13988,0.98
Kepler-232,2,0.968,NA
Kepler-232,2,1.13988,0.98
Kepler-232,2,1.13988,0.98
Kepler-232,2,0.931,1.047
Kepler-232,2,0.88,0.964
Kepler-232,2,0.968,NA
Kepler-232,2,1.13988,0.98
Kepler-232,2,1.13988,0.98
Kepler-232,2,0.931,1.047
Kepler-232,2,0.931,1.047
Kepler-232,2,1.094,NA
Kepler-232,2,0.95,0.97
Kepler-232,2,1.015,1.007
Kepler-233,2,0.788,0.884
Kepler-233,2,0.8,0.84
Kepler-233,2,0.758,NA
Kepler-233,2,0.85322,0.88
Kepler-233,2,0.834,NA
Kepler-233,2,0.788,0.884
Kepler-233,2,0.788,0.884
Kepler-233,2,0.751,0.855
Kepler-233,2,0.85322,0.88
Kepler-233,2,0.788,0.884
Kepler-233,2,0.85322,0.88
Kepler-233,2,0.758,NA
Kepler-233,2,0.788,0.884
Kepler-233,2,0.788,0.884
Kepler-233,2,0.788,0.884
Kepler-233,2,0.834,NA
Kepler-233,2,0.85322,0.88
Kepler-233,2,0.85322,0.88
Kepler-233,2,0.85322,0.88
Kepler-233,2,0.8,0.84
Kepler-233,2,0.751,0.855
Kepler-233,2,0.788,0.884
Kepler-234,2,1.064,1.149
Kepler-234,2,1.24872,1.08
Kepler-234,2,1.064,1.149
Kepler-234,2,1.171,1.129
Kepler-234,2,1.076,1.169
Kepler-234,2,1.113,NA
Kepler-234,2,1,1.09
Kepler-234,2,1.216,NA
Kepler-234,2,1.064,1.149
Kepler-234,2,1.15,1.11
Kepler-234,2,1.24872,1.08
Kepler-234,2,1.24872,1.08
Kepler-234,2,1.15,1.11
Kepler-234,2,1.24872,1.08
Kepler-234,2,1.171,1.129
Kepler-234,2,1.064,1.149
Kepler-234,2,1.24872,1.08
Kepler-234,2,1.076,1.169
Kepler-234,2,1.24872,1.08
Kepler-234,2,1.216,NA
Kepler-234,2,1.064,1.149
Kepler-234,2,1,1.09
Kepler-234,2,1.064,1.149
Kepler-234,2,1.113,NA
Kepler-235,4,0.591,0.631
Kepler-235,4,0.48,0.51
Kepler-235,4,0.48,0.51
Kepler-235,4,NA,NA
Kepler-235,4,0.552,0.581
Kepler-235,4,0.493,0.502
Kepler-235,4,0.48,0.51
Kepler-235,4,0.635754,0.64
Kepler-235,4,0.635754,0.64
Kepler-235,4,0.635754,0.64
Kepler-235,4,0.635754,0.64
Kepler-235,4,0.495,0.507
Kepler-235,4,0.48,0.51
Kepler-235,4,0.607,NA
Kepler-235,4,0.53,0.54
Kepler-235,4,0.554,NA
Kepler-235,4,0.48,0.51
Kepler-235,4,0.552,0.581
Kepler-235,4,0.591,0.631
Kepler-235,4,0.495,0.507
Kepler-235,4,0.48,0.51
Kepler-235,4,0.607,NA
Kepler-235,4,0.53,0.54
Kepler-235,4,NA,NA
Kepler-235,4,0.635754,0.64
Kepler-235,4,0.48,0.51
Kepler-235,4,0.635754,0.64
Kepler-235,4,0.554,NA
Kepler-235,4,0.635754,0.64
Kepler-235,4,0.493,0.502
Kepler-235,4,0.48,0.51
Kepler-235,4,0.495,0.507
Kepler-235,4,NA,NA
Kepler-235,4,0.635754,0.64
Kepler-235,4,0.53,0.54
Kepler-235,4,0.48,0.51
Kepler-235,4,0.635754,0.64
Kepler-235,4,0.591,0.631
Kepler-235,4,0.493,0.502
Kepler-235,4,0.552,0.581
Kepler-235,4,0.48,0.51
Kepler-235,4,0.48,0.51
Kepler-235,4,0.607,NA
Kepler-235,4,0.635754,0.64
Kepler-235,4,0.635754,0.64
Kepler-235,4,0.554,NA
Kepler-235,4,0.635754,0.64
Kepler-235,4,0.48,0.51
Kepler-235,4,0.607,NA
Kepler-235,4,0.495,0.507
Kepler-235,4,0.635754,0.64
Kepler-235,4,0.635754,0.64
Kepler-235,4,NA,NA
Kepler-235,4,0.48,0.51
Kepler-235,4,0.493,0.502
Kepler-235,4,0.635754,0.64
Kepler-235,4,0.48,0.51
Kepler-235,4,0.552,0.581
Kepler-235,4,0.48,0.51
Kepler-235,4,0.53,0.54
Kepler-235,4,0.591,0.631
Kepler-235,4,0.554,NA
Kepler-236,2,NA,NA
Kepler-236,2,0.474,0.486
Kepler-236,2,0.51,NA
Kepler-236,2,0.524,0.549
Kepler-236,2,0.524,0.536
Kepler-236,2,0.613,NA
Kepler-236,2,0.51,0.54
Kepler-236,2,0.51,0.54
Kepler-236,2,0.609791,0.596005
Kepler-236,2,0.609791,0.596005
Kepler-236,2,0.551,0.591
Kepler-236,2,0.51,0.54
Kepler-236,2,0.56,0.58
Kepler-236,2,0.524,0.549
Kepler-236,2,0.524,0.536
Kepler-236,2,0.56,0.58
Kepler-236,2,0.51,0.54
Kepler-236,2,NA,NA
Kepler-236,2,0.551,0.591
Kepler-236,2,0.51,NA
Kepler-236,2,0.609791,0.596005
Kepler-236,2,0.613,NA
Kepler-236,2,0.51,0.54
Kepler-236,2,0.609791,0.596005
Kepler-236,2,0.474,0.486
Kepler-236,2,0.51,0.54
Kepler-236,2,0.609791,0.596005
Kepler-236,2,0.51,0.54
Kepler-237,2,0.732,0.733
Kepler-237,2,0.759,0.829
Kepler-237,2,0.830408,0.78
Kepler-237,2,0.679,0.696
Kepler-237,2,0.830408,0.78
Kepler-237,2,0.732,0.733
Kepler-237,2,0.732,0.733
Kepler-237,2,0.725,NA
Kepler-237,2,0.732,0.733
Kepler-237,2,0.76,0.81
Kepler-237,2,0.772,NA
Kepler-237,2,0.732,0.733
Kepler-237,2,0.732,0.733
Kepler-237,2,0.772,NA
Kepler-237,2,0.732,0.733
Kepler-237,2,0.679,0.696
Kepler-237,2,0.76,0.81
Kepler-237,2,0.830408,0.78
Kepler-237,2,0.830408,0.78
Kepler-237,2,0.830408,0.78
Kepler-237,2,0.732,0.733
Kepler-237,2,0.759,0.829
Kepler-237,2,0.725,NA
Kepler-238,5,1.26,1.06
Kepler-238,5,1.72535,1
Kepler-238,5,1.567,1.229
Kepler-238,5,0.963,1.056
Kepler-238,5,1.43,NA
Kepler-238,5,0.9,0.97
Kepler-238,5,1.384,1.083
Kepler-238,5,1.551,1.229
Kepler-238,5,1.72535,1
Kepler-238,5,0.963,1.056
Kepler-238,5,0.963,1.056
Kepler-238,5,1.633,NA
Kepler-238,5,1.72535,1
Kepler-238,5,1.72535,1
Kepler-238,5,1.384,1.083
Kepler-238,5,1.43,NA
Kepler-238,5,1.633,NA
Kepler-238,5,1.72535,1
Kepler-238,5,0.963,1.056
Kepler-238,5,1.551,1.229
Kepler-238,5,1.567,1.229
Kepler-238,5,1.26,1.06
Kepler-238,5,0.963,1.056
Kepler-238,5,0.9,0.97
Kepler-238,5,0.963,1.056
Kepler-238,5,1.384,1.083
Kepler-238,5,1.43,NA
Kepler-238,5,1.72535,1
Kepler-238,5,1.567,1.229
Kepler-238,5,1.72535,1
Kepler-238,5,1.633,NA
Kepler-238,5,1.72535,1
Kepler-238,5,0.9,0.97
Kepler-238,5,0.963,1.056
Kepler-238,5,0.963,1.056
Kepler-238,5,1.551,1.229
Kepler-238,5,0.963,1.056
Kepler-238,5,1.26,1.06
Kepler-238,5,0.963,1.056
Kepler-238,5,1.72535,1
Kepler-238,5,0.963,1.056
Kepler-238,5,1.72535,1
Kepler-238,5,1.72535,1
Kepler-238,5,0.96,1.06
Kepler-238,5,1.384,1.083
Kepler-238,5,1.567,1.229
Kepler-238,5,0.963,1.056
Kepler-238,5,1.551,1.229
Kepler-238,5,1.26,1.06
Kepler-238,5,1.633,NA
Kepler-238,5,0.9,0.97
Kepler-238,5,1.551,1.229
Kepler-238,5,0.96,1.06
Kepler-238,5,0.963,1.056
Kepler-238,5,1.72535,1
Kepler-238,5,0.963,1.056
Kepler-238,5,1.384,1.083
Kepler-238,5,1.26,1.06
Kepler-238,5,1.633,NA
Kepler-238,5,1.567,1.229
Kepler-238,5,1.72535,1
Kepler-238,5,1.72535,1
Kepler-238,5,0.9,0.97
Kepler-238,5,0.963,1.056
Kepler-239,2,0.769,NA
Kepler-239,2,0.830414,0.78
Kepler-239,2,0.759,0.831
Kepler-239,2,0.734,0.801
Kepler-239,2,0.756,0.849
Kepler-239,2,0.734,0.801
Kepler-239,2,0.664,0.757
Kepler-239,2,0.763,NA
Kepler-239,2,0.77,0.84
Kepler-239,2,0.830414,0.78
Kepler-239,2,0.734,0.801
Kepler-239,2,0.830414,0.78
Kepler-239,2,0.759,0.831
Kepler-239,2,0.734,0.801
Kepler-239,2,0.664,0.757
Kepler-239,2,0.830414,0.78
Kepler-239,2,0.830414,0.78
Kepler-239,2,0.769,NA
Kepler-239,2,0.77,0.84
Kepler-239,2,0.756,0.849
Kepler-239,2,0.734,0.801
Kepler-239,2,0.830414,0.78
Kepler-239,2,0.734,0.801
Kepler-239,2,0.763,NA
Kepler-24,4,1.099,1.06
Kepler-24,4,1.088,0.97
Kepler-24,4,1.111,NA
Kepler-24,4,1.12,1.02
Kepler-24,4,1.09069,1.11
Kepler-24,4,1.084,1.046
Kepler-24,4,1.062,1.046
Kepler-24,4,1.11,0.98
Kepler-24,4,1.09069,1.11
Kepler-24,4,1.24,0.884
Kepler-24,4,1.088,0.965
Kepler-24,4,1.088,0.965
Kepler-24,4,1.07,1.03
Kepler-24,4,1.088,0.965
Kepler-24,4,1.084,1.046
Kepler-24,4,1.088,0.97
Kepler-24,4,1.12,1.02
Kepler-24,4,1.111,NA
Kepler-24,4,1.07,1.03
Kepler-24,4,1.062,1.046
Kepler-24,4,1.088,0.965
Kepler-24,4,1.09069,1.11
Kepler-24,4,1.09069,1.11
Kepler-24,4,1.24,0.884
Kepler-24,4,1.088,0.965
Kepler-24,4,1.099,1.06
Kepler-24,4,1.11,0.98
Kepler-24,4,1.088,0.965
Kepler-24,4,1.111,NA
Kepler-24,4,1.289,NA
Kepler-24,4,1.088,0.965
Kepler-24,4,1.12,1.02
Kepler-24,4,1.088,0.965
Kepler-24,4,1.062,1.046
Kepler-24,4,1.088,0.965
Kepler-24,4,1.09069,1.11
Kepler-24,4,1.084,1.046
Kepler-24,4,1.11,0.98
Kepler-24,4,1.24,0.884
Kepler-24,4,1.24,0.884
Kepler-24,4,1.088,0.965
Kepler-24,4,1.099,1.06
Kepler-24,4,1.084,1.046
Kepler-24,4,1.11,0.98
Kepler-24,4,1.088,0.965
Kepler-24,4,1.111,NA
Kepler-24,4,1.12,1.02
Kepler-24,4,1.09069,1.11
Kepler-24,4,1.09069,1.11
Kepler-24,4,1.088,0.965
Kepler-24,4,1.289,NA
Kepler-24,4,1.062,1.046
Kepler-240,2,0.808486,0.76
Kepler-240,2,0.766,0.823
Kepler-240,2,0.808486,0.76
Kepler-240,2,0.74,0.78
Kepler-240,2,0.661,0.753
Kepler-240,2,0.766,0.82
Kepler-240,2,0.739,NA
Kepler-240,2,0.748,0.868
Kepler-240,2,0.766,0.823
Kepler-240,2,0.76,NA
Kepler-240,2,0.766,0.823
Kepler-240,2,0.779,0.759
Kepler-240,2,0.779,0.759
Kepler-240,2,0.808486,0.76
Kepler-240,2,0.808486,0.76
Kepler-240,2,0.766,0.823
Kepler-240,2,0.76,NA
Kepler-240,2,0.748,0.868
Kepler-240,2,0.661,0.753
Kepler-240,2,0.766,0.823
Kepler-240,2,0.739,NA
Kepler-240,2,0.74,0.78
Kepler-240,2,0.766,0.823
Kepler-240,2,0.808486,0.76
Kepler-240,2,0.766,0.82
Kepler-241,2,0.686,0.67
Kepler-241,2,0.668,NA
Kepler-241,2,NA,NA
Kepler-241,2,NA,NA
Kepler-241,2,0.7,0.74
Kepler-241,2,NA,NA
Kepler-241,2,0.686,0.67
Kepler-241,2,0.686,0.67
Kepler-241,2,0.648,0.671
Kepler-241,2,0.686,0.67
Kepler-241,2,0.686,0.67
Kepler-241,2,0.648,0.671
Kepler-241,2,0.686,0.67
Kepler-241,2,NA,NA
Kepler-241,2,0.668,NA
Kepler-241,2,0.7,0.74
Kepler-241,2,NA,NA
Kepler-241,2,0.686,0.67
Kepler-241,2,NA,NA
Kepler-241,2,0.686,0.67
Kepler-242,2,0.683,NA
Kepler-242,2,0.718409,0.77
Kepler-242,2,0.71,0.72
Kepler-242,2,0.826,0.785
Kepler-242,2,0.718409,0.77
Kepler-242,2,0.826,0.785
Kepler-242,2,0.76,0.81
Kepler-242,2,0.85,NA
Kepler-242,2,0.826,0.785
Kepler-242,2,0.826,0.785
Kepler-242,2,0.718409,0.77
Kepler-242,2,0.673,0.748
Kepler-242,2,0.826,0.785
Kepler-242,2,0.718409,0.77
Kepler-242,2,0.718409,0.77
Kepler-242,2,0.826,0.785
Kepler-242,2,0.85,NA
Kepler-242,2,0.826,0.785
Kepler-242,2,0.76,0.81
Kepler-242,2,0.71,0.72
Kepler-242,2,0.826,0.785
Kepler-242,2,0.683,NA
Kepler-242,2,0.718409,0.77
Kepler-242,2,0.673,0.748
Kepler-243,2,0.860119,0.83
Kepler-243,2,0.842,NA
Kepler-243,2,0.811,0.921
Kepler-243,2,0.860119,0.83
Kepler-243,2,0.826,NA
Kepler-243,2,0.826,0.927
Kepler-243,2,0.860119,0.83
Kepler-243,2,0.811,0.921
Kepler-243,2,0.815,0.904
Kepler-243,2,0.71,0.789
Kepler-243,2,0.811,0.921
Kepler-243,2,0.79,0.83
Kepler-243,2,0.811,0.921
Kepler-243,2,0.811,0.921
Kepler-243,2,0.860119,0.83
Kepler-243,2,0.79,0.83
Kepler-243,2,0.826,NA
Kepler-243,2,0.826,0.927
Kepler-243,2,0.811,0.921
Kepler-243,2,0.842,NA
Kepler-243,2,0.815,0.904
Kepler-243,2,0.860119,0.83
Kepler-243,2,0.71,0.789
Kepler-243,2,0.860119,0.83
Kepler-244,3,0.802,0.879
Kepler-244,3,0.803,NA
Kepler-244,3,0.802,0.879
Kepler-244,3,0.802,0.879
Kepler-244,3,0.857,0.933
Kepler-244,3,0.927,0.956
Kepler-244,3,0.831792,0.95
Kepler-244,3,0.831792,0.95
Kepler-244,3,0.81,0.91
Kepler-244,3,0.831792,0.95
Kepler-244,3,0.879,NA
Kepler-244,3,0.79,0.82
Kepler-244,3,0.831792,0.95
Kepler-244,3,0.79,0.82
Kepler-244,3,0.831792,0.95
Kepler-244,3,0.802,0.88
Kepler-244,3,0.802,0.879
Kepler-244,3,0.802,0.879
Kepler-244,3,0.831792,0.95
Kepler-244,3,0.802,0.879
Kepler-244,3,0.803,NA
Kepler-244,3,0.81,0.91
Kepler-244,3,0.927,0.956
Kepler-244,3,0.857,0.933
Kepler-244,3,0.879,NA
Kepler-244,3,0.879,NA
Kepler-244,3,0.79,0.82
Kepler-244,3,0.81,0.91
Kepler-244,3,0.927,0.956
Kepler-244,3,0.802,0.879
Kepler-244,3,0.857,0.933
Kepler-244,3,0.802,0.88
Kepler-244,3,0.831792,0.95
Kepler-244,3,0.802,0.879
Kepler-244,3,0.831792,0.95
Kepler-244,3,0.831792,0.95
Kepler-244,3,0.803,NA
Kepler-244,3,0.802,0.879
Kepler-245,4,0.834548,0.84
Kepler-245,4,0.8,0.777
Kepler-245,4,0.78,0.856
Kepler-245,4,0.834548,0.84
Kepler-245,4,0.795,NA
Kepler-245,4,0.874,0.804
Kepler-245,4,0.874,0.804
Kepler-245,4,0.874,0.804
Kepler-245,4,0.795,0.856
Kepler-245,4,0.787,0.823
Kepler-245,4,0.8,0.86
Kepler-245,4,0.794,NA
Kepler-245,4,0.834548,0.84
Kepler-245,4,0.834548,0.84
Kepler-245,4,0.874,0.804
Kepler-245,4,0.794,NA
Kepler-245,4,0.8,0.777
Kepler-245,4,0.795,NA
Kepler-245,4,0.874,0.804
Kepler-245,4,0.787,0.823
Kepler-245,4,0.78,0.856
Kepler-245,4,0.834548,0.84
Kepler-245,4,0.874,0.8
Kepler-245,4,0.874,0.804
Kepler-245,4,0.795,0.856
Kepler-245,4,0.834548,0.84
Kepler-245,4,0.8,0.86
Kepler-245,4,0.834548,0.84
Kepler-245,4,0.874,0.804
Kepler-245,4,0.8,0.777
Kepler-245,4,0.874,0.8
Kepler-245,4,0.78,0.856
Kepler-245,4,0.874,0.804
Kepler-245,4,0.795,0.856
Kepler-245,4,0.794,NA
Kepler-245,4,0.787,0.823
Kepler-245,4,0.795,NA
Kepler-245,4,0.834548,0.84
Kepler-245,4,0.874,0.804
Kepler-245,4,0.8,0.86
Kepler-245,4,0.8,0.86
Kepler-245,4,0.78,0.856
Kepler-245,4,0.874,0.804
Kepler-245,4,0.8,0.777
Kepler-245,4,0.787,0.823
Kepler-245,4,0.834548,0.84
Kepler-245,4,0.874,0.804
Kepler-245,4,0.795,0.856
Kepler-245,4,0.874,0.804
Kepler-245,4,0.794,NA
Kepler-245,4,0.834548,0.84
Kepler-246,2,0.757,0.853
Kepler-246,2,0.833,0.793
Kepler-246,2,0.80085,0.85
Kepler-246,2,0.76,0.759
Kepler-246,2,0.80085,0.85
Kepler-246,2,0.811,0.885
Kepler-246,2,0.768,NA
Kepler-246,2,0.811,0.885
Kepler-246,2,0.87,0.9
Kepler-246,2,0.811,0.885
Kepler-246,2,0.80085,0.85
Kepler-246,2,0.831,NA
Kepler-246,2,0.80085,0.85
Kepler-246,2,0.80085,0.85
Kepler-246,2,0.80085,0.85
Kepler-246,2,0.87,0.9
Kepler-246,2,0.76,0.759
Kepler-246,2,0.833,0.793
Kepler-246,2,0.811,0.885
Kepler-246,2,0.757,0.853
Kepler-246,2,0.811,0.885
Kepler-246,2,0.811,0.885
Kepler-246,2,0.768,NA
Kepler-246,2,0.831,NA
Kepler-247,3,0.788,0.887
Kepler-247,3,0.8,0.84
Kepler-247,3,0.791,0.884
Kepler-247,3,0.768,NA
Kepler-247,3,0.791,0.884
Kepler-247,3,0.791,0.884
Kepler-247,3,0.779,0.891
Kepler-247,3,0.843936,0.81
Kepler-247,3,0.801,NA
Kepler-247,3,0.68,0.773
Kepler-247,3,0.843936,0.81
Kepler-247,3,0.843936,0.81
Kepler-247,3,0.791,0.884
Kepler-247,3,0.779,0.891
Kepler-247,3,0.843936,0.81
Kepler-247,3,0.768,NA
Kepler-247,3,0.791,0.884
Kepler-247,3,0.843936,0.81
Kepler-247,3,0.68,0.773
Kepler-247,3,0.8,0.84
Kepler-247,3,0.801,NA
Kepler-247,3,0.843936,0.81
Kepler-247,3,0.788,0.887
Kepler-247,3,0.791,0.884
Kepler-247,3,0.791,0.884
Kepler-247,3,0.843936,0.81
Kepler-247,3,0.843936,0.81
Kepler-247,3,0.68,0.773
Kepler-247,3,0.768,NA
Kepler-247,3,0.791,0.884
Kepler-247,3,0.788,0.887
Kepler-247,3,0.791,0.884
Kepler-247,3,0.8,0.84
Kepler-247,3,0.779,0.891
Kepler-247,3,0.801,NA
Kepler-248,2,0.874,0.915
Kepler-248,2,0.831,NA
Kepler-248,2,0.837,0.936
Kepler-248,2,0.773,0.838
Kepler-248,2,0.768535,0.88
Kepler-248,2,0.768535,0.88
Kepler-248,2,0.837,0.936
Kepler-248,2,0.82,0.9
Kepler-248,2,0.786,NA
Kepler-248,2,0.837,0.937
Kepler-248,2,0.768535,0.88
Kepler-248,2,0.837,0.936
Kepler-248,2,0.768535,0.88
Kepler-248,2,0.837,0.936
Kepler-248,2,0.837,0.937
Kepler-248,2,0.831,NA
Kepler-248,2,0.773,0.838
Kepler-248,2,0.837,0.936
Kepler-248,2,0.874,0.915
Kepler-248,2,0.768535,0.88
Kepler-248,2,0.837,0.936
Kepler-248,2,0.82,0.9
Kepler-248,2,0.786,NA
Kepler-248,2,0.768535,0.88
Kepler-249,3,0.512,NA
Kepler-249,3,0.42,0.44
Kepler-249,3,0.42,0.44
Kepler-249,3,0.411,0.44
Kepler-249,3,0.512465,0.510238
Kepler-249,3,0.41,0.429
Kepler-249,3,0.492,0.506
Kepler-249,3,0.38,0.4
Kepler-249,3,0.512465,0.510238
Kepler-249,3,0.512465,0.510238
Kepler-249,3,0.456,0.481
Kepler-249,3,0.512465,0.510238
Kepler-249,3,0.42,0.44
Kepler-249,3,NA,NA
Kepler-249,3,0.42,0.44
Kepler-249,3,0.482,NA
Kepler-249,3,0.512465,0.510238
Kepler-249,3,0.411,0.44
Kepler-249,3,0.42,0.44
Kepler-249,3,0.512465,0.510238
Kepler-249,3,0.482,NA
Kepler-249,3,0.42,0.44
Kepler-249,3,0.38,0.4
Kepler-249,3,0.42,0.44
Kepler-249,3,0.512465,0.510238
Kepler-249,3,NA,NA
Kepler-249,3,0.512,NA
Kepler-249,3,0.492,0.506
Kepler-249,3,0.456,0.481
Kepler-249,3,0.42,0.44
Kepler-249,3,0.41,0.429
Kepler-249,3,0.512465,0.510238
Kepler-249,3,0.42,0.44
Kepler-249,3,0.482,NA
Kepler-249,3,0.42,0.44
Kepler-249,3,0.42,0.44
Kepler-249,3,0.456,0.481
Kepler-249,3,0.512,NA
Kepler-249,3,0.41,0.429
Kepler-249,3,0.512465,0.510238
Kepler-249,3,0.411,0.44
Kepler-249,3,0.512465,0.510238
Kepler-249,3,0.42,0.44
Kepler-249,3,NA,NA
Kepler-249,3,0.38,0.4
Kepler-249,3,0.512465,0.510238
Kepler-249,3,0.492,0.506
Kepler-249,3,0.512465,0.510238
Kepler-25,3,1.47768,1.196
Kepler-25,3,1.47768,1.196
Kepler-25,3,1.309,1.19
Kepler-25,3,1.316,1.165
Kepler-25,3,1.258,1.097
Kepler-25,3,1.31,1.19
Kepler-25,3,1.309,1.187
Kepler-25,3,1.309,1.187
Kepler-25,3,1.309,1.187
Kepler-25,3,1.348,NA
Kepler-25,3,1.316,1.165
Kepler-25,3,1.36,1.22
Kepler-25,3,NA,1.148
Kepler-25,3,1.47768,1.196
Kepler-25,3,1.47768,NA
Kepler-25,3,1.334,1.148
Kepler-25,3,1.66,1.192
Kepler-25,3,1.47768,1.196
Kepler-25,3,1.47768,1.196
Kepler-25,3,1.342,1.148
Kepler-25,3,1.31,1.19
Kepler-25,3,1.47768,1.196
Kepler-25,3,1.47768,1.196
Kepler-25,3,1.342,1.148
Kepler-25,3,1.316,1.165
Kepler-25,3,1.48,NA
Kepler-25,3,1.309,1.19
Kepler-25,3,1.47768,1.196
Kepler-25,3,1.309,1.187
Kepler-25,3,1.309,1.187
Kepler-25,3,1.66,1.192
Kepler-25,3,1.334,1.148
Kepler-25,3,1.36,1.22
Kepler-25,3,1.348,NA
Kepler-25,3,1.309,1.187
Kepler-25,3,1.316,1.165
Kepler-25,3,1.34,1.26
Kepler-25,3,1.258,1.097
Kepler-25,3,1.47768,1.196
Kepler-25,3,NA,1.148
Kepler-25,3,1.47768,1.196
Kepler-25,3,1.316,1.165
Kepler-25,3,1.31,1.19
Kepler-25,3,NA,1.148
Kepler-25,3,1.316,1.165
Kepler-250,3,0.79,0.83
Kepler-250,3,0.78265,0.83
Kepler-250,3,0.795,0.849
Kepler-250,3,0.78265,0.83
Kepler-250,3,0.795,0.849
Kepler-250,3,0.805,NA
Kepler-250,3,0.76,0.753
Kepler-250,3,0.838,0.798
Kepler-250,3,0.748,0.806
Kepler-250,3,0.76,NA
Kepler-250,3,0.795,0.849
Kepler-250,3,0.795,0.849
Kepler-250,3,0.78265,0.83
Kepler-250,3,0.838,0.798
Kepler-250,3,0.795,0.849
Kepler-250,3,0.78265,0.83
Kepler-250,3,0.78265,0.83
Kepler-250,3,0.76,NA
Kepler-250,3,0.795,0.849
Kepler-250,3,0.748,0.806
Kepler-250,3,0.805,NA
Kepler-250,3,0.76,0.753
Kepler-250,3,0.79,0.83
Kepler-250,3,0.78265,0.83
Kepler-250,3,0.79,0.83
Kepler-250,3,0.805,NA
Kepler-250,3,0.795,0.849
Kepler-250,3,0.795,0.849
Kepler-250,3,0.76,NA
Kepler-250,3,0.76,0.753
Kepler-250,3,0.838,0.798
Kepler-250,3,0.78265,0.83
Kepler-250,3,0.748,0.806
Kepler-250,3,0.78265,0.83
Kepler-250,3,0.795,0.849
Kepler-251,4,0.828,NA
Kepler-251,4,1.074,0.941
Kepler-251,4,1.09,0.96
Kepler-251,4,0.91,0.95
Kepler-251,4,0.891821,0.97
Kepler-251,4,0.89,NA
Kepler-251,4,0.809,0.891
Kepler-251,4,0.866,0.841
Kepler-251,4,1.074,0.941
Kepler-251,4,0.891821,0.97
Kepler-251,4,1.074,0.941
Kepler-251,4,0.828,NA
Kepler-251,4,1.074,0.941
Kepler-251,4,1.09,0.96
Kepler-251,4,0.891821,0.97
Kepler-251,4,0.91,0.95
Kepler-251,4,0.809,0.891
Kepler-251,4,0.891821,0.97
Kepler-251,4,0.89,NA
Kepler-251,4,1.074,0.941
Kepler-251,4,0.891821,0.97
Kepler-251,4,0.866,0.841
Kepler-251,4,1.074,0.941
Kepler-251,4,1.074,0.941
Kepler-251,4,0.809,0.891
Kepler-251,4,0.891821,0.97
Kepler-251,4,0.828,NA
Kepler-251,4,0.866,0.841
Kepler-251,4,1.09,0.96
Kepler-251,4,1.074,0.941
Kepler-251,4,0.91,0.95
Kepler-251,4,0.891821,0.97
Kepler-251,4,0.891821,0.97
Kepler-251,4,0.89,NA
Kepler-251,4,1.074,0.941
Kepler-251,4,0.89,NA
Kepler-251,4,0.866,0.841
Kepler-251,4,0.91,0.95
Kepler-251,4,1.074,0.941
Kepler-251,4,1.074,0.941
Kepler-251,4,0.891821,0.97
Kepler-251,4,0.891821,0.97
Kepler-251,4,1.074,0.941
Kepler-251,4,0.828,NA
Kepler-251,4,0.809,0.891
Kepler-251,4,1.09,0.96
Kepler-252,2,0.678487,0.7
Kepler-252,2,0.678487,0.7
Kepler-252,2,0.678487,0.7
Kepler-252,2,0.59,0.61
Kepler-252,2,0.59,0.61
Kepler-252,2,0.58,0.61
Kepler-252,2,0.591,0.609
Kepler-252,2,0.66,0.7
Kepler-252,2,0.696,NA
Kepler-252,2,0.59,0.61
Kepler-252,2,0.549,NA
Kepler-252,2,0.58,0.61
Kepler-252,2,0.678487,0.7
Kepler-252,2,0.59,0.61
Kepler-252,2,0.696,NA
Kepler-252,2,0.591,0.609
Kepler-252,2,0.59,0.61
Kepler-252,2,0.549,NA
Kepler-252,2,0.59,0.61
Kepler-252,2,0.678487,0.7
Kepler-252,2,0.66,0.7
Kepler-252,2,0.59,0.61
Kepler-252,2,0.678487,0.7
Kepler-253,3,0.786,NA
Kepler-253,3,0.71,0.808
Kepler-253,3,0.847339,0.83
Kepler-253,3,0.79,0.874
Kepler-253,3,0.847339,0.83
Kepler-253,3,0.79,0.874
Kepler-253,3,0.815,NA
Kepler-253,3,0.81,0.85
Kepler-253,3,0.775,0.869
Kepler-253,3,0.799,0.86
Kepler-253,3,0.79,0.874
Kepler-253,3,0.79,0.874
Kepler-253,3,0.81,0.85
Kepler-253,3,0.847339,0.83
Kepler-253,3,0.775,0.869
Kepler-253,3,0.786,NA
Kepler-253,3,0.799,0.86
Kepler-253,3,0.71,0.808
Kepler-253,3,0.815,NA
Kepler-253,3,0.79,0.874
Kepler-253,3,0.847339,0.83
Kepler-253,3,0.79,0.874
Kepler-253,3,0.847339,0.83
Kepler-253,3,0.79,0.874
Kepler-253,3,0.786,NA
Kepler-253,3,0.847339,0.83
Kepler-253,3,0.799,0.86
Kepler-253,3,0.847339,0.83
Kepler-253,3,0.79,0.874
Kepler-253,3,0.71,0.808
Kepler-253,3,0.81,0.85
Kepler-253,3,0.79,0.874
Kepler-253,3,0.815,NA
Kepler-253,3,0.847339,0.83
Kepler-253,3,0.775,0.869
Kepler-254,3,0.91,NA
Kepler-254,3,0.931,NA
Kepler-254,3,0.885,0.975
Kepler-254,3,1.06,0.943
Kepler-254,3,0.914836,0.99
Kepler-254,3,0.914836,0.99
Kepler-254,3,0.885,0.975
Kepler-254,3,0.902,0.849
Kepler-254,3,0.885,0.975
Kepler-254,3,0.914836,0.99
Kepler-254,3,0.9,0.93
Kepler-254,3,0.92,1.021
Kepler-254,3,0.902,0.849
Kepler-254,3,0.931,NA
Kepler-254,3,0.92,1.021
Kepler-254,3,0.91,NA
Kepler-254,3,0.885,0.975
Kepler-254,3,0.885,0.975
Kepler-254,3,0.9,0.93
Kepler-254,3,0.914836,0.99
Kepler-254,3,0.914836,0.99
Kepler-254,3,0.885,0.97
Kepler-254,3,1.06,0.943
Kepler-254,3,0.914836,0.99
Kepler-254,3,0.885,0.975
Kepler-254,3,0.902,0.849
Kepler-254,3,0.9,0.93
Kepler-254,3,1.06,0.943
Kepler-254,3,0.914836,0.99
Kepler-254,3,0.92,1.021
Kepler-254,3,0.885,0.975
Kepler-254,3,0.91,NA
Kepler-254,3,0.885,0.975
Kepler-254,3,0.885,0.97
Kepler-254,3,0.914836,0.99
Kepler-254,3,0.931,NA
Kepler-254,3,0.885,0.975
Kepler-254,3,0.914836,0.99
Kepler-255,3,0.933,NA
Kepler-255,3,0.887,1.009
Kepler-255,3,0.887,1.009
Kepler-255,3,0.86,0.9
Kepler-255,3,1.02495,0.86
Kepler-255,3,0.926,NA
Kepler-255,3,1.013,0.867
Kepler-255,3,0.887,1.009
Kepler-255,3,1.02495,0.86
Kepler-255,3,0.8,0.878
Kepler-255,3,0.926,NA
Kepler-255,3,1.02495,0.86
Kepler-255,3,1.013,0.867
Kepler-255,3,0.887,1.009
Kepler-255,3,1.02495,0.86
Kepler-255,3,0.86,0.9
Kepler-255,3,1.02495,0.86
Kepler-255,3,0.887,1.009
Kepler-255,3,0.8,0.878
Kepler-255,3,0.887,1.009
Kepler-255,3,0.933,NA
Kepler-255,3,0.8,0.878
Kepler-255,3,0.887,1.009
Kepler-255,3,0.887,1.009
Kepler-255,3,0.86,0.9
Kepler-255,3,1.02495,0.86
Kepler-255,3,1.02495,0.86
Kepler-255,3,0.926,NA
Kepler-255,3,1.013,0.867
Kepler-255,3,0.887,1.009
Kepler-256,4,0.965,1.075
Kepler-256,4,0.89,1
Kepler-256,4,0.965,1.075
Kepler-256,4,1.301,NA
Kepler-256,4,1.14,0.97
Kepler-256,4,0.965,1.075
Kepler-256,4,0.985,NA
Kepler-256,4,1.25,0.949
Kepler-256,4,1.00285,0.98
Kepler-256,4,0.963,1.037
Kepler-256,4,1.00285,0.98
Kepler-256,4,0.985,NA
Kepler-256,4,1.00285,0.98
Kepler-256,4,1.301,NA
Kepler-256,4,1.25,0.949
Kepler-256,4,0.89,1
Kepler-256,4,1.14,0.97
Kepler-256,4,0.965,1.075
Kepler-256,4,0.963,1.037
Kepler-256,4,0.965,1.075
Kepler-256,4,1.00285,0.98
Kepler-256,4,0.965,1.075
Kepler-256,4,0.965,1.075
Kepler-256,4,0.985,NA
Kepler-256,4,0.965,1.075
Kepler-256,4,1.00285,0.98
Kepler-256,4,0.89,1
Kepler-256,4,0.965,1.075
Kepler-256,4,1.00285,0.98
Kepler-256,4,1.14,0.97
Kepler-256,4,1.25,0.949
Kepler-256,4,0.963,1.037
Kepler-256,4,1.301,NA
Kepler-256,4,0.965,1.075
Kepler-256,4,1.00285,0.98
Kepler-256,4,0.965,1.075
Kepler-256,4,0.89,1
Kepler-256,4,0.965,1.075
Kepler-256,4,0.963,1.037
Kepler-256,4,1.14,0.97
Kepler-256,4,1.301,NA
Kepler-256,4,0.985,NA
Kepler-256,4,1.00285,0.98
Kepler-256,4,1.00285,0.98
Kepler-256,4,1.25,0.949
Kepler-257,3,0.973,0.868
Kepler-257,3,0.75,0.74
Kepler-257,3,1.037,NA
Kepler-257,3,0.81,0.85
Kepler-257,3,0.87259,0.82
Kepler-257,3,0.801,0.916
Kepler-257,3,0.87259,0.82
Kepler-257,3,0.973,0.868
Kepler-257,3,0.973,0.868
Kepler-257,3,0.973,0.868
Kepler-257,3,0.87259,0.82
Kepler-257,3,0.87259,0.82
Kepler-257,3,0.87259,0.82
Kepler-257,3,0.87259,0.82
Kepler-257,3,0.75,0.74
Kepler-257,3,0.973,0.868
Kepler-257,3,1.037,NA
Kepler-257,3,0.801,0.916
Kepler-257,3,0.973,0.868
Kepler-257,3,0.973,0.868
Kepler-257,3,0.973,0.868
Kepler-257,3,0.81,0.85
Kepler-257,3,0.973,0.868
Kepler-257,3,0.87259,0.82
Kepler-257,3,0.87259,0.82
Kepler-257,3,0.973,0.868
Kepler-257,3,0.801,0.916
Kepler-257,3,0.81,0.85
Kepler-257,3,0.973,0.868
Kepler-257,3,0.87259,0.82
Kepler-257,3,0.75,0.74
Kepler-257,3,1.037,NA
Kepler-257,3,0.973,0.868
Kepler-258,2,0.885,0.827
Kepler-258,2,0.733995,0.785
Kepler-258,2,0.885,0.827
Kepler-258,2,0.77,0.82
Kepler-258,2,0.915,NA
Kepler-258,2,0.733995,0.785
Kepler-258,2,0.885,0.827
Kepler-258,2,0.68,0.7
Kepler-258,2,0.733995,0.785
Kepler-258,2,0.739,NA
Kepler-258,2,0.885,0.827
Kepler-258,2,0.885,0.827
Kepler-258,2,0.68,0.7
Kepler-258,2,0.885,0.827
Kepler-258,2,0.733995,0.785
Kepler-258,2,0.739,NA
Kepler-258,2,0.733995,0.785
Kepler-258,2,0.733995,0.785
Kepler-258,2,0.885,0.827
Kepler-258,2,0.885,0.827
Kepler-258,2,0.77,0.82
Kepler-258,2,0.915,NA
Kepler-259,2,0.91,1.015
Kepler-259,2,0.887,0.978
Kepler-259,2,0.9,0.93
Kepler-259,2,0.887,0.978
Kepler-259,2,0.897,0.867
Kepler-259,2,0.887,0.978
Kepler-259,2,0.886966,0.99
Kepler-259,2,0.919,NA
Kepler-259,2,0.887,0.978
Kepler-259,2,0.886966,0.99
Kepler-259,2,0.886966,0.99
Kepler-259,2,0.898,NA
Kepler-259,2,0.9,0.93
Kepler-259,2,0.887,0.978
Kepler-259,2,0.886966,0.99
Kepler-259,2,0.91,1.015
Kepler-259,2,0.886966,0.99
Kepler-259,2,0.897,0.867
Kepler-259,2,0.887,0.978
Kepler-259,2,0.919,NA
Kepler-259,2,0.887,0.978
Kepler-259,2,0.886966,0.99
Kepler-259,2,0.887,0.978
Kepler-259,2,0.898,NA
Kepler-26,4,0.53,0.55
Kepler-26,4,0.460589,0.7
Kepler-26,4,0.447,0.466
Kepler-26,4,0.53,0.55
Kepler-26,4,0.577,0.634
Kepler-26,4,0.54,0.54
Kepler-26,4,0.6,0.62
Kepler-26,4,0.604,0.643
Kepler-26,4,0.512,0.544
Kepler-26,4,0.595,0.593
Kepler-26,4,0.59,0.65
Kepler-26,4,0.460589,0.7
Kepler-26,4,0.53,0.55
Kepler-26,4,0.53,0.55
Kepler-26,4,0.537,0.537
Kepler-26,4,0.606,NA
Kepler-26,4,0.460589,0.7
Kepler-26,4,0.53,0.55
Kepler-26,4,0.6,0.62
Kepler-26,4,0.460589,0.7
Kepler-26,4,0.460589,0.7
Kepler-26,4,0.537,0.537
Kepler-26,4,0.577,0.634
Kepler-26,4,0.53,0.55
Kepler-26,4,0.53,0.55
Kepler-26,4,0.460589,0.7
Kepler-26,4,0.606,NA
Kepler-26,4,0.604,0.643
Kepler-26,4,0.512,0.544
Kepler-26,4,0.54,0.54
Kepler-26,4,0.59,0.65
Kepler-26,4,0.595,0.593
Kepler-26,4,NA,0.5
Kepler-26,4,0.447,0.466
Kepler-26,4,0.53,0.55
Kepler-26,4,0.577,0.634
Kepler-26,4,0.447,0.466
Kepler-26,4,0.53,0.55
Kepler-26,4,0.460589,0.7
Kepler-26,4,0.53,0.55
Kepler-26,4,0.571,NA
Kepler-26,4,0.606,NA
Kepler-26,4,0.537,0.537
Kepler-26,4,0.53,0.55
Kepler-26,4,0.53,0.55
Kepler-26,4,0.460589,0.7
Kepler-26,4,0.6,0.62
Kepler-26,4,0.604,0.643
Kepler-26,4,0.460589,0.7
Kepler-26,4,0.577,0.634
Kepler-26,4,0.604,0.643
Kepler-26,4,0.447,0.466
Kepler-26,4,0.571,NA
Kepler-26,4,0.53,0.55
Kepler-26,4,0.460589,0.7
Kepler-26,4,0.53,0.55
Kepler-26,4,0.460589,0.7
Kepler-26,4,0.606,NA
Kepler-26,4,0.53,0.55
Kepler-26,4,0.537,0.537
Kepler-26,4,0.460589,0.7
Kepler-26,4,0.6,0.62
Kepler-260,2,1.08729,0.9
Kepler-260,2,0.88,0.92
Kepler-260,2,1.08729,0.9
Kepler-260,2,0.931,NA
Kepler-260,2,0.849,0.821
Kepler-260,2,0.832,0.933
Kepler-260,2,0.9,0.9
Kepler-260,2,1.08729,0.9
Kepler-260,2,0.862,NA
Kepler-260,2,0.917,1.013
Kepler-260,2,0.832,0.933
Kepler-260,2,0.832,0.933
Kepler-260,2,0.862,NA
Kepler-260,2,0.88,0.92
Kepler-260,2,1.08729,0.9
Kepler-260,2,0.832,0.933
Kepler-260,2,0.9,0.9
Kepler-260,2,0.931,NA
Kepler-260,2,1.08729,0.9
Kepler-260,2,0.917,1.013
Kepler-260,2,0.832,0.933
Kepler-260,2,0.849,0.821
Kepler-260,2,0.832,0.933
Kepler-260,2,1.08729,0.9
Kepler-261,2,0.738221,0.862
Kepler-261,2,0.738221,0.862
Kepler-261,2,0.794,NA
Kepler-261,2,0.75,NA
Kepler-261,2,0.8,0.85
Kepler-261,2,0.774,0.865
Kepler-261,2,0.799,0.876
Kepler-261,2,0.78,0.816
Kepler-261,2,0.738221,0.862
Kepler-261,2,0.774,0.865
Kepler-261,2,0.774,0.865
Kepler-261,2,0.749,0.834
Kepler-261,2,0.774,0.865
Kepler-261,2,0.738221,0.862
Kepler-261,2,0.8,0.85
Kepler-261,2,0.738221,0.862
Kepler-261,2,0.794,NA
Kepler-261,2,0.78,0.816
Kepler-261,2,0.799,0.876
Kepler-261,2,0.749,0.834
Kepler-261,2,0.738221,0.862
Kepler-261,2,0.774,0.865
Kepler-261,2,0.75,NA
Kepler-261,2,0.774,0.865
Kepler-262,2,0.876,0.97
Kepler-262,2,0.959919,0.95
Kepler-262,2,0.825,NA
Kepler-262,2,1.05,1.03
Kepler-262,2,0.88,0.986
Kepler-262,2,0.816,0.816
Kepler-262,2,0.881,NA
Kepler-262,2,0.959919,0.95
Kepler-262,2,0.876,0.97
Kepler-262,2,0.876,0.97
Kepler-262,2,0.959919,0.95
Kepler-262,2,0.876,0.97
Kepler-262,2,0.876,0.97
Kepler-262,2,0.881,NA
Kepler-262,2,0.959919,0.95
Kepler-262,2,0.959919,0.95
Kepler-262,2,0.825,NA
Kepler-262,2,0.88,0.986
Kepler-262,2,0.876,0.97
Kepler-262,2,0.876,0.97
Kepler-262,2,1.05,1.03
Kepler-262,2,0.816,0.816
Kepler-262,2,0.959919,0.95
Kepler-262,2,0.876,0.97
Kepler-263,2,0.731962,0.88
Kepler-263,2,0.77,0.801
Kepler-263,2,0.716,0.749
Kepler-263,2,0.781,0.829
Kepler-263,2,0.785,NA
Kepler-263,2,0.85,0.89
Kepler-263,2,0.781,0.829
Kepler-263,2,0.714,0.793
Kepler-263,2,0.731962,0.88
Kepler-263,2,0.781,0.829
Kepler-263,2,0.731962,0.88
Kepler-263,2,0.727,NA
Kepler-263,2,0.727,NA
Kepler-263,2,0.85,0.89
Kepler-263,2,0.716,0.749
Kepler-263,2,0.731962,0.88
Kepler-263,2,0.781,0.829
Kepler-263,2,0.77,0.801
Kepler-263,2,0.785,NA
Kepler-263,2,0.731962,0.88
Kepler-263,2,0.731962,0.88
Kepler-263,2,0.781,0.829
Kepler-263,2,0.781,0.829
Kepler-263,2,0.714,0.793
Kepler-264,2,2.02,1.46
Kepler-264,2,2.397,1.316
Kepler-264,2,1.8855,1.21
Kepler-264,2,1.55,NA
Kepler-264,2,1.957,1.426
Kepler-264,2,2.397,1.316
Kepler-264,2,2.397,1.316
Kepler-264,2,2.43,1.37
Kepler-264,2,1.8855,1.21
Kepler-264,2,1.8855,1.21
Kepler-264,2,1.99,NA
Kepler-264,2,2.097,1.472
Kepler-264,2,2.43,1.37
Kepler-264,2,2.397,1.316
Kepler-264,2,1.957,1.426
Kepler-264,2,1.99,NA
Kepler-264,2,2.097,1.472
Kepler-264,2,1.8855,1.21
Kepler-264,2,1.8855,1.21
Kepler-264,2,2.397,1.316
Kepler-264,2,2.02,1.46
Kepler-264,2,1.55,NA
Kepler-264,2,2.397,1.316
Kepler-265,4,0.973,NA
Kepler-265,4,0.983,1.045
Kepler-265,4,0.983,1.045
Kepler-265,4,0.983,1.045
Kepler-265,4,1.103,NA
Kepler-265,4,1.07,1.15
Kepler-265,4,0.945,0.97
Kepler-265,4,0.942897,1.09
Kepler-265,4,0.942897,1.09
Kepler-265,4,1.067,0.881
Kepler-265,4,1.03,0.98
Kepler-265,4,1.07,1.15
Kepler-265,4,0.983,1.045
Kepler-265,4,0.942897,1.09
Kepler-265,4,0.973,NA
Kepler-265,4,0.942897,1.09
Kepler-265,4,0.942897,1.09
Kepler-265,4,0.983,1.045
Kepler-265,4,0.983,1.045
Kepler-265,4,1.03,0.98
Kepler-265,4,1.067,0.881
Kepler-265,4,1.103,NA
Kepler-265,4,0.945,0.97
Kepler-265,4,0.945,0.97
Kepler-265,4,1.07,1.15
Kepler-265,4,1.03,0.98
Kepler-265,4,0.983,1.045
Kepler-265,4,0.942897,1.09
Kepler-265,4,1.103,NA
Kepler-265,4,1.067,0.881
Kepler-265,4,0.983,1.045
Kepler-265,4,0.942897,1.09
Kepler-265,4,0.973,NA
Kepler-265,4,0.983,1.045
Kepler-265,4,0.983,1.045
Kepler-265,4,0.942897,1.09
Kepler-265,4,0.942897,1.09
Kepler-265,4,0.983,1.045
Kepler-265,4,0.973,NA
Kepler-265,4,0.983,1.045
Kepler-265,4,0.942897,1.09
Kepler-265,4,1.067,0.881
Kepler-265,4,0.945,0.97
Kepler-265,4,1.103,NA
Kepler-265,4,1.03,0.98
Kepler-265,4,1.07,1.15
Kepler-266,2,1.019,1.053
Kepler-266,2,1.019,1.053
Kepler-266,2,1.02,1.06
Kepler-266,2,1.019,1.053
Kepler-266,2,1.11215,0.97
Kepler-266,2,1.121,NA
Kepler-266,2,1.028,NA
Kepler-266,2,1.11215,0.97
Kepler-266,2,1.294,0.947
Kepler-266,2,1.11215,0.97
Kepler-266,2,0.88,0.91
Kepler-266,2,1.294,0.947
Kepler-266,2,1.019,1.053
Kepler-266,2,1.028,NA
Kepler-266,2,1.121,NA
Kepler-266,2,0.88,0.91
Kepler-266,2,1.11215,0.97
Kepler-266,2,1.11215,0.97
Kepler-266,2,1.019,1.053
Kepler-266,2,1.019,1.053
Kepler-266,2,1.11215,0.97
Kepler-266,2,1.02,1.06
Kepler-267,3,0.537,NA
Kepler-267,3,0.545921,0.541571
Kepler-267,3,0.545921,0.541571
Kepler-267,3,0.552,0.592
Kepler-267,3,0.523,0.551
Kepler-267,3,0.47,0.49
Kepler-267,3,0.46,0.467
Kepler-267,3,0.555,NA
Kepler-267,3,0.545921,0.541571
Kepler-267,3,0.527,0.552
Kepler-267,3,0.552,0.592
Kepler-267,3,0.54,0.56
Kepler-267,3,0.47,0.49
Kepler-267,3,0.545921,0.541571
Kepler-267,3,0.47,0.49
Kepler-267,3,NA,NA
Kepler-267,3,0.47,0.49
Kepler-267,3,0.47,0.49
Kepler-267,3,0.47,0.49
Kepler-267,3,0.555,NA
Kepler-267,3,NA,NA
Kepler-267,3,0.545921,0.541571
Kepler-267,3,0.47,0.49
Kepler-267,3,0.537,NA
Kepler-267,3,0.545921,0.541571
Kepler-267,3,0.552,0.592
Kepler-267,3,0.545921,0.541571
Kepler-267,3,0.46,0.467
Kepler-267,3,0.527,0.552
Kepler-267,3,0.545921,0.541571
Kepler-267,3,0.523,0.551
Kepler-267,3,0.552,0.592
Kepler-267,3,0.54,0.56
Kepler-267,3,0.537,NA
Kepler-267,3,0.523,0.551
Kepler-267,3,0.545921,0.541571
Kepler-267,3,0.47,0.49
Kepler-267,3,0.545921,0.541571
Kepler-267,3,0.545921,0.541571
Kepler-267,3,0.47,0.49
Kepler-267,3,0.555,NA
Kepler-267,3,0.527,0.552
Kepler-267,3,0.545921,0.541571
Kepler-267,3,NA,NA
Kepler-267,3,0.46,0.467
Kepler-267,3,0.47,0.49
Kepler-267,3,0.54,0.56
Kepler-267,3,0.552,0.592
Kepler-268,2,1.22,1.13
Kepler-268,2,1.274,NA
Kepler-268,2,1.33236,1.11
Kepler-268,2,1.131,1.074
Kepler-268,2,1.33236,1.11
Kepler-268,2,1.225,1.059
Kepler-268,2,1.131,1.074
Kepler-268,2,1.131,1.074
Kepler-268,2,1.242,1.109
Kepler-268,2,1.33236,1.11
Kepler-268,2,1.265,NA
Kepler-268,2,1.13,1.13
Kepler-268,2,1.131,1.074
Kepler-268,2,1.22,1.13
Kepler-268,2,1.242,1.109
Kepler-268,2,1.131,1.074
Kepler-268,2,1.225,1.059
Kepler-268,2,1.274,NA
Kepler-268,2,1.33236,1.11
Kepler-268,2,1.131,1.074
Kepler-268,2,1.33236,1.11
Kepler-268,2,1.265,NA
Kepler-268,2,1.13,1.13
Kepler-268,2,1.33236,1.11
Kepler-269,2,1.633,1.171
Kepler-269,2,0.959,NA
Kepler-269,2,0.89,0.92
Kepler-269,2,0.921,1.016
Kepler-269,2,0.921,1.016
Kepler-269,2,1.718,NA
Kepler-269,2,1.70099,0.96
Kepler-269,2,0.921,1.016
Kepler-269,2,1.70099,0.96
Kepler-269,2,0.89,1.04
Kepler-269,2,0.921,1.016
Kepler-269,2,1.70099,0.96
Kepler-269,2,1.70099,0.96
Kepler-269,2,0.921,1.016
Kepler-269,2,0.921,1.016
Kepler-269,2,0.89,1.04
Kepler-269,2,0.921,1.016
Kepler-269,2,1.718,NA
Kepler-269,2,1.633,1.171
Kepler-269,2,0.921,1.016
Kepler-269,2,0.89,0.92
Kepler-269,2,0.959,NA
Kepler-269,2,1.70099,0.96
Kepler-27,3,0.85,0.95
Kepler-27,3,0.863,0.981
Kepler-27,3,0.744,0.885
Kepler-27,3,0.919,0.996
Kepler-27,3,0.782203,0.94
Kepler-27,3,0.817,0.926
Kepler-27,3,0.863,0.981
Kepler-27,3,0.59,0.65
Kepler-27,3,0.761,NA
Kepler-27,3,0.863,0.98
Kepler-27,3,0.782203,0.94
Kepler-27,3,0.863,0.981
Kepler-27,3,0.919,0.996
Kepler-27,3,0.782203,0.94
Kepler-27,3,0.863,0.981
Kepler-27,3,0.782203,0.94
Kepler-27,3,0.59,0.65
Kepler-27,3,0.863,0.98
Kepler-27,3,0.744,0.885
Kepler-27,3,0.85,0.95
Kepler-27,3,0.863,0.981
Kepler-27,3,0.817,0.926
Kepler-27,3,0.761,NA
Kepler-27,3,0.863,0.981
Kepler-27,3,0.744,0.885
Kepler-27,3,0.817,0.926
Kepler-27,3,0.863,0.981
Kepler-27,3,0.817,0.926
Kepler-27,3,0.782203,0.94
Kepler-27,3,0.782203,0.94
Kepler-27,3,0.919,0.996
Kepler-27,3,0.863,0.981
Kepler-27,3,0.863,0.981
Kepler-270,2,1.35,1.17
Kepler-270,2,1.252,NA
Kepler-270,2,1.461,NA
Kepler-270,2,1.26499,1.16
Kepler-270,2,1.3,1.155
Kepler-270,2,1.28,1.17
Kepler-270,2,1.3,1.155
Kepler-270,2,1.26499,1.16
Kepler-270,2,1.26499,1.16
Kepler-270,2,1.226,1.17
Kepler-270,2,1.41,1.156
Kepler-270,2,1.3,1.155
Kepler-270,2,1.252,NA
Kepler-270,2,1.41,1.156
Kepler-270,2,1.3,1.155
Kepler-270,2,1.28,1.17
Kepler-270,2,1.26499,1.16
Kepler-270,2,1.226,1.17
Kepler-270,2,1.3,1.155
Kepler-270,2,1.461,NA
Kepler-270,2,1.35,1.17
Kepler-270,2,1.26499,1.16
Kepler-270,2,1.3,1.155
Kepler-270,2,1.26499,1.16
Kepler-271,3,0.849,0.829
Kepler-271,3,0.895,0.82
Kepler-271,3,0.856,NA
Kepler-271,3,0.780963,1
Kepler-271,3,0.780963,1
Kepler-271,3,0.780963,1
Kepler-271,3,0.87,0.9
Kepler-271,3,0.895,0.82
Kepler-271,3,0.97,0.925
Kepler-271,3,0.895,0.82
Kepler-271,3,0.88,NA
Kepler-271,3,0.853,0.838
Kepler-271,3,0.895,0.82
Kepler-271,3,0.97,0.925
Kepler-271,3,0.895,0.82
Kepler-271,3,0.780963,1
Kepler-271,3,0.895,0.82
Kepler-271,3,0.856,NA
Kepler-271,3,0.853,0.838
Kepler-271,3,0.780963,1
Kepler-271,3,0.87,0.9
Kepler-271,3,0.88,NA
Kepler-271,3,0.849,0.829
Kepler-271,3,0.780963,1
Kepler-271,3,0.87,0.9
Kepler-271,3,0.849,0.829
Kepler-271,3,0.895,0.82
Kepler-271,3,0.780963,1
Kepler-271,3,0.97,0.925
Kepler-271,3,0.856,NA
Kepler-271,3,0.853,0.838
Kepler-271,3,0.895,0.82
Kepler-271,3,0.780963,1
Kepler-271,3,0.895,0.82
Kepler-272,3,1.209,0.91
Kepler-272,3,0.84,0.79
Kepler-272,3,0.929,NA
Kepler-272,3,0.849,0.776
Kepler-272,3,0.849,0.78
Kepler-272,3,1.233,NA
Kepler-272,3,1.17661,0.97
Kepler-272,3,0.849,0.776
Kepler-272,3,1.004,0.865
Kepler-272,3,0.95,0.97
Kepler-272,3,1.17661,0.97
Kepler-272,3,0.849,0.776
Kepler-272,3,1.17661,0.97
Kepler-272,3,1.17661,0.97
Kepler-272,3,0.849,0.776
Kepler-272,3,0.849,0.776
Kepler-272,3,0.929,NA
Kepler-272,3,1.233,NA
Kepler-272,3,1.209,0.91
Kepler-272,3,1.004,0.865
Kepler-272,3,0.84,0.79
Kepler-272,3,0.849,0.776
Kepler-272,3,1.17661,0.97
Kepler-272,3,0.95,0.97
Kepler-272,3,0.849,0.78
Kepler-272,3,0.929,NA
Kepler-272,3,0.849,0.776
Kepler-272,3,1.209,0.91
Kepler-272,3,0.849,0.776
Kepler-272,3,1.004,0.865
Kepler-272,3,0.84,0.79
Kepler-272,3,1.17661,0.97
Kepler-272,3,1.233,NA
Kepler-272,3,0.95,0.97
Kepler-272,3,1.17661,0.97
Kepler-272,3,1.17661,0.97
Kepler-272,3,0.849,0.776
Kepler-273,2,0.815,0.777
Kepler-273,2,0.815,0.777
Kepler-273,2,0.759979,0.95
Kepler-273,2,0.78,0.756
Kepler-273,2,0.815,NA
Kepler-273,2,0.815,0.777
Kepler-273,2,0.759979,0.95
Kepler-273,2,0.9,0.916
Kepler-273,2,1.002,0.867
Kepler-273,2,0.92,0.94
Kepler-273,2,0.794,NA
Kepler-273,2,0.794,NA
Kepler-273,2,1.002,0.867
Kepler-273,2,0.9,0.916
Kepler-273,2,0.815,NA
Kepler-273,2,0.78,0.756
Kepler-273,2,0.92,0.94
Kepler-273,2,0.815,0.777
Kepler-273,2,0.759979,0.95
Kepler-273,2,0.815,0.777
Kepler-273,2,0.815,0.777
Kepler-273,2,0.759979,0.95
Kepler-273,2,0.759979,0.95
Kepler-274,2,1.008,0.987
Kepler-274,2,1.27,NA
Kepler-274,2,1.007,NA
Kepler-274,2,1.008,0.987
Kepler-274,2,1.548,1.019
Kepler-274,2,1.30739,1.01
Kepler-274,2,1.1,1.08
Kepler-274,2,1.30739,1.01
Kepler-274,2,1.008,0.987
Kepler-274,2,1.232,0.883
Kepler-274,2,1.1,1.08
Kepler-274,2,1.30739,1.01
Kepler-274,2,1.30739,1.01
Kepler-274,2,1.007,NA
Kepler-274,2,1.30739,1.01
Kepler-274,2,1.232,0.883
Kepler-274,2,1.008,0.987
Kepler-274,2,1.008,0.987
Kepler-274,2,1.548,1.019
Kepler-274,2,1.008,0.987
Kepler-274,2,1.27,NA
Kepler-275,3,1.4,1.189
Kepler-275,3,1.28,1.16
Kepler-275,3,1.283,1.339
Kepler-275,3,1.468,NA
Kepler-275,3,1.283,1.339
Kepler-275,3,1.33,1.08
Kepler-275,3,1.383,NA
Kepler-275,3,1.14,1.198
Kepler-275,3,1.44365,1.2
Kepler-275,3,1.44365,1.2
Kepler-275,3,1.283,1.339
Kepler-275,3,1.283,1.339
Kepler-275,3,1.44365,1.2
Kepler-275,3,1.383,NA
Kepler-275,3,1.44365,1.2
Kepler-275,3,1.44365,1.2
Kepler-275,3,1.283,1.339
Kepler-275,3,1.4,1.189
Kepler-275,3,1.14,1.198
Kepler-275,3,1.283,1.339
Kepler-275,3,1.28,1.16
Kepler-275,3,1.33,1.08
Kepler-275,3,1.468,NA
Kepler-275,3,1.383,NA
Kepler-275,3,1.283,1.339
Kepler-275,3,1.4,1.189
Kepler-275,3,1.44365,1.2
Kepler-275,3,1.44365,1.2
Kepler-275,3,1.33,1.08
Kepler-275,3,1.283,1.339
Kepler-275,3,1.468,NA
Kepler-275,3,1.44365,1.2
Kepler-275,3,1.14,1.198
Kepler-275,3,1.283,1.339
Kepler-275,3,1.28,1.16
Kepler-276,3,1.046,NA
Kepler-276,3,0.95,1.05
Kepler-276,3,0.889,0.845
Kepler-276,3,0.914,NA
Kepler-276,3,0.910298,1.03
Kepler-276,3,0.910298,1.03
Kepler-276,3,1.03,1.02
Kepler-276,3,0.87,0.845
Kepler-276,3,1.026,1.099
Kepler-276,3,1.026,1.099
Kepler-276,3,1.026,1.099
Kepler-276,3,0.910298,1.03
Kepler-276,3,0.974,1.037
Kepler-276,3,1.026,1.1
Kepler-276,3,1.026,1.099
Kepler-276,3,0.95,1.05
Kepler-276,3,0.889,0.845
Kepler-276,3,0.914,NA
Kepler-276,3,0.910298,1.03
Kepler-276,3,0.974,1.037
Kepler-276,3,0.87,0.845
Kepler-276,3,1.026,1.099
Kepler-276,3,1.03,1.02
Kepler-276,3,1.03,1.1
Kepler-276,3,0.910298,1.03
Kepler-276,3,1.026,1.099
Kepler-276,3,1.026,1.099
Kepler-276,3,0.910298,1.03
Kepler-276,3,1.026,1.099
Kepler-276,3,1.03,1.1
Kepler-276,3,0.87,0.845
Kepler-276,3,1.026,1.099
Kepler-276,3,0.910298,1.03
Kepler-276,3,1.026,1.1
Kepler-276,3,0.95,1.05
Kepler-276,3,0.910298,1.03
Kepler-276,3,1.03,1.02
Kepler-276,3,0.974,1.037
Kepler-276,3,0.914,NA
Kepler-276,3,0.889,0.845
Kepler-277,2,1.692,1.125
Kepler-277,2,1.714,1.263
Kepler-277,2,1.83166,1.08
Kepler-277,2,1.57,1.21
Kepler-277,2,1.769,NA
Kepler-277,2,1.83166,1.08
Kepler-277,2,1.65,1.199
Kepler-277,2,1.857,1.179
Kepler-277,2,1.692,1.12
Kepler-277,2,1.731,1.263
Kepler-277,2,1.83166,1.08
Kepler-277,2,1.692,1.125
Kepler-277,2,1.69,1.12
Kepler-277,2,1.692,1.125
Kepler-277,2,1.692,1.125
Kepler-277,2,1.83166,1.08
Kepler-277,2,1.714,1.263
Kepler-277,2,1.692,1.125
Kepler-277,2,1.692,1.12
Kepler-277,2,1.857,1.179
Kepler-277,2,1.69,1.12
Kepler-277,2,1.65,1.199
Kepler-277,2,1.731,1.263
Kepler-277,2,1.692,1.125
Kepler-277,2,1.769,NA
Kepler-277,2,1.57,1.21
Kepler-277,2,1.83166,1.08
Kepler-277,2,1.83166,1.08
Kepler-278,2,2.75,1.13
Kepler-278,2,2.935,1.298
Kepler-278,2,2.935,1.298
Kepler-278,2,2.861,1.227
Kepler-278,2,2.97435,NA
Kepler-278,2,3.051,1.414
Kepler-278,2,2.97435,NA
Kepler-278,2,1.83,1.079
Kepler-278,2,2.83,NA
Kepler-278,2,2.97435,NA
Kepler-278,2,2.791,1.414
Kepler-278,2,2.935,NA
Kepler-278,2,2.97435,NA
Kepler-278,2,2.935,1.298
Kepler-278,2,2.75,1.13
Kepler-278,2,2.861,1.227
Kepler-278,2,3.051,1.414
Kepler-278,2,2.935,1.298
Kepler-278,2,2.83,NA
Kepler-278,2,2.791,1.414
Kepler-278,2,2.97435,NA
Kepler-278,2,2.97435,NA
Kepler-278,2,2.97435,NA
Kepler-278,2,1.83,1.079
Kepler-278,2,2.935,1.298
Kepler-278,2,2.935,NA
Kepler-278,2,2.97435,NA
Kepler-278,2,2.935,1.298
Kepler-279,4,1.43,1.164
Kepler-279,4,1.697,1.164
Kepler-279,4,1.067,1.097
Kepler-279,4,1.27,1.31
Kepler-279,4,1.35292,1.42
Kepler-279,4,1.35292,1.42
Kepler-279,4,1.067,1.097
Kepler-279,4,1.067,1.097
Kepler-279,4,1.746,NA
Kepler-279,4,1.43,NA
Kepler-279,4,1.35292,1.42
Kepler-279,4,1.66,1.32
Kepler-279,4,1.27,1.31
Kepler-279,4,1.35292,1.42
Kepler-279,4,1.66,1.32
Kepler-279,4,1.07,1.1
Kepler-279,4,1.067,1.097
Kepler-279,4,1.43,1.164
Kepler-279,4,1.067,1.097
Kepler-279,4,NA,1.2
Kepler-279,4,1.697,1.164
Kepler-279,4,1.067,1.097
Kepler-279,4,1.35292,1.42
Kepler-279,4,1.43,NA
Kepler-279,4,1.35292,1.42
Kepler-279,4,1.067,1.097
Kepler-279,4,1.067,1.097
Kepler-279,4,1.07,1.1
Kepler-279,4,1.43,NA
Kepler-279,4,1.067,1.097
Kepler-279,4,1.66,1.32
Kepler-279,4,1.43,1.164
Kepler-279,4,1.27,1.31
Kepler-279,4,NA,1.2
Kepler-279,4,1.35292,1.42
Kepler-279,4,1.697,1.164
Kepler-279,4,1.43,1.164
Kepler-279,4,1.35292,1.42
Kepler-28,2,0.641,0.701
Kepler-28,2,0.57,0.59
Kepler-28,2,0.57,0.59
Kepler-28,2,0.57,0.59
Kepler-28,2,0.71,0.77
Kepler-28,2,0.57,0.59
Kepler-28,2,0.664,0.684
Kepler-28,2,0.57,0.59
Kepler-28,2,0.650472,0.742
Kepler-28,2,0.7,0.75
Kepler-28,2,0.649,NA
Kepler-28,2,0.650472,0.742
Kepler-28,2,0.57,0.586
Kepler-28,2,NA,NA
Kepler-28,2,0.638,0.662
Kepler-28,2,0.650472,0.742
Kepler-28,2,0.57,0.59
Kepler-28,2,NA,NA
Kepler-28,2,0.638,0.662
Kepler-28,2,0.57,0.59
Kepler-28,2,0.664,0.684
Kepler-28,2,0.57,0.59
Kepler-28,2,0.650472,0.742
Kepler-28,2,0.57,0.586
Kepler-28,2,0.57,0.59
Kepler-28,2,0.649,NA
Kepler-28,2,0.71,0.77
Kepler-28,2,0.641,0.701
Kepler-28,2,0.57,0.59
Kepler-28,2,0.7,0.75
Kepler-280,2,0.86,0.957
Kepler-280,2,0.856,0.934
Kepler-280,2,0.856,0.934
Kepler-280,2,1.04079,0.95
Kepler-280,2,0.988,NA
Kepler-280,2,0.971,0.962
Kepler-280,2,1.04079,0.95
Kepler-280,2,0.856,0.934
Kepler-280,2,0.886,NA
Kepler-280,2,1.04079,0.95
Kepler-280,2,0.93,0.96
Kepler-280,2,1.08,0.926
Kepler-280,2,1.04079,0.95
Kepler-280,2,0.86,0.957
Kepler-280,2,0.856,0.934
Kepler-280,2,1.08,0.926
Kepler-280,2,0.93,0.96
Kepler-280,2,1.04079,0.95
Kepler-280,2,0.971,0.962
Kepler-280,2,0.886,NA
Kepler-280,2,0.988,NA
Kepler-280,2,1.04079,0.95
Kepler-280,2,0.856,0.934
Kepler-280,2,0.856,0.934
Kepler-281,3,0.884,0.984
Kepler-281,3,0.884,0.984
Kepler-281,3,1.293,NA
Kepler-281,3,1.32221,0.95
Kepler-281,3,0.899,NA
Kepler-281,3,0.93,0.95
Kepler-281,3,1.32221,0.95
Kepler-281,3,0.84,0.943
Kepler-281,3,0.884,0.984
Kepler-281,3,1.293,0.984
Kepler-281,3,0.884,0.984
Kepler-281,3,1.32221,0.95
Kepler-281,3,1.293,0.984
Kepler-281,3,1.293,0.984
Kepler-281,3,0.884,0.984
Kepler-281,3,0.884,0.984
Kepler-281,3,1.32221,0.95
Kepler-281,3,0.884,0.984
Kepler-281,3,0.93,0.95
Kepler-281,3,0.899,NA
Kepler-281,3,1.293,NA
Kepler-281,3,1.32221,0.95
Kepler-281,3,0.84,0.943
Kepler-281,3,0.884,0.984
Kepler-281,3,1.32221,0.95
Kepler-281,3,1.293,0.984
Kepler-281,3,0.884,0.984
Kepler-281,3,0.884,0.984
Kepler-281,3,1.32221,0.95
Kepler-281,3,1.293,0.984
Kepler-281,3,0.884,0.984
Kepler-281,3,0.884,0.984
Kepler-281,3,1.32221,0.95
Kepler-281,3,0.884,0.984
Kepler-281,3,1.293,0.984
Kepler-281,3,0.84,0.943
Kepler-282,4,0.887,0.968
Kepler-282,4,0.904,NA
Kepler-282,4,1.10046,1.06
Kepler-282,4,1.162,NA
Kepler-282,4,0.887,0.968
Kepler-282,4,1.129,0.86
Kepler-282,4,0.89,0.9
Kepler-282,4,1.10046,1.06
Kepler-282,4,0.99,1.082
Kepler-282,4,0.887,0.968
Kepler-282,4,0.872,0.793
Kepler-282,4,0.887,0.968
Kepler-282,4,1.10046,1.06
Kepler-282,4,0.99,1.082
Kepler-282,4,0.872,0.793
Kepler-282,4,0.904,NA
Kepler-282,4,1.10046,1.06
Kepler-282,4,1.129,0.86
Kepler-282,4,0.89,0.9
Kepler-282,4,1.162,NA
Kepler-282,4,0.887,0.968
Kepler-282,4,0.887,0.968
Kepler-282,4,1.129,0.86
Kepler-282,4,0.872,0.793
Kepler-282,4,0.887,0.968
Kepler-282,4,0.99,1.082
Kepler-282,4,0.887,0.968
Kepler-282,4,1.10046,1.06
Kepler-282,4,0.89,0.97
Kepler-282,4,0.887,0.968
Kepler-282,4,0.89,0.9
Kepler-282,4,1.162,NA
Kepler-282,4,1.10046,1.06
Kepler-282,4,1.10046,1.06
Kepler-282,4,0.99,1.082
Kepler-282,4,0.89,0.9
Kepler-282,4,1.10046,1.06
Kepler-282,4,0.89,0.97
Kepler-282,4,1.162,NA
Kepler-282,4,1.10046,1.06
Kepler-282,4,1.129,0.86
Kepler-282,4,0.872,0.793
Kepler-282,4,0.887,0.968
Kepler-282,4,0.887,0.968
Kepler-282,4,0.887,0.968
Kepler-282,4,1.10046,1.06
Kepler-283,2,0.626,0.662
Kepler-283,2,0.631396,0.664
Kepler-283,2,0.72,0.76
Kepler-283,2,0.631396,0.664
Kepler-283,2,0.72,0.76
Kepler-283,2,0.566,NA
Kepler-283,2,0.64,NA
Kepler-283,2,0.582,0.596
Kepler-283,2,0.72,0.76
Kepler-283,2,0.566,0.596
Kepler-283,2,0.631396,0.664
Kepler-283,2,0.6,0.63
Kepler-283,2,0.72,0.76
Kepler-283,2,0.631396,0.664
Kepler-283,2,0.566,NA
Kepler-283,2,0.64,NA
Kepler-283,2,0.582,0.596
Kepler-283,2,0.72,0.76
Kepler-283,2,0.72,0.76
Kepler-283,2,0.566,0.596
Kepler-283,2,0.626,0.662
Kepler-283,2,0.631396,0.664
Kepler-283,2,0.6,0.63
Kepler-283,2,0.631396,0.664
Kepler-283,2,0.72,0.76
Kepler-284,2,0.755,0.766
Kepler-284,2,0.827,0.908
Kepler-284,2,0.882,0.875
Kepler-284,2,0.87,0.91
Kepler-284,2,0.781389,0.93
Kepler-284,2,0.774,NA
Kepler-284,2,0.827,0.908
Kepler-284,2,0.781389,0.93
Kepler-284,2,0.82,0.923
Kepler-284,2,0.781389,0.93
Kepler-284,2,0.814,NA
Kepler-284,2,0.827,0.908
Kepler-284,2,0.755,0.766
Kepler-284,2,0.781389,0.93
Kepler-284,2,0.827,0.908
Kepler-284,2,0.87,0.91
Kepler-284,2,0.814,NA
Kepler-284,2,0.827,0.908
Kepler-284,2,0.882,0.875
Kepler-284,2,0.781389,0.93
Kepler-284,2,0.781389,0.93
Kepler-284,2,0.827,0.908
Kepler-284,2,0.82,0.923
Kepler-284,2,0.774,NA
Kepler-285,2,0.859,NA
Kepler-285,2,0.846,0.915
Kepler-285,2,0.878,0.817
Kepler-285,2,0.865843,0.91
Kepler-285,2,0.808,NA
Kepler-285,2,0.801,0.895
Kepler-285,2,0.81,0.85
Kepler-285,2,0.801,0.895
Kepler-285,2,0.76,0.865
Kepler-285,2,0.801,0.895
Kepler-285,2,0.865843,0.91
Kepler-285,2,0.865843,0.91
Kepler-285,2,0.801,0.895
Kepler-285,2,0.846,0.915
Kepler-285,2,0.808,NA
Kepler-285,2,0.859,NA
Kepler-285,2,0.801,0.895
Kepler-285,2,0.878,0.817
Kepler-285,2,0.81,0.85
Kepler-285,2,0.76,0.865
Kepler-285,2,0.801,0.895
Kepler-285,2,0.865843,0.91
Kepler-286,4,0.881,NA
Kepler-286,4,0.93,1.03
Kepler-286,4,0.856,0.83
Kepler-286,4,0.908,0.996
Kepler-286,4,0.908,0.996
Kepler-286,4,0.863,NA
Kepler-286,4,0.929313,0.99
Kepler-286,4,0.908,0.996
Kepler-286,4,0.829,0.8
Kepler-286,4,0.91,0.96
Kepler-286,4,0.929313,0.99
Kepler-286,4,0.93,1.03
Kepler-286,4,0.881,NA
Kepler-286,4,0.908,0.996
Kepler-286,4,0.829,0.8
Kepler-286,4,0.929313,0.99
Kepler-286,4,0.929313,0.99
Kepler-286,4,0.856,0.83
Kepler-286,4,0.91,0.96
Kepler-286,4,0.908,0.996
Kepler-286,4,0.863,NA
Kepler-286,4,0.908,0.996
Kepler-286,4,0.863,NA
Kepler-286,4,0.93,1.03
Kepler-286,4,0.856,0.83
Kepler-286,4,0.908,0.996
Kepler-286,4,0.929313,0.99
Kepler-286,4,0.908,0.996
Kepler-286,4,0.929313,0.99
Kepler-286,4,0.881,NA
Kepler-286,4,0.91,0.96
Kepler-286,4,0.829,0.8
Kepler-286,4,0.908,0.996
Kepler-286,4,0.908,0.996
Kepler-286,4,0.908,0.996
Kepler-286,4,0.929313,0.99
Kepler-286,4,0.929313,0.99
Kepler-286,4,0.93,1.03
Kepler-286,4,0.881,NA
Kepler-286,4,0.863,NA
Kepler-286,4,0.829,0.8
Kepler-286,4,0.929313,0.99
Kepler-286,4,0.91,0.96
Kepler-286,4,0.908,0.996
Kepler-286,4,0.856,0.83
Kepler-287,2,0.905,0.963
Kepler-287,2,0.94821,0.96
Kepler-287,2,1.032,NA
Kepler-287,2,0.906,0.963
Kepler-287,2,0.94821,0.96
Kepler-287,2,0.94821,0.96
Kepler-287,2,0.922,NA
Kepler-287,2,1.071,0.926
Kepler-287,2,1.012,0.947
Kepler-287,2,0.95,0.97
Kepler-287,2,1,0.93
Kepler-287,2,1.012,0.947
Kepler-287,2,1.012,0.947
Kepler-287,2,0.94821,0.96
Kepler-287,2,0.95,0.97
Kepler-287,2,1.012,0.947
Kepler-287,2,1,0.93
Kepler-287,2,0.905,0.963
Kepler-287,2,0.906,0.963
Kepler-287,2,1.071,0.926
Kepler-287,2,1.012,0.947
Kepler-287,2,0.922,NA
Kepler-287,2,0.94821,0.96
Kepler-287,2,1.032,NA
Kepler-287,2,1.012,0.947
Kepler-288,3,1.068,0.931
Kepler-288,3,1.10538,1.01
Kepler-288,3,1.10538,1.01
Kepler-288,3,1.02,1.03
Kepler-288,3,1.07,NA
Kepler-288,3,1.068,0.931
Kepler-288,3,1.068,0.931
Kepler-288,3,1.091,NA
Kepler-288,3,1.15,1.08
Kepler-288,3,1.039,0.842
Kepler-288,3,1.522,1.04
Kepler-288,3,1.10538,1.01
Kepler-288,3,1.10538,1.01
Kepler-288,3,1.091,NA
Kepler-288,3,1.068,0.931
Kepler-288,3,1.068,0.931
Kepler-288,3,1.039,0.842
Kepler-288,3,1.02,1.03
Kepler-288,3,1.15,1.08
Kepler-288,3,1.068,0.931
Kepler-288,3,1.522,1.04
Kepler-288,3,1.10538,1.01
Kepler-288,3,1.07,NA
Kepler-288,3,1.10538,1.01
Kepler-288,3,1.15,1.08
Kepler-288,3,1.02,1.03
Kepler-288,3,1.068,0.931
Kepler-288,3,1.068,0.931
Kepler-288,3,1.039,0.842
Kepler-288,3,1.07,NA
Kepler-288,3,1.068,0.931
Kepler-288,3,1.10538,1.01
Kepler-288,3,1.091,NA
Kepler-288,3,1.522,1.04
Kepler-289,4,1.598,1.158
Kepler-289,4,1,1.08
Kepler-289,4,1.162,NA
Kepler-289,4,1.115,0.998
Kepler-289,4,1.01,NA
Kepler-289,4,1.64,1.17
Kepler-289,4,1.598,1.158
Kepler-289,4,1.0645,1.1
Kepler-289,4,1.0645,1.1
Kepler-289,4,0.985,1.061
Kepler-289,4,1.598,1.158
Kepler-289,4,1,1.08
Kepler-289,4,1.13,1.08
Kepler-289,4,1.0645,1.1
Kepler-289,4,0.994,1.061
Kepler-289,4,1,1.08
Kepler-289,4,1.64,1.17
Kepler-289,4,0.985,1.061
Kepler-289,4,1.598,1.158
Kepler-289,4,1,1.08
Kepler-289,4,1.01,NA
Kepler-289,4,1.0645,NA
Kepler-289,4,1.0645,1.1
Kepler-289,4,0.994,1.061
Kepler-289,4,1.598,1.158
Kepler-289,4,1.598,1.158
Kepler-289,4,1.46,1.35
Kepler-289,4,1.115,0.998
Kepler-289,4,1.162,NA
Kepler-289,4,1.0645,1.1
Kepler-289,4,1.13,1.08
Kepler-289,4,1,1.08
Kepler-289,4,1,1.08
Kepler-289,4,1.115,0.998
Kepler-289,4,1.0645,1.1
Kepler-289,4,0.985,1.061
Kepler-29,2,0.748,NA
Kepler-29,2,0.932,0.979
Kepler-29,2,0.872,0.97
Kepler-29,2,0.872,0.97
Kepler-29,2,0.87,0.968
Kepler-29,2,0.732,0.761
Kepler-29,2,0.732,0.761
Kepler-29,2,0.96,1
Kepler-29,2,0.824495,0.93
Kepler-29,2,0.824495,0.93
Kepler-29,2,0.824495,0.93
Kepler-29,2,0.92,1.028
Kepler-29,2,0.872,0.97
Kepler-29,2,0.87,0.968
Kepler-29,2,0.932,0.979
Kepler-29,2,0.872,0.97
Kepler-29,2,0.748,NA
Kepler-29,2,0.92,1.028
Kepler-29,2,0.96,1
Kepler-29,2,0.872,0.97
Kepler-29,2,0.824495,0.93
Kepler-29,2,0.732,0.761
Kepler-29,2,0.824495,0.93
Kepler-29,2,0.732,0.761
Kepler-29,2,0.872,0.97
Kepler-29,2,0.824495,0.93
Kepler-290,3,0.712326,0.8
Kepler-290,3,0.696,0.756
Kepler-290,3,0.755,0.84
Kepler-290,3,0.712326,0.8
Kepler-290,3,0.759,0.848
Kepler-290,3,0.7,0.798
Kepler-290,3,0.75,0.79
Kepler-290,3,0.712326,0.8
Kepler-290,3,0.759,0.848
Kepler-290,3,0.709,NA
Kepler-290,3,0.759,0.848
Kepler-290,3,0.743,NA
Kepler-290,3,0.709,NA
Kepler-290,3,0.7,0.798
Kepler-290,3,0.743,NA
Kepler-290,3,0.712326,0.8
Kepler-290,3,0.696,0.756
Kepler-290,3,0.75,0.79
Kepler-290,3,0.712326,0.8
Kepler-290,3,0.759,0.848
Kepler-290,3,0.712326,0.8
Kepler-290,3,0.755,0.84
Kepler-290,3,0.759,0.848
Kepler-290,3,0.759,0.848
Kepler-290,3,0.759,0.848
Kepler-290,3,0.759,0.848
Kepler-290,3,0.7,0.798
Kepler-290,3,0.759,0.848
Kepler-290,3,0.696,0.756
Kepler-290,3,0.755,0.84
Kepler-290,3,0.755,0.84
Kepler-290,3,0.712326,0.8
Kepler-291,2,0.986,1.093
Kepler-291,2,1.184,1.023
Kepler-291,2,1.234,NA
Kepler-291,2,0.986,1.093
Kepler-291,2,0.986,1.093
Kepler-291,2,1.20351,0.96
Kepler-291,2,0.986,1.093
Kepler-291,2,1.016,NA
Kepler-291,2,0.87,0.9
Kepler-291,2,0.91,1.01
Kepler-291,2,1.20351,0.96
Kepler-291,2,0.986,1.093
Kepler-291,2,1.234,NA
Kepler-291,2,1.184,1.023
Kepler-291,2,0.986,1.093
Kepler-291,2,1.20351,0.96
Kepler-291,2,1.20351,0.96
Kepler-291,2,0.87,0.9
Kepler-291,2,0.91,1.01
Kepler-291,2,0.986,1.093
Kepler-291,2,0.986,1.093
Kepler-291,2,1.016,NA
Kepler-292,5,0.81,0.85
Kepler-292,5,0.83,NA
Kepler-292,5,0.813,0.865
Kepler-292,5,0.915,0.921
Kepler-292,5,0.88,0.834
Kepler-292,5,0.826,NA
Kepler-292,5,0.808,0.821
Kepler-292,5,0.838226,0.88
Kepler-292,5,0.838226,0.88
Kepler-292,5,0.915,0.921
Kepler-292,5,0.915,0.921
Kepler-292,5,0.88,0.834
Kepler-292,5,0.838226,0.88
Kepler-292,5,0.826,NA
Kepler-292,5,0.81,0.85
Kepler-292,5,0.813,0.865
Kepler-292,5,0.838226,0.88
Kepler-292,5,0.83,NA
Kepler-292,5,0.808,0.821
Kepler-292,5,0.915,0.921
Kepler-292,5,0.915,0.921
Kepler-292,5,0.915,0.921
Kepler-292,5,0.838226,0.88
Kepler-292,5,0.915,0.921
Kepler-292,5,0.808,0.821
Kepler-292,5,0.88,0.834
Kepler-292,5,0.838226,0.88
Kepler-292,5,0.81,0.85
Kepler-292,5,0.915,0.921
Kepler-292,5,0.915,0.921
Kepler-292,5,0.83,NA
Kepler-292,5,0.813,0.865
Kepler-292,5,0.826,NA
Kepler-292,5,0.838226,0.88
Kepler-292,5,0.838226,0.88
Kepler-292,5,0.915,0.921
Kepler-292,5,0.808,0.821
Kepler-292,5,0.915,0.921
Kepler-292,5,0.838226,0.88
Kepler-292,5,0.838226,0.88
Kepler-292,5,0.88,0.834
Kepler-292,5,0.83,NA
Kepler-292,5,0.915,0.921
Kepler-292,5,0.813,0.865
Kepler-292,5,0.826,NA
Kepler-292,5,0.81,0.85
Kepler-292,5,0.88,0.834
Kepler-292,5,0.81,0.85
Kepler-292,5,0.838226,0.88
Kepler-292,5,0.826,NA
Kepler-292,5,0.915,0.921
Kepler-292,5,0.838226,0.88
Kepler-292,5,0.838226,0.88
Kepler-292,5,0.915,0.921
Kepler-292,5,0.813,0.865
Kepler-292,5,0.83,NA
Kepler-292,5,0.915,0.921
Kepler-292,5,0.808,0.821
Kepler-293,2,0.92,0.94
Kepler-293,2,0.851,NA
Kepler-293,2,0.957,NA
Kepler-293,2,0.941,1.038
Kepler-293,2,0.85,0.953
Kepler-293,2,0.941,1.038
Kepler-293,2,0.941,1.038
Kepler-293,2,0.870183,0.94
Kepler-293,2,0.870183,0.94
Kepler-293,2,0.941,1.038
Kepler-293,2,0.870183,0.94
Kepler-293,2,0.833,0.934
Kepler-293,2,0.870183,0.94
Kepler-293,2,0.870183,0.94
Kepler-293,2,0.833,0.934
Kepler-293,2,0.85,0.953
Kepler-293,2,0.941,1.038
Kepler-293,2,0.957,NA
Kepler-293,2,0.92,0.94
Kepler-293,2,0.851,NA
Kepler-293,2,0.870183,0.94
Kepler-293,2,0.941,1.038
Kepler-293,2,0.941,1.038
Kepler-293,2,0.941,1.038
Kepler-294,2,0.94,1.032
Kepler-294,2,0.94,1.032
Kepler-294,2,0.935,NA
Kepler-294,2,0.908,0.947
Kepler-294,2,0.93,0.95
Kepler-294,2,0.903,1.006
Kepler-294,2,0.943307,0.95
Kepler-294,2,0.89,0.994
Kepler-294,2,0.94,1.032
Kepler-294,2,0.943307,0.95
Kepler-294,2,0.976,NA
Kepler-294,2,0.935,NA
Kepler-294,2,0.943307,0.95
Kepler-294,2,0.943307,0.95
Kepler-294,2,0.908,0.947
Kepler-294,2,0.93,0.95
Kepler-294,2,0.976,NA
Kepler-294,2,0.94,1.032
Kepler-294,2,0.94,1.032
Kepler-294,2,0.94,1.032
Kepler-294,2,0.903,1.006
Kepler-294,2,0.943307,0.95
Kepler-294,2,0.89,0.994
Kepler-295,3,0.886,0.8
Kepler-295,3,2.361,NA
Kepler-295,3,0.86,0.89
Kepler-295,3,0.886,0.8
Kepler-295,3,2.38169,NA
Kepler-295,3,2.271,1.128
Kepler-295,3,0.886,0.8
Kepler-295,3,0.94,0.885
Kepler-295,3,0.886,0.8
Kepler-295,3,0.898,NA
Kepler-295,3,2.38169,NA
Kepler-295,3,2.38169,NA
Kepler-295,3,0.886,0.8
Kepler-295,3,0.898,NA
Kepler-295,3,0.94,0.885
Kepler-295,3,2.38169,NA
Kepler-295,3,2.271,1.128
Kepler-295,3,0.886,0.8
Kepler-295,3,0.86,0.89
Kepler-295,3,2.38169,NA
Kepler-295,3,0.886,0.8
Kepler-295,3,2.361,NA
Kepler-295,3,0.886,0.8
Kepler-295,3,2.361,NA
Kepler-295,3,0.886,0.8
Kepler-295,3,2.38169,NA
Kepler-295,3,2.38169,NA
Kepler-295,3,2.38169,NA
Kepler-295,3,0.898,NA
Kepler-295,3,0.94,0.885
Kepler-295,3,2.38169,NA
Kepler-295,3,2.38169,NA
Kepler-295,3,2.38169,NA
Kepler-295,3,0.86,0.89
Kepler-295,3,2.271,1.128
Kepler-296,5,NA,NA
Kepler-296,5,0.37,0.38
Kepler-296,5,0.383,0.394
Kepler-296,5,NA,NA
Kepler-296,5,0.5,0.516
Kepler-296,5,0.37,0.38
Kepler-296,5,0.557,NA
Kepler-296,5,0.37,0.38
Kepler-296,5,0.452,0.476
Kepler-296,5,0.22,0.211
Kepler-296,5,0.37,0.38
Kepler-296,5,0.595,0.626
Kepler-296,5,0.37,0.38
Kepler-296,5,0.48,0.498
Kepler-296,5,0.452,0.476
Kepler-296,5,NA,NA
Kepler-296,5,0.5,0.516
Kepler-296,5,0.48,0.498
Kepler-296,5,0.595,0.626
Kepler-296,5,0.37,0.38
Kepler-296,5,NA,NA
Kepler-296,5,NA,NA
Kepler-296,5,0.557,NA
Kepler-296,5,0.37,0.38
Kepler-296,5,0.383,0.394
Kepler-296,5,0.22,0.211
Kepler-296,5,0.37,0.38
Kepler-296,5,0.37,0.38
Kepler-296,5,0.37,0.38
Kepler-296,5,0.5,0.516
Kepler-296,5,NA,NA
Kepler-296,5,0.383,0.394
Kepler-296,5,0.37,0.38
Kepler-296,5,0.452,0.476
Kepler-296,5,0.37,0.38
Kepler-296,5,0.37,0.38
Kepler-296,5,0.48,0.498
Kepler-296,5,0.557,NA
Kepler-296,5,0.595,0.626
Kepler-296,5,0.37,0.38
Kepler-296,5,NA,NA
Kepler-296,5,0.22,0.211
Kepler-296,5,0.37,0.38
Kepler-296,5,NA,NA
Kepler-296,5,NA,NA
Kepler-296,5,0.37,0.38
Kepler-296,5,0.5,0.516
Kepler-296,5,NA,NA
Kepler-296,5,0.37,0.38
Kepler-296,5,0.595,0.626
Kepler-296,5,0.426,0.454
Kepler-296,5,0.383,0.394
Kepler-296,5,0.37,0.38
Kepler-296,5,NA,NA
Kepler-296,5,0.37,0.38
Kepler-296,5,0.557,NA
Kepler-296,5,0.48,0.498
Kepler-296,5,0.48,0.498
Kepler-296,5,0.595,0.626
Kepler-296,5,0.5,0.516
Kepler-296,5,0.37,0.38
Kepler-296,5,0.37,0.38
Kepler-296,5,0.557,NA
Kepler-296,5,0.383,0.394
Kepler-296,5,0.37,0.38
Kepler-296,5,NA,NA
Kepler-296,5,0.37,0.38
Kepler-296,5,NA,NA
Kepler-296,5,0.426,0.454
Kepler-297,3,0.888,NA
Kepler-297,3,1.04,1.07
Kepler-297,3,0.875,0.927
Kepler-297,3,0.891882,1.04
Kepler-297,3,0.897,0.846
Kepler-297,3,0.915,NA
Kepler-297,3,1.04,1.04
Kepler-297,3,1.04,1.04
Kepler-297,3,0.891882,1.04
Kepler-297,3,0.95,0.98
Kepler-297,3,1.04,1.04
Kepler-297,3,1.04,1.04
Kepler-297,3,1.04,1.04
Kepler-297,3,0.875,0.927
Kepler-297,3,0.888,NA
Kepler-297,3,1.04,1.07
Kepler-297,3,0.897,0.846
Kepler-297,3,0.891882,1.04
Kepler-297,3,1.04,1.04
Kepler-297,3,0.891882,1.04
Kepler-297,3,0.95,0.98
Kepler-297,3,1.04,1.04
Kepler-297,3,0.915,NA
Kepler-297,3,1.04,1.04
Kepler-297,3,1.04,1.04
Kepler-297,3,1.04,1.04
Kepler-297,3,0.875,0.927
Kepler-297,3,0.891882,1.04
Kepler-297,3,0.891882,1.04
Kepler-297,3,1.04,1.04
Kepler-297,3,1.04,1.07
Kepler-297,3,0.897,0.846
Kepler-297,3,0.897,0.846
Kepler-298,3,0.652,0.668
Kepler-298,3,0.635,0.66
Kepler-298,3,0.65,0.69
Kepler-298,3,0.582,NA
Kepler-298,3,0.675,NA
Kepler-298,3,0.692471,0.72
Kepler-298,3,0.611,0.662
Kepler-298,3,0.692471,0.72
Kepler-298,3,0.652,0.668
Kepler-298,3,0.692471,0.72
Kepler-298,3,0.652,0.668
Kepler-298,3,0.652,0.668
Kepler-298,3,0.65,0.69
Kepler-298,3,0.652,0.668
Kepler-298,3,0.692471,0.72
Kepler-298,3,0.692471,0.72
Kepler-298,3,0.611,0.662
Kepler-298,3,0.582,NA
Kepler-298,3,0.675,NA
Kepler-298,3,0.635,0.66
Kepler-298,3,0.652,0.668
Kepler-298,3,0.652,0.668
Kepler-298,3,0.635,0.66
Kepler-298,3,0.582,NA
Kepler-298,3,0.652,0.668
Kepler-298,3,0.652,0.668
Kepler-298,3,0.692471,0.72
Kepler-298,3,0.692471,0.72
Kepler-298,3,0.675,NA
Kepler-298,3,0.65,0.69
Kepler-298,3,0.692471,0.72
Kepler-298,3,0.611,0.662
Kepler-299,4,1.032,NA
Kepler-299,4,0.916,1.008
Kepler-299,4,0.973,1.004
Kepler-299,4,0.96,0.95
Kepler-299,4,0.916,1.008
Kepler-299,4,0.999,0.903
Kepler-299,4,0.999357,1
Kepler-299,4,0.916,1.008
Kepler-299,4,0.999,NA
Kepler-299,4,0.9,1.001
Kepler-299,4,0.999357,1
Kepler-299,4,0.916,1.008
Kepler-299,4,0.916,1.008
Kepler-299,4,0.9,1.001
Kepler-299,4,1.032,NA
Kepler-299,4,0.96,0.95
Kepler-299,4,0.999357,1
Kepler-299,4,0.999,NA
Kepler-299,4,0.973,1.004
Kepler-299,4,0.916,1.008
Kepler-299,4,0.999,0.903
Kepler-299,4,0.999357,1
Kepler-299,4,0.999357,1
Kepler-299,4,0.96,0.95
Kepler-299,4,0.916,1.008
Kepler-299,4,1.032,NA
Kepler-299,4,0.999,NA
Kepler-299,4,0.999357,1
Kepler-299,4,0.999,0.903
Kepler-299,4,0.916,1.008
Kepler-299,4,0.9,1.001
Kepler-299,4,0.916,1.008
Kepler-299,4,0.973,1.004
Kepler-299,4,1.032,NA
Kepler-299,4,0.999357,1
Kepler-299,4,0.973,1.004
Kepler-299,4,0.999357,1
Kepler-299,4,0.916,1.008
Kepler-299,4,0.999,NA
Kepler-299,4,0.916,1.008
Kepler-299,4,0.916,1.008
Kepler-299,4,0.9,1.001
Kepler-299,4,0.999,0.903
Kepler-299,4,0.96,0.95
Kepler-299,4,0.999357,1
Kepler-30,3,0.867,0.986
Kepler-30,3,1.01222,0.83
Kepler-30,3,0.836,NA
Kepler-30,3,1.01222,0.83
Kepler-30,3,0.94,0.969
Kepler-30,3,0.819,0.945
Kepler-30,3,0.867,0.986
Kepler-30,3,0.95,0.99
Kepler-30,3,NA,1
Kepler-30,3,0.867,0.99
Kepler-30,3,0.95,0.99
Kepler-30,3,1.01222,0.83
Kepler-30,3,0.867,0.986
Kepler-30,3,0.867,0.986
Kepler-30,3,0.86,0.95
Kepler-30,3,0.836,NA
Kepler-30,3,1.01222,0.83
Kepler-30,3,0.95,0.99
Kepler-30,3,0.94,0.969
Kepler-30,3,0.95,0.99
Kepler-30,3,0.819,0.945
Kepler-30,3,0.867,0.986
Kepler-30,3,0.867,0.986
Kepler-30,3,0.867,0.99
Kepler-30,3,NA,1
Kepler-30,3,0.867,0.986
Kepler-30,3,1.01222,0.83
Kepler-30,3,1.01222,0.83
Kepler-30,3,0.95,0.99
Kepler-30,3,0.819,0.945
Kepler-30,3,0.867,0.986
Kepler-30,3,0.94,0.969
Kepler-30,3,0.95,0.99
Kepler-30,3,0.867,0.986
Kepler-30,3,0.86,0.95
Kepler-30,3,0.836,NA
Kepler-30,3,0.867,0.986
Kepler-300,2,0.881,0.97
Kepler-300,2,1.1,1.07
Kepler-300,2,0.93,1.035
Kepler-300,2,0.9,NA
Kepler-300,2,1.42226,1.07
Kepler-300,2,0.881,0.97
Kepler-300,2,1.42226,1.07
Kepler-300,2,0.881,0.97
Kepler-300,2,0.881,0.97
Kepler-300,2,1.404,NA
Kepler-300,2,1.42226,1.07
Kepler-300,2,1.404,NA
Kepler-300,2,0.881,0.97
Kepler-300,2,1.42226,1.07
Kepler-300,2,0.9,NA
Kepler-300,2,0.881,0.97
Kepler-300,2,0.93,1.035
Kepler-300,2,1.42226,1.07
Kepler-300,2,1.42226,1.07
Kepler-300,2,1.1,1.07
Kepler-300,2,0.881,0.97
Kepler-300,2,0.881,0.97
Kepler-301,3,0.881,0.944
Kepler-301,3,0.94,1.022
Kepler-301,3,0.959718,1
Kepler-301,3,0.881,0.944
Kepler-301,3,0.881,0.944
Kepler-301,3,0.881,0.944
Kepler-301,3,0.955,NA
Kepler-301,3,0.9,NA
Kepler-301,3,0.959718,1
Kepler-301,3,0.9,0.97
Kepler-301,3,0.96,0.98
Kepler-301,3,0.959718,1
Kepler-301,3,0.881,0.944
Kepler-301,3,0.94,1.022
Kepler-301,3,0.9,NA
Kepler-301,3,0.881,0.944
Kepler-301,3,0.955,NA
Kepler-301,3,0.96,0.98
Kepler-301,3,0.881,0.944
Kepler-301,3,0.9,0.97
Kepler-301,3,0.881,0.944
Kepler-301,3,0.959718,1
Kepler-301,3,0.959718,1
Kepler-301,3,0.9,0.97
Kepler-301,3,0.881,0.944
Kepler-301,3,0.96,0.98
Kepler-301,3,0.955,NA
Kepler-301,3,0.959718,1
Kepler-301,3,0.9,NA
Kepler-301,3,0.959718,1
Kepler-301,3,0.881,0.944
Kepler-301,3,0.881,0.944
Kepler-301,3,0.881,0.944
Kepler-301,3,0.94,1.022
Kepler-302,2,0.883,0.966
Kepler-302,2,1.06452,1.03
Kepler-302,2,0.883,0.966
Kepler-302,2,0.92,1.021
Kepler-302,2,1.06452,1.03
Kepler-302,2,0.883,0.966
Kepler-302,2,1.183,0.974
Kepler-302,2,1.22,NA
Kepler-302,2,1.11,1.02
Kepler-302,2,1.08,NA
Kepler-302,2,1.06452,1.03
Kepler-302,2,1.048,1.021
Kepler-302,2,0.883,0.966
Kepler-302,2,1.06452,1.03
Kepler-302,2,1.183,0.974
Kepler-302,2,1.22,NA
Kepler-302,2,1.11,1.02
Kepler-302,2,0.883,0.966
Kepler-302,2,1.06452,1.03
Kepler-302,2,1.06452,1.03
Kepler-302,2,0.883,0.966
Kepler-302,2,1.048,1.021
Kepler-302,2,1.08,NA
Kepler-302,2,0.92,1.021
Kepler-303,2,0.51,0.52
Kepler-303,2,0.622034,0.636
Kepler-303,2,0.51,0.52
Kepler-303,2,NA,NA
Kepler-303,2,0.622034,0.636
Kepler-303,2,0.622034,0.636
Kepler-303,2,0.603,0.642
Kepler-303,2,0.51,0.52
Kepler-303,2,0.485,NA
Kepler-303,2,0.51,0.52
Kepler-303,2,0.622034,0.636
Kepler-303,2,0.49,0.505
Kepler-303,2,0.51,0.52
Kepler-303,2,0.547,0.575
Kepler-303,2,0.595,NA
Kepler-303,2,0.51,0.52
Kepler-303,2,0.595,NA
Kepler-303,2,0.622034,0.636
Kepler-303,2,0.622034,0.636
Kepler-303,2,0.603,0.642
Kepler-303,2,0.622034,0.636
Kepler-303,2,NA,NA
Kepler-303,2,0.485,NA
Kepler-303,2,0.622034,0.636
Kepler-303,2,0.51,0.52
Kepler-303,2,0.51,0.52
Kepler-303,2,0.547,0.575
Kepler-303,2,0.49,0.505
Kepler-303,2,0.51,0.52
Kepler-304,4,0.65,0.737
Kepler-304,4,0.711079,0.75
Kepler-304,4,0.73,0.8
Kepler-304,4,0.711079,0.75
Kepler-304,4,0.892,0.828
Kepler-304,4,0.892,0.828
Kepler-304,4,0.892,0.828
Kepler-304,4,0.711079,0.75
Kepler-304,4,0.658,NA
Kepler-304,4,0.67,0.687
Kepler-304,4,0.687,NA
Kepler-304,4,0.691,0.76
Kepler-304,4,0.73,0.8
Kepler-304,4,0.67,0.687
Kepler-304,4,0.892,0.828
Kepler-304,4,0.711079,0.75
Kepler-304,4,0.892,0.828
Kepler-304,4,0.691,0.76
Kepler-304,4,0.892,0.828
Kepler-304,4,0.658,NA
Kepler-304,4,0.687,NA
Kepler-304,4,0.711079,0.75
Kepler-304,4,0.711079,0.75
Kepler-304,4,0.65,0.737
Kepler-304,4,0.711079,0.75
Kepler-304,4,0.711079,0.75
Kepler-304,4,0.892,0.828
Kepler-304,4,0.67,0.687
Kepler-304,4,0.892,0.828
Kepler-304,4,0.658,NA
Kepler-304,4,0.711079,0.75
Kepler-304,4,0.691,0.76
Kepler-304,4,0.892,0.828
Kepler-304,4,0.73,0.8
Kepler-304,4,0.65,0.737
Kepler-304,4,0.687,NA
Kepler-304,4,0.892,0.828
Kepler-304,4,0.65,0.737
Kepler-304,4,0.658,NA
Kepler-304,4,0.67,0.687
Kepler-304,4,0.892,0.828
Kepler-304,4,0.892,0.828
Kepler-304,4,0.73,0.8
Kepler-304,4,0.711079,0.75
Kepler-304,4,0.711079,0.75
Kepler-304,4,0.691,0.76
Kepler-305,4,0.785,NA
Kepler-305,4,0.803,0.763
Kepler-305,4,0.8,0.76
Kepler-305,4,0.787,0.823
Kepler-305,4,0.827279,0.82
Kepler-305,4,0.79,0.85
Kepler-305,4,0.803,0.763
Kepler-305,4,0.792,0.827
Kepler-305,4,0.771,0.84
Kepler-305,4,0.803,0.763
Kepler-305,4,0.803,0.76
Kepler-305,4,0.87,0.9
Kepler-305,4,0.827279,0.82
Kepler-305,4,0.827279,0.82
Kepler-305,4,0.803,0.763
Kepler-305,4,0.8,0.76
Kepler-305,4,0.792,0.827
Kepler-305,4,0.827279,0.82
Kepler-305,4,0.771,0.84
Kepler-305,4,0.803,0.76
Kepler-305,4,0.803,0.763
Kepler-305,4,0.827279,0.82
Kepler-305,4,0.79,0.85
Kepler-305,4,0.87,0.9
Kepler-305,4,0.787,0.823
Kepler-305,4,0.803,0.763
Kepler-305,4,0.785,NA
Kepler-305,4,0.827279,0.82
Kepler-305,4,0.827279,0.82
Kepler-305,4,0.827279,0.82
Kepler-305,4,0.803,0.763
Kepler-305,4,0.794,NA
Kepler-305,4,0.785,NA
Kepler-305,4,0.87,0.9
Kepler-305,4,0.787,0.823
Kepler-305,4,0.79,0.85
Kepler-305,4,0.771,0.84
Kepler-305,4,0.827279,0.82
Kepler-305,4,0.803,0.763
Kepler-305,4,0.792,0.827
Kepler-305,4,NA,0.8
Kepler-305,4,0.803,0.763
Kepler-305,4,0.803,0.763
Kepler-305,4,0.803,0.763
Kepler-305,4,0.827279,0.82
Kepler-305,4,0.771,0.84
Kepler-305,4,0.787,0.823
Kepler-305,4,0.827279,0.82
Kepler-305,4,0.803,0.763
Kepler-305,4,0.87,0.9
Kepler-306,4,0.792763,0.81
Kepler-306,4,0.721,0.774
Kepler-306,4,0.851,0.871
Kepler-306,4,0.781,NA
Kepler-306,4,0.851,0.871
Kepler-306,4,0.851,0.871
Kepler-306,4,0.792763,0.81
Kepler-306,4,0.719,NA
Kepler-306,4,0.88,0.93
Kepler-306,4,0.769,0.75
Kepler-306,4,0.74,0.81
Kepler-306,4,0.781,NA
Kepler-306,4,0.792763,0.81
Kepler-306,4,0.88,0.93
Kepler-306,4,0.769,0.75
Kepler-306,4,0.74,0.81
Kepler-306,4,0.851,0.871
Kepler-306,4,0.792763,0.81
Kepler-306,4,0.721,0.774
Kepler-306,4,0.851,0.871
Kepler-306,4,0.851,0.871
Kepler-306,4,0.792763,0.81
Kepler-306,4,0.719,NA
Kepler-306,4,0.792763,0.81
Kepler-306,4,0.719,NA
Kepler-306,4,0.851,0.871
Kepler-306,4,0.792763,0.81
Kepler-306,4,0.792763,0.81
Kepler-306,4,0.74,0.81
Kepler-306,4,0.851,0.871
Kepler-306,4,0.851,0.871
Kepler-306,4,0.769,0.75
Kepler-306,4,0.721,0.774
Kepler-306,4,0.88,0.93
Kepler-306,4,0.781,NA
Kepler-306,4,0.792763,0.81
Kepler-306,4,0.851,0.871
Kepler-306,4,0.851,0.871
Kepler-306,4,0.74,0.81
Kepler-306,4,0.721,0.774
Kepler-306,4,0.719,NA
Kepler-306,4,0.781,NA
Kepler-306,4,0.792763,0.81
Kepler-306,4,0.769,0.75
Kepler-306,4,0.88,0.93
Kepler-306,4,0.792763,0.81
Kepler-306,4,0.851,0.871
Kepler-307,2,1.084,0.983
Kepler-307,2,0.814,0.907
Kepler-307,2,1.084,0.983
Kepler-307,2,1.03,0.856
Kepler-307,2,0.919,1.007
Kepler-307,2,0.949612,0.97
Kepler-307,2,0.949612,0.97
Kepler-307,2,1.084,0.983
Kepler-307,2,0.95,0.94
Kepler-307,2,1.08,0.98
Kepler-307,2,0.931,NA
Kepler-307,2,NA,0.9
Kepler-307,2,1.084,0.98
Kepler-307,2,0.99,0.95
Kepler-307,2,0.987,0.947
Kepler-307,2,0.931,NA
Kepler-307,2,1.03,0.856
Kepler-307,2,0.919,1.007
Kepler-307,2,1.084,0.983
Kepler-307,2,0.99,0.95
Kepler-307,2,1.084,0.983
Kepler-307,2,0.987,0.947
Kepler-307,2,0.95,0.94
Kepler-307,2,0.814,0.907
Kepler-307,2,0.949612,0.97
Kepler-307,2,0.949612,0.97
Kepler-307,2,NA,0.9
Kepler-307,2,1.084,0.98
Kepler-307,2,1.08,0.98
Kepler-307,2,1.084,0.983
Kepler-308,2,0.914,1
Kepler-308,2,0.895995,1.02
Kepler-308,2,0.914,1
Kepler-308,2,0.89,0.997
Kepler-308,2,0.895995,1.02
Kepler-308,2,0.914,1
Kepler-308,2,0.941,NA
Kepler-308,2,0.892,NA
Kepler-308,2,0.914,1
Kepler-308,2,0.89,0.92
Kepler-308,2,0.892,NA
Kepler-308,2,0.895995,1.02
Kepler-308,2,0.895995,1.02
Kepler-308,2,0.89,0.997
Kepler-308,2,0.914,1
Kepler-308,2,0.89,0.92
Kepler-308,2,0.914,1
Kepler-308,2,0.941,NA
Kepler-308,2,0.895995,1.02
Kepler-308,2,0.914,1
Kepler-308,2,0.914,1
Kepler-309,2,0.49,0.51
Kepler-309,2,0.49,0.51
Kepler-309,2,0.721,NA
Kepler-309,2,0.49,0.51
Kepler-309,2,0.739,0.816
Kepler-309,2,0.774232,0.75
Kepler-309,2,0.774232,0.75
Kepler-309,2,0.496,0.518
Kepler-309,2,0.642,0.666
Kepler-309,2,0.73,0.79
Kepler-309,2,0.49,0.51
Kepler-309,2,0.774232,0.75
Kepler-309,2,0.748,NA
Kepler-309,2,0.496,0.518
Kepler-309,2,0.49,0.51
Kepler-309,2,0.774232,0.75
Kepler-309,2,0.642,0.666
Kepler-309,2,0.49,0.51
Kepler-309,2,0.721,NA
Kepler-309,2,0.774232,0.75
Kepler-309,2,0.748,NA
Kepler-309,2,0.739,0.816
Kepler-309,2,0.49,0.51
Kepler-309,2,0.49,0.51
Kepler-309,2,0.73,0.79
Kepler-309,2,0.774232,0.75
Kepler-309,2,0.774232,0.75
Kepler-31,3,1.163,1.185
Kepler-31,3,1.211,1.038
Kepler-31,3,1.22,1.21
Kepler-31,3,1.163,1.185
Kepler-31,3,1.30436,1.11
Kepler-31,3,1.163,1.185
Kepler-31,3,1.189,1.038
Kepler-31,3,1.30436,1.11
Kepler-31,3,1.2,1.08
Kepler-31,3,1.257,0.958
Kepler-31,3,1.163,1.19
Kepler-31,3,1.259,NA
Kepler-31,3,1.15,1.208
Kepler-31,3,1.259,NA
Kepler-31,3,1.30436,1.11
Kepler-31,3,1.257,0.958
Kepler-31,3,1.163,1.19
Kepler-31,3,1.2,1.08
Kepler-31,3,1.163,1.185
Kepler-31,3,1.163,1.185
Kepler-31,3,1.211,1.038
Kepler-31,3,1.189,1.038
Kepler-31,3,1.163,1.185
Kepler-31,3,1.22,1.21
Kepler-31,3,1.15,1.208
Kepler-31,3,1.30436,1.11
Kepler-31,3,1.211,1.038
Kepler-31,3,1.15,1.208
Kepler-31,3,1.163,1.185
Kepler-31,3,1.22,1.21
Kepler-31,3,1.259,NA
Kepler-31,3,1.163,1.185
Kepler-31,3,1.30436,1.11
Kepler-31,3,1.257,0.958
Kepler-31,3,1.30436,1.11
Kepler-31,3,1.2,1.08
Kepler-31,3,1.306,NA
Kepler-31,3,1.163,1.185
Kepler-31,3,1.189,1.038
Kepler-31,3,1.30436,1.11
Kepler-310,3,0.85,NA
Kepler-310,3,0.853,0.894
Kepler-310,3,0.839,0.952
Kepler-310,3,0.876,NA
Kepler-310,3,0.839,0.854
Kepler-310,3,0.9,0.97
Kepler-310,3,0.853,0.894
Kepler-310,3,0.88,0.91
Kepler-310,3,0.839151,0.96
Kepler-310,3,0.839151,0.96
Kepler-310,3,0.853,0.894
Kepler-310,3,0.839151,0.96
Kepler-310,3,0.839151,0.96
Kepler-310,3,0.876,NA
Kepler-310,3,0.853,0.894
Kepler-310,3,0.88,0.91
Kepler-310,3,0.85,NA
Kepler-310,3,0.853,0.894
Kepler-310,3,0.839151,0.96
Kepler-310,3,0.839,0.854
Kepler-310,3,0.839,0.952
Kepler-310,3,0.9,0.97
Kepler-310,3,0.853,0.894
Kepler-310,3,0.839,0.854
Kepler-310,3,0.839151,0.96
Kepler-310,3,0.876,NA
Kepler-310,3,0.853,0.894
Kepler-310,3,0.839151,0.96
Kepler-310,3,0.9,0.97
Kepler-310,3,0.85,NA
Kepler-310,3,0.839151,0.96
Kepler-310,3,NA,1
Kepler-310,3,0.853,0.894
Kepler-310,3,0.839,0.952
Kepler-310,3,0.853,0.894
Kepler-310,3,0.88,0.91
Kepler-311,3,1.2198,1.05
Kepler-311,3,1.081,0.97
Kepler-311,3,1.188,NA
Kepler-311,3,1.2198,1.05
Kepler-311,3,1.157,NA
Kepler-311,3,1.081,0.97
Kepler-311,3,1.13,1.08
Kepler-311,3,1.081,0.97
Kepler-311,3,1.156,0.974
Kepler-311,3,1.2198,1.05
Kepler-311,3,1.139,0.994
Kepler-311,3,1.12,1.12
Kepler-311,3,1.156,0.974
Kepler-311,3,1.2198,1.05
Kepler-311,3,1.13,1.08
Kepler-311,3,1.12,1.12
Kepler-311,3,1.188,NA
Kepler-311,3,1.157,NA
Kepler-311,3,1.139,0.994
Kepler-311,3,1.081,0.97
Kepler-311,3,1.081,0.97
Kepler-311,3,1.081,0.97
Kepler-311,3,1.2198,1.05
Kepler-311,3,1.2198,1.05
Kepler-311,3,1.139,0.994
Kepler-311,3,1.2198,1.05
Kepler-311,3,1.081,0.97
Kepler-311,3,1.156,0.974
Kepler-311,3,1.081,0.97
Kepler-311,3,1.156,0.974
Kepler-312,2,1.7477,1.17
Kepler-312,2,1.108,1.202
Kepler-312,2,1.7477,1.17
Kepler-312,2,1.19,1.2
Kepler-312,2,1.699,NA
Kepler-312,2,1.108,1.202
Kepler-312,2,1.467,NA
Kepler-312,2,1.661,1.314
Kepler-312,2,1.108,1.202
Kepler-312,2,1.149,1.226
Kepler-312,2,1.108,1.202
Kepler-312,2,1.7477,1.17
Kepler-312,2,1.149,1.226
Kepler-312,2,1.7477,1.17
Kepler-312,2,1.661,1.314
Kepler-312,2,1.7477,1.17
Kepler-312,2,1.108,1.202
Kepler-312,2,1.699,NA
Kepler-312,2,1.192,1.23
Kepler-312,2,1.19,1.2
Kepler-312,2,1.108,1.202
Kepler-312,2,1.467,NA
Kepler-313,2,1.08,0.96
Kepler-313,2,1.536,NA
Kepler-313,2,NA,NA
Kepler-313,2,1.507,1.114
Kepler-313,2,1.07,0.964
Kepler-313,2,1.07,0.964
Kepler-313,2,NA,NA
Kepler-313,2,1.483,1.066
Kepler-313,2,NA,NA
Kepler-313,2,1.07,0.964
Kepler-313,2,1.39,1.08
Kepler-313,2,1.39,1.08
Kepler-313,2,1.07,0.964
Kepler-313,2,NA,NA
Kepler-313,2,1.507,1.114
Kepler-313,2,1.07,0.964
Kepler-313,2,1.07,0.964
Kepler-313,2,1.08,0.96
Kepler-313,2,1.536,NA
Kepler-313,2,1.483,1.066
Kepler-313,2,NA,NA
Kepler-313,2,NA,NA
Kepler-314,2,0.943064,0.889
Kepler-314,2,0.876,0.99
Kepler-314,2,0.951,1.024
Kepler-314,2,0.943064,0.889
Kepler-314,2,0.909,1.028
Kepler-314,2,0.909,1.028
Kepler-314,2,0.882,NA
Kepler-314,2,NA,0.99
Kepler-314,2,0.87,0.95
Kepler-314,2,0.909,1.028
Kepler-314,2,0.886,0.978
Kepler-314,2,0.95,NA
Kepler-314,2,0.886,0.978
Kepler-314,2,0.909,1.028
Kepler-314,2,0.882,NA
Kepler-314,2,0.87,0.95
Kepler-314,2,0.95,NA
Kepler-314,2,0.943064,NA
Kepler-314,2,0.943064,0.889
Kepler-314,2,0.951,1.024
Kepler-314,2,NA,0.99
Kepler-314,2,0.909,1.028
Kepler-314,2,0.909,1.028
Kepler-314,2,0.876,0.99
Kepler-314,2,0.943064,0.889
Kepler-314,2,0.943064,0.889
Kepler-315,2,1.0006,1.04
Kepler-315,2,1,0.98
Kepler-315,2,0.862,0.824
Kepler-315,2,1.0006,1.04
Kepler-315,2,0.862,0.824
Kepler-315,2,1.049,NA
Kepler-315,2,0.862,0.824
Kepler-315,2,1.037,NA
Kepler-315,2,0.91,0.95
Kepler-315,2,1.005,0.875
Kepler-315,2,1.024,0.831
Kepler-315,2,0.862,0.824
Kepler-315,2,1.049,NA
Kepler-315,2,0.862,0.824
Kepler-315,2,0.862,0.824
Kepler-315,2,1.037,NA
Kepler-315,2,1.024,0.831
Kepler-315,2,1,0.98
Kepler-315,2,1.005,0.875
Kepler-315,2,1.0006,1.04
Kepler-315,2,1.0006,1.04
Kepler-316,2,0.557,0.587
Kepler-316,2,0.52,NA
Kepler-316,2,0.574,0.587
Kepler-316,2,0.702633,0.67
Kepler-316,2,0.702633,0.67
Kepler-316,2,0.554,0.561
Kepler-316,2,0.554,0.561
Kepler-316,2,0.682,NA
Kepler-316,2,0.6,0.62
Kepler-316,2,0.639,0.672
Kepler-316,2,0.554,0.561
Kepler-316,2,0.554,0.561
Kepler-316,2,0.554,0.561
Kepler-316,2,0.639,0.672
Kepler-316,2,0.702633,0.67
Kepler-316,2,0.702633,0.67
Kepler-316,2,0.52,NA
Kepler-316,2,0.554,0.561
Kepler-316,2,0.574,0.587
Kepler-316,2,0.682,NA
Kepler-316,2,0.702633,0.67
Kepler-316,2,0.557,0.587
Kepler-316,2,0.6,0.62
Kepler-317,2,1.05,1.04
Kepler-317,2,0.846,NA
Kepler-317,2,0.936,0.98
Kepler-317,2,0.927723,0.92
Kepler-317,2,0.941,NA
Kepler-317,2,0.927723,0.92
Kepler-317,2,1.004,0.865
Kepler-317,2,0.936,0.978
Kepler-317,2,0.86,0.816
Kepler-317,2,0.936,0.978
Kepler-317,2,0.936,0.978
Kepler-317,2,0.846,NA
Kepler-317,2,0.936,0.98
Kepler-317,2,0.941,NA
Kepler-317,2,0.936,0.978
Kepler-317,2,0.86,0.816
Kepler-317,2,0.927723,0.92
Kepler-317,2,0.936,0.978
Kepler-317,2,0.936,0.978
Kepler-317,2,0.927723,0.92
Kepler-317,2,1.05,1.04
Kepler-317,2,1.004,0.865
Kepler-318,2,1.47,1.113
Kepler-318,2,0.948492,1.085
Kepler-318,2,0.939,1.051
Kepler-318,2,0.948492,1.085
Kepler-318,2,0.972,1.073
Kepler-318,2,1.47,1.113
Kepler-318,2,0.94,1.02
Kepler-318,2,1.189,NA
Kepler-318,2,1.47,1.113
Kepler-318,2,0.948492,1.085
Kepler-318,2,1.39,0.98
Kepler-318,2,0.948492,NA
Kepler-318,2,0.982,NA
Kepler-318,2,0.94,1.02
Kepler-318,2,1.189,NA
Kepler-318,2,1.47,1.113
Kepler-318,2,0.939,1.051
Kepler-318,2,0.948492,1.085
Kepler-318,2,1.47,1.113
Kepler-318,2,1.39,0.98
Kepler-318,2,0.972,1.073
Kepler-318,2,0.982,NA
Kepler-318,2,0.948492,1.085
Kepler-318,2,1.47,1.113
Kepler-318,2,0.948492,1.085
Kepler-319,3,1.784,1.349
Kepler-319,3,0.865671,0.99
Kepler-319,3,0.903,NA
Kepler-319,3,1.49,0.96
Kepler-319,3,1.784,1.349
Kepler-319,3,0.92,0.96
Kepler-319,3,0.88,0.875
Kepler-319,3,1.784,1.349
Kepler-319,3,0.848,NA
Kepler-319,3,0.84,0.933
Kepler-319,3,0.865671,0.99
Kepler-319,3,0.865671,0.99
Kepler-319,3,1.784,1.349
Kepler-319,3,0.84,0.933
Kepler-319,3,0.903,NA
Kepler-319,3,1.49,0.96
Kepler-319,3,0.865671,0.99
Kepler-319,3,0.865671,0.99
Kepler-319,3,0.865671,0.99
Kepler-319,3,1.784,1.349
Kepler-319,3,0.92,0.96
Kepler-319,3,0.848,NA
Kepler-319,3,0.88,0.875
Kepler-319,3,1.784,1.349
Kepler-319,3,1.784,1.349
Kepler-319,3,0.88,0.875
Kepler-319,3,0.865671,0.99
Kepler-319,3,0.84,0.933
Kepler-319,3,1.784,1.349
Kepler-319,3,0.865671,0.99
Kepler-319,3,1.49,0.96
Kepler-319,3,1.784,1.349
Kepler-319,3,0.92,0.96
Kepler-319,3,0.865671,0.99
Kepler-319,3,0.848,NA
Kepler-319,3,0.903,NA
Kepler-32,5,0.5,0.52
Kepler-32,5,0.574432,0.566709
Kepler-32,5,0.5,0.52
Kepler-32,5,0.506,0.514
Kepler-32,5,0.498,0.509
Kepler-32,5,0.574432,0.566709
Kepler-32,5,0.53,0.54
Kepler-32,5,0.574,NA
Kepler-32,5,0.5,0.52
Kepler-32,5,0.5,0.52
Kepler-32,5,0.574,0.509
Kepler-32,5,0.574432,0.566709
Kepler-32,5,0.54,0.57
Kepler-32,5,NA,NA
Kepler-32,5,0.529,0.566
Kepler-32,5,0.53,0.58
Kepler-32,5,0.574,0.509
Kepler-32,5,0.524,0.549
Kepler-32,5,0.529,0.566
Kepler-32,5,0.524,0.549
Kepler-32,5,NA,NA
Kepler-32,5,0.5,0.52
Kepler-32,5,0.574,NA
Kepler-32,5,0.5,0.52
Kepler-32,5,0.53,0.54
Kepler-32,5,0.5,0.52
Kepler-32,5,0.574,0.509
Kepler-32,5,0.529,0.566
Kepler-32,5,0.506,0.514
Kepler-32,5,0.574432,0.566709
Kepler-32,5,0.54,0.57
Kepler-32,5,0.574,0.509
Kepler-32,5,0.529,0.566
Kepler-32,5,0.5,0.52
Kepler-32,5,0.574432,0.566709
Kepler-32,5,0.498,0.509
Kepler-32,5,0.574432,0.566709
Kepler-32,5,0.53,0.58
Kepler-32,5,0.54,0.57
Kepler-32,5,0.506,0.514
Kepler-32,5,NA,NA
Kepler-32,5,0.574,0.509
Kepler-32,5,0.498,0.509
Kepler-32,5,0.5,0.52
Kepler-32,5,0.524,0.549
Kepler-32,5,0.574432,0.566709
Kepler-32,5,0.574432,0.566709
Kepler-32,5,0.53,0.54
Kepler-32,5,0.5,0.52
Kepler-32,5,0.529,0.566
Kepler-32,5,0.5,0.52
Kepler-32,5,0.574432,0.566709
Kepler-32,5,0.574,NA
Kepler-32,5,0.5,0.52
Kepler-32,5,0.574432,0.566709
Kepler-32,5,0.53,0.58
Kepler-32,5,0.574,0.509
Kepler-32,5,0.5,0.52
Kepler-32,5,0.574,0.509
Kepler-32,5,0.5,0.52
Kepler-32,5,0.53,0.54
Kepler-32,5,0.54,0.57
Kepler-32,5,0.574432,0.566709
Kepler-32,5,0.524,0.549
Kepler-32,5,0.506,0.514
Kepler-32,5,0.5,0.52
Kepler-32,5,0.5,0.52
Kepler-32,5,0.574,0.509
Kepler-32,5,0.53,0.58
Kepler-32,5,0.574432,0.566709
Kepler-32,5,0.529,0.566
Kepler-32,5,NA,NA
Kepler-32,5,0.574432,0.566709
Kepler-32,5,0.498,0.509
Kepler-32,5,0.574,NA
Kepler-32,5,0.5,0.52
Kepler-32,5,0.5,0.52
Kepler-32,5,0.5,0.52
Kepler-32,5,0.574432,0.566709
Kepler-32,5,0.54,0.57
Kepler-32,5,0.529,0.566
Kepler-32,5,0.574,NA
Kepler-32,5,0.574432,0.566709
Kepler-32,5,0.574,0.509
Kepler-32,5,0.498,0.509
Kepler-32,5,0.53,0.58
Kepler-32,5,0.574432,0.566709
Kepler-32,5,0.574,0.509
Kepler-32,5,0.53,0.54
Kepler-32,5,0.524,0.549
Kepler-32,5,NA,NA
Kepler-320,2,1.04,1.084
Kepler-320,2,1.53,1.33
Kepler-320,2,1.775,1.182
Kepler-320,2,1.04,1.084
Kepler-320,2,1.04,1.084
Kepler-320,2,1.246,1.072
Kepler-320,2,1.40661,1.12
Kepler-320,2,1.108,NA
Kepler-320,2,1.268,NA
Kepler-320,2,1.108,NA
Kepler-320,2,1.40661,1.12
Kepler-320,2,1.04,1.084
Kepler-320,2,1.268,NA
Kepler-320,2,1.53,1.33
Kepler-320,2,1.40661,1.12
Kepler-320,2,1.04,1.084
Kepler-320,2,1.246,1.072
Kepler-320,2,1.04,1.084
Kepler-320,2,1.775,1.182
Kepler-321,2,0.994273,1.031
Kepler-321,2,0.988,1.024
Kepler-321,2,0.956,1.022
Kepler-321,2,0.97,1.03
Kepler-321,2,0.994273,1.031
Kepler-321,2,1.194,NA
Kepler-321,2,0.994273,1.031
Kepler-321,2,0.993,NA
Kepler-321,2,1.067,1.061
Kepler-321,2,1.067,1.061
Kepler-321,2,1.067,1.061
Kepler-321,2,0.909,0.898
Kepler-321,2,0.988,1.024
Kepler-321,2,0.956,1.022
Kepler-321,2,1.194,NA
Kepler-321,2,1.067,1.061
Kepler-321,2,0.97,1.03
Kepler-321,2,0.994273,1.031
Kepler-321,2,0.993,NA
Kepler-321,2,0.994273,1.031
Kepler-321,2,1.067,1.061
Kepler-321,2,1.067,1.061
Kepler-321,2,0.909,0.898
Kepler-321,2,0.994273,1.031
Kepler-322,2,0.805,0.908
Kepler-322,2,0.827,0.738
Kepler-322,2,0.841918,0.919
Kepler-322,2,0.88,0.92
Kepler-322,2,0.827,0.738
Kepler-322,2,0.827,0.738
Kepler-322,2,0.812,NA
Kepler-322,2,0.89,NA
Kepler-322,2,1.41,0.9
Kepler-322,2,0.876,0.883
Kepler-322,2,0.841918,0.919
Kepler-322,2,0.805,0.908
Kepler-322,2,1.41,0.9
Kepler-322,2,0.841918,0.919
Kepler-322,2,0.827,0.738
Kepler-322,2,0.812,NA
Kepler-322,2,0.841918,0.919
Kepler-322,2,0.89,NA
Kepler-322,2,0.88,0.92
Kepler-322,2,0.876,0.883
Kepler-322,2,0.827,0.738
Kepler-322,2,0.827,0.738
Kepler-322,2,0.841918,0.919
Kepler-323,2,1.4,1.16
Kepler-323,2,1.12,1.09
Kepler-323,2,1.378,1.12
Kepler-323,2,1.16202,1.053
Kepler-323,2,1.092,0.947
Kepler-323,2,1.178,NA
Kepler-323,2,1.081,0.998
Kepler-323,2,1.12,1.015
Kepler-323,2,1.378,1.123
Kepler-323,2,1.16202,1.053
Kepler-323,2,1.378,1.123
Kepler-323,2,1.378,1.123
Kepler-323,2,1.101,NA
Kepler-323,2,1.378,1.12
Kepler-323,2,1.16202,1.053
Kepler-323,2,1.378,1.123
Kepler-323,2,1.4,1.16
Kepler-323,2,1.092,0.947
Kepler-323,2,1.12,1.015
Kepler-323,2,1.101,NA
Kepler-323,2,1.081,0.998
Kepler-323,2,1.16202,1.053
Kepler-323,2,1.12,1.09
Kepler-323,2,1.178,NA
Kepler-323,2,1.16202,1.053
Kepler-323,2,1.378,1.123
Kepler-323,2,1.378,1.123
Kepler-324,4,0.803,0.901
Kepler-324,4,0.803,0.901
Kepler-324,4,0.83,0.87
Kepler-324,4,0.836,0.901
Kepler-324,4,0.75,0.85
Kepler-324,4,0.826,0.844
Kepler-324,4,0.84,NA
Kepler-324,4,0.859378,0.89
Kepler-324,4,0.803,0.901
Kepler-324,4,0.859378,0.89
Kepler-324,4,0.843,NA
Kepler-324,4,0.835,0.901
Kepler-324,4,0.803,0.901
Kepler-324,4,0.836,0.901
Kepler-324,4,0.835,0.901
Kepler-324,4,0.859378,0.89
Kepler-324,4,0.84,NA
Kepler-324,4,0.859378,0.89
Kepler-324,4,0.83,0.87
Kepler-324,4,0.826,0.844
Kepler-324,4,0.803,0.901
Kepler-324,4,0.803,0.901
Kepler-324,4,0.75,0.85
Kepler-324,4,0.843,NA
Kepler-324,4,0.826,0.844
Kepler-324,4,0.836,0.901
Kepler-324,4,0.75,0.85
Kepler-324,4,0.803,0.901
Kepler-324,4,0.803,0.901
Kepler-324,4,0.859378,0.89
Kepler-324,4,0.803,0.901
Kepler-324,4,0.859378,0.89
Kepler-324,4,0.826,0.844
Kepler-324,4,0.835,0.901
Kepler-325,3,0.796602,0.99
Kepler-325,3,1,0.918
Kepler-325,3,0.796602,0.99
Kepler-325,3,1.003,NA
Kepler-325,3,0.937,0.919
Kepler-325,3,0.796602,0.99
Kepler-325,3,0.982,0.892
Kepler-325,3,0.982,0.892
Kepler-325,3,0.823,NA
Kepler-325,3,0.88,0.91
Kepler-325,3,0.982,0.892
Kepler-325,3,0.81,0.914
Kepler-325,3,0.823,NA
Kepler-325,3,0.982,0.892
Kepler-325,3,1,0.918
Kepler-325,3,0.796602,0.99
Kepler-325,3,0.796602,0.99
Kepler-325,3,0.88,0.91
Kepler-325,3,0.81,0.914
Kepler-325,3,0.937,0.919
Kepler-325,3,1.003,NA
Kepler-325,3,0.982,0.892
Kepler-325,3,0.982,0.892
Kepler-325,3,0.796602,0.99
Kepler-325,3,0.982,0.892
Kepler-325,3,0.982,0.892
Kepler-325,3,1.003,NA
Kepler-325,3,0.796602,0.99
Kepler-325,3,0.796602,0.99
Kepler-325,3,0.982,0.892
Kepler-325,3,1,0.918
Kepler-325,3,0.937,0.919
Kepler-325,3,0.796602,0.99
Kepler-325,3,0.81,0.914
Kepler-325,3,0.88,0.91
Kepler-325,3,0.823,NA
Kepler-326,3,1.095,NA
Kepler-326,3,1.03691,0.878
Kepler-326,3,1.03691,0.878
Kepler-326,3,1.593,0.933
Kepler-326,3,1.8,0.914
Kepler-326,3,1.593,0.933
Kepler-326,3,1.03691,0.878
Kepler-326,3,0.789,0.82
Kepler-326,3,1.593,0.93
Kepler-326,3,0.8,0.85
Kepler-326,3,0.801,NA
Kepler-326,3,1.089,0.91
Kepler-326,3,1.593,0.933
Kepler-326,3,1.03691,0.878
Kepler-326,3,0.789,0.82
Kepler-326,3,1.089,0.91
Kepler-326,3,1.593,0.933
Kepler-326,3,1.8,0.914
Kepler-326,3,1.593,0.933
Kepler-326,3,0.8,0.85
Kepler-326,3,1.593,0.933
Kepler-326,3,0.801,NA
Kepler-326,3,1.593,0.93
Kepler-326,3,1.03691,0.878
Kepler-326,3,1.095,NA
Kepler-326,3,1.03691,0.878
Kepler-326,3,0.789,0.82
Kepler-326,3,1.095,NA
Kepler-326,3,1.8,0.914
Kepler-326,3,0.801,NA
Kepler-326,3,1.089,0.91
Kepler-326,3,1.593,0.933
Kepler-326,3,1.593,0.93
Kepler-326,3,1.593,0.933
Kepler-326,3,1.593,0.933
Kepler-326,3,1.03691,0.878
Kepler-326,3,1.03691,0.878
Kepler-326,3,1.03691,0.878
Kepler-326,3,0.8,0.85
Kepler-327,3,0.541,0.58
Kepler-327,3,0.523,0.547
Kepler-327,3,0.604708,0.591913
Kepler-327,3,0.492,0.499
Kepler-327,3,NA,NA
Kepler-327,3,0.604708,0.591913
Kepler-327,3,0.55,0.57
Kepler-327,3,0.605,NA
Kepler-327,3,0.492,0.499
Kepler-327,3,0.492,0.499
Kepler-327,3,0.541,0.58
Kepler-327,3,0.492,NA
Kepler-327,3,0.506,0.513
Kepler-327,3,0.492,0.499
Kepler-327,3,0.604708,0.591913
Kepler-327,3,0.604708,0.591913
Kepler-327,3,0.492,0.499
Kepler-327,3,0.605,NA
Kepler-327,3,0.604708,0.591913
Kepler-327,3,0.55,0.57
Kepler-327,3,0.604708,0.591913
Kepler-327,3,0.492,NA
Kepler-327,3,0.604708,0.591913
Kepler-327,3,NA,NA
Kepler-327,3,0.541,0.58
Kepler-327,3,0.492,0.499
Kepler-327,3,0.492,0.499
Kepler-327,3,0.541,0.58
Kepler-327,3,0.506,0.513
Kepler-327,3,0.604708,0.591913
Kepler-327,3,0.523,0.547
Kepler-327,3,0.492,0.499
Kepler-327,3,0.604708,0.591913
Kepler-327,3,0.506,0.513
Kepler-327,3,0.604708,0.591913
Kepler-327,3,NA,NA
Kepler-327,3,0.492,0.499
Kepler-327,3,0.55,0.57
Kepler-327,3,0.541,0.58
Kepler-327,3,0.604708,0.591913
Kepler-327,3,0.492,NA
Kepler-327,3,0.492,0.499
Kepler-327,3,0.604708,0.591913
Kepler-327,3,0.523,0.547
Kepler-327,3,0.492,0.499
Kepler-327,3,0.605,NA
Kepler-327,3,0.492,0.499
Kepler-328,2,1.50384,1.13
Kepler-328,2,1.36,1.24
Kepler-328,2,1.069,1.161
Kepler-328,2,1.064,1.149
Kepler-328,2,1.50384,1.13
Kepler-328,2,1.439,NA
Kepler-328,2,1.06,1.15
Kepler-328,2,1.064,1.149
Kepler-328,2,1.064,1.149
Kepler-328,2,1.439,1.161
Kepler-328,2,1.439,NA
Kepler-328,2,1.064,1.149
Kepler-328,2,1.439,1.161
Kepler-328,2,1.36,1.24
Kepler-328,2,1.064,1.149
Kepler-328,2,1.069,1.161
Kepler-328,2,1.50384,1.13
Kepler-328,2,1.50384,1.13
Kepler-328,2,1.06,1.15
Kepler-328,2,1.064,1.149
Kepler-328,2,0.97,1.07
Kepler-329,2,0.515,0.526
Kepler-329,2,0.515,0.526
Kepler-329,2,0.571,0.602
Kepler-329,2,0.515,0.526
Kepler-329,2,0.56,0.57
Kepler-329,2,0.545,0.559
Kepler-329,2,0.63,0.665
Kepler-329,2,0.716897,0.702
Kepler-329,2,0.716897,0.702
Kepler-329,2,0.756,NA
Kepler-329,2,0.523,NA
Kepler-329,2,0.545,0.559
Kepler-329,2,0.523,NA
Kepler-329,2,0.63,0.665
Kepler-329,2,0.716897,0.702
Kepler-329,2,0.756,NA
Kepler-329,2,0.515,0.526
Kepler-329,2,0.56,0.57
Kepler-329,2,0.515,0.526
Kepler-329,2,0.571,0.602
Kepler-329,2,0.515,0.526
Kepler-329,2,0.716897,0.702
Kepler-329,2,0.716897,0.702
Kepler-33,5,1.694,1.1
Kepler-33,5,1.82,1.295
Kepler-33,5,1.609,1.208
Kepler-33,5,1.694,1.1
Kepler-33,5,1.655,NA
Kepler-33,5,1.52,1.18
Kepler-33,5,1.694,1.1
Kepler-33,5,1.71415,1.07
Kepler-33,5,1.694,1.1
Kepler-33,5,1.71415,1.07
Kepler-33,5,1.82,1.291
Kepler-33,5,1.71415,1.07
Kepler-33,5,1.694,1.1
Kepler-33,5,1.655,NA
Kepler-33,5,1.694,1.1
Kepler-33,5,1.694,1.1
Kepler-33,5,1.69,1.1
Kepler-33,5,1.52,1.18
Kepler-33,5,1.82,1.295
Kepler-33,5,1.609,1.208
Kepler-33,5,1.71415,1.07
Kepler-33,5,1.82,1.291
Kepler-33,5,1.71415,1.07
Kepler-33,5,1.694,1.1
Kepler-33,5,1.82,1.295
Kepler-33,5,1.82,1.291
Kepler-33,5,1.609,1.208
Kepler-33,5,NA,1.1
Kepler-33,5,1.694,1.1
Kepler-33,5,1.655,NA
Kepler-33,5,1.69,1.1
Kepler-33,5,1.71415,1.07
Kepler-33,5,1.694,1.1
Kepler-33,5,1.71415,1.07
Kepler-33,5,1.694,1.1
Kepler-33,5,1.71415,1.07
Kepler-33,5,1.694,1.1
Kepler-33,5,1.52,1.18
Kepler-33,5,1.694,1.1
Kepler-33,5,1.655,NA
Kepler-33,5,1.694,1.1
Kepler-33,5,NA,1.1
Kepler-33,5,1.694,1.1
Kepler-33,5,1.71415,1.07
Kepler-33,5,1.694,1.1
Kepler-33,5,1.694,1.1
Kepler-33,5,1.82,1.291
Kepler-33,5,1.694,1.1
Kepler-33,5,1.71415,1.07
Kepler-33,5,1.82,1.295
Kepler-33,5,1.52,1.18
Kepler-33,5,1.609,1.208
Kepler-33,5,1.69,1.1
Kepler-33,5,1.694,1.1
Kepler-33,5,1.82,1.291
Kepler-33,5,1.694,1.1
Kepler-33,5,NA,1.1
Kepler-33,5,1.71415,1.07
Kepler-33,5,1.71415,1.07
Kepler-33,5,1.694,1.1
Kepler-33,5,1.655,NA
Kepler-33,5,1.52,1.18
Kepler-33,5,1.694,1.1
Kepler-33,5,1.694,1.1
Kepler-33,5,1.609,1.208
Kepler-33,5,1.69,1.1
Kepler-33,5,1.82,1.295
Kepler-330,2,0.811914,0.82
Kepler-330,2,0.69,0.792
Kepler-330,2,0.811914,0.82
Kepler-330,2,0.779,0.848
Kepler-330,2,0.805,0.776
Kepler-330,2,0.743,0.825
Kepler-330,2,0.743,0.825
Kepler-330,2,0.76,0.79
Kepler-330,2,0.722,NA
Kepler-330,2,0.792,NA
Kepler-330,2,0.743,0.825
Kepler-330,2,0.743,0.825
Kepler-330,2,0.69,0.792
Kepler-330,2,0.743,0.825
Kepler-330,2,0.722,NA
Kepler-330,2,0.76,0.79
Kepler-330,2,0.811914,0.82
Kepler-330,2,0.779,0.848
Kepler-330,2,0.811914,0.82
Kepler-330,2,0.743,0.825
Kepler-330,2,0.811914,0.82
Kepler-330,2,0.805,0.776
Kepler-330,2,0.792,NA
Kepler-331,3,0.521,0.535
Kepler-331,3,0.637412,0.73
Kepler-331,3,0.7,NA
Kepler-331,3,0.521,0.535
Kepler-331,3,0.579,0.653
Kepler-331,3,0.7,0.74
Kepler-331,3,0.492,NA
Kepler-331,3,0.521,0.535
Kepler-331,3,0.637412,0.73
Kepler-331,3,0.637412,0.73
Kepler-331,3,0.524,0.537
Kepler-331,3,0.7,NA
Kepler-331,3,0.637412,0.73
Kepler-331,3,0.521,0.535
Kepler-331,3,0.521,0.535
Kepler-331,3,0.492,NA
Kepler-331,3,0.521,0.535
Kepler-331,3,0.637412,0.73
Kepler-331,3,0.524,0.537
Kepler-331,3,0.579,0.653
Kepler-331,3,0.7,0.74
Kepler-331,3,0.637412,0.73
Kepler-331,3,0.579,0.653
Kepler-331,3,0.521,0.535
Kepler-331,3,0.637412,0.73
Kepler-331,3,0.492,NA
Kepler-331,3,0.7,NA
Kepler-331,3,0.524,0.537
Kepler-331,3,0.521,0.535
Kepler-331,3,0.521,0.535
Kepler-331,3,0.7,0.74
Kepler-331,3,0.637412,0.73
Kepler-331,3,0.637412,0.73
Kepler-332,3,0.688,0.743
Kepler-332,3,0.701442,0.808
Kepler-332,3,0.861,0.801
Kepler-332,3,0.74,0.8
Kepler-332,3,0.75,0.746
Kepler-332,3,0.701442,0.808
Kepler-332,3,0.72,NA
Kepler-332,3,0.701442,0.808
Kepler-332,3,0.861,0.801
Kepler-332,3,0.861,0.801
Kepler-332,3,0.693,NA
Kepler-332,3,0.721,0.774
Kepler-332,3,0.693,NA
Kepler-332,3,0.861,0.801
Kepler-332,3,0.701442,0.808
Kepler-332,3,0.721,0.774
Kepler-332,3,0.861,0.801
Kepler-332,3,0.72,NA
Kepler-332,3,0.688,0.743
Kepler-332,3,0.74,0.8
Kepler-332,3,0.701442,0.808
Kepler-332,3,0.861,0.801
Kepler-332,3,0.701442,0.808
Kepler-332,3,0.861,0.801
Kepler-332,3,0.861,0.801
Kepler-332,3,0.701442,0.808
Kepler-332,3,0.693,NA
Kepler-332,3,0.72,NA
Kepler-332,3,0.74,0.8
Kepler-332,3,0.721,0.774
Kepler-332,3,0.861,0.801
Kepler-332,3,0.701442,0.808
Kepler-332,3,0.701442,0.808
Kepler-332,3,0.688,0.743
Kepler-333,2,0.63,0.66
Kepler-333,2,0.691,NA
Kepler-333,2,0.621735,0.701
Kepler-333,2,0.642,0.674
Kepler-333,2,0.534,NA
Kepler-333,2,0.642,0.674
Kepler-333,2,0.583,0.589
Kepler-333,2,0.571,0.601
Kepler-333,2,0.583,0.589
Kepler-333,2,0.621735,0.701
Kepler-333,2,0.583,0.589
Kepler-333,2,0.621735,0.701
Kepler-333,2,0.598,0.609
Kepler-333,2,0.621735,0.701
Kepler-333,2,0.598,0.609
Kepler-333,2,0.621735,0.701
Kepler-333,2,0.621735,0.701
Kepler-333,2,0.642,0.674
Kepler-333,2,0.583,0.589
Kepler-333,2,0.583,0.589
Kepler-333,2,0.583,0.589
Kepler-333,2,0.642,0.674
Kepler-333,2,0.571,0.601
Kepler-333,2,0.534,NA
Kepler-333,2,0.691,NA
Kepler-333,2,0.63,0.66
Kepler-334,3,1.008,NA
Kepler-334,3,1.11,1.07
Kepler-334,3,1.01761,1.07
Kepler-334,3,NA,1.022
Kepler-334,3,1.095,0.957
Kepler-334,3,1.01761,1.07
Kepler-334,3,1.01761,1.07
Kepler-334,3,0.999,0.959
Kepler-334,3,0.999,1.022
Kepler-334,3,0.999,0.959
Kepler-334,3,1.068,NA
Kepler-334,3,1,1.06
Kepler-334,3,0.999,0.959
Kepler-334,3,1.01761,1.07
Kepler-334,3,0.999,0.959
Kepler-334,3,0.999,1.022
Kepler-334,3,0.999,0.959
Kepler-334,3,1,1.06
Kepler-334,3,1.008,NA
Kepler-334,3,1.11,1.07
Kepler-334,3,1.01761,1.07
Kepler-334,3,0.999,0.959
Kepler-334,3,1.068,NA
Kepler-334,3,NA,1.022
Kepler-334,3,1.01761,1.07
Kepler-334,3,1.095,0.957
Kepler-334,3,1.008,NA
Kepler-334,3,1.095,0.957
Kepler-334,3,0.999,0.959
Kepler-334,3,NA,1.022
Kepler-334,3,1.01761,1.07
Kepler-334,3,1.01761,1.07
Kepler-334,3,0.999,0.959
Kepler-334,3,0.999,0.959
Kepler-334,3,0.999,1.022
Kepler-334,3,1.068,NA
Kepler-334,3,1.01761,1.07
Kepler-334,3,1,1.06
Kepler-334,3,1.11,1.07
Kepler-335,2,1.84315,1.08
Kepler-335,2,1.84315,1.08
Kepler-335,2,1.812,1.212
Kepler-335,2,0.93,1.035
Kepler-335,2,0.932,1.019
Kepler-335,2,1.84315,1.08
Kepler-335,2,1.768,1.367
Kepler-335,2,1.68,1.23
Kepler-335,2,0.932,1.019
Kepler-335,2,1.854,NA
Kepler-335,2,0.932,1.019
Kepler-335,2,1.822,NA
Kepler-335,2,1.854,NA
Kepler-335,2,1.84315,1.08
Kepler-335,2,1.768,1.367
Kepler-335,2,1.812,1.212
Kepler-335,2,0.932,1.019
Kepler-335,2,0.932,1.019
Kepler-335,2,1.84315,1.08
Kepler-335,2,1.822,NA
Kepler-335,2,1.68,1.23
Kepler-335,2,0.932,1.019
Kepler-336,3,NA,NA
Kepler-336,3,0.865,0.938
Kepler-336,3,1.21,1.09
Kepler-336,3,1.304,NA
Kepler-336,3,1.272,1.088
Kepler-336,3,0.865,0.938
Kepler-336,3,0.865,0.938
Kepler-336,3,0.96,1.057
Kepler-336,3,NA,NA
Kepler-336,3,0.96,1.057
Kepler-336,3,1.21,1.09
Kepler-336,3,1.304,NA
Kepler-336,3,1.272,1.088
Kepler-336,3,NA,NA
Kepler-336,3,0.865,0.938
Kepler-336,3,0.865,0.938
Kepler-336,3,NA,NA
Kepler-336,3,NA,NA
Kepler-336,3,0.865,0.938
Kepler-336,3,0.865,0.938
Kepler-336,3,0.96,1.057
Kepler-336,3,NA,NA
Kepler-336,3,1.272,1.088
Kepler-336,3,1.304,NA
Kepler-336,3,NA,NA
Kepler-336,3,0.865,0.938
Kepler-336,3,0.865,0.938
Kepler-336,3,NA,NA
Kepler-336,3,1.21,1.09
Kepler-337,2,1.78665,1.01
Kepler-337,2,1.415,0.975
Kepler-337,2,1.78665,1.01
Kepler-337,2,1.78665,1.01
Kepler-337,2,1.472,1.014
Kepler-337,2,1.38,1.05
Kepler-337,2,1.761,NA
Kepler-337,2,1.415,0.975
Kepler-337,2,1.46,1.021
Kepler-337,2,1.796,1.081
Kepler-337,2,1.823,NA
Kepler-337,2,1.415,0.975
Kepler-337,2,1.415,0.975
Kepler-337,2,1.78665,1.01
Kepler-337,2,1.38,1.05
Kepler-337,2,1.415,0.975
Kepler-337,2,1.823,NA
Kepler-337,2,1.415,0.975
Kepler-337,2,1.46,1.021
Kepler-337,2,1.472,1.014
Kepler-337,2,1.796,1.081
Kepler-337,2,1.78665,1.01
Kepler-337,2,1.78665,1.01
Kepler-337,2,1.761,NA
Kepler-338,4,1.735,1.142
Kepler-338,4,1.693,1.086
Kepler-338,4,NA,1.105
Kepler-338,4,1.90361,1.06
Kepler-338,4,1.78,1.2
Kepler-338,4,1.752,1.105
Kepler-338,4,1.774,NA
Kepler-338,4,1.735,1.142
Kepler-338,4,1.90361,1.06
Kepler-338,4,1.51,1.101
Kepler-338,4,1.735,NA
Kepler-338,4,1.90361,1.06
Kepler-338,4,1.735,1.142
Kepler-338,4,1.90361,1.06
Kepler-338,4,1.735,1.14
Kepler-338,4,1.90361,1.06
Kepler-338,4,1.735,1.142
Kepler-338,4,1.774,NA
Kepler-338,4,1.90361,1.06
Kepler-338,4,NA,1.105
Kepler-338,4,1.693,1.086
Kepler-338,4,1.90361,1.06
Kepler-338,4,1.78,1.2
Kepler-338,4,1.51,1.101
Kepler-338,4,1.735,1.142
Kepler-338,4,1.735,NA
Kepler-338,4,1.752,1.105
Kepler-338,4,1.735,1.142
Kepler-338,4,1.90361,1.06
Kepler-338,4,1.752,1.105
Kepler-338,4,1.735,1.142
Kepler-338,4,1.51,1.101
Kepler-338,4,1.90361,1.06
Kepler-338,4,1.90361,1.06
Kepler-338,4,1.90361,1.06
Kepler-338,4,1.693,1.086
Kepler-338,4,NA,1.105
Kepler-338,4,1.735,NA
Kepler-338,4,1.90361,1.06
Kepler-338,4,1.774,NA
Kepler-338,4,1.735,1.142
Kepler-338,4,1.78,1.2
Kepler-338,4,1.735,1.142
Kepler-338,4,1.752,1.105
Kepler-338,4,1.735,1.142
Kepler-338,4,1.735,1.142
Kepler-338,4,1.90361,1.06
Kepler-338,4,1.735,1.14
Kepler-338,4,1.693,1.086
Kepler-338,4,1.90361,1.06
Kepler-338,4,1.51,1.101
Kepler-338,4,1.90361,1.06
Kepler-338,4,1.774,NA
Kepler-338,4,1.78,1.2
Kepler-338,4,NA,1.105
Kepler-338,4,1.735,1.142
Kepler-339,3,0.83,0.934
Kepler-339,3,0.808,0.88
Kepler-339,3,0.9,0.93
Kepler-339,3,1.023,0.87
Kepler-339,3,0.775,NA
Kepler-339,3,0.808,0.88
Kepler-339,3,0.808,0.88
Kepler-339,3,0.802,NA
Kepler-339,3,0.769161,0.96
Kepler-339,3,0.769161,0.96
Kepler-339,3,0.769161,0.96
Kepler-339,3,0.766,0.87
Kepler-339,3,0.769161,0.96
Kepler-339,3,0.766,0.87
Kepler-339,3,0.775,NA
Kepler-339,3,0.802,NA
Kepler-339,3,0.808,0.88
Kepler-339,3,0.83,0.934
Kepler-339,3,0.808,0.88
Kepler-339,3,1.023,0.87
Kepler-339,3,0.9,0.93
Kepler-339,3,0.808,0.88
Kepler-339,3,0.808,0.88
Kepler-339,3,0.769161,0.96
Kepler-339,3,0.769161,0.96
Kepler-339,3,0.766,0.87
Kepler-339,3,0.769161,0.96
Kepler-339,3,0.808,0.88
Kepler-339,3,0.802,NA
Kepler-339,3,0.769161,0.96
Kepler-339,3,0.808,0.88
Kepler-339,3,0.769161,0.96
Kepler-339,3,0.808,0.88
Kepler-339,3,0.808,0.88
Kepler-339,3,0.83,0.934
Kepler-339,3,0.9,0.93
Kepler-339,3,0.775,NA
Kepler-339,3,1.023,0.87
Kepler-34,1,1.1618,1.0479
Kepler-340,2,2.08,1.65
Kepler-340,2,3.177,2.046
Kepler-340,2,1.85,NA
Kepler-340,2,1.46668,1.87
Kepler-340,2,1.676,NA
Kepler-340,2,1.846,1.421
Kepler-340,2,3.177,2.046
Kepler-340,2,3.177,2.046
Kepler-340,2,1.46668,1.87
Kepler-340,2,3.177,2.046
Kepler-340,2,1.676,NA
Kepler-340,2,1.85,NA
Kepler-340,2,2.83,2.09
Kepler-340,2,1.46668,1.87
Kepler-340,2,3.177,2.046
Kepler-340,2,1.846,1.421
Kepler-340,2,3.177,2.046
Kepler-340,2,2.08,1.65
Kepler-341,4,1.213,NA
Kepler-341,4,1.20017,1.01
Kepler-341,4,1.01,1.012
Kepler-341,4,1.111,0.957
Kepler-341,4,1.003,1
Kepler-341,4,1.003,1
Kepler-341,4,1.185,0.976
Kepler-341,4,1.003,1
Kepler-341,4,1.20017,1.01
Kepler-341,4,1.024,NA
Kepler-341,4,0.99,1
Kepler-341,4,1.20017,1.01
Kepler-341,4,1.024,NA
Kepler-341,4,0.99,1
Kepler-341,4,1.213,NA
Kepler-341,4,1.01,1.012
Kepler-341,4,1.003,1
Kepler-341,4,1.003,1
Kepler-341,4,1.20017,1.01
Kepler-341,4,1.003,1
Kepler-341,4,1.111,0.957
Kepler-341,4,1.20017,1.01
Kepler-341,4,1.185,0.976
Kepler-341,4,1.003,1
Kepler-341,4,1.024,NA
Kepler-341,4,1.213,NA
Kepler-341,4,1.20017,1.01
Kepler-341,4,1.20017,1.01
Kepler-341,4,1.01,1.012
Kepler-341,4,0.99,1
Kepler-341,4,1.003,1
Kepler-341,4,1.185,0.976
Kepler-341,4,1.003,1
Kepler-341,4,1.111,0.957
Kepler-341,4,1.20017,1.01
Kepler-341,4,1.20017,1.01
Kepler-341,4,1.20017,1.01
Kepler-341,4,1.024,NA
Kepler-341,4,1.20017,1.01
Kepler-341,4,1.185,0.976
Kepler-341,4,1.111,0.957
Kepler-341,4,1.01,1.012
Kepler-341,4,0.99,1
Kepler-341,4,1.213,NA
Kepler-341,4,1.003,1
Kepler-341,4,1.003,1
Kepler-341,4,1.003,1
Kepler-342,4,1.178,1.2
Kepler-342,4,1.12,1.19
Kepler-342,4,1.48994,1.16
Kepler-342,4,1.48994,1.16
Kepler-342,4,1.178,1.2
Kepler-342,4,1.34,1.26
Kepler-342,4,1.472,NA
Kepler-342,4,1.48994,1.16
Kepler-342,4,1.386,NA
Kepler-342,4,1.363,1.213
Kepler-342,4,1.369,1.247
Kepler-342,4,1.178,1.2
Kepler-342,4,1.386,NA
Kepler-342,4,1.34,1.26
Kepler-342,4,1.472,NA
Kepler-342,4,1.48994,1.16
Kepler-342,4,1.178,1.2
Kepler-342,4,1.369,1.247
Kepler-342,4,1.178,1.2
Kepler-342,4,1.178,1.2
Kepler-342,4,1.363,1.213
Kepler-342,4,1.48994,1.16
Kepler-342,4,1.472,NA
Kepler-342,4,1.363,1.213
Kepler-342,4,1.386,NA
Kepler-342,4,1.178,1.2
Kepler-342,4,1.48994,1.16
Kepler-342,4,1.369,1.247
Kepler-342,4,1.12,1.19
Kepler-342,4,1.178,1.2
Kepler-342,4,1.48994,1.16
Kepler-342,4,1.178,1.2
Kepler-342,4,1.34,1.26
Kepler-342,4,1.363,1.213
Kepler-342,4,1.178,1.2
Kepler-342,4,1.48994,1.16
Kepler-342,4,1.386,NA
Kepler-342,4,1.178,1.2
Kepler-342,4,1.178,1.2
Kepler-342,4,1.34,1.26
Kepler-342,4,1.369,1.247
Kepler-343,2,1.06,1.05
Kepler-343,2,1.21,1.055
Kepler-343,2,1.433,NA
Kepler-343,2,1.2921,1.03
Kepler-343,2,1.233,NA
Kepler-343,2,1.047,1.022
Kepler-343,2,1.374,1.054
Kepler-343,2,1.047,1.022
Kepler-343,2,1.2921,1.03
Kepler-343,2,1.3,1.08
Kepler-343,2,1.047,1.022
Kepler-343,2,1.2921,1.03
Kepler-343,2,1.233,NA
Kepler-343,2,1.047,1.022
Kepler-343,2,1.433,NA
Kepler-343,2,1.374,1.054
Kepler-343,2,1.3,1.08
Kepler-343,2,1.21,1.055
Kepler-343,2,1.2921,1.03
Kepler-343,2,1.047,1.022
Kepler-343,2,1.2921,1.03
Kepler-343,2,1.047,1.022
Kepler-343,2,1.2921,1.03
Kepler-344,2,0.958,0.937
Kepler-344,2,0.88,NA
Kepler-344,2,0.976,NA
Kepler-344,2,0.941196,0.92
Kepler-344,2,0.958,0.937
Kepler-344,2,0.958,0.937
Kepler-344,2,0.86,0.931
Kepler-344,2,0.9,0.93
Kepler-344,2,0.941196,0.92
Kepler-344,2,0.96,0.93
Kepler-344,2,0.941196,0.92
Kepler-344,2,0.958,0.937
Kepler-344,2,0.86,0.931
Kepler-344,2,0.958,0.937
Kepler-344,2,0.88,NA
Kepler-344,2,0.976,NA
Kepler-344,2,0.96,0.93
Kepler-344,2,0.958,0.937
Kepler-344,2,0.958,0.937
Kepler-344,2,0.958,0.937
Kepler-344,2,0.941196,0.92
Kepler-344,2,0.941196,0.92
Kepler-344,2,0.9,0.93
Kepler-345,2,0.58,0.61
Kepler-345,2,NA,NA
Kepler-345,2,NA,NA
Kepler-345,2,0.63,0.616
Kepler-345,2,0.819,0.786
Kepler-345,2,0.646,0.71
Kepler-345,2,0.68,0.72
Kepler-345,2,0.63,0.616
Kepler-345,2,0.646,0.71
Kepler-345,2,0.623,NA
Kepler-345,2,NA,0.7
Kepler-345,2,0.646,0.71
Kepler-345,2,0.63,0.616
Kepler-345,2,0.63,0.616
Kepler-345,2,0.68,0.72
Kepler-345,2,0.623,NA
Kepler-345,2,NA,NA
Kepler-345,2,NA,0.7
Kepler-345,2,0.646,0.71
Kepler-345,2,0.63,0.616
Kepler-345,2,0.646,0.71
Kepler-345,2,0.58,0.61
Kepler-345,2,NA,NA
Kepler-345,2,0.63,0.616
Kepler-345,2,NA,NA
Kepler-345,2,0.646,0.71
Kepler-345,2,0.819,0.786
Kepler-346,2,0.92,0.95
Kepler-346,2,0.87,0.943
Kepler-346,2,0.96,1.02
Kepler-346,2,0.909664,0.98
Kepler-346,2,1.001,1.065
Kepler-346,2,1.001,1.065
Kepler-346,2,1.001,1.065
Kepler-346,2,1.021,NA
Kepler-346,2,0.889,NA
Kepler-346,2,0.909664,0.98
Kepler-346,2,1.001,1.065
Kepler-346,2,0.909664,0.98
Kepler-346,2,0.909664,0.98
Kepler-346,2,1.001,1.065
Kepler-346,2,0.889,NA
Kepler-346,2,0.96,1.02
Kepler-346,2,0.92,0.95
Kepler-346,2,1.001,1.065
Kepler-346,2,0.909664,0.98
Kepler-346,2,0.909664,0.98
Kepler-346,2,1.001,1.065
Kepler-346,2,1.021,NA
Kepler-346,2,1.001,1.065
Kepler-346,2,0.87,0.943
Kepler-347,3,1.005,NA
Kepler-347,3,1.451,1
Kepler-347,3,1.478,NA
Kepler-347,3,0.998,1.074
Kepler-347,3,1.06,1.05
Kepler-347,3,1.437,0.922
Kepler-347,3,0.96,1.06
Kepler-347,3,0.998,1.074
Kepler-347,3,1.4522,1.05
Kepler-347,3,1.4522,1.05
Kepler-347,3,0.998,1.074
Kepler-347,3,1.4522,1.05
Kepler-347,3,1.478,NA
Kepler-347,3,1.437,0.922
Kepler-347,3,1.4522,1.05
Kepler-347,3,1.4522,1.05
Kepler-347,3,0.998,1.074
Kepler-347,3,0.998,1.074
Kepler-347,3,1.06,1.05
Kepler-347,3,1.4522,1.05
Kepler-347,3,0.998,1.074
Kepler-347,3,1.451,1
Kepler-347,3,1.005,NA
Kepler-347,3,1.437,0.922
Kepler-347,3,1.451,1
Kepler-347,3,0.998,1.074
Kepler-347,3,1.4522,1.05
Kepler-347,3,0.998,1.074
Kepler-347,3,1.451,1
Kepler-347,3,0.998,1.074
Kepler-348,2,1.29686,1.33
Kepler-348,2,1.29686,1.33
Kepler-348,2,1.08,1.158
Kepler-348,2,1.29686,1.33
Kepler-348,2,1.186,1.198
Kepler-348,2,1.39,1.27
Kepler-348,2,1.319,NA
Kepler-348,2,1.296,1.189
Kepler-348,2,1.359,NA
Kepler-348,2,1.186,1.198
Kepler-348,2,1.402,1.259
Kepler-348,2,1.186,1.198
Kepler-348,2,1.39,1.27
Kepler-348,2,1.319,NA
Kepler-348,2,1.186,1.198
Kepler-348,2,1.359,NA
Kepler-348,2,1.402,1.259
Kepler-348,2,1.29686,1.33
Kepler-348,2,1.296,1.189
Kepler-348,2,1.186,1.198
Kepler-348,2,1.186,1.198
Kepler-348,2,1.29686,1.33
Kepler-348,2,1.29686,1.33
Kepler-349,2,1.02938,1.01
Kepler-349,2,0.986,NA
Kepler-349,2,0.966,1.083
Kepler-349,2,0.91,1.017
Kepler-349,2,1.2,1.12
Kepler-349,2,0.911,1.001
Kepler-349,2,0.927,NA
Kepler-349,2,1.02938,1.01
Kepler-349,2,0.911,1.001
Kepler-349,2,0.911,1
Kepler-349,2,0.956,1.035
Kepler-349,2,1.02938,1.01
Kepler-349,2,0.911,1.001
Kepler-349,2,0.91,1.017
Kepler-349,2,0.911,1.001
Kepler-349,2,0.956,1.035
Kepler-349,2,1.02938,1.01
Kepler-349,2,0.911,1
Kepler-349,2,0.966,1.083
Kepler-349,2,0.911,1.001
Kepler-349,2,1.02938,1.01
Kepler-349,2,1.2,1.12
Kepler-349,2,0.986,NA
Kepler-349,2,0.927,NA
Kepler-349,2,0.911,1.001
Kepler-349,2,1.02938,1.01
Kepler-35,1,1.0284,0.8877
Kepler-350,3,1.247,0.997
Kepler-350,3,1.33,1.13
Kepler-350,3,1.421,1.111
Kepler-350,3,1.421,1.111
Kepler-350,3,1.36,1.19
Kepler-350,3,1.534,NA
Kepler-350,3,1.2944,1.33
Kepler-350,3,1.247,0.997
Kepler-350,3,1.2944,1.33
Kepler-350,3,1.465,1.111
Kepler-350,3,1.247,0.997
Kepler-350,3,1.421,NA
Kepler-350,3,1.421,NA
Kepler-350,3,1.25,1
Kepler-350,3,1.247,0.997
Kepler-350,3,1.33,1.13
Kepler-350,3,1.247,1
Kepler-350,3,1.465,1.111
Kepler-350,3,1.421,1.111
Kepler-350,3,1.421,1.111
Kepler-350,3,1.2944,1.33
Kepler-350,3,1.247,0.997
Kepler-350,3,1.36,1.19
Kepler-350,3,1.2944,1.33
Kepler-350,3,1.247,0.997
Kepler-350,3,1.2944,1.33
Kepler-350,3,1.421,NA
Kepler-350,3,1.33,1.13
Kepler-350,3,1.2944,1.33
Kepler-350,3,1.2944,1.33
Kepler-350,3,1.247,0.997
Kepler-350,3,1.2944,1.33
Kepler-350,3,1.247,1
Kepler-350,3,1.247,0.997
Kepler-350,3,1.421,1.111
Kepler-350,3,1.36,1.19
Kepler-350,3,1.421,1.111
Kepler-350,3,1.247,0.997
Kepler-350,3,1.25,1
Kepler-350,3,1.465,1.111
Kepler-351,3,0.841,0.914
Kepler-351,3,0.85,0.916
Kepler-351,3,0.756405,0.91
Kepler-351,3,0.841,0.914
Kepler-351,3,0.846,0.91
Kepler-351,3,0.756405,0.91
Kepler-351,3,0.78,0.81
Kepler-351,3,0.765,NA
Kepler-351,3,0.854,NA
Kepler-351,3,0.756405,0.91
Kepler-351,3,0.841,0.91
Kepler-351,3,0.841,0.914
Kepler-351,3,0.841,0.914
Kepler-351,3,0.756405,0.91
Kepler-351,3,0.841,0.914
Kepler-351,3,0.854,NA
Kepler-351,3,0.85,0.916
Kepler-351,3,0.846,0.91
Kepler-351,3,0.78,0.81
Kepler-351,3,0.756405,0.91
Kepler-351,3,0.756405,0.91
Kepler-351,3,0.765,NA
Kepler-351,3,0.841,0.914
Kepler-351,3,0.841,0.91
Kepler-351,3,0.841,0.914
Kepler-351,3,0.756405,0.91
Kepler-351,3,0.756405,0.91
Kepler-351,3,0.846,0.91
Kepler-351,3,0.765,NA
Kepler-351,3,0.841,0.914
Kepler-351,3,0.78,0.81
Kepler-351,3,0.756405,0.91
Kepler-351,3,0.841,0.914
Kepler-352,3,0.772,0.796
Kepler-352,3,0.731437,0.901
Kepler-352,3,0.725,0.827
Kepler-352,3,0.731437,0.901
Kepler-352,3,0.752,0.836
Kepler-352,3,0.8,0.86
Kepler-352,3,0.733,NA
Kepler-352,3,0.752,0.836
Kepler-352,3,0.752,0.836
Kepler-352,3,0.781,NA
Kepler-352,3,0.726,0.798
Kepler-352,3,0.731437,0.901
Kepler-352,3,0.752,0.836
Kepler-352,3,0.733,NA
Kepler-352,3,0.731437,0.901
Kepler-352,3,0.726,0.798
Kepler-352,3,0.8,0.86
Kepler-352,3,0.752,0.836
Kepler-352,3,0.752,0.836
Kepler-352,3,0.731437,0.901
Kepler-352,3,0.725,0.827
Kepler-352,3,0.731437,0.901
Kepler-352,3,0.781,NA
Kepler-352,3,0.772,0.796
Kepler-352,3,0.752,0.836
Kepler-352,3,0.752,0.836
Kepler-352,3,0.731437,0.901
Kepler-352,3,0.772,0.796
Kepler-352,3,0.752,0.836
Kepler-352,3,0.772,0.796
Kepler-352,3,0.726,0.798
Kepler-353,2,0.523,0.541
Kepler-353,2,0.56,0.58
Kepler-353,2,0.523,0.541
Kepler-353,2,0.523,0.541
Kepler-353,2,0.633367,0.614503
Kepler-353,2,NA,NA
Kepler-353,2,0.565,0.605
Kepler-353,2,0.633367,0.614503
Kepler-353,2,0.633367,0.614503
Kepler-353,2,0.504,NA
Kepler-353,2,0.528,0.553
Kepler-353,2,0.64,NA
Kepler-353,2,0.523,0.541
Kepler-353,2,0.539,0.552
Kepler-353,2,0.504,NA
Kepler-353,2,0.523,0.541
Kepler-353,2,0.633367,0.614503
Kepler-353,2,0.633367,0.614503
Kepler-353,2,0.565,0.605
Kepler-353,2,0.633367,0.614503
Kepler-353,2,0.56,0.58
Kepler-353,2,NA,NA
Kepler-353,2,0.523,0.541
Kepler-353,2,0.523,0.541
Kepler-353,2,0.539,0.552
Kepler-353,2,0.633367,0.614503
Kepler-353,2,0.64,NA
Kepler-353,2,0.528,0.553
Kepler-353,2,0.523,0.541
Kepler-354,3,0.674,NA
Kepler-354,3,0.706,0.704
Kepler-354,3,0.625,0.652
Kepler-354,3,0.707392,0.72
Kepler-354,3,0.7,0.73
Kepler-354,3,0.674,NA
Kepler-354,3,0.707392,0.72
Kepler-354,3,0.706,0.704
Kepler-354,3,0.707392,0.72
Kepler-354,3,0.706,0.704
Kepler-354,3,0.706,0.704
Kepler-354,3,0.674,NA
Kepler-354,3,0.707392,0.72
Kepler-354,3,0.7,0.73
Kepler-354,3,0.706,0.704
Kepler-354,3,0.707392,0.72
Kepler-354,3,0.674,NA
Kepler-354,3,0.706,0.704
Kepler-354,3,0.706,0.704
Kepler-354,3,0.706,0.704
Kepler-354,3,0.706,0.704
Kepler-354,3,0.7,0.73
Kepler-354,3,0.706,0.704
Kepler-354,3,0.707392,0.72
Kepler-354,3,0.674,NA
Kepler-354,3,0.625,0.652
Kepler-354,3,0.707392,0.72
Kepler-354,3,0.674,NA
Kepler-354,3,0.707392,0.72
Kepler-354,3,0.706,0.704
Kepler-354,3,0.706,0.704
Kepler-355,2,1.212,NA
Kepler-355,2,1.03,1.09
Kepler-355,2,1.066,NA
Kepler-355,2,0.98,0.99
Kepler-355,2,1.24545,1.04
Kepler-355,2,1.038,1.1
Kepler-355,2,1.038,1.1
Kepler-355,2,1.173,0.933
Kepler-355,2,1.069,1.002
Kepler-355,2,1.24545,1.04
Kepler-355,2,1.038,1.1
Kepler-355,2,1.069,1.002
Kepler-355,2,1.24545,1.04
Kepler-355,2,1.038,1.1
Kepler-355,2,1.212,NA
Kepler-355,2,1.24545,1.04
Kepler-355,2,1.066,NA
Kepler-355,2,1.038,1.1
Kepler-355,2,1.173,0.933
Kepler-355,2,1.03,1.09
Kepler-355,2,1.24545,1.04
Kepler-355,2,0.98,0.99
Kepler-355,2,1.038,1.1
Kepler-356,2,1.335,NA
Kepler-356,2,1.438,NA
Kepler-356,2,1.28,1.17
Kepler-356,2,1.417,1.163
Kepler-356,2,1.108,1.072
Kepler-356,2,1.108,1.072
Kepler-356,2,1.56422,1.11
Kepler-356,2,1.56422,1.11
Kepler-356,2,1.56422,1.11
Kepler-356,2,1.108,1.072
Kepler-356,2,1.277,1.094
Kepler-356,2,1.19,1.13
Kepler-356,2,1.56422,1.11
Kepler-356,2,1.108,1.072
Kepler-356,2,1.28,1.17
Kepler-356,2,1.108,1.072
Kepler-356,2,1.108,1.072
Kepler-356,2,1.277,1.094
Kepler-356,2,1.335,NA
Kepler-356,2,1.56422,1.11
Kepler-356,2,1.417,1.163
Kepler-356,2,1.56422,1.11
Kepler-356,2,1.19,1.13
Kepler-356,2,1.438,NA
Kepler-357,3,0.828,0.791
Kepler-357,3,0.740322,0.79
Kepler-357,3,0.834,NA
Kepler-357,3,0.77,0.81
Kepler-357,3,0.711,0.794
Kepler-357,3,0.821,0.779
Kepler-357,3,0.740322,0.79
Kepler-357,3,0.72,0.727
Kepler-357,3,0.821,0.779
Kepler-357,3,0.719,NA
Kepler-357,3,0.821,0.779
Kepler-357,3,0.740322,0.79
Kepler-357,3,0.740322,0.79
Kepler-357,3,0.711,0.794
Kepler-357,3,0.821,0.779
Kepler-357,3,0.821,0.779
Kepler-357,3,0.821,0.779
Kepler-357,3,0.72,0.727
Kepler-357,3,0.740322,0.79
Kepler-357,3,0.77,0.81
Kepler-357,3,0.719,NA
Kepler-357,3,0.834,NA
Kepler-357,3,0.828,0.791
Kepler-357,3,0.821,0.779
Kepler-357,3,0.821,0.779
Kepler-357,3,0.834,NA
Kepler-357,3,0.821,0.779
Kepler-357,3,0.719,NA
Kepler-357,3,0.711,0.794
Kepler-357,3,0.740322,0.79
Kepler-357,3,0.72,0.727
Kepler-357,3,0.828,0.791
Kepler-357,3,0.77,0.81
Kepler-357,3,0.740322,0.79
Kepler-358,2,0.940506,0.96
Kepler-358,2,0.89,0.998
Kepler-358,2,0.91,0.94
Kepler-358,2,0.94,1.032
Kepler-358,2,0.940506,0.96
Kepler-358,2,0.954,NA
Kepler-358,2,0.94,1.032
Kepler-358,2,0.928,NA
Kepler-358,2,0.94,1.032
Kepler-358,2,0.940506,0.96
Kepler-358,2,0.94,1.032
Kepler-358,2,0.940506,0.96
Kepler-358,2,0.954,NA
Kepler-358,2,0.89,0.998
Kepler-358,2,0.94,1.032
Kepler-358,2,0.940506,0.96
Kepler-358,2,0.94,1.032
Kepler-358,2,0.94,1.032
Kepler-358,2,0.91,0.94
Kepler-358,2,0.928,NA
Kepler-358,2,0.94,1.032
Kepler-358,2,0.940506,0.96
Kepler-359,3,0.81,1.06
Kepler-359,3,1.19,1.14
Kepler-359,3,1.049,1.107
Kepler-359,3,1.033,1.093
Kepler-359,3,1.033,1.093
Kepler-359,3,0.923027,1.01
Kepler-359,3,0.923027,1.01
Kepler-359,3,1.086,NA
Kepler-359,3,1.033,1.093
Kepler-359,3,0.835,0.827
Kepler-359,3,0.923027,1.01
Kepler-359,3,1.19,1.14
Kepler-359,3,1.086,NA
Kepler-359,3,0.923027,1.01
Kepler-359,3,NA,1.1
Kepler-359,3,0.81,1.06
Kepler-359,3,1.033,1.093
Kepler-359,3,0.923027,1.01
Kepler-359,3,0.923027,1.01
Kepler-359,3,1.049,1.107
Kepler-359,3,0.835,0.827
Kepler-359,3,1.033,1.093
Kepler-359,3,1.033,1.093
Kepler-359,3,0.835,0.827
Kepler-359,3,NA,1.1
Kepler-359,3,1.033,1.093
Kepler-359,3,1.033,1.093
Kepler-359,3,1.19,1.14
Kepler-359,3,0.923027,1.01
Kepler-359,3,0.923027,1.01
Kepler-359,3,1.033,1.093
Kepler-359,3,1.049,1.107
Kepler-359,3,1.086,NA
Kepler-36,2,1.61,1.091
Kepler-36,2,1.629,1.034
Kepler-36,2,1.634,1.034
Kepler-36,2,NA,1.034
Kepler-36,2,1.634,1.034
Kepler-36,2,1.585,1.009
Kepler-36,2,1.68,1.15
Kepler-36,2,1.629,1.034
Kepler-36,2,1.652,NA
Kepler-36,2,1.626,1.071
Kepler-36,2,1.66153,1.11
Kepler-36,2,1.66153,1.11
Kepler-36,2,1.626,1.071
Kepler-36,2,1.626,1.071
Kepler-36,2,1.626,1.071
Kepler-36,2,NA,1
Kepler-36,2,1.626,1.071
Kepler-36,2,1.626,1.071
Kepler-36,2,1.68,1.15
Kepler-36,2,1.629,1.034
Kepler-36,2,1.61,1.091
Kepler-36,2,1.66153,1.11
Kepler-36,2,NA,1.034
Kepler-36,2,1.626,1.071
Kepler-36,2,1.629,1.034
Kepler-36,2,NA,1
Kepler-36,2,1.634,1.034
Kepler-36,2,1.66153,1.11
Kepler-36,2,1.634,1.034
Kepler-36,2,1.652,NA
Kepler-36,2,1.585,1.009
Kepler-36,2,1.626,1.071
Kepler-360,2,1.03,1.025
Kepler-360,2,0.918765,0.99
Kepler-360,2,0.918765,0.99
Kepler-360,2,1.028,1.022
Kepler-360,2,1.028,1.022
Kepler-360,2,1.028,1.022
Kepler-360,2,1.058,NA
Kepler-360,2,0.91,0.937
Kepler-360,2,0.918,NA
Kepler-360,2,0.9,0.994
Kepler-360,2,0.92,0.95
Kepler-360,2,0.918765,0.99
Kepler-360,2,1.028,1.022
Kepler-360,2,0.918765,0.99
Kepler-360,2,0.9,0.994
Kepler-360,2,0.918765,0.99
Kepler-360,2,1.058,NA
Kepler-360,2,1.028,1.022
Kepler-360,2,1.03,1.025
Kepler-360,2,1.028,1.022
Kepler-360,2,0.918,NA
Kepler-360,2,0.91,0.937
Kepler-360,2,0.92,0.95
Kepler-361,2,1.472,1.191
Kepler-361,2,1.46815,1.19
Kepler-361,2,1.46815,1.19
Kepler-361,2,1.175,1.064
Kepler-361,2,1.503,NA
Kepler-361,2,1.343,NA
Kepler-361,2,1.175,1.064
Kepler-361,2,1.175,1.064
Kepler-361,2,1.267,1.085
Kepler-361,2,1.27,1.17
Kepler-361,2,1.46815,1.19
Kepler-361,2,1.175,1.064
Kepler-361,2,1.343,NA
Kepler-361,2,1.23,1.14
Kepler-361,2,1.46815,1.19
Kepler-361,2,1.175,1.064
Kepler-361,2,1.503,NA
Kepler-361,2,1.46815,1.19
Kepler-361,2,1.27,1.17
Kepler-361,2,1.472,1.191
Kepler-361,2,1.267,1.085
Kepler-361,2,1.175,1.064
Kepler-362,2,0.83,0.86
Kepler-362,2,0.722,NA
Kepler-362,2,1.2835,1.03
Kepler-362,2,1.017,1.016
Kepler-362,2,1.2835,1.03
Kepler-362,2,1.384,0.904
Kepler-362,2,0.726,0.807
Kepler-362,2,0.726,0.807
Kepler-362,2,0.726,0.807
Kepler-362,2,1.419,NA
Kepler-362,2,1.2835,1.03
Kepler-362,2,0.83,0.86
Kepler-362,2,0.89,0.996
Kepler-362,2,1.2835,1.03
Kepler-362,2,1.2835,1.03
Kepler-362,2,0.726,0.807
Kepler-362,2,0.726,0.807
Kepler-362,2,0.726,0.807
Kepler-362,2,1.384,0.904
Kepler-362,2,0.722,NA
Kepler-362,2,1.017,1.016
Kepler-362,2,1.419,NA
Kepler-363,3,1.29,1.1
Kepler-363,3,1.65796,0.97
Kepler-363,3,1.65796,0.97
Kepler-363,3,2.127,1.284
Kepler-363,3,1.91,1.07
Kepler-363,3,1.485,NA
Kepler-363,3,1.583,1.226
Kepler-363,3,2.127,1.284
Kepler-363,3,1.611,NA
Kepler-363,3,1.391,1.173
Kepler-363,3,2.127,1.284
Kepler-363,3,2.127,1.284
Kepler-363,3,1.65796,0.97
Kepler-363,3,2.127,1.28
Kepler-363,3,2.127,1.284
Kepler-363,3,1.391,1.173
Kepler-363,3,1.583,1.226
Kepler-363,3,1.91,1.07
Kepler-363,3,2.127,1.284
Kepler-363,3,1.29,1.1
Kepler-363,3,1.485,NA
Kepler-363,3,1.65796,0.97
Kepler-363,3,1.611,NA
Kepler-363,3,1.65796,0.97
Kepler-363,3,2.127,1.284
Kepler-363,3,1.29,1.1
Kepler-363,3,1.65796,0.97
Kepler-363,3,1.91,1.07
Kepler-363,3,2.127,1.284
Kepler-363,3,1.485,NA
Kepler-363,3,2.127,1.28
Kepler-363,3,2.127,1.284
Kepler-363,3,1.583,1.226
Kepler-363,3,1.65796,0.97
Kepler-363,3,1.611,NA
Kepler-363,3,1.391,1.173
Kepler-364,2,1.173,1.195
Kepler-364,2,1.319,NA
Kepler-364,2,1.29885,1.19
Kepler-364,2,1.173,1.195
Kepler-364,2,1.29885,1.19
Kepler-364,2,1.38,1.19
Kepler-364,2,1.383,1.109
Kepler-364,2,1.29885,1.19
Kepler-364,2,1.293,1.076
Kepler-364,2,1.17,1.2
Kepler-364,2,1.173,1.195
Kepler-364,2,1.284,NA
Kepler-364,2,1.319,NA
Kepler-364,2,1.284,NA
Kepler-364,2,1.17,1.2
Kepler-364,2,1.173,1.195
Kepler-364,2,1.29885,1.19
Kepler-364,2,1.29885,1.19
Kepler-364,2,1.173,1.195
Kepler-364,2,1.38,1.19
Kepler-364,2,1.383,1.109
Kepler-364,2,1.29885,1.19
Kepler-364,2,1.173,1.195
Kepler-364,2,1.293,1.076
Kepler-365,2,1.01,1.005
Kepler-365,2,NA,NA
Kepler-365,2,NA,NA
Kepler-365,2,1.03,1.035
Kepler-365,2,1.03,1.035
Kepler-365,2,1.03,1.035
Kepler-365,2,NA,NA
Kepler-365,2,1.03,1.02
Kepler-365,2,1.021,1.037
Kepler-365,2,1.048,NA
Kepler-365,2,1.021,1.037
Kepler-365,2,NA,NA
Kepler-365,2,1.03,1.035
Kepler-365,2,1.03,1.035
Kepler-365,2,NA,NA
Kepler-365,2,1.048,NA
Kepler-365,2,1.03,1.02
Kepler-365,2,NA,NA
Kepler-365,2,1.03,1.035
Kepler-366,2,1.82155,1.09
Kepler-366,2,1.01,1.1
Kepler-366,2,1.82155,1.09
Kepler-366,2,1.033,1.093
Kepler-366,2,1.739,1.088
Kepler-366,2,1.11,1.07
Kepler-366,2,1.162,1.064
Kepler-366,2,1.033,1.093
Kepler-366,2,1.048,NA
Kepler-366,2,1.033,1.093
Kepler-366,2,1.811,NA
Kepler-366,2,1.811,NA
Kepler-366,2,1.01,1.1
Kepler-366,2,1.82155,1.09
Kepler-366,2,1.82155,1.09
Kepler-366,2,1.033,1.093
Kepler-366,2,1.11,1.07
Kepler-366,2,1.033,1.093
Kepler-366,2,1.048,NA
Kepler-366,2,1.739,1.088
Kepler-366,2,1.162,1.064
Kepler-366,2,1.033,1.093
Kepler-366,2,1.82155,1.09
Kepler-367,2,0.718,0.759
Kepler-367,2,0.705,0.79
Kepler-367,2,0.711043,0.776
Kepler-367,2,0.654,0.677
Kepler-367,2,0.695,NA
Kepler-367,2,0.699,0.768
Kepler-367,2,0.718,0.759
Kepler-367,2,0.711043,0.776
Kepler-367,2,0.711043,0.776
Kepler-367,2,0.74,0.81
Kepler-367,2,0.718,0.759
Kepler-367,2,0.697,NA
Kepler-367,2,0.718,0.759
Kepler-367,2,0.697,NA
Kepler-367,2,0.705,0.79
Kepler-367,2,0.711043,0.776
Kepler-367,2,0.695,NA
Kepler-367,2,0.718,0.759
Kepler-367,2,0.718,0.759
Kepler-367,2,0.711043,0.776
Kepler-367,2,0.654,0.677
Kepler-367,2,0.699,0.768
Kepler-367,2,0.74,0.81
Kepler-367,2,0.711043,0.776
Kepler-368,2,2.18669,0.94
Kepler-368,2,2.019,NA
Kepler-368,2,2.086,1.165
Kepler-368,2,0.747,0.77
Kepler-368,2,0.747,0.77
Kepler-368,2,2.18669,0.94
Kepler-368,2,0.747,0.77
Kepler-368,2,0.84,0.97
Kepler-368,2,2.129,NA
Kepler-368,2,1.988,1.136
Kepler-368,2,2.18669,0.94
Kepler-368,2,1.33,0.97
Kepler-368,2,2.18669,0.94
Kepler-368,2,2.019,NA
Kepler-368,2,0.747,0.77
Kepler-368,2,1.33,0.97
Kepler-368,2,1.988,1.136
Kepler-368,2,2.18669,0.94
Kepler-368,2,2.086,1.165
Kepler-368,2,0.747,0.77
Kepler-368,2,0.747,0.77
Kepler-368,2,2.129,NA
Kepler-369,2,0.567402,0.560641
Kepler-369,2,0.41,0.43
Kepler-369,2,0.567402,0.560641
Kepler-369,2,0.471,NA
Kepler-369,2,0.6,0.47
Kepler-369,2,0.41,0.43
Kepler-369,2,0.524,0.561
Kepler-369,2,0.484,0.515
Kepler-369,2,0.41,0.43
Kepler-369,2,0.48,0.5
Kepler-369,2,0.41,0.43
Kepler-369,2,0.567402,0.560641
Kepler-369,2,0.41,0.43
Kepler-369,2,0.484,0.515
Kepler-369,2,0.41,0.43
Kepler-369,2,0.567402,0.560641
Kepler-369,2,0.48,0.5
Kepler-369,2,0.6,0.47
Kepler-369,2,0.41,0.43
Kepler-369,2,0.471,NA
Kepler-369,2,0.567402,0.560641
Kepler-369,2,0.567402,0.560641
Kepler-369,2,0.41,0.43
Kepler-369,2,0.524,0.561
Kepler-369,2,0.567402,0.560641
Kepler-37,4,0.789,0.79
Kepler-37,4,0.786,0.787
Kepler-37,4,0.728,0.753
Kepler-37,4,0.79137,0.94
Kepler-37,4,0.77,0.803
Kepler-37,4,0.77,0.8
Kepler-37,4,0.787,NA
Kepler-37,4,0.772,0.803
Kepler-37,4,NA,0.787
Kepler-37,4,0.79137,0.94
Kepler-37,4,0.79,0.87
Kepler-37,4,0.79137,0.94
Kepler-37,4,0.772,0.803
Kepler-37,4,NA,0.787
Kepler-37,4,0.728,0.753
Kepler-37,4,0.77,0.803
Kepler-37,4,0.789,0.79
Kepler-37,4,0.786,0.787
Kepler-37,4,0.787,NA
Kepler-37,4,0.772,0.803
Kepler-37,4,0.78,0.83
Kepler-37,4,0.79137,0.94
Kepler-37,4,0.77,0.8
Kepler-37,4,0.781,0.829
Kepler-37,4,0.79137,0.94
Kepler-37,4,0.772,0.803
Kepler-37,4,0.79137,0.94
Kepler-37,4,0.79137,0.94
Kepler-37,4,0.772,0.803
Kepler-37,4,0.789,0.79
Kepler-37,4,0.79137,0.94
Kepler-37,4,0.79137,0.94
Kepler-37,4,0.79137,0.94
Kepler-37,4,0.781,0.829
Kepler-37,4,0.79137,0.94
Kepler-37,4,0.77,0.8
Kepler-37,4,0.77,0.803
Kepler-37,4,0.79137,0.94
Kepler-37,4,NA,0.787
Kepler-37,4,0.786,0.787
Kepler-37,4,0.787,NA
Kepler-37,4,0.772,0.803
Kepler-37,4,0.79137,NA
Kepler-37,4,0.728,0.753
Kepler-37,4,0.772,0.8
Kepler-37,4,0.772,0.803
Kepler-37,4,0.772,0.803
Kepler-37,4,0.78,0.83
Kepler-37,4,0.786,0.787
Kepler-37,4,0.79137,0.94
Kepler-37,4,0.79137,0.94
Kepler-37,4,NA,0.787
Kepler-37,4,0.772,0.8
Kepler-37,4,0.728,0.753
Kepler-37,4,0.79137,0.94
Kepler-370,2,1.05062,1
Kepler-370,2,0.874,0.968
Kepler-370,2,1.029,0.982
Kepler-370,2,0.874,0.968
Kepler-370,2,1.058,NA
Kepler-370,2,0.96,0.98
Kepler-370,2,0.954,0.955
Kepler-370,2,0.874,0.968
Kepler-370,2,0.88,0.988
Kepler-370,2,0.9,NA
Kepler-370,2,1.05062,1
Kepler-370,2,0.954,0.955
Kepler-370,2,0.874,0.968
Kepler-370,2,0.88,0.988
Kepler-370,2,0.96,0.98
Kepler-370,2,0.9,NA
Kepler-370,2,1.05062,1
Kepler-370,2,1.05062,1
Kepler-370,2,0.874,0.968
Kepler-370,2,1.058,NA
Kepler-370,2,0.874,0.968
Kepler-370,2,1.05062,1
Kepler-370,2,1.029,0.982
Kepler-371,2,0.992,NA
Kepler-371,2,0.95,0.93
Kepler-371,2,0.922,1
Kepler-371,2,1.31417,1.04
Kepler-371,2,1.31417,1.04
Kepler-371,2,0.95,0.802
Kepler-371,2,1.31417,1.04
Kepler-371,2,1.282,NA
Kepler-371,2,0.922,1
Kepler-371,2,0.95,1.049
Kepler-371,2,1.258,0.876
Kepler-371,2,0.922,1
Kepler-371,2,1.282,NA
Kepler-371,2,0.922,1
Kepler-371,2,1.258,0.876
Kepler-371,2,1.31417,1.04
Kepler-371,2,0.95,0.802
Kepler-371,2,0.992,NA
Kepler-371,2,0.922,1
Kepler-371,2,0.922,1
Kepler-371,2,1.31417,1.04
Kepler-371,2,0.95,0.93
Kepler-372,3,1.249,1.037
Kepler-372,3,1.18,1.12
Kepler-372,3,1.294,1.15
Kepler-372,3,1.137,NA
Kepler-372,3,1.291,NA
Kepler-372,3,1.159,1.181
Kepler-372,3,1.209,1.147
Kepler-372,3,1.159,1.181
Kepler-372,3,1.159,1.181
Kepler-372,3,1.18,1.12
Kepler-372,3,1.209,1.147
Kepler-372,3,1.159,1.181
Kepler-372,3,1.159,1.181
Kepler-372,3,1.294,1.15
Kepler-372,3,1.159,1.181
Kepler-372,3,1.303,1.202
Kepler-372,3,1.137,NA
Kepler-372,3,1.249,1.037
Kepler-372,3,1.291,NA
Kepler-372,3,1.294,1.15
Kepler-372,3,1.18,1.12
Kepler-372,3,1.137,NA
Kepler-372,3,1.159,1.181
Kepler-372,3,1.159,1.181
Kepler-372,3,1.294,1.15
Kepler-372,3,1.294,1.15
Kepler-372,3,1.159,1.181
Kepler-372,3,1.209,1.147
Kepler-372,3,1.249,1.037
Kepler-372,3,1.291,NA
Kepler-373,2,1.362,NA
Kepler-373,2,1.1,0.946
Kepler-373,2,1.3798,0.98
Kepler-373,2,0.842,0.904
Kepler-373,2,1.3798,0.98
Kepler-373,2,0.87,0.978
Kepler-373,2,0.842,0.904
Kepler-373,2,0.9,0.93
Kepler-373,2,0.845,NA
Kepler-373,2,0.842,0.904
Kepler-373,2,1.326,0.981
Kepler-373,2,0.845,NA
Kepler-373,2,1.3798,0.98
Kepler-373,2,0.9,0.93
Kepler-373,2,0.842,0.904
Kepler-373,2,0.842,0.904
Kepler-373,2,0.842,0.904
Kepler-373,2,1.362,NA
Kepler-373,2,1.326,0.981
Kepler-373,2,1.3798,0.98
Kepler-373,2,1.1,0.946
Kepler-373,2,0.87,0.978
Kepler-374,3,0.911,NA
Kepler-374,3,0.9,0.891
Kepler-374,3,1.341,1.033
Kepler-374,3,1.42107,1.01
Kepler-374,3,0.9,0.891
Kepler-374,3,1.515,1.024
Kepler-374,3,0.97,1.03
Kepler-374,3,1.378,NA
Kepler-374,3,1.42107,1.01
Kepler-374,3,0.9,0.891
Kepler-374,3,1.05,1.04
Kepler-374,3,0.9,0.891
Kepler-374,3,0.97,1.03
Kepler-374,3,1.42107,1.01
Kepler-374,3,0.911,NA
Kepler-374,3,1.42107,1.01
Kepler-374,3,1.05,1.04
Kepler-374,3,1.378,NA
Kepler-374,3,1.341,1.033
Kepler-374,3,0.9,0.891
Kepler-374,3,0.9,0.891
Kepler-374,3,1.515,1.024
Kepler-374,3,1.378,NA
Kepler-374,3,0.911,NA
Kepler-374,3,0.9,0.891
Kepler-374,3,1.515,1.024
Kepler-374,3,0.9,0.891
Kepler-374,3,1.42107,1.01
Kepler-374,3,1.05,1.04
Kepler-374,3,0.97,1.03
Kepler-374,3,0.9,0.891
Kepler-374,3,1.42107,1.01
Kepler-374,3,1.341,1.033
Kepler-375,2,0.848,0.937
Kepler-375,2,0.848,0.937
Kepler-375,2,0.848,0.937
Kepler-375,2,0.913476,0.96
Kepler-375,2,0.837,NA
Kepler-375,2,1.238,0.922
Kepler-375,2,0.913476,0.96
Kepler-375,2,0.871,0.891
Kepler-375,2,0.88,0.985
Kepler-375,2,0.86,0.9
Kepler-375,2,0.898,NA
Kepler-375,2,0.848,0.937
Kepler-375,2,0.86,0.9
Kepler-375,2,0.913476,0.96
Kepler-375,2,0.848,0.937
Kepler-375,2,1.238,0.922
Kepler-375,2,0.871,0.891
Kepler-375,2,0.837,NA
Kepler-375,2,0.848,0.937
Kepler-375,2,0.913476,0.96
Kepler-375,2,0.88,0.985
Kepler-375,2,0.898,NA
Kepler-376,2,1.42392,1.08
Kepler-376,2,1.073,0.95
Kepler-376,2,1.314,0.998
Kepler-376,2,1.073,0.95
Kepler-376,2,1.175,NA
Kepler-376,2,1.419,0.968
Kepler-376,2,1.16,1.14
Kepler-376,2,1.42392,1.08
Kepler-376,2,1.073,0.95
Kepler-376,2,1.452,NA
Kepler-376,2,1.24,1.06
Kepler-376,2,1.452,NA
Kepler-376,2,1.073,0.95
Kepler-376,2,1.175,NA
Kepler-376,2,1.073,0.95
Kepler-376,2,1.314,0.998
Kepler-376,2,1.16,1.14
Kepler-376,2,1.24,1.06
Kepler-376,2,1.42392,1.08
Kepler-376,2,1.419,0.968
Kepler-376,2,1.42392,1.08
Kepler-376,2,1.42392,1.08
Kepler-376,2,1.073,0.95
Kepler-377,2,1.14,1.07
Kepler-377,2,1.01,1.104
Kepler-377,2,0.913,0.933
Kepler-377,2,1.224,NA
Kepler-377,2,1.19923,1.1
Kepler-377,2,0.913,0.933
Kepler-377,2,0.913,0.933
Kepler-377,2,1.184,1.027
Kepler-377,2,1.194,NA
Kepler-377,2,1.19923,1.1
Kepler-377,2,1.172,1.043
Kepler-377,2,0.913,0.933
Kepler-377,2,1.19923,1.1
Kepler-377,2,0.913,0.933
Kepler-377,2,1.184,1.027
Kepler-377,2,1.224,NA
Kepler-377,2,1.19923,1.1
Kepler-377,2,1.172,1.043
Kepler-377,2,1.14,1.07
Kepler-377,2,1.19923,1.1
Kepler-377,2,1.01,1.104
Kepler-377,2,1.194,NA
Kepler-377,2,0.913,0.933
Kepler-378,2,0.714,NA
Kepler-378,2,1.818,0.971
Kepler-378,2,0.707045,0.753
Kepler-378,2,0.67,0.748
Kepler-378,2,0.6,0.666
Kepler-378,2,1.818,0.971
Kepler-378,2,0.72,0.78
Kepler-378,2,0.671,NA
Kepler-378,2,0.707045,0.753
Kepler-378,2,0.707045,0.753
Kepler-378,2,1.818,0.971
Kepler-378,2,1.818,0.971
Kepler-378,2,1.818,0.971
Kepler-378,2,0.707045,0.753
Kepler-378,2,0.67,0.748
Kepler-378,2,0.671,NA
Kepler-378,2,0.714,NA
Kepler-378,2,0.707045,0.753
Kepler-378,2,1.818,0.971
Kepler-378,2,0.72,0.78
Kepler-379,2,1.26033,1.12
Kepler-379,2,1.25,1.15
Kepler-379,2,1.26033,1.12
Kepler-379,2,1.291,NA
Kepler-379,2,1.139,1.092
Kepler-379,2,1.139,1.092
Kepler-379,2,1.306,NA
Kepler-379,2,1.26033,1.12
Kepler-379,2,1.26,1.098
Kepler-379,2,1.139,1.092
Kepler-379,2,1.271,1.125
Kepler-379,2,1.139,1.092
Kepler-379,2,1.26033,1.12
Kepler-379,2,1.271,1.125
Kepler-379,2,1.26033,1.12
Kepler-379,2,1.25,1.15
Kepler-379,2,1.139,1.092
Kepler-379,2,1.12,1.11
Kepler-379,2,1.306,NA
Kepler-379,2,1.26033,1.12
Kepler-379,2,1.26,1.098
Kepler-379,2,1.291,NA
Kepler-379,2,1.139,1.092
Kepler-38,1,1.752,0.941
Kepler-380,2,1.097,0.987
Kepler-380,2,1.22128,1.16
Kepler-380,2,1.14,1.08
Kepler-380,2,1.27,NA
Kepler-380,2,1.247,0.99
Kepler-380,2,1.097,0.987
Kepler-380,2,1.34,1.11
Kepler-380,2,1.191,0.995
Kepler-380,2,1.097,0.987
Kepler-380,2,1.22128,1.16
Kepler-380,2,1.224,NA
Kepler-380,2,1.224,NA
Kepler-380,2,1.22128,1.16
Kepler-380,2,1.34,1.11
Kepler-380,2,1.097,0.987
Kepler-380,2,1.14,1.08
Kepler-380,2,1.097,0.987
Kepler-380,2,1.097,0.987
Kepler-380,2,1.27,NA
Kepler-380,2,1.22128,1.16
Kepler-380,2,1.247,0.99
Kepler-380,2,1.191,0.995
Kepler-381,3,1.46624,1.288
Kepler-381,3,2.058,1.274
Kepler-381,3,2.188,1.198
Kepler-381,3,1.449,1.144
Kepler-381,3,1.352,1.378
Kepler-381,3,1.46624,1.288
Kepler-381,3,2.02,1.44
Kepler-381,3,1.46624,1.288
Kepler-381,3,2.058,1.274
Kepler-381,3,2.058,1.274
Kepler-381,3,1.568,NA
Kepler-381,3,1.459,NA
Kepler-381,3,1.46624,1.288
Kepler-381,3,1.459,NA
Kepler-381,3,1.46624,1.288
Kepler-381,3,1.568,NA
Kepler-381,3,1.352,1.378
Kepler-381,3,1.46624,1.288
Kepler-381,3,2.058,1.274
Kepler-381,3,2.02,1.44
Kepler-381,3,1.449,1.144
Kepler-381,3,2.058,1.274
Kepler-381,3,2.188,1.198
Kepler-381,3,2.058,1.274
Kepler-381,3,2.058,1.274
Kepler-381,3,1.46624,1.288
Kepler-381,3,2.188,1.198
Kepler-381,3,2.188,1.198
Kepler-381,3,2.058,1.274
Kepler-381,3,2.058,1.274
Kepler-381,3,1.449,1.144
Kepler-381,3,1.352,1.378
Kepler-382,2,1,0.874
Kepler-382,2,1.309,0.963
Kepler-382,2,0.85,0.88
Kepler-382,2,0.935,0.793
Kepler-382,2,0.935,0.793
Kepler-382,2,1.146,1.002
Kepler-382,2,0.945,NA
Kepler-382,2,1.23947,1
Kepler-382,2,0.935,0.793
Kepler-382,2,1.166,NA
Kepler-382,2,1.23947,1
Kepler-382,2,0.935,0.793
Kepler-382,2,0.85,0.88
Kepler-382,2,1.23947,1
Kepler-382,2,1.146,1.002
Kepler-382,2,0.935,0.793
Kepler-382,2,1.309,0.963
Kepler-382,2,1.23947,1
Kepler-382,2,1.166,NA
Kepler-382,2,1,0.874
Kepler-382,2,0.935,0.793
Kepler-382,2,0.945,NA
Kepler-383,2,0.699,0.683
Kepler-383,2,0.699,0.683
Kepler-383,2,0.722,0.712
Kepler-383,2,NA,NA
Kepler-383,2,0.699,0.683
Kepler-383,2,0.672,NA
Kepler-383,2,NA,NA
Kepler-383,2,0.645,0.669
Kepler-383,2,NA,NA
Kepler-383,2,0.71,0.75
Kepler-383,2,0.699,0.683
Kepler-383,2,0.699,0.683
Kepler-383,2,0.645,0.669
Kepler-383,2,0.722,0.712
Kepler-383,2,NA,NA
Kepler-383,2,NA,NA
Kepler-383,2,0.71,0.75
Kepler-383,2,0.699,0.683
Kepler-383,2,0.672,NA
Kepler-384,2,1.104,0.889
Kepler-384,2,1.01,0.97
Kepler-384,2,1.73675,0.96
Kepler-384,2,0.91,0.773
Kepler-384,2,1.73675,0.96
Kepler-384,2,1.617,0.882
Kepler-384,2,1.648,NA
Kepler-384,2,0.91,0.773
Kepler-384,2,0.91,0.773
Kepler-384,2,1.73675,0.96
Kepler-384,2,0.92,0.994
Kepler-384,2,0.882,NA
Kepler-384,2,1.648,NA
Kepler-384,2,1.73675,0.96
Kepler-384,2,0.882,NA
Kepler-384,2,1.73675,0.96
Kepler-384,2,0.92,0.994
Kepler-384,2,1.73675,0.96
Kepler-384,2,1.617,0.882
Kepler-384,2,1.104,0.889
Kepler-384,2,0.91,0.773
Kepler-384,2,0.91,0.773
Kepler-384,2,1.01,0.97
Kepler-384,2,0.91,0.773
Kepler-385,3,1.153,1.09
Kepler-385,3,1.153,1.09
Kepler-385,3,1.19,1.12
Kepler-385,3,1.157,1.05
Kepler-385,3,1.112,1.157
Kepler-385,3,1.09,0.992
Kepler-385,3,1.153,1.09
Kepler-385,3,1.125,NA
Kepler-385,3,1.157,1.05
Kepler-385,3,1.153,1.09
Kepler-385,3,1.126,NA
Kepler-385,3,1.04,1.1
Kepler-385,3,1.125,NA
Kepler-385,3,1.153,1.09
Kepler-385,3,1.153,1.09
Kepler-385,3,1.112,1.157
Kepler-385,3,1.157,1.05
Kepler-385,3,1.157,1.05
Kepler-385,3,1.19,1.12
Kepler-385,3,1.09,0.992
Kepler-385,3,1.126,NA
Kepler-385,3,1.04,1.1
Kepler-385,3,1.153,1.09
Kepler-385,3,1.153,1.09
Kepler-385,3,1.112,1.157
Kepler-385,3,1.09,0.992
Kepler-385,3,1.157,1.05
Kepler-385,3,1.153,1.09
Kepler-385,3,1.157,1.05
Kepler-385,3,1.153,1.09
Kepler-385,3,1.157,1.05
Kepler-385,3,1.153,1.09
Kepler-386,2,0.746,0.77
Kepler-386,2,0.746,0.77
Kepler-386,2,0.814,0.825
Kepler-386,2,0.767,NA
Kepler-386,2,0.841271,0.83
Kepler-386,2,0.84,0.797
Kepler-386,2,0.746,0.77
Kepler-386,2,0.841271,0.83
Kepler-386,2,0.831,NA
Kepler-386,2,0.78,0.82
Kepler-386,2,0.841271,0.83
Kepler-386,2,0.746,0.77
Kepler-386,2,0.84,0.797
Kepler-386,2,0.767,NA
Kepler-386,2,0.746,0.77
Kepler-386,2,0.78,0.82
Kepler-386,2,0.841271,0.83
Kepler-386,2,0.746,0.77
Kepler-386,2,0.841271,0.83
Kepler-386,2,0.814,0.825
Kepler-386,2,0.831,NA
Kepler-386,2,0.77,0.781
Kepler-387,2,1.124,0.85
Kepler-387,2,1.003,0.824
Kepler-387,2,1.142,NA
Kepler-387,2,1.046,NA
Kepler-387,2,1.09,1.13
Kepler-387,2,1.06,1.038
Kepler-387,2,1.06,1.038
Kepler-387,2,1.14606,1.05
Kepler-387,2,1,0.95
Kepler-387,2,1.14606,1.05
Kepler-387,2,1.06,1.038
Kepler-387,2,1.06,1.038
Kepler-387,2,1.142,NA
Kepler-387,2,1.124,0.85
Kepler-387,2,1.003,0.824
Kepler-387,2,1,0.95
Kepler-387,2,1.046,NA
Kepler-387,2,1.06,1.038
Kepler-387,2,1.09,1.13
Kepler-387,2,1.14606,1.05
Kepler-387,2,1.14606,1.05
Kepler-387,2,1.06,1.038
Kepler-388,2,NA,NA
Kepler-388,2,0.586,NA
Kepler-388,2,0.633,0.626
Kepler-388,2,0.633,0.626
Kepler-388,2,0.633,0.626
Kepler-388,2,0.606,0.635
Kepler-388,2,0.69,0.73
Kepler-388,2,0.633,0.626
Kepler-388,2,NA,NA
Kepler-388,2,0.606,0.635
Kepler-388,2,0.586,NA
Kepler-388,2,0.69,0.73
Kepler-388,2,0.633,0.626
Kepler-388,2,NA,NA
Kepler-388,2,NA,NA
Kepler-388,2,0.633,0.626
Kepler-388,2,0.633,0.626
Kepler-388,2,0.633,0.626
Kepler-389,2,0.785,0.823
Kepler-389,2,0.662,0.765
Kepler-389,2,0.792,NA
Kepler-389,2,0.706144,0.86
Kepler-389,2,0.8,0.84
Kepler-389,2,0.672,NA
Kepler-389,2,0.84,0.95
Kepler-389,2,0.706144,0.86
Kepler-389,2,0.87,0.813
Kepler-389,2,0.785,0.823
Kepler-389,2,0.785,0.823
Kepler-389,2,0.706144,0.86
Kepler-389,2,0.87,0.813
Kepler-389,2,0.785,0.823
Kepler-389,2,0.706144,0.86
Kepler-389,2,0.8,0.84
Kepler-389,2,0.792,NA
Kepler-389,2,0.672,NA
Kepler-389,2,0.785,0.823
Kepler-389,2,0.662,0.765
Kepler-389,2,0.785,0.823
Kepler-39,1,1.20976,1.29
Kepler-39,1,1.39,1.1
Kepler-39,1,1.04,1.11
Kepler-39,1,1.225,1.08
Kepler-39,1,1.522,1.066
Kepler-39,1,1.42,1.21
Kepler-39,1,1.4,1.29
Kepler-39,1,1.522,1.066
Kepler-39,1,1.235,NA
Kepler-39,1,1.522,1.066
Kepler-39,1,1.20976,1.29
Kepler-39,1,1.522,1.066
Kepler-39,1,1.4,1.29
Kepler-39,1,1.20976,1.29
Kepler-390,2,0.769,0.793
Kepler-390,2,0.769,0.793
Kepler-390,2,0.829576,0.877
Kepler-390,2,0.75,0.844
Kepler-390,2,0.776,NA
Kepler-390,2,0.821,NA
Kepler-390,2,0.813,0.787
Kepler-390,2,0.769,0.793
Kepler-390,2,0.829576,0.877
Kepler-390,2,0.8,0.86
Kepler-390,2,0.769,0.793
Kepler-390,2,0.769,0.793
Kepler-390,2,0.776,NA
Kepler-390,2,0.8,0.86
Kepler-390,2,0.769,0.793
Kepler-390,2,0.769,0.793
Kepler-390,2,0.821,NA
Kepler-390,2,0.813,0.787
Kepler-390,2,0.829576,0.877
Kepler-390,2,0.829576,0.877
Kepler-390,2,0.769,0.793
Kepler-391,2,2.738,NA
Kepler-391,2,3.324,1.136
Kepler-391,2,3.33,1.03
Kepler-391,2,2.879,1.27
Kepler-391,2,2.555,1.315
Kepler-391,2,3.569,NA
Kepler-391,2,2.74314,NA
Kepler-391,2,2.555,1.315
Kepler-391,2,2.555,1.315
Kepler-391,2,2.691,1.334
Kepler-391,2,2.41,1.172
Kepler-391,2,2.74314,NA
Kepler-391,2,2.555,1.315
Kepler-391,2,2.879,1.27
Kepler-391,2,2.691,1.334
Kepler-391,2,2.738,NA
Kepler-391,2,3.569,NA
Kepler-391,2,2.555,1.315
Kepler-391,2,2.74314,NA
Kepler-391,2,2.74314,NA
Kepler-391,2,2.74314,NA
Kepler-391,2,3.324,1.136
Kepler-391,2,3.33,1.03
Kepler-391,2,2.555,1.315
Kepler-392,2,1.141,0.874
Kepler-392,2,1.46,1.23
Kepler-392,2,1.403,1.104
Kepler-392,2,1.14758,1.12
Kepler-392,2,1.403,1.104
Kepler-392,2,1.16,NA
Kepler-392,2,1.14758,1.12
Kepler-392,2,1.14,1.07
Kepler-392,2,1.129,NA
Kepler-392,2,1.403,1.104
Kepler-392,2,1.135,0.91
Kepler-392,2,1.141,0.874
Kepler-392,2,1.403,1.104
Kepler-392,2,1.16,NA
Kepler-392,2,1.129,NA
Kepler-392,2,1.403,1.104
Kepler-392,2,1.14758,1.12
Kepler-392,2,1.135,0.91
Kepler-392,2,1.403,1.104
Kepler-392,2,1.14758,1.12
Kepler-392,2,1.14,1.07
Kepler-393,2,1.7,1.38
Kepler-393,2,1.604,1.315
Kepler-393,2,1.5,1.256
Kepler-393,2,1.314,1.098
Kepler-393,2,1.53,NA
Kepler-393,2,1.34,1.21
Kepler-393,2,1.604,1.315
Kepler-393,2,1.382,NA
Kepler-393,2,1.48025,1.29
Kepler-393,2,1.604,1.315
Kepler-393,2,1.48025,1.29
Kepler-393,2,1.382,NA
Kepler-393,2,1.48025,1.29
Kepler-393,2,1.604,1.315
Kepler-393,2,1.604,1.315
Kepler-393,2,1.7,1.38
Kepler-393,2,1.48025,1.29
Kepler-393,2,1.53,NA
Kepler-393,2,1.314,1.098
Kepler-393,2,1.34,1.21
Kepler-393,2,1.604,1.315
Kepler-393,2,1.5,1.256
Kepler-394,3,1.154,1.145
Kepler-394,3,1.101,1.141
Kepler-394,3,0.991788,1.1
Kepler-394,3,1.132,NA
Kepler-394,3,0.993,0.87
Kepler-394,3,1.21,1.13
Kepler-394,3,1.154,1.145
Kepler-394,3,0.991788,1.1
Kepler-394,3,1.154,1.145
Kepler-394,3,1.1,1.17
Kepler-394,3,1.017,NA
Kepler-394,3,1.017,NA
Kepler-394,3,0.991788,1.1
Kepler-394,3,1.21,1.13
Kepler-394,3,1.154,1.145
Kepler-394,3,0.993,0.87
Kepler-394,3,1.132,NA
Kepler-394,3,1.1,1.17
Kepler-394,3,1.101,1.141
Kepler-394,3,0.991788,1.1
Kepler-394,3,1.154,1.145
Kepler-394,3,1.154,1.145
Kepler-394,3,1.154,1.145
Kepler-394,3,1.1,1.17
Kepler-394,3,0.993,0.87
Kepler-394,3,1.154,1.145
Kepler-394,3,1.154,1.145
Kepler-394,3,0.991788,1.1
Kepler-394,3,1.101,1.141
Kepler-394,3,1.101,1.141
Kepler-395,2,0.549,0.578
Kepler-395,2,0.523,0.547
Kepler-395,2,0.644,NA
Kepler-395,2,0.556,NA
Kepler-395,2,0.4,0.413
Kepler-395,2,0.4,0.413
Kepler-395,2,0.4,0.413
Kepler-395,2,0.4,0.413
Kepler-395,2,0.567,0.607
Kepler-395,2,0.521,0.526
Kepler-395,2,NA,NA
Kepler-395,2,0.644287,0.622827
Kepler-395,2,0.56,0.59
Kepler-395,2,0.644287,0.622827
Kepler-395,2,NA,NA
Kepler-395,2,0.4,0.413
Kepler-395,2,0.644287,0.622827
Kepler-395,2,0.644287,0.622827
Kepler-395,2,0.4,0.413
Kepler-395,2,0.4,0.413
Kepler-395,2,0.56,0.59
Kepler-395,2,0.644,NA
Kepler-395,2,0.521,0.526
Kepler-395,2,0.556,NA
Kepler-395,2,0.644287,0.622827
Kepler-395,2,0.549,0.578
Kepler-395,2,0.4,0.413
Kepler-395,2,0.567,0.607
Kepler-395,2,0.523,0.547
Kepler-395,2,0.644287,0.622827
Kepler-396,2,0.95,0.97
Kepler-396,2,1.06,0.85
Kepler-396,2,0.903,NA
Kepler-396,2,0.945,0.918
Kepler-396,2,0.897,1.005
Kepler-396,2,1.06,0.85
Kepler-396,2,0.939951,0.967
Kepler-396,2,1.06,0.85
Kepler-396,2,1.04,0.854
Kepler-396,2,0.939951,0.967
Kepler-396,2,1.06,0.85
Kepler-396,2,0.903,NA
Kepler-396,2,0.939951,0.967
Kepler-396,2,1.06,0.85
Kepler-396,2,1.06,0.85
Kepler-396,2,0.897,1.005
Kepler-396,2,0.945,0.918
Kepler-396,2,0.939951,NA
Kepler-396,2,1.06,0.85
Kepler-396,2,0.939951,0.967
Kepler-396,2,1.06,0.85
Kepler-396,2,1.04,0.854
Kepler-396,2,0.95,0.97
Kepler-396,2,0.95,0.97
Kepler-397,2,0.767,NA
Kepler-397,2,0.682,0.736
Kepler-397,2,0.74,0.844
Kepler-397,2,0.682,0.736
Kepler-397,2,0.682,0.736
Kepler-397,2,0.76,0.79
Kepler-397,2,0.757,0.782
Kepler-397,2,NA,NA
Kepler-397,2,NA,NA
Kepler-397,2,0.757,0.782
Kepler-397,2,0.767,NA
Kepler-397,2,0.682,0.736
Kepler-397,2,NA,NA
Kepler-397,2,0.74,0.844
Kepler-397,2,0.682,0.736
Kepler-397,2,NA,NA
Kepler-397,2,0.76,0.79
Kepler-397,2,0.682,0.736
Kepler-398,3,0.659,0.698
Kepler-398,3,0.635,0.698
Kepler-398,3,0.625149,0.723
Kepler-398,3,0.613,NA
Kepler-398,3,0.67,0.72
Kepler-398,3,0.659,0.698
Kepler-398,3,0.625149,0.723
Kepler-398,3,0.659,0.698
Kepler-398,3,0.625149,0.723
Kepler-398,3,0.653,NA
Kepler-398,3,0.575,0.649
Kepler-398,3,0.67,0.72
Kepler-398,3,0.613,NA
Kepler-398,3,0.659,0.698
Kepler-398,3,0.653,NA
Kepler-398,3,0.575,0.649
Kepler-398,3,0.659,0.698
Kepler-398,3,0.635,0.698
Kepler-398,3,0.625149,0.723
Kepler-398,3,0.625149,0.723
Kepler-398,3,0.625149,0.723
Kepler-398,3,0.659,0.698
Kepler-398,3,0.659,0.698
Kepler-398,3,0.625149,0.723
Kepler-398,3,0.635,0.698
Kepler-398,3,0.625149,0.723
Kepler-398,3,0.67,0.72
Kepler-398,3,0.659,0.698
Kepler-398,3,0.575,0.649
Kepler-398,3,0.625149,0.723
Kepler-398,3,0.653,NA
Kepler-398,3,0.659,0.698
Kepler-399,3,0.682,0.707
Kepler-399,3,NA,NA
Kepler-399,3,0.682,0.707
Kepler-399,3,NA,NA
Kepler-399,3,0.682,0.707
Kepler-399,3,0.68,NA
Kepler-399,3,0.94,0.94
Kepler-399,3,1.152,0.902
Kepler-399,3,0.82,0.927
Kepler-399,3,NA,NA
Kepler-399,3,0.682,0.707
Kepler-399,3,0.68,NA
Kepler-399,3,NA,NA
Kepler-399,3,0.82,0.927
Kepler-399,3,0.94,0.94
Kepler-399,3,NA,NA
Kepler-399,3,0.682,0.707
Kepler-399,3,0.682,0.707
Kepler-399,3,1.152,0.902
Kepler-399,3,0.68,NA
Kepler-399,3,0.682,0.707
Kepler-399,3,0.82,0.927
Kepler-399,3,0.682,0.707
Kepler-399,3,0.94,0.94
Kepler-399,3,0.682,0.707
Kepler-399,3,NA,NA
Kepler-399,3,NA,NA
Kepler-399,3,1.152,0.902
Kepler-399,3,NA,NA
Kepler-4,1,1.533,1.092
Kepler-4,1,1.533,1.092
Kepler-4,1,1.59521,NA
Kepler-4,1,1.526,NA
Kepler-4,1,1.27,1.124
Kepler-4,1,1.509,1.148
Kepler-4,1,1.55,1.11
Kepler-4,1,1.59521,1.03
Kepler-4,1,1.487,1.223
Kepler-4,1,1.533,1.092
Kepler-4,1,1.59521,1.03
Kepler-4,1,1.48,1.173
Kepler-4,1,1.545,1.097
Kepler-4,1,1.59521,1.03
Kepler-40,1,2.207,NA
Kepler-40,1,2.48,1.46
Kepler-40,1,2.179,1.516
Kepler-40,1,2.15,1.49
Kepler-40,1,2.179,1.516
Kepler-40,1,2.13,1.48
Kepler-40,1,2.36468,NA
Kepler-40,1,2.36468,1.11
Kepler-40,1,2.179,1.516
Kepler-40,1,2.36468,1.11
Kepler-40,1,1.07,1.15
Kepler-40,1,2.179,1.516
Kepler-40,1,2.48,1.46
Kepler-40,1,2.36468,1.11
Kepler-40,1,2.24,1.42
Kepler-400,2,NA,NA
Kepler-400,2,1.146,1.07
Kepler-400,2,1.12,1.08
Kepler-400,2,NA,NA
Kepler-400,2,1.111,1.004
Kepler-400,2,1.145,NA
Kepler-400,2,NA,NA
Kepler-400,2,1.146,1.07
Kepler-400,2,1.146,1.07
Kepler-400,2,1.12,1.03
Kepler-400,2,NA,NA
Kepler-400,2,NA,NA
Kepler-400,2,1.145,NA
Kepler-400,2,1.146,1.07
Kepler-400,2,1.146,1.07
Kepler-400,2,1.111,1.004
Kepler-400,2,1.12,1.03
Kepler-400,2,1.146,1.07
Kepler-400,2,1.12,1.08
Kepler-400,2,NA,NA
Kepler-401,3,1.373,1.051
Kepler-401,3,1.373,1.051
Kepler-401,3,1.73,NA
Kepler-401,3,1.689,1.173
Kepler-401,3,1.291,1.077
Kepler-401,3,1.70021,1.16
Kepler-401,3,1.70021,1.16
Kepler-401,3,1.70021,1.16
Kepler-401,3,1.333,NA
Kepler-401,3,1.46,1.2
Kepler-401,3,1.29,1.17
Kepler-401,3,1.373,1.051
Kepler-401,3,1.29,1.17
Kepler-401,3,1.333,NA
Kepler-401,3,1.70021,1.16
Kepler-401,3,1.373,1.051
Kepler-401,3,1.46,1.2
Kepler-401,3,1.373,1.051
Kepler-401,3,1.70021,1.16
Kepler-401,3,1.689,1.173
Kepler-401,3,1.70021,1.16
Kepler-401,3,1.73,NA
Kepler-401,3,1.291,1.077
Kepler-401,3,1.373,1.051
Kepler-401,3,1.29,1.17
Kepler-401,3,1.373,1.051
Kepler-401,3,1.70021,1.16
Kepler-401,3,1.689,1.173
Kepler-401,3,1.73,NA
Kepler-401,3,1.291,1.077
Kepler-401,3,1.70021,1.16
Kepler-401,3,1.373,1.051
Kepler-402,4,1.202,1.015
Kepler-402,4,1.24,1.15
Kepler-402,4,1.215,1.14
Kepler-402,4,1.08729,1.2
Kepler-402,4,1.215,1.14
Kepler-402,4,1.264,NA
Kepler-402,4,1.215,1.14
Kepler-402,4,1.08729,1.2
Kepler-402,4,1.105,NA
Kepler-402,4,1.23,1.21
Kepler-402,4,1.09,1.072
Kepler-402,4,1.215,1.14
Kepler-402,4,1.08729,1.2
Kepler-402,4,1.202,1.015
Kepler-402,4,1.215,1.14
Kepler-402,4,1.09,1.072
Kepler-402,4,1.215,1.14
Kepler-402,4,1.264,NA
Kepler-402,4,1.23,1.21
Kepler-402,4,1.105,NA
Kepler-402,4,1.24,1.15
Kepler-402,4,1.08729,1.2
Kepler-402,4,1.08729,1.2
Kepler-402,4,1.215,1.14
Kepler-402,4,1.23,1.21
Kepler-402,4,1.215,1.14
Kepler-402,4,1.08729,1.2
Kepler-402,4,1.215,1.14
Kepler-402,4,1.24,1.15
Kepler-402,4,1.08729,1.2
Kepler-402,4,1.105,NA
Kepler-402,4,1.09,1.072
Kepler-402,4,1.08729,1.2
Kepler-402,4,1.202,1.015
Kepler-402,4,1.264,NA
Kepler-402,4,1.23,1.21
Kepler-402,4,1.08729,1.2
Kepler-402,4,1.215,1.14
Kepler-402,4,1.08729,1.2
Kepler-402,4,1.105,NA
Kepler-402,4,1.24,1.15
Kepler-402,4,1.215,1.14
Kepler-402,4,1.09,1.072
Kepler-402,4,1.215,1.14
Kepler-402,4,1.202,1.015
Kepler-402,4,1.08729,1.2
Kepler-402,4,1.264,NA
Kepler-403,3,1.329,NA
Kepler-403,3,1.87262,1.15
Kepler-403,3,1.111,1.102
Kepler-403,3,NA,1.299
Kepler-403,3,1.87262,1.15
Kepler-403,3,1.838,NA
Kepler-403,3,1.87262,1.15
Kepler-403,3,1.499,1.282
Kepler-403,3,1.111,1.102
Kepler-403,3,1.45,1.25
Kepler-403,3,1.06,1.14
Kepler-403,3,1.111,1.102
Kepler-403,3,1.803,1.299
Kepler-403,3,1.87262,1.15
Kepler-403,3,1.499,1.282
Kepler-403,3,1.87262,1.15
Kepler-403,3,1.111,1.102
Kepler-403,3,1.87262,1.15
Kepler-403,3,1.06,1.14
Kepler-403,3,1.111,1.102
Kepler-403,3,1.329,NA
Kepler-403,3,1.111,1.102
Kepler-403,3,1.803,1.299
Kepler-403,3,NA,1.299
Kepler-403,3,1.45,1.25
Kepler-403,3,1.838,NA
Kepler-403,3,1.838,NA
Kepler-403,3,1.87262,1.15
Kepler-403,3,NA,1.299
Kepler-403,3,1.45,1.25
Kepler-403,3,1.111,1.102
Kepler-403,3,1.87262,1.15
Kepler-403,3,1.803,1.299
Kepler-403,3,1.499,1.282
Kepler-403,3,1.111,1.102
Kepler-403,3,1.87262,1.15
Kepler-403,3,1.111,1.102
Kepler-404,2,0.82,0.925
Kepler-404,2,0.785,NA
Kepler-404,2,0.792004,0.92
Kepler-404,2,0.857,0.952
Kepler-404,2,0.884,NA
Kepler-404,2,0.771,0.86
Kepler-404,2,0.857,0.952
Kepler-404,2,0.792004,0.92
Kepler-404,2,0.792004,0.92
Kepler-404,2,0.82,0.925
Kepler-404,2,0.785,NA
Kepler-404,2,0.857,0.952
Kepler-404,2,0.857,0.952
Kepler-404,2,0.884,NA
Kepler-404,2,0.771,0.86
Kepler-405,2,0.87,0.965
Kepler-405,2,0.88,0.91
Kepler-405,2,0.87,0.965
Kepler-405,2,0.763,0.873
Kepler-405,2,0.83,1.02
Kepler-405,2,0.87,0.965
Kepler-405,2,0.893,NA
Kepler-405,2,0.771218,0.95
Kepler-405,2,0.771218,0.95
Kepler-405,2,0.782,NA
Kepler-405,2,0.877,0.973
Kepler-405,2,0.877,0.973
Kepler-405,2,0.763,0.873
Kepler-405,2,0.893,NA
Kepler-405,2,0.771218,0.95
Kepler-405,2,0.87,0.965
Kepler-405,2,0.87,0.965
Kepler-405,2,0.782,NA
Kepler-405,2,0.88,0.91
Kepler-405,2,0.771218,0.95
Kepler-405,2,0.83,1.02
Kepler-405,2,0.87,0.965
Kepler-406,2,1.1242,0.99
Kepler-406,2,0.97,1.03
Kepler-406,2,1.07,1.07
Kepler-406,2,0.973,1.058
Kepler-406,2,1.077,NA
Kepler-406,2,1.066,1.055
Kepler-406,2,1.1242,0.99
Kepler-406,2,NA,1.055
Kepler-406,2,0.973,1.058
Kepler-406,2,1.1242,0.99
Kepler-406,2,0.97,1.043
Kepler-406,2,1.11,0.987
Kepler-406,2,0.973,1.058
Kepler-406,2,0.97,1.043
Kepler-406,2,1.07,1.07
Kepler-406,2,1.077,NA
Kepler-406,2,0.97,1.03
Kepler-406,2,0.973,1.058
Kepler-406,2,0.973,1.058
Kepler-406,2,NA,1.055
Kepler-406,2,0.973,1.058
Kepler-406,2,1.066,1.055
Kepler-406,2,1.1242,0.99
Kepler-406,2,1.1242,0.99
Kepler-406,2,1.11,0.987
Kepler-407,2,1.04,0.99
Kepler-407,2,1.05757,0.96
Kepler-407,2,1.022,1.067
Kepler-407,2,1.05757,0.96
Kepler-407,2,NA,1.067
Kepler-407,2,1.003,0.977
Kepler-407,2,1.067,1.051
Kepler-407,2,1.05757,0.96
Kepler-407,2,1.01,1
Kepler-407,2,0.996,1.015
Kepler-407,2,1.05757,0.96
Kepler-407,2,1.032,NA
Kepler-407,2,1.067,1.051
Kepler-407,2,1.067,1.051
Kepler-407,2,1.01,1
Kepler-407,2,NA,1.067
Kepler-408,1,1.225,1.079
Kepler-408,1,1.225,1.079
Kepler-408,1,1.24917,1.14
Kepler-408,1,1.31,1.055
Kepler-408,1,1.25,1.015
Kepler-408,1,1.253,NA
Kepler-408,1,1.194,1.016
Kepler-408,1,1.24917,1.14
Kepler-408,1,1.225,1.079
Kepler-408,1,1.23,1.08
Kepler-408,1,NA,1.015
Kepler-408,1,1.23,1.09
Kepler-409,1,0.888,0.902
Kepler-409,1,0.898,NA
Kepler-409,1,0.910153,0.93
Kepler-409,1,0.947,0.88
Kepler-409,1,0.897,0.913
Kepler-409,1,0.893,0.918
Kepler-409,1,NA,0.941
Kepler-409,1,0.9,0.94
Kepler-409,1,0.89,0.92
Kepler-409,1,0.910153,0.93
Kepler-409,1,0.893,0.918
Kepler-409,1,0.893,0.918
Kepler-409,1,0.896,0.941
Kepler-41,1,1.29,1.15
Kepler-41,1,1.02,1.12
Kepler-41,1,0.947,0.903
Kepler-41,1,0.947,0.903
Kepler-41,1,1.02,1.12
Kepler-41,1,1.40959,1
Kepler-41,1,1.02,1.12
Kepler-41,1,0.97,0.98
Kepler-41,1,0.947,0.903
Kepler-41,1,1.345,NA
Kepler-41,1,0.947,0.903
Kepler-41,1,0.939,0.939
Kepler-41,1,1.40959,1
Kepler-41,1,1.40959,NA
Kepler-41,1,0.89,0.94
Kepler-41,1,1.29,1.15
Kepler-41,1,1.40959,1
Kepler-410 A,1,1.36,1.17
Kepler-410 A,1,1.361,1.242
Kepler-410 A,1,1.42749,1.238
Kepler-410 A,1,1.361,1.242
Kepler-410 A,1,1.42749,1.238
Kepler-410 A,1,1.361,1.242
Kepler-410 A,1,1.352,1.214
Kepler-410 A,1,1.337,1.208
Kepler-410 A,1,1.43,NA
Kepler-410 A,1,1.42749,1.238
Kepler-410 A,1,1.35,1.22
Kepler-410 A,1,1.509,NA
Kepler-411,4,0.738,0.831
Kepler-411,4,0.72,0.822
Kepler-411,4,0.731146,NA
Kepler-411,4,0.75,0.81
Kepler-411,4,0.731146,0.785
Kepler-411,4,0.731146,0.785
Kepler-411,4,0.731146,0.785
Kepler-411,4,0.82,0.87
Kepler-411,4,0.79,0.83
Kepler-411,4,0.768,0.829
Kepler-411,4,0.759,0.825
Kepler-411,4,NA,0.831
Kepler-411,4,0.768,0.829
Kepler-411,4,0.768,0.829
Kepler-411,4,0.768,0.829
Kepler-411,4,0.75,0.81
Kepler-411,4,NA,0.831
Kepler-411,4,0.82,0.87
Kepler-411,4,0.768,0.829
Kepler-411,4,0.731146,0.785
Kepler-411,4,0.768,0.829
Kepler-411,4,0.731146,0.785
Kepler-411,4,0.738,0.831
Kepler-411,4,0.759,0.825
Kepler-411,4,0.72,0.822
Kepler-411,4,0.731146,0.785
Kepler-411,4,0.731146,NA
Kepler-411,4,0.768,0.829
Kepler-411,4,0.72,0.822
Kepler-411,4,0.731146,0.785
Kepler-411,4,0.731146,0.785
Kepler-411,4,0.768,0.829
Kepler-411,4,NA,0.831
Kepler-411,4,0.738,0.831
Kepler-411,4,0.82,0.87
Kepler-411,4,0.768,0.829
Kepler-411,4,0.82,0.87
Kepler-412,1,1.215,1.068
Kepler-412,1,1.287,1.167
Kepler-412,1,1.124,1.178
Kepler-412,1,1.33402,1.05
Kepler-412,1,1.33402,1.05
Kepler-412,1,1.33402,NA
Kepler-412,1,1.287,1.167
Kepler-412,1,1.124,1.178
Kepler-412,1,1.342,NA
Kepler-412,1,1.287,1.167
Kepler-412,1,1.03,1.06
Kepler-412,1,1.124,1.178
Kepler-412,1,1.21,1.08
Kepler-412,1,1.33402,1.05
Kepler-413,1,0.7761,0.82
Kepler-414,2,0.946,0.892
Kepler-414,2,0.94,0.95
Kepler-414,2,0.933,0.951
Kepler-414,2,0.946,0.89
Kepler-414,2,0.946,0.892
Kepler-414,2,0.946,0.892
Kepler-414,2,0.932373,0.944
Kepler-414,2,0.941,0.884
Kepler-414,2,0.881,NA
Kepler-414,2,0.932373,0.944
Kepler-414,2,0.875,0.966
Kepler-414,2,0.881,NA
Kepler-414,2,0.946,0.892
Kepler-414,2,0.946,0.892
Kepler-414,2,0.946,0.89
Kepler-414,2,0.932373,0.944
Kepler-414,2,0.941,0.884
Kepler-414,2,0.94,0.95
Kepler-414,2,0.932373,0.944
Kepler-414,2,0.875,0.966
Kepler-414,2,0.946,0.892
Kepler-414,2,0.933,0.951
Kepler-415,2,0.643,0.674
Kepler-415,2,0.554,0.59
Kepler-415,2,0.643,0.674
Kepler-415,2,0.7,0.73
Kepler-415,2,0.643,0.67
Kepler-415,2,0.706507,0.68
Kepler-415,2,0.61,0.64
Kepler-415,2,0.621,NA
Kepler-415,2,0.643,0.674
Kepler-415,2,0.706507,0.68
Kepler-415,2,0.621,NA
Kepler-415,2,0.643,0.674
Kepler-415,2,0.61,0.64
Kepler-415,2,0.554,0.59
Kepler-415,2,0.643,0.674
Kepler-415,2,0.7,0.73
Kepler-415,2,0.643,0.674
Kepler-415,2,0.643,0.67
Kepler-415,2,0.706507,0.68
Kepler-416,3,1.075,1
Kepler-416,3,1.075,0.999
Kepler-416,3,1.08916,1
Kepler-416,3,1.075,0.999
Kepler-416,3,1.08916,1
Kepler-416,3,0.995,1.021
Kepler-416,3,1.12,1.08
Kepler-416,3,1.005,NA
Kepler-416,3,1.02,1.01
Kepler-416,3,1.022,0.949
Kepler-416,3,1.075,0.999
Kepler-416,3,1.075,0.999
Kepler-416,3,1.08916,1
Kepler-416,3,1.075,0.999
Kepler-416,3,1.02,1.01
Kepler-416,3,1.08916,1
Kepler-416,3,1.12,1.08
Kepler-416,3,1.005,NA
Kepler-416,3,0.995,1.021
Kepler-416,3,1.075,1
Kepler-416,3,1.022,0.949
Kepler-416,3,1.075,0.999
Kepler-416,3,1.075,0.999
Kepler-416,3,1.075,0.999
Kepler-416,3,1.075,0.999
Kepler-416,3,1.022,0.949
Kepler-416,3,0.995,1.021
Kepler-416,3,1.022,0.949
Kepler-416,3,1.12,1.08
Kepler-416,3,1.08916,1
Kepler-417,2,0.782444,0.87
Kepler-417,2,0.806,0.897
Kepler-417,2,0.767,NA
Kepler-417,2,0.782444,0.87
Kepler-417,2,0.8,0.84
Kepler-417,2,0.806,0.897
Kepler-417,2,0.806,0.897
Kepler-417,2,0.806,0.897
Kepler-417,2,0.806,0.9
Kepler-417,2,0.83,0.95
Kepler-417,2,0.83,0.95
Kepler-417,2,0.782444,0.87
Kepler-417,2,0.8,0.84
Kepler-417,2,0.806,0.897
Kepler-417,2,0.806,0.9
Kepler-417,2,0.782444,0.87
Kepler-417,2,0.806,0.897
Kepler-417,2,0.806,0.897
Kepler-417,2,0.767,NA
Kepler-417,2,0.806,0.897
Kepler-418,2,1.043,1.039
Kepler-418,2,1.043,1.039
Kepler-418,2,1.08957,1.07
Kepler-418,2,1.099,NA
Kepler-418,2,1.6,1.29
Kepler-418,2,1.081,0.957
Kepler-418,2,1.08957,1.07
Kepler-418,2,1.06,1.08
Kepler-418,2,1.09,1.05
Kepler-418,2,1.08957,1.07
Kepler-418,2,1.077,1.072
Kepler-418,2,1.09,0.98
Kepler-418,2,1.043,1.039
Kepler-418,2,1.043,1.039
Kepler-418,2,1.043,1.039
Kepler-418,2,1.043,1.039
Kepler-418,2,1.06,1.08
Kepler-418,2,1.08957,1.07
Kepler-418,2,1.081,0.957
Kepler-418,2,1.077,1.072
Kepler-418,2,1.08957,1.07
Kepler-418,2,1.081,0.957
Kepler-419,2,1.423,1.292
Kepler-419,2,1.423,1.292
Kepler-419,2,1.74,1.39
Kepler-419,2,1.859,NA
Kepler-419,2,1.59,1.44
Kepler-419,2,1.39,1.313
Kepler-419,2,1.731,1.398
Kepler-419,2,1.423,1.292
Kepler-419,2,1.75,1.39
Kepler-419,2,1.819,1.427
Kepler-419,2,1.86747,1.29
Kepler-419,2,1.86747,1.29
Kepler-419,2,1.74,1.39
Kepler-42,3,0.189,0.143
Kepler-42,3,0.176562,0.146463
Kepler-42,3,0.16,0.14
Kepler-42,3,0.17,0.13
Kepler-42,3,0.17,0.13
Kepler-42,3,0.174,0.132
Kepler-42,3,0.24,0.22
Kepler-42,3,0.175,0.144
Kepler-42,3,0.174,NA
Kepler-42,3,0.17,0.13
Kepler-42,3,0.681,0.617
Kepler-42,3,0.17,0.13
Kepler-42,3,0.148,0.132
Kepler-42,3,0.174,NA
Kepler-42,3,0.148,0.132
Kepler-42,3,0.16,0.14
Kepler-42,3,0.174,0.132
Kepler-42,3,0.176562,0.146463
Kepler-42,3,0.681,0.617
Kepler-42,3,0.17,0.13
Kepler-42,3,0.175,0.144
Kepler-42,3,0.189,0.143
Kepler-42,3,0.17,0.13
Kepler-42,3,0.17,0.13
Kepler-42,3,0.17,0.13
Kepler-42,3,0.175,0.144
Kepler-42,3,0.681,0.617
Kepler-42,3,0.16,0.14
Kepler-42,3,0.176562,0.146463
Kepler-42,3,0.17,0.13
Kepler-42,3,0.17,0.13
Kepler-42,3,0.24,0.22
Kepler-42,3,0.17,0.13
Kepler-42,3,0.174,NA
Kepler-42,3,0.189,0.143
Kepler-42,3,0.148,0.132
Kepler-42,3,0.174,0.132
Kepler-421,1,0.818,0.753
Kepler-421,1,0.818,0.753
Kepler-421,1,0.827,0.777
Kepler-421,1,0.757,0.794
Kepler-421,1,0.811702,0.902
Kepler-421,1,0.834,NA
Kepler-421,1,0.787,0.801
Kepler-422,1,1.193,1.08
Kepler-422,1,1.24,1.15
Kepler-422,1,1.27992,NA
Kepler-422,1,1.252,1.119
Kepler-422,1,1.27992,1.07
Kepler-422,1,1.193,1.08
Kepler-422,1,1.27992,1.07
Kepler-422,1,1.21,1.11
Kepler-422,1,1.237,1.148
Kepler-422,1,1.273,NA
Kepler-422,1,1.24,1.15
Kepler-422,1,1.24,1.15
Kepler-422,1,1.112,1.156
Kepler-422,1,1.193,1.08
Kepler-422,1,1.27992,1.07
Kepler-423,1,1.01895,0.99
Kepler-423,1,0.93,1.028
Kepler-423,1,0.956,0.859
Kepler-423,1,0.95,0.85
Kepler-423,1,1.01895,0.99
Kepler-423,1,0.95,0.85
Kepler-423,1,1.01895,0.99
Kepler-423,1,0.908,0.996
Kepler-423,1,0.908,0.996
Kepler-423,1,0.99,1.07
Kepler-423,1,1.08,1.06
Kepler-423,1,1.01895,NA
Kepler-423,1,0.99,NA
Kepler-423,1,0.908,0.996
Kepler-424,2,1.09206,0.93
Kepler-424,2,0.946,0.892
Kepler-424,2,0.946,0.892
Kepler-424,2,1.053,NA
Kepler-424,2,1.038,1.033
Kepler-424,2,1.09206,0.93
Kepler-424,2,0.946,0.892
Kepler-424,2,0.94,1.01
Kepler-424,2,1.09206,0.93
Kepler-424,2,1.09206,NA
Kepler-424,2,0.94,1.01
Kepler-424,2,1.09206,0.93
Kepler-424,2,0.92,0.837
Kepler-424,2,0.937,1.012
Kepler-424,2,0.94,1.01
Kepler-425,1,0.816,0.93
Kepler-425,1,0.832631,NA
Kepler-425,1,0.832631,0.89
Kepler-425,1,0.816,0.93
Kepler-425,1,0.86,0.93
Kepler-425,1,0.864,NA
Kepler-425,1,0.848,0.883
Kepler-425,1,0.81,0.84
Kepler-425,1,0.832631,0.89
Kepler-425,1,0.86,0.93
Kepler-425,1,0.816,0.93
Kepler-425,1,0.832631,0.89
Kepler-425,1,0.71,0.807
Kepler-426,1,0.889,0.839
Kepler-426,1,0.912927,NA
Kepler-426,1,0.903,0.956
Kepler-426,1,0.912927,0.98
Kepler-426,1,0.92,0.91
Kepler-426,1,0.92,0.91
Kepler-426,1,0.903,0.882
Kepler-426,1,0.912927,0.98
Kepler-426,1,0.912927,0.98
Kepler-426,1,0.903,0.956
Kepler-426,1,0.905,NA
Kepler-426,1,0.903,0.956
Kepler-426,1,0.91,0.93
Kepler-426,1,0.93,0.979
Kepler-427,1,1.28501,1.06
Kepler-427,1,1.35,0.96
Kepler-427,1,1.03,1.1
Kepler-427,1,0.98,1.024
Kepler-427,1,1.05,1.04
Kepler-427,1,1.35,0.96
Kepler-427,1,1.298,NA
Kepler-427,1,1.28501,1.06
Kepler-427,1,1.373,0.937
Kepler-427,1,1.28501,1.06
Kepler-427,1,0.98,1.024
Kepler-427,1,0.98,1.024
Kepler-428,1,0.783768,0.83
Kepler-428,1,0.788,0.861
Kepler-428,1,0.783768,0.83
Kepler-428,1,0.788,0.861
Kepler-428,1,0.783768,0.83
Kepler-428,1,0.757,NA
Kepler-428,1,0.8,0.84
Kepler-428,1,0.8,0.87
Kepler-428,1,0.8,0.87
Kepler-428,1,0.674,0.768
Kepler-428,1,0.783768,NA
Kepler-428,1,0.793,0.855
Kepler-428,1,0.788,0.861
Kepler-43,1,1.36388,1.12
Kepler-43,1,1.345,1.21
Kepler-43,1,1.345,1.21
Kepler-43,1,1.39,NA
Kepler-43,1,1.36388,NA
Kepler-43,1,1.201,1.242
Kepler-43,1,1.42,1.32
Kepler-43,1,1.36,1.228
Kepler-43,1,1.332,1.24
Kepler-43,1,1.345,1.21
Kepler-43,1,1.38,1.27
Kepler-43,1,1.34,1.23
Kepler-43,1,1.38,1.27
Kepler-43,1,1.42,1.32
Kepler-43,1,1.358,1.227
Kepler-43,1,1.3,1.17
Kepler-430,2,1.16,1.1
Kepler-430,2,1.238,1.032
Kepler-430,2,1.34348,1.09
Kepler-430,2,1.529,1.205
Kepler-430,2,1.345,1.152
Kepler-430,2,1.485,1.166
Kepler-430,2,1.34348,1.09
Kepler-430,2,1.374,NA
Kepler-430,2,1.238,1.032
Kepler-430,2,1.21,1.08
Kepler-430,2,1.238,1.032
Kepler-430,2,1.374,NA
Kepler-430,2,1.238,1.032
Kepler-430,2,1.485,1.166
Kepler-430,2,1.529,1.205
Kepler-430,2,1.238,1.032
Kepler-430,2,1.345,1.152
Kepler-430,2,1.34348,1.09
Kepler-430,2,1.238,1.032
Kepler-430,2,1.34348,1.09
Kepler-430,2,1.21,1.08
Kepler-431,3,1.682,1.1
Kepler-431,3,1.604,1.101
Kepler-431,3,1.682,1.1
Kepler-431,3,1.682,1.1
Kepler-431,3,1.082,1.081
Kepler-431,3,1.41,1.15
Kepler-431,3,1.619,NA
Kepler-431,3,1.092,1.071
Kepler-431,3,1.63518,1.11
Kepler-431,3,1.79,1.21
Kepler-431,3,1.682,1.1
Kepler-431,3,1.41,1.15
Kepler-431,3,1.619,NA
Kepler-431,3,1.092,1.071
Kepler-431,3,1.682,1.1
Kepler-431,3,1.63518,1.11
Kepler-431,3,1.682,1.1
Kepler-431,3,1.082,1.081
Kepler-431,3,1.79,1.21
Kepler-431,3,1.604,1.101
Kepler-431,3,1.604,1.101
Kepler-431,3,1.092,1.071
Kepler-431,3,1.682,1.1
Kepler-431,3,1.682,1.1
Kepler-431,3,1.63518,1.11
Kepler-431,3,1.41,1.15
Kepler-431,3,1.619,NA
Kepler-431,3,1.682,1.1
Kepler-431,3,1.082,1.081
Kepler-431,3,1.79,1.21
Kepler-432,2,3.96613,NA
Kepler-432,2,3.96613,NA
Kepler-432,2,3.29,1.343
Kepler-432,2,4.16,1.353
Kepler-432,2,4.12,1.35
Kepler-432,2,4.16,1.353
Kepler-432,2,4.004,NA
Kepler-432,2,4.06,1.32
Kepler-432,2,3.96613,NA
Kepler-432,2,3.932,1.487
Kepler-432,2,4.16,1.353
Kepler-432,2,4.157,1.352
Kepler-432,2,3.96613,NA
Kepler-432,2,4.16,1.353
Kepler-432,2,4.06,1.32
Kepler-433,1,1.14,1.02
Kepler-433,1,1.11,1.009
Kepler-433,1,1.11,1.009
Kepler-433,1,2.3426,1.08
Kepler-433,1,2.265,NA
Kepler-433,1,2.26,1.46
Kepler-433,1,2.26,1.46
Kepler-433,1,1.62,1.38
Kepler-433,1,1.11,1.009
Kepler-433,1,1.905,1.373
Kepler-434,1,0.939,1.03
Kepler-434,1,0.9,1.003
Kepler-434,1,1.03,1.02
Kepler-434,1,1.42462,1.03
Kepler-434,1,1.424,1.22
Kepler-434,1,1.355,NA
Kepler-434,1,1.38,1.198
Kepler-434,1,0.939,1.03
Kepler-434,1,0.939,1.03
Kepler-434,1,1.42462,1.03
Kepler-434,1,1.38,1.198
Kepler-435,1,1.38,1.24
Kepler-435,1,2.31084,NA
Kepler-435,1,3.21,1.538
Kepler-435,1,2.108,1.415
Kepler-435,1,2.177,NA
Kepler-435,1,2.31084,1.11
Kepler-435,1,3.21,1.538
Kepler-435,1,2.31084,1.11
Kepler-435,1,1.087,0.961
Kepler-435,1,1.087,0.961
Kepler-435,1,1.18,1.132
Kepler-435,1,1.087,0.961
Kepler-435,1,3.21,1.538
Kepler-435,1,2.31084,1.11
Kepler-435,1,3.913,1.667
Kepler-436,2,0.697,0.734
Kepler-436,2,0.709385,0.71
Kepler-436,2,0.697,0.729
Kepler-436,2,0.657,NA
Kepler-436,2,0.655,0.709
Kepler-436,2,0.71,0.75
Kepler-436,2,0.511,0.508
Kepler-436,2,0.511,0.508
Kepler-436,2,0.511,0.508
Kepler-436,2,0.709385,0.71
Kepler-436,2,0.709385,0.71
Kepler-436,2,0.511,0.508
Kepler-436,2,0.709385,0.71
Kepler-436,2,0.511,0.508
Kepler-436,2,0.657,NA
Kepler-436,2,0.511,0.508
Kepler-436,2,0.709385,0.71
Kepler-436,2,0.655,0.709
Kepler-436,2,0.71,0.75
Kepler-436,2,0.709385,0.71
Kepler-436,2,0.579,0.643
Kepler-436,2,0.697,0.734
Kepler-437,1,0.622,0.615
Kepler-437,1,NA,NA
Kepler-437,1,0.68,0.707
Kepler-437,1,0.622,0.615
Kepler-437,1,0.679,0.713
Kepler-437,1,NA,NA
Kepler-437,1,0.69,0.74
Kepler-437,1,0.622,0.615
Kepler-438,1,0.463,0.479
Kepler-438,1,0.658853,0.63372
Kepler-438,1,0.463,0.479
Kepler-438,1,0.52,0.544
Kepler-438,1,0.54,0.57
Kepler-438,1,0.658853,0.63372
Kepler-438,1,0.658853,0.63372
Kepler-438,1,0.463,0.479
Kepler-438,1,0.658853,0.63372
Kepler-438,1,0.524,0.554
Kepler-439,1,0.947079,0.96
Kepler-439,1,0.947079,0.96
Kepler-439,1,0.782,0.856
Kepler-439,1,0.927,NA
Kepler-439,1,0.866,0.884
Kepler-439,1,0.947079,0.96
Kepler-439,1,0.947079,0.96
Kepler-439,1,0.782,0.856
Kepler-439,1,0.782,0.856
Kepler-439,1,0.89,0.93
Kepler-439,1,0.913,0.942
Kepler-439,1,0.879,0.881
Kepler-44,1,1.49959,1.03
Kepler-44,1,1.457,1.093
Kepler-44,1,1.45,1.08
Kepler-44,1,1.46,1.21
Kepler-44,1,1.457,1.093
Kepler-44,1,1.35,1.12
Kepler-44,1,1.49959,1.03
Kepler-44,1,1.457,1.093
Kepler-44,1,1.35,1.12
Kepler-44,1,0.87,0.837
Kepler-44,1,1.457,1.093
Kepler-44,1,1.52,1.19
Kepler-44,1,1.483,NA
Kepler-44,1,1.49959,NA
Kepler-44,1,1.49959,1.03
Kepler-440,1,0.559,0.575
Kepler-440,1,0.6628,0.636635
Kepler-440,1,0.6628,0.636635
Kepler-440,1,0.661,NA
Kepler-440,1,0.561,0.578
Kepler-440,1,0.477,0.485
Kepler-440,1,0.6628,0.636635
Kepler-440,1,NA,NA
Kepler-440,1,0.477,0.485
Kepler-440,1,0.477,0.485
Kepler-440,1,0.53,0.55
Kepler-441,1,0.553,0.573
Kepler-441,1,0.629,0.617
Kepler-441,1,0.518,NA
Kepler-441,1,0.584762,0.575474
Kepler-441,1,0.62,0.64
Kepler-441,1,0.584762,0.575474
Kepler-441,1,0.629,0.617
Kepler-441,1,0.55,0.572
Kepler-441,1,0.629,0.617
Kepler-442,1,0.595,0.613
Kepler-442,1,0.637,NA
Kepler-442,1,0.618522,0.72
Kepler-442,1,0.653,0.641
Kepler-442,1,0.618522,0.72
Kepler-442,1,0.653,0.641
Kepler-442,1,0.653,0.641
Kepler-442,1,0.598,0.609
Kepler-442,1,0.66,0.7
Kepler-442,1,0.618522,0.72
Kepler-443,1,0.739,0.791
Kepler-443,1,0.739,0.791
Kepler-443,1,0.706,0.738
Kepler-443,1,0.787708,0.75
Kepler-443,1,0.709,NA
Kepler-443,1,0.787708,0.75
Kepler-443,1,0.697,0.752
Kepler-443,1,0.787708,0.75
Kepler-443,1,0.701,0.74
Kepler-443,1,0.75,0.8
Kepler-443,1,0.739,0.791
Kepler-444,5,0.798764,0.84
Kepler-444,5,0.798764,0.84
Kepler-444,5,NA,0.673
Kepler-444,5,0.593,0.618
Kepler-444,5,0.593,0.618
Kepler-444,5,0.721,0.692
Kepler-444,5,0.752,0.758
Kepler-444,5,0.834,NA
Kepler-444,5,0.721,0.692
Kepler-444,5,0.752,0.758
Kepler-444,5,0.834,NA
Kepler-444,5,0.798764,0.84
Kepler-444,5,0.593,0.618
Kepler-444,5,0.593,0.618
Kepler-444,5,0.798764,0.84
Kepler-444,5,0.798764,0.84
Kepler-444,5,NA,0.673
Kepler-444,5,0.593,0.618
Kepler-444,5,0.798764,0.84
Kepler-444,5,0.798764,0.84
Kepler-444,5,0.798764,0.84
Kepler-444,5,NA,0.7
Kepler-444,5,0.593,0.618
Kepler-444,5,0.834,NA
Kepler-444,5,0.593,0.618
Kepler-444,5,0.752,0.758
Kepler-444,5,0.721,0.692
Kepler-444,5,0.593,0.618
Kepler-444,5,NA,0.673
Kepler-444,5,NA,0.7
Kepler-444,5,0.593,0.618
Kepler-444,5,0.593,0.618
Kepler-444,5,NA,0.673
Kepler-444,5,0.834,NA
Kepler-444,5,0.752,0.758
Kepler-444,5,0.798764,0.84
Kepler-444,5,0.798764,0.84
Kepler-444,5,0.593,0.618
Kepler-444,5,0.798764,0.84
Kepler-444,5,0.721,0.692
Kepler-444,5,0.798764,0.84
Kepler-444,5,0.593,0.618
Kepler-444,5,0.798764,0.84
Kepler-444,5,NA,0.673
Kepler-444,5,0.593,0.618
Kepler-444,5,0.593,0.618
Kepler-444,5,0.721,0.692
Kepler-444,5,0.834,NA
Kepler-444,5,0.798764,0.84
Kepler-444,5,0.752,0.758
Kepler-445,3,0.300604,0.277306
Kepler-445,3,0.189,0.169
Kepler-445,3,0.42,0.43
Kepler-445,3,0.18,0.153
Kepler-445,3,0.347,0.334
Kepler-445,3,0.305,NA
Kepler-445,3,0.187,0.159
Kepler-445,3,0.21,0.18
Kepler-445,3,0.27,0.21
Kepler-445,3,0.189,0.169
Kepler-445,3,0.189,0.169
Kepler-445,3,0.300604,0.277306
Kepler-445,3,0.189,0.169
Kepler-445,3,0.300604,0.277306
Kepler-445,3,0.27,0.21
Kepler-445,3,0.42,0.43
Kepler-445,3,0.189,0.169
Kepler-445,3,0.189,0.169
Kepler-445,3,0.18,0.153
Kepler-445,3,0.300604,0.277306
Kepler-445,3,0.305,NA
Kepler-445,3,0.187,0.159
Kepler-445,3,0.21,0.18
Kepler-445,3,0.347,0.334
Kepler-445,3,0.347,0.334
Kepler-445,3,0.300604,0.277306
Kepler-445,3,0.189,0.169
Kepler-445,3,0.21,0.18
Kepler-445,3,0.42,0.43
Kepler-445,3,0.305,NA
Kepler-446,3,0.38,0.4
Kepler-446,3,0.218498,0.187619
Kepler-446,3,0.461,0.472
Kepler-446,3,0.218498,0.187619
Kepler-446,3,0.461,0.472
Kepler-446,3,0.288,0.27
Kepler-446,3,0.24,0.22
Kepler-446,3,0.328,0.328
Kepler-446,3,0.218498,0.187619
Kepler-446,3,0.461,0.472
Kepler-446,3,0.92,0.56
Kepler-446,3,0.217,NA
Kepler-446,3,0.218498,0.187619
Kepler-446,3,0.218498,0.187619
Kepler-446,3,0.217,NA
Kepler-446,3,0.38,0.4
Kepler-446,3,0.461,0.472
Kepler-446,3,0.461,0.472
Kepler-446,3,0.218498,0.187619
Kepler-446,3,0.461,0.472
Kepler-446,3,0.328,0.328
Kepler-446,3,0.24,0.22
Kepler-446,3,0.38,0.4
Kepler-446,3,0.218498,0.187619
Kepler-446,3,0.218498,0.187619
Kepler-446,3,0.217,NA
Kepler-446,3,0.288,0.27
Kepler-446,3,0.24,0.22
Kepler-446,3,0.461,0.472
Kepler-446,3,0.92,0.56
Kepler-446,3,0.218498,0.187619
Kepler-446,3,0.461,0.472
Kepler-446,3,0.461,0.472
Kepler-446,3,0.328,0.328
Kepler-447,1,0.897403,NA
Kepler-447,1,0.872,0.764
Kepler-447,1,0.855,NA
Kepler-447,1,0.85,0.942
Kepler-447,1,0.94,0.875
Kepler-447,1,0.872,0.764
Kepler-447,1,0.897403,0.95
Kepler-447,1,0.872,0.764
Kepler-447,1,0.982,0.893
Kepler-447,1,0.897403,0.95
Kepler-447,1,1.05,1
Kepler-447,1,1.05,1
Kepler-447,1,1.05,1
Kepler-447,1,0.9,0.96
KOI-12,2,1.4,1.5
Kepler-449,2,1.423,0.911
Kepler-449,2,1.467,0.969
Kepler-449,2,NA,NA
Kepler-449,2,1.467,0.969
Kepler-449,2,1.467,0.969
Kepler-449,2,NA,NA
Kepler-449,2,NA,NA
Kepler-449,2,1.46,0.948
Kepler-449,2,1.51,1.02
Kepler-449,2,NA,NA
Kepler-449,2,NA,NA
Kepler-449,2,1.467,0.969
Kepler-449,2,1.51,1.02
Kepler-449,2,1.46,0.948
Kepler-449,2,NA,NA
Kepler-449,2,1.423,0.911
Kepler-449,2,NA,NA
Kepler-449,2,NA,NA
Kepler-449,2,1.467,0.969
Kepler-449,2,1.467,0.969
Kepler-45,1,0.539,0.57
Kepler-45,1,0.55,0.58
Kepler-45,1,0.552,0.563
Kepler-45,1,0.614823,0.600017
Kepler-45,1,0.55,0.59
Kepler-45,1,0.568,0.587
Kepler-45,1,0.552,0.563
Kepler-45,1,0.56,0.59
Kepler-45,1,0.536,0.574
Kepler-45,1,0.624,NA
Kepler-45,1,0.531,0.557
Kepler-45,1,NA,NA
Kepler-45,1,0.552,0.563
Kepler-45,1,0.55,0.56
Kepler-45,1,0.614823,0.600017
Kepler-45,1,0.614823,NA
Kepler-45,1,0.614823,0.600017
Kepler-45,1,0.55,0.59
Kepler-450,3,1.6,1.334
Kepler-450,3,1.31,1.18
Kepler-450,3,1.611,1.334
Kepler-450,3,1.57,1.346
Kepler-450,3,1.64162,1.19
Kepler-450,3,1.64162,1.19
Kepler-450,3,1.628,NA
Kepler-450,3,1.64162,1.19
Kepler-450,3,1.64162,1.19
Kepler-450,3,1.57,1.346
Kepler-450,3,1.64162,NA
Kepler-450,3,1.57,1.346
Kepler-450,3,1.56,1.3
Kepler-450,3,1.6,1.334
Kepler-450,3,1.573,1.305
Kepler-450,3,1.64162,1.19
Kepler-450,3,1.64162,1.19
Kepler-450,3,1.6,1.334
Kepler-450,3,1.57,1.346
Kepler-450,3,1.64162,1.19
Kepler-450,3,1.64162,1.19
Kepler-450,3,1.6,1.334
Kepler-450,3,1.573,1.305
Kepler-450,3,1.611,1.334
Kepler-450,3,1.56,1.3
Kepler-450,3,1.31,1.18
Kepler-450,3,1.628,NA
Kepler-450,3,1.57,1.346
Kepler-450,3,1.57,1.346
Kepler-450,3,1.6,1.334
Kepler-450,3,1.611,1.334
Kepler-450,3,1.57,1.346
Kepler-450,3,1.573,1.305
Kepler-450,3,1.6,1.334
Kepler-450,3,1.64162,1.19
Kepler-450,3,1.64162,1.19
Kepler-450,3,1.64162,1.19
Kepler-450,3,1.57,1.346
Kepler-450,3,1.628,NA
2MASS J19383260+4603591,3,0.203,0.48
2MASS J19383260+4603591,3,0.203,0.48
Kepler-452,1,0.798,0.892
Kepler-452,1,1.11914,1.022
Kepler-452,1,1.06,1.03
Kepler-452,1,0.794,0.87
Kepler-452,1,1.11,1.037
Kepler-452,1,1.108,NA
Kepler-453,1,0.833,0.944
Kepler-454,3,1.11273,1
Kepler-454,3,1.066,1.03
Kepler-454,3,1.11273,1
Kepler-454,3,1.11273,1
Kepler-454,3,1.071,1.06
Kepler-454,3,1.05,0.85
Kepler-454,3,1.076,NA
Kepler-454,3,NA,1.06
Kepler-454,3,1.07,1.06
Kepler-454,3,1.072,1.118
Kepler-454,3,1.081,1.069
Kepler-454,3,1.081,1.069
Kepler-454,3,1.066,1.028
Kepler-454,3,1.08,1.067
Kepler-454,3,1.081,1.069
Kepler-454,3,NA,1.06
Kepler-454,3,1.066,1.028
Kepler-454,3,1.066,1.03
Kepler-454,3,NA,1.06
Kepler-454,3,1.066,1.03
KOI-7892,3,1.242,1.148
KOI-7892,3,1.25604,1.15
KOI-7892,3,1.242,1.148
KIC 9663113,2,1.006,0.965
KIC 9663113,2,1.299,1.129
KIC 9663113,2,2.21562,1.15
KIC 9663113,2,2.224,NA
KIC 9663113,2,1.04,1.043
KIC 9663113,2,2.21562,1.15
KIC 9663113,2,2.21562,1.15
KIC 9663113,2,1.006,0.965
KIC 9663113,2,2.21562,1.15
KIC 9663113,2,1.006,0.965
KIC 9663113,2,2.146,1.525
Kepler-46,3,0.93,0.882
Kepler-46,3,0.797,0.883
Kepler-46,3,0.93,0.882
Kepler-46,3,0.93,0.882
Kepler-46,3,0.76,0.82
Kepler-46,3,0.83867,0.85
Kepler-46,3,0.93,0.882
Kepler-46,3,0.809,NA
Kepler-46,3,0.938,0.902
Kepler-46,3,0.83867,0.85
Kepler-46,3,0.938,0.902
Kepler-46,3,0.93,0.92
Kepler-46,3,0.938,0.902
Kepler-46,3,0.938,0.902
Kepler-46,3,0.83867,0.85
Kepler-46,3,0.79,NA
Kepler-46,3,0.93,0.92
Kepler-46,3,0.93,0.882
Kepler-46,3,0.76,0.82
Kepler-46,3,0.93,0.882
Kepler-46,3,0.83867,0.85
Kepler-46,3,0.93,0.882
Kepler-46,3,0.93,0.882
Kepler-46,3,0.797,0.883
Kepler-46,3,0.809,NA
KIC 5437945,2,1.95204,1.1
KIC 5437945,2,1.95204,1.1
KIC 5437945,2,1.26,1.17
KIC 5437945,2,1.393,1.031
KIC 5437945,2,1.393,1.031
KIC 5437945,2,1.868,1.175
KIC 5437945,2,1.393,1.031
KIC 5437945,2,1.393,1.031
Kepler-461,1,1.30084,1.05
Kepler-461,1,0.951,1.065
Kepler-461,1,1.289,0.948
Kepler-461,1,0.951,1.065
Kepler-461,1,0.91,0.98
Kepler-461,1,0.951,1.065
Kepler-461,1,1.31,NA
Kepler-461,1,1.044,1.099
Kepler-461,1,1.30084,1.05
Kepler-461,1,1.30084,1.05
Kepler-461,1,0.951,1.065
Kepler-462,2,1.57,1.59
Kepler-462,2,1.741,NA
Kepler-462,2,2.641,1.965
Kepler-462,2,2.641,1.965
Kepler-462,2,2.3,1.965
Kepler-462,2,1.61687,1.82
Kepler-462,2,1.79,1.353
Kepler-462,2,2.52,1.86
Kepler-462,2,2.04,1.59
Kepler-462,2,1.61687,1.82
Kepler-462,2,2.641,1.965
Kepler-462,2,1.61687,1.82
Kepler-462,2,1.61687,1.82
Kepler-462,2,2.641,1.965
Kepler-462,2,1.57,1.59
Kepler-462,2,2.641,1.965
Kepler-462,2,2.641,1.965
Kepler-462,2,1.79,1.353
Kepler-462,2,1.61687,1.82
Kepler-462,2,2.52,1.86
Kepler-463,1,0.96,0.844
Kepler-463,1,1.069,0.822
Kepler-463,1,1.15038,0.998
Kepler-463,1,1.462,0.837
Kepler-463,1,0.967,0.785
Kepler-463,1,1.15038,0.998
Kepler-463,1,1.082,NA
Kepler-463,1,1.462,0.837
Kepler-463,1,1.15038,0.998
Kepler-463,1,0.9,0.87
Kepler-463,1,1.462,0.837
Kepler-464,1,1.598,1.262
Kepler-464,1,1.586,1.201
Kepler-464,1,1.586,1.201
Kepler-464,1,1.586,1.201
Kepler-464,1,1.27,1.164
Kepler-464,1,1.6855,1.06
Kepler-464,1,1.59,1.21
Kepler-464,1,1.6855,1.06
Kepler-464,1,1.621,NA
Kepler-464,1,1.549,1.133
Kepler-464,1,1.6855,1.06
Kepler-465,1,1.20263,1.28
Kepler-465,1,1.23,1.048
Kepler-465,1,1.20263,1.28
Kepler-465,1,1.21,1.21
Kepler-465,1,1.29,1.23
Kepler-465,1,1.215,1.14
Kepler-465,1,1.259,1.17
Kepler-465,1,1.215,1.14
Kepler-465,1,1.215,1.14
Kepler-465,1,1.246,NA
Kepler-465,1,1.20263,1.28
Kepler-466,2,0.936,0.979
Kepler-466,2,NA,NA
Kepler-466,2,NA,NA
Kepler-466,2,NA,NA
Kepler-466,2,0.991,1.035
Kepler-466,2,1.05,1.04
Kepler-466,2,1.073,0.943
Kepler-466,2,1.073,0.943
Kepler-466,2,1.073,0.943
Kepler-466,2,1.022,0.974
Kepler-466,2,0.991,1.035
Kepler-466,2,1.05,1.04
Kepler-466,2,1.073,0.943
Kepler-466,2,1.073,0.943
Kepler-466,2,0.936,0.979
Kepler-466,2,NA,NA
Kepler-466,2,1.022,0.974
Kepler-466,2,1.073,0.943
Kepler-466,2,NA,NA
Kepler-466,2,NA,NA
Kepler-467,1,1.47716,1.02
Kepler-467,1,1.317,0.961
Kepler-467,1,1.37,1.05
Kepler-467,1,1.414,NA
Kepler-467,1,1.47716,1.02
Kepler-467,1,1.357,1.023
Kepler-467,1,1.47716,1.02
Kepler-467,1,1.357,1.023
Kepler-467,1,1.357,1.023
Kepler-467,1,1.407,1.02
Kepler-467,1,0.93,0.994
Kepler-468,1,0.933,0.985
Kepler-468,1,0.879,0.973
Kepler-468,1,0.814,NA
Kepler-468,1,0.810043,0.95
Kepler-468,1,0.879,0.973
Kepler-468,1,0.810043,0.95
Kepler-468,1,0.879,0.973
Kepler-468,1,0.87,0.96
Kepler-468,1,0.810043,NA
Kepler-468,1,0.879,0.973
Kepler-47,3,0.936,0.957
Kepler-47,3,0.963,1.049
Kepler-47,3,0.963,1.049
Kepler-47,3,0.936,0.957
Kepler-47,3,0.936,0.957
Kepler-471,1,1.307,1.304
Kepler-471,1,1.69675,1.41
Kepler-471,1,1.69675,NA
Kepler-471,1,1.69675,1.41
Kepler-471,1,1.271,1.314
Kepler-471,1,1.271,1.314
Kepler-471,1,1.678,NA
Kepler-471,1,1.13,1.17
Kepler-471,1,1.8,1.49
Kepler-471,1,1.271,1.314
Kepler-472,1,0.790246,0.784
Kepler-472,1,0.786,0.836
Kepler-472,1,0.782,NA
Kepler-472,1,0.790246,0.784
Kepler-472,1,0.776,0.867
Kepler-472,1,0.786,0.836
Kepler-472,1,0.795,0.858
Kepler-472,1,0.775,0.857
Kepler-472,1,0.790246,0.784
Kepler-472,1,0.786,0.836
Kepler-472,1,0.78,0.85
Kepler-473,1,1.86,1.1
Kepler-473,1,1.92735,1
Kepler-473,1,1.34,1.06
Kepler-473,1,1.92735,1
Kepler-473,1,1.92735,1
Kepler-473,1,1.624,1.022
Kepler-473,1,1.624,1.022
Kepler-473,1,1.624,1.022
Kepler-473,1,1.895,NA
Kepler-473,1,1.412,1.048
Kepler-473,1,1.79,1.095
Kepler-474,1,1.631,NA
Kepler-474,1,1.344,0.911
Kepler-474,1,1.344,0.911
Kepler-474,1,1.603,0.94
Kepler-474,1,1.173,0.927
Kepler-474,1,1.08,0.99
Kepler-474,1,1.3,0.956
Kepler-474,1,1.344,0.911
Kepler-474,1,1.64551,1.02
Kepler-474,1,1.64551,1.02
Kepler-475,1,0.842,0.804
Kepler-475,1,0.842,0.804
Kepler-475,1,0.783,NA
Kepler-475,1,0.791,0.878
Kepler-475,1,0.845564,0.777
Kepler-475,1,0.781,0.877
Kepler-475,1,0.842,0.804
Kepler-475,1,0.798,0.836
Kepler-475,1,0.845564,0.777
Kepler-475,1,0.79,0.86
Kepler-476,1,0.96,0.949
Kepler-476,1,1.005,1.036
Kepler-476,1,NA,NA
Kepler-476,1,1.09,1.03
Kepler-476,1,1.005,1.036
Kepler-476,1,1.005,1.036
Kepler-476,1,NA,NA
Kepler-476,1,1.124,0.969
Kepler-476,1,NA,NA
Kepler-477,1,0.687693,NA
Kepler-477,1,0.702,0.707
Kepler-477,1,0.83,0.786
Kepler-477,1,0.79,0.87
Kepler-477,1,0.687693,NA
Kepler-477,1,0.702,0.707
Kepler-477,1,0.766,0.816
Kepler-477,1,0.702,0.707
Kepler-478,1,0.837,0.774
Kepler-478,1,0.837,0.774
Kepler-478,1,0.8,0.85
Kepler-478,1,0.799,0.838
Kepler-478,1,0.837,0.774
Kepler-478,1,NA,NA
Kepler-478,1,NA,NA
Kepler-478,1,NA,NA
Kepler-478,1,0.814,0.815
Kepler-479,1,0.758,0.767
Kepler-479,1,0.91,0.81
Kepler-479,1,0.795,0.84
Kepler-479,1,0.767297,0.886
Kepler-479,1,0.759,0.764
Kepler-479,1,0.767297,0.886
Kepler-479,1,0.81,0.86
Kepler-479,1,0.758,0.767
Kepler-479,1,0.766,NA
Kepler-479,1,0.767297,0.886
Kepler-479,1,0.758,0.767
Kepler-48,5,0.896858,0.873
Kepler-48,5,0.888,0.883
Kepler-48,5,0.836,0.916
Kepler-48,5,0.896858,0.873
Kepler-48,5,0.896858,0.873
Kepler-48,5,0.896858,0.873
Kepler-48,5,0.89,0.88
Kepler-48,5,0.89,0.89
Kepler-48,5,0.873,0.856
Kepler-48,5,NA,0.916
Kepler-48,5,0.852,0.955
Kepler-48,5,0.852,0.955
Kepler-48,5,0.846,NA
Kepler-48,5,0.852,0.96
Kepler-48,5,0.852,0.955
Kepler-48,5,0.896858,0.873
Kepler-48,5,0.846,NA
Kepler-48,5,0.896858,0.873
Kepler-48,5,0.852,0.955
Kepler-48,5,0.89,0.89
Kepler-48,5,NA,0.916
Kepler-48,5,0.896858,0.873
Kepler-48,5,0.873,0.856
Kepler-48,5,0.852,0.955
Kepler-48,5,0.89,0.88
Kepler-48,5,0.896858,0.873
Kepler-48,5,0.852,0.96
Kepler-48,5,0.852,0.955
Kepler-48,5,0.836,0.916
Kepler-48,5,0.888,0.883
Kepler-48,5,0.896858,0.873
Kepler-48,5,0.873,0.856
Kepler-48,5,0.896858,0.873
Kepler-48,5,0.89,0.88
Kepler-48,5,0.852,0.955
Kepler-48,5,0.846,NA
Kepler-48,5,0.896858,0.873
Kepler-48,5,0.836,0.916
Kepler-48,5,0.852,0.955
Kepler-48,5,0.888,0.883
Kepler-48,5,0.852,0.955
Kepler-48,5,NA,0.916
Kepler-48,5,0.896858,0.873
Kepler-48,5,0.89,0.88
Kepler-48,5,NA,0.916
Kepler-48,5,NA,0.916
Kepler-480,1,1.412,1.204
Kepler-480,1,1.34,1.25
Kepler-480,1,1.168,1.19
Kepler-480,1,1.44225,1.25
Kepler-480,1,1.168,1.19
Kepler-480,1,1.14,1.202
Kepler-480,1,1.437,NA
Kepler-480,1,1.168,1.19
Kepler-480,1,1.378,1.224
Kepler-480,1,1.44225,1.25
Kepler-480,1,1.44225,1.25
Kepler-481,1,1.32369,1
Kepler-481,1,1.14,0.939
Kepler-481,1,1.256,NA
Kepler-481,1,1.32369,1
Kepler-481,1,1.09,1.01
Kepler-481,1,1.234,0.936
Kepler-481,1,1.265,0.931
Kepler-481,1,1.265,0.931
Kepler-481,1,1.265,0.931
Kepler-481,1,1.32369,1
Kepler-481,1,1.18,0.978
Kepler-482,1,0.701,0.686
Kepler-482,1,0.668,0.654
Kepler-482,1,0.806064,0.755
Kepler-482,1,0.72,0.75
Kepler-482,1,0.668,0.654
Kepler-482,1,0.627,0.682
Kepler-482,1,0.796,NA
Kepler-482,1,0.791,0.719
Kepler-482,1,0.668,0.654
Kepler-482,1,0.806064,0.755
Kepler-482,1,0.806064,0.755
Kepler-483,1,1.327,1.076
Kepler-483,1,1.358,NA
Kepler-483,1,1.47,1.28
Kepler-483,1,1.46843,1.16
Kepler-483,1,1.09,1.109
Kepler-483,1,1.09,1.109
Kepler-483,1,1.09,1.109
Kepler-483,1,1.18,1.23
Kepler-483,1,1.46843,1.16
Kepler-483,1,1.518,1.296
Kepler-483,1,1.46843,1.16
Kepler-484,1,0.909065,0.99
Kepler-484,1,0.853,0.952
Kepler-484,1,0.87,0.96
Kepler-484,1,0.887,1.003
Kepler-484,1,0.887,1.003
Kepler-484,1,0.891,NA
Kepler-484,1,0.909065,0.99
Kepler-484,1,0.885,0.974
Kepler-484,1,0.909065,0.99
Kepler-484,1,0.92,0.987
Kepler-484,1,0.887,1.003
Kepler-485,1,1.071,NA
Kepler-485,1,1.029,1.099
Kepler-485,1,1.09304,1.04
Kepler-485,1,1.029,1.099
Kepler-485,1,1.09304,1.04
Kepler-485,1,1.09304,NA
Kepler-485,1,1.09304,1.04
Kepler-485,1,1.09,1.07
Kepler-485,1,1.013,1.027
Kepler-485,1,1.044,1.08
Kepler-485,1,0.97,1.06
Kepler-485,1,1.029,1.099
Kepler-487,3,0.88,0.91
Kepler-487,3,0.87,0.903
Kepler-487,3,0.915391,NA
Kepler-487,3,0.908,0.932
Kepler-487,3,0.931,NA
Kepler-487,3,0.87,0.903
Kepler-487,3,0.915391,0.95
Kepler-487,3,0.88,0.93
Kepler-487,3,0.87,0.903
Kepler-487,3,0.887,0.874
Kepler-487,3,0.915391,0.95
Kepler-487,3,0.915391,0.95
Kepler-487,3,0.887,0.874
Kepler-487,3,0.931,NA
Kepler-487,3,0.915391,0.95
Kepler-487,3,0.88,0.91
Kepler-487,3,0.915391,0.95
Kepler-487,3,0.908,0.932
Kepler-487,3,0.87,0.903
Kepler-487,3,0.88,0.93
Kepler-487,3,0.87,0.903
Kepler-487,3,0.87,0.903
Kepler-487,3,0.87,0.903
Kepler-487,3,0.915391,0.95
Kepler-487,3,0.87,0.903
Kepler-487,3,0.887,0.874
Kepler-487,3,0.908,0.932
Kepler-487,3,0.87,0.903
Kepler-487,3,0.915391,0.95
Kepler-487,3,0.88,0.93
Kepler-487,3,0.887,0.874
Kepler-489,1,0.747,0.792
Kepler-489,1,0.74,0.74
Kepler-489,1,0.822,0.775
Kepler-489,1,0.76,0.82
Kepler-489,1,0.822,0.775
Kepler-489,1,0.822,0.775
Kepler-489,1,0.751,NA
Kepler-489,1,0.734486,0.828
Kepler-489,1,0.738,0.79
Kepler-489,1,0.734486,0.828
Kepler-489,1,0.734486,0.828
Kepler-49,4,0.625,NA
Kepler-49,4,0.618,0.607
Kepler-49,4,0.6,0.63
Kepler-49,4,0.51,0.54
Kepler-49,4,0.667253,0.627
Kepler-49,4,0.523,0.541
Kepler-49,4,0.51,0.54
Kepler-49,4,0.667253,0.627
Kepler-49,4,0.51,0.54
Kepler-49,4,0.53,0.55
Kepler-49,4,0.583,0.623
Kepler-49,4,0.51,0.54
Kepler-49,4,NA,0.5
Kepler-49,4,0.625,0.541
Kepler-49,4,0.583,0.623
Kepler-49,4,0.525,0.549
Kepler-49,4,0.539,0.541
Kepler-49,4,0.583,0.623
Kepler-49,4,0.525,0.549
Kepler-49,4,0.618,0.607
Kepler-49,4,0.667253,0.627
Kepler-49,4,0.583,0.623
Kepler-49,4,0.51,0.54
Kepler-49,4,0.6,0.63
Kepler-49,4,0.625,0.541
Kepler-49,4,0.51,0.54
Kepler-49,4,0.51,0.54
Kepler-49,4,0.625,NA
Kepler-49,4,0.523,0.541
Kepler-49,4,0.667253,0.627
Kepler-49,4,NA,0.5
Kepler-49,4,0.53,0.55
Kepler-49,4,0.51,0.54
Kepler-49,4,0.539,0.541
Kepler-49,4,0.625,NA
Kepler-49,4,0.667253,0.627
Kepler-49,4,0.559,NA
Kepler-49,4,0.667253,0.627
Kepler-49,4,0.539,0.541
Kepler-49,4,0.625,0.541
Kepler-49,4,0.51,0.54
Kepler-49,4,0.583,0.623
Kepler-49,4,0.523,0.541
Kepler-49,4,0.51,0.54
Kepler-49,4,0.6,0.63
Kepler-49,4,0.51,0.54
Kepler-49,4,0.667253,0.627
Kepler-49,4,0.525,0.549
Kepler-49,4,0.51,0.54
Kepler-49,4,0.625,NA
Kepler-49,4,0.6,0.63
Kepler-49,4,0.667253,0.627
Kepler-49,4,0.523,0.541
Kepler-49,4,0.625,0.541
Kepler-49,4,0.51,0.54
Kepler-49,4,0.667253,0.627
Kepler-49,4,0.667253,0.627
Kepler-49,4,0.51,0.54
Kepler-49,4,0.51,0.54
Kepler-49,4,0.525,0.549
Kepler-49,4,0.559,NA
Kepler-49,4,0.583,0.623
Kepler-49,4,0.539,0.541
Kepler-490,1,1.399,NA
Kepler-490,1,1.40537,1.11
Kepler-490,1,1.09,1.16
Kepler-490,1,1.171,1.241
Kepler-490,1,1.40537,NA
Kepler-490,1,1.40537,1.11
Kepler-490,1,1.691,1.161
Kepler-490,1,1.171,1.241
Kepler-490,1,1.171,1.241
Kepler-490,1,1.12,1.08
Kepler-491,1,1.055,1.071
Kepler-491,1,1.055,1.071
Kepler-491,1,0.984,1.044
Kepler-491,1,1.055,1.071
Kepler-491,1,1.054,1.025
Kepler-491,1,1.17,1.047
Kepler-491,1,1.03122,0.96
Kepler-491,1,1.03,1.04
Kepler-491,1,0.998,NA
Kepler-491,1,1.03122,0.96
Kepler-491,1,1.03122,NA
Kepler-493,1,1.172,1.253
Kepler-493,1,1.377,NA
Kepler-493,1,1.50633,1.13
Kepler-493,1,1.167,1.249
Kepler-493,1,1.50633,1.13
Kepler-493,1,1.54,1.36
Kepler-493,1,1.01,1.1
Kepler-493,1,1.50633,NA
Kepler-493,1,1.167,1.249
Kepler-493,1,1.167,1.249
Kepler-495,2,0.76,0.865
Kepler-495,2,0.714,0.766
Kepler-495,2,0.865985,0.94
Kepler-495,2,0.714,0.766
Kepler-495,2,0.83,0.86
Kepler-495,2,0.865985,0.94
Kepler-495,2,0.867,NA
Kepler-495,2,0.865985,0.94
Kepler-495,2,0.714,0.766
Kepler-495,2,1.087,0.888
Kepler-495,2,0.865985,NA
Kepler-495,2,1.087,0.888
Kepler-495,2,0.714,0.766
Kepler-495,2,0.714,0.766
Kepler-495,2,0.865985,0.94
Kepler-495,2,0.714,0.766
Kepler-495,2,0.76,0.865
Kepler-495,2,1.087,0.888
Kepler-496,1,0.685,0.761
Kepler-496,1,0.685,0.761
Kepler-496,1,0.685,0.761
Kepler-496,1,0.79,NA
Kepler-496,1,0.849,0.804
Kepler-496,1,0.82,0.86
Kepler-496,1,0.773692,0.87
Kepler-496,1,0.773692,0.87
Kepler-496,1,0.73,0.83
Kepler-496,1,0.773692,0.87
Kepler-497,1,NA,NA
Kepler-497,1,1.08,0.996
Kepler-497,1,1.11,1.09
Kepler-497,1,1.08,0.996
Kepler-497,1,1.609,NA
Kepler-497,1,NA,NA
Kepler-497,1,1.08,0.996
Kepler-497,1,0.98,0.84
Kepler-497,1,1.08,0.996
Kepler-498,1,1.28226,1
Kepler-498,1,1.11,1.037
Kepler-498,1,1.28226,1
Kepler-498,1,1.11,1.037
Kepler-498,1,1.185,NA
Kepler-498,1,0.96,0.98
Kepler-498,1,1.09,0.98
Kepler-498,1,1.28226,1
Kepler-498,1,1.11,1.037
Kepler-498,1,1.11,1.037
Kepler-499,1,0.929152,0.856
Kepler-499,1,0.83,0.87
Kepler-499,1,0.804,0.896
Kepler-499,1,0.801,0.895
Kepler-499,1,0.929152,0.856
Kepler-499,1,0.929152,0.856
Kepler-499,1,0.801,0.895
Kepler-499,1,0.801,0.895
Kepler-499,1,0.894,NA
Kepler-499,1,0.7,0.8
Kepler-5,1,1.78185,NA
Kepler-5,1,1.777,NA
Kepler-5,1,1.746,1.319
Kepler-5,1,1.78185,1.23
Kepler-5,1,1.78185,1.23
Kepler-5,1,1.793,1.374
Kepler-5,1,1.78185,1.23
Kepler-5,1,2.02,1.45
Kepler-5,1,1.746,1.319
Kepler-5,1,1.544,1.296
Kepler-5,1,1.793,1.374
Kepler-5,1,1.74,1.309
Kepler-5,1,1.77,1.36
Kepler-5,1,1.793,1.374
Kepler-5,1,1.793,1.374
Kepler-5,1,1.746,1.319
Kepler-5,1,1.746,1.319
Kepler-50,2,1.6202,1.178
Kepler-50,2,1.584,1.259
Kepler-50,2,1.58,1.24
Kepler-50,2,NA,1.154
Kepler-50,2,1.59,1.28
Kepler-50,2,1.597,NA
Kepler-50,2,1.6202,1.178
Kepler-50,2,1.587,1.154
Kepler-50,2,1.543,1.187
Kepler-50,2,1.88,1.23
Kepler-50,2,1.88,1.22
Kepler-50,2,1.584,1.259
Kepler-50,2,1.584,1.259
Kepler-50,2,1.584,1.259
Kepler-50,2,1.584,1.259
Kepler-50,2,1.584,1.259
Kepler-50,2,NA,1.154
Kepler-50,2,1.6202,1.178
Kepler-50,2,1.88,1.22
Kepler-50,2,1.88,1.23
Kepler-50,2,1.58,1.24
Kepler-50,2,1.6202,1.178
Kepler-50,2,1.59,1.28
Kepler-50,2,1.543,1.187
Kepler-50,2,1.587,1.154
Kepler-50,2,1.597,NA
Kepler-500,1,1.18285,1.01
Kepler-500,1,1.013,1.116
Kepler-500,1,1.18285,1.01
Kepler-500,1,0.89,0.982
Kepler-500,1,1.119,1.076
Kepler-500,1,1.013,1.116
Kepler-500,1,1.03,0.963
Kepler-500,1,1.18285,1.01
Kepler-500,1,1.013,1.116
Kepler-500,1,1.133,NA
Kepler-500,1,1.03,1.02
Kepler-501,2,1.14298,1.15
Kepler-501,2,0.989,1.056
Kepler-501,2,1.14298,1.15
Kepler-501,2,1.04,1.03
Kepler-501,2,1.14298,1.15
Kepler-501,2,1.216,1.032
Kepler-501,2,0.989,1.056
Kepler-501,2,1.123,NA
Kepler-501,2,1.02,1.11
Kepler-501,2,0.989,1.056
Kepler-501,2,0.989,1.056
Kepler-501,2,1.02,1.11
Kepler-501,2,0.989,1.056
Kepler-501,2,1.216,1.032
Kepler-501,2,1.216,1.032
Kepler-501,2,1.14298,1.15
Kepler-501,2,0.989,1.056
Kepler-502,1,1.031,1.091
Kepler-502,1,1.39203,1.1
Kepler-502,1,1.39203,1.1
Kepler-502,1,1.049,1.107
Kepler-502,1,1.346,NA
Kepler-502,1,1.031,1.091
Kepler-502,1,1.22,1.15
Kepler-502,1,1.39203,1.1
Kepler-502,1,1.031,1.091
Kepler-502,1,1.02,1.11
Kepler-504,1,0.493,0.508
Kepler-504,1,0.418449,0.412143
Kepler-504,1,0.37,0.385
Kepler-504,1,0.37,0.385
Kepler-504,1,0.369,0.396
Kepler-504,1,0.418449,0.412143
Kepler-504,1,0.416,NA
Kepler-504,1,0.418449,0.412143
Kepler-504,1,0.33,0.33
Kepler-504,1,0.37,0.385
Kepler-505,1,0.644,NA
Kepler-505,1,0.51,0.53
Kepler-505,1,0.645558,0.623787
Kepler-505,1,0.53,0.55
Kepler-505,1,0.645558,0.623787
Kepler-505,1,0.645558,0.623787
Kepler-505,1,0.51,0.53
Kepler-505,1,0.511,0.531
Kepler-505,1,0.51,0.53
Kepler-505,1,0.523,0.547
Kepler-506,1,1.23,NA
Kepler-506,1,1.188,1.18
Kepler-506,1,1.193,1.19
Kepler-506,1,1.23303,1.16
Kepler-506,1,1.23303,1.16
Kepler-506,1,1.188,1.18
Kepler-506,1,1.198,NA
Kepler-506,1,1.23303,1.16
Kepler-506,1,1.188,1.18
Kepler-506,1,1.19,1.19
Kepler-506,1,1.193,1.156
Kepler-506,1,1.164,1.178
Kepler-507,1,1.3441,1.11
Kepler-507,1,1.18,1.156
Kepler-507,1,1.213,1.127
Kepler-507,1,1.334,1.107
Kepler-507,1,1.3441,1.11
Kepler-507,1,1.213,1.127
Kepler-507,1,1.32,1.16
Kepler-507,1,1.286,NA
Kepler-507,1,NA,1.144
Kepler-507,1,1.3441,1.11
Kepler-507,1,1.279,1.144
Kepler-507,1,1.213,1.127
Kepler-508,1,1.768,1.269
Kepler-508,1,1.20831,1.192
Kepler-508,1,1.768,1.269
Kepler-508,1,1.292,1.14
Kepler-508,1,1.768,1.269
Kepler-508,1,1.25,1.16
Kepler-508,1,1.209,NA
Kepler-508,1,1.20831,1.192
Kepler-508,1,1.194,1.071
Kepler-508,1,1.066,1.028
Kepler-509,1,1.185,1.076
Kepler-509,1,1.22162,1.096
Kepler-509,1,1.185,1.076
Kepler-509,1,1.199,NA
Kepler-509,1,1.22162,1.096
Kepler-509,1,1.22162,1.096
Kepler-509,1,1.19,1.018
Kepler-509,1,1.2,1.1
Kepler-509,1,1.185,1.076
Kepler-509,1,1.171,1.034
Kepler-509,1,1.14,1.08
Kepler-51,4,0.850059,1.03
Kepler-51,4,0.972,1.053
Kepler-51,4,0.972,1.05
Kepler-51,4,0.850059,1.03
Kepler-51,4,NA,1.1
Kepler-51,4,0.87,0.96
Kepler-51,4,1.05,1.05
Kepler-51,4,0.834,NA
Kepler-51,4,0.972,1.053
Kepler-51,4,0.845,0.929
Kepler-51,4,0.82,0.929
Kepler-51,4,0.94,1.04
Kepler-51,4,0.94,1.04
Kepler-51,4,0.87,0.96
Kepler-51,4,0.881,0.985
Kepler-51,4,0.972,1.053
Kepler-51,4,0.972,1.053
Kepler-51,4,0.850059,1.03
Kepler-51,4,0.91,1
Kepler-51,4,0.91,1
Kepler-51,4,0.972,1.053
Kepler-51,4,0.972,1.05
Kepler-51,4,0.82,0.929
Kepler-51,4,0.881,0.985
Kepler-51,4,0.972,1.053
Kepler-51,4,0.94,1.04
Kepler-51,4,0.850059,1.03
Kepler-51,4,0.845,0.929
Kepler-51,4,1.05,1.05
Kepler-51,4,0.87,0.96
Kepler-51,4,0.87,0.96
Kepler-51,4,0.972,1.053
Kepler-51,4,0.972,1.053
Kepler-51,4,0.834,NA
Kepler-51,4,NA,1.1
Kepler-51,4,0.850059,1.03
Kepler-51,4,0.94,1.04
Kepler-51,4,0.845,0.929
Kepler-51,4,0.850059,1.03
Kepler-51,4,0.881,0.985
Kepler-51,4,0.850059,1.03
Kepler-51,4,0.972,1.053
Kepler-51,4,0.87,0.96
Kepler-51,4,0.850059,1.03
Kepler-51,4,0.972,1.053
Kepler-51,4,0.972,1.053
Kepler-51,4,0.972,1.053
Kepler-51,4,0.834,NA
Kepler-51,4,0.82,0.929
Kepler-51,4,0.94,1.04
Kepler-51,4,1.05,1.05
Kepler-51,4,0.87,0.96
Kepler-51,4,0.972,1.05
Kepler-51,4,NA,1.1
Kepler-51,4,0.94,1.04
Kepler-51,4,0.87,0.96
Kepler-51,4,0.87,0.96
Kepler-510,1,1.53514,1
Kepler-510,1,1.455,0.861
Kepler-510,1,2.1,1.24
Kepler-510,1,1.53514,1
Kepler-510,1,1.472,NA
Kepler-510,1,1.36,0.839
Kepler-510,1,1.53514,1
Kepler-510,1,NA,0.861
Kepler-510,1,1.406,0.884
Kepler-510,1,1.41,0.91
Kepler-510,1,1.406,0.884
Kepler-510,1,1.406,0.884
Kepler-511,2,1.62825,1.12
Kepler-511,2,1.357,1.121
Kepler-511,2,1.2,1
Kepler-511,2,1.726,NA
Kepler-511,2,0.949,0.944
Kepler-511,2,1.62825,1.12
Kepler-511,2,1.698,0.952
Kepler-511,2,1.417,0.958
Kepler-511,2,1.357,1.121
Kepler-511,2,1.357,1.121
Kepler-511,2,1.357,1.121
Kepler-511,2,1.357,1.121
Kepler-511,2,1.357,1.121
Kepler-511,2,1.698,0.952
Kepler-511,2,1.417,0.958
Kepler-511,2,1.62825,1.12
Kepler-511,2,1.417,0.958
Kepler-511,2,1.62825,1.12
Kepler-511,2,1,1
Kepler-512,1,1.134,1.1
Kepler-512,1,1.02,1.06
Kepler-512,1,0.963,0.952
Kepler-512,1,0.963,0.952
Kepler-512,1,1.3,1.17
Kepler-512,1,1.13245,1.16
Kepler-512,1,1.363,1.185
Kepler-512,1,1.137,NA
Kepler-512,1,0.963,0.952
Kepler-512,1,1.13245,1.16
Kepler-512,1,1.13245,1.16
Kepler-513,1,1.079,0.9
Kepler-513,1,1.05792,1.06
Kepler-513,1,1.07,1.04
Kepler-513,1,1.088,0.915
Kepler-513,1,1.06,1.02
Kepler-513,1,1.04,0.987
Kepler-513,1,1.05792,1.06
Kepler-513,1,1.04,0.987
Kepler-513,1,1.092,NA
Kepler-513,1,1.04,0.987
Kepler-513,1,1.05792,1.06
Kepler-514,1,1.38938,1.11
Kepler-514,1,1.323,1.176
Kepler-514,1,1.38938,1.11
Kepler-514,1,1.28,1.13
Kepler-514,1,1.463,1.29
Kepler-514,1,1.44,1.28
Kepler-514,1,1.267,1.098
Kepler-514,1,1.267,1.098
Kepler-514,1,1.38938,1.11
Kepler-514,1,1.34,NA
Kepler-514,1,1.267,1.098
Kepler-515,1,0.79,0.79
Kepler-515,1,1,1
Kepler-515,1,1,1
Kepler-515,1,NA,NA
Kepler-515,1,NA,NA
Kepler-515,1,0.83,0.9
Kepler-515,1,1,1
Kepler-515,1,1,1
Kepler-515,1,NA,NA
Kepler-516,1,2.527,1.7
Kepler-516,1,1.744,1.451
Kepler-516,1,1.84354,1.43
Kepler-516,1,1.744,1.451
Kepler-516,1,1.816,NA
Kepler-516,1,1.84354,1.43
Kepler-516,1,1.744,1.451
Kepler-516,1,1.64,1.41
Kepler-516,1,2.02,1.62
Kepler-517,1,1.0384,0.991
Kepler-517,1,1.009,0.847
Kepler-517,1,0.98,0.95
Kepler-517,1,1.063,0.857
Kepler-517,1,1.0384,0.991
Kepler-517,1,1.0384,0.991
Kepler-517,1,1.023,0.871
Kepler-517,1,1.03,0.913
Kepler-517,1,1.015,NA
Kepler-517,1,1.063,0.857
Kepler-517,1,1.063,0.857
Kepler-518,1,0.897786,1.09
Kepler-518,1,0.88,0.96
Kepler-518,1,0.927,NA
Kepler-518,1,1.85,1.19
Kepler-518,1,1.825,1.173
Kepler-518,1,0.897786,1.09
Kepler-518,1,0.881,0.979
Kepler-518,1,0.922,0.94
Kepler-518,1,1.825,1.173
Kepler-518,1,1.825,1.173
Kepler-518,1,0.897786,1.09
Kepler-519,1,0.82,0.913
Kepler-519,1,0.814,0.921
Kepler-519,1,0.815371,0.904
Kepler-519,1,0.815371,0.904
Kepler-519,1,0.814,0.921
Kepler-519,1,0.815371,0.904
Kepler-519,1,0.814,0.921
Kepler-519,1,0.829,NA
Kepler-519,1,0.8,0.89
Kepler-519,1,0.871,0.937
Kepler-519,1,0.823,0.912
Kepler-52,3,0.675624,0.64
Kepler-52,3,0.63,0.66
Kepler-52,3,0.52,0.54
Kepler-52,3,0.54,0.56
Kepler-52,3,NA,NA
Kepler-52,3,0.63,0.624
Kepler-52,3,0.623,0.66
Kepler-52,3,0.675624,0.64
Kepler-52,3,0.621,0.633
Kepler-52,3,0.54,0.56
Kepler-52,3,0.615,0.633
Kepler-52,3,0.548,0.577
Kepler-52,3,0.54,0.56
Kepler-52,3,0.54,0.56
Kepler-52,3,0.621,NA
Kepler-52,3,0.623,0.66
Kepler-52,3,0.623,0.66
Kepler-52,3,0.675624,0.64
Kepler-52,3,0.675624,0.64
Kepler-52,3,0.52,0.54
Kepler-52,3,0.615,0.633
Kepler-52,3,0.675624,0.64
Kepler-52,3,0.63,0.66
Kepler-52,3,0.623,0.66
Kepler-52,3,0.54,0.56
Kepler-52,3,0.54,0.56
Kepler-52,3,0.63,0.624
Kepler-52,3,0.621,0.633
Kepler-52,3,0.548,0.577
Kepler-52,3,0.621,NA
Kepler-52,3,NA,NA
Kepler-52,3,0.54,0.56
Kepler-52,3,0.675624,0.64
Kepler-52,3,0.54,0.56
Kepler-52,3,0.621,0.633
Kepler-52,3,0.63,0.66
Kepler-52,3,0.54,0.56
Kepler-52,3,0.675624,0.64
Kepler-52,3,NA,NA
Kepler-52,3,0.54,0.56
Kepler-52,3,0.623,0.66
Kepler-52,3,0.556,NA
Kepler-52,3,0.621,NA
Kepler-52,3,0.615,0.633
Kepler-52,3,0.548,0.577
Kepler-52,3,0.675624,0.64
Kepler-52,3,0.54,0.56
Kepler-52,3,0.675624,0.64
Kepler-52,3,0.675624,0.64
Kepler-520,2,NA,NA
Kepler-520,2,1.086,1.139
Kepler-520,2,1.031,1.027
Kepler-520,2,1.03,1.132
Kepler-520,2,NA,NA
Kepler-520,2,1.673,1.078
Kepler-520,2,1.03,1.132
Kepler-520,2,1.03,1.132
Kepler-520,2,NA,NA
Kepler-520,2,1.09,1.1
Kepler-520,2,1.086,1.139
Kepler-520,2,1.673,1.078
Kepler-520,2,1.09,1.1
Kepler-520,2,1.03,1.132
Kepler-520,2,1.03,1.132
Kepler-520,2,1.031,1.027
Kepler-520,2,NA,NA
Kepler-520,2,NA,NA
Kepler-520,2,1.03,1.132
Kepler-520,2,NA,NA
Kepler-521,1,1.699,1.225
Kepler-521,1,1.62494,1.41
Kepler-521,1,1.62494,1.41
Kepler-521,1,1.403,1.324
Kepler-521,1,1.699,1.225
Kepler-521,1,1.62494,1.41
Kepler-521,1,1.46,1.34
Kepler-521,1,1.668,NA
Kepler-521,1,1.632,1.355
Kepler-521,1,1.699,1.225
Kepler-521,1,1.82,1.39
Kepler-522,1,1.672,1.403
Kepler-522,1,1.35,1.279
Kepler-522,1,1.35,1.279
Kepler-522,1,1.74231,1.27
Kepler-522,1,1.694,NA
Kepler-522,1,1.74231,1.27
Kepler-522,1,1.38,1.341
Kepler-522,1,1.927,1.486
Kepler-522,1,1.35,1.279
Kepler-522,1,1.74231,1.27
Kepler-522,1,1.74231,NA
Kepler-522,1,1.98,1.54
Kepler-523,1,0.836,0.937
Kepler-523,1,0.803,0.914
Kepler-523,1,0.86,0.93
Kepler-523,1,0.887,0.958
Kepler-523,1,0.836,0.937
Kepler-523,1,0.836,0.937
Kepler-523,1,0.82465,0.94
Kepler-523,1,0.808,NA
Kepler-523,1,0.82465,0.94
Kepler-523,1,0.828,0.872
Kepler-523,1,0.82465,0.94
Kepler-524,2,1.251,1.031
Kepler-524,2,1.61877,1.05
Kepler-524,2,1.61877,1.05
Kepler-524,2,1.251,1.031
Kepler-524,2,1.25,1.03
Kepler-524,2,1.583,1.055
Kepler-524,2,1.614,NA
Kepler-524,2,1.251,1.031
Kepler-524,2,1.081,1.036
Kepler-524,2,1.61877,1.05
Kepler-524,2,1.1,1.09
Kepler-524,2,1.583,1.055
Kepler-524,2,1.61877,1.05
Kepler-524,2,1.251,1.031
Kepler-524,2,1.1,1.09
Kepler-524,2,1.081,1.036
Kepler-524,2,1.251,1.031
Kepler-524,2,1.61877,1.05
Kepler-524,2,1.614,NA
Kepler-524,2,1.25,1.03
Kepler-524,2,1.251,1.031
Kepler-525,1,1.614,1.038
Kepler-525,1,1.992,1.136
Kepler-525,1,1.5,1.034
Kepler-525,1,1.592,1.019
Kepler-525,1,1.15,0.95
Kepler-525,1,2.03713,0.96
Kepler-525,1,2.03713,0.96
Kepler-525,1,1.592,1.019
Kepler-525,1,1.592,1.019
Kepler-525,1,2.03713,0.96
Kepler-525,1,2.04,NA
Kepler-526,1,1.135,1.172
Kepler-526,1,1.21,1.133
Kepler-526,1,1.535,NA
Kepler-526,1,1.259,1.126
Kepler-526,1,1.52211,1.02
Kepler-526,1,1.14,1.15
Kepler-526,1,1.52211,1.02
Kepler-526,1,1.52211,1.02
Kepler-526,1,1.259,1.126
Kepler-526,1,1.512,1.239
Kepler-526,1,1.259,1.126
Kepler-527,1,1.104,1.122
Kepler-527,1,1.238,NA
Kepler-527,1,1.104,1.122
Kepler-527,1,1.22347,1.23
Kepler-527,1,1.17,1.22
Kepler-527,1,1.22347,1.23
Kepler-527,1,1.22347,1.23
Kepler-527,1,1.9,1.238
Kepler-527,1,1.216,1.192
Kepler-527,1,1.45,1.28
Kepler-527,1,1.104,1.122
Kepler-528,1,1.28083,0.99
Kepler-528,1,0.931,1.016
Kepler-528,1,1.173,0.979
Kepler-528,1,1.28083,0.99
Kepler-528,1,1.192,NA
Kepler-528,1,0.931,1.016
Kepler-528,1,1.06,1.01
Kepler-528,1,1.099,0.953
Kepler-528,1,0.931,1.016
Kepler-528,1,0.94,1.039
Kepler-528,1,1.28083,0.99
Kepler-529,3,0.886,0.977
Kepler-529,3,1.189,1.005
Kepler-529,3,NA,NA
Kepler-529,3,NA,NA
Kepler-529,3,0.886,0.977
Kepler-529,3,0.886,0.977
Kepler-529,3,1.14,1.07
Kepler-529,3,NA,NA
Kepler-529,3,1.04,1.128
Kepler-529,3,1.189,1.005
Kepler-529,3,NA,NA
Kepler-529,3,1.04,1.128
Kepler-529,3,0.886,0.977
Kepler-529,3,NA,NA
Kepler-529,3,0.886,0.977
Kepler-529,3,1.14,1.07
Kepler-529,3,NA,NA
Kepler-529,3,0.886,0.977
Kepler-529,3,NA,NA
Kepler-529,3,0.886,0.977
Kepler-529,3,1.04,1.128
Kepler-529,3,0.886,0.977
Kepler-529,3,0.886,0.977
Kepler-529,3,1.189,1.005
Kepler-529,3,1.189,1.005
Kepler-53,3,0.97,1.065
Kepler-53,3,0.945,1.02
Kepler-53,3,1.08614,1
Kepler-53,3,1.038,0.966
Kepler-53,3,1.08614,1
Kepler-53,3,1.057,0.966
Kepler-53,3,1.053,1.026
Kepler-53,3,1.038,0.966
Kepler-53,3,0.89,0.98
Kepler-53,3,0.945,1.019
Kepler-53,3,1.09,NA
Kepler-53,3,0.945,1.019
Kepler-53,3,0.97,0.98
Kepler-53,3,0.945,1.019
Kepler-53,3,0.945,1.019
Kepler-53,3,1.08614,1
Kepler-53,3,0.97,0.98
Kepler-53,3,1.08614,1
Kepler-53,3,1.057,0.966
Kepler-53,3,0.89,0.98
Kepler-53,3,1.038,0.966
Kepler-53,3,0.97,1.065
Kepler-53,3,0.945,1.019
Kepler-53,3,1.038,0.966
Kepler-53,3,0.945,1.019
Kepler-53,3,1.09,NA
Kepler-53,3,1.053,1.026
Kepler-53,3,0.945,1.02
Kepler-53,3,1.08614,1
Kepler-53,3,0.97,0.98
Kepler-53,3,0.945,1.019
Kepler-53,3,1.053,1.026
Kepler-53,3,1.038,0.966
Kepler-53,3,0.945,1.019
Kepler-53,3,1.09,NA
Kepler-53,3,1.08614,1
Kepler-53,3,0.97,1.065
Kepler-53,3,1.08614,1
Kepler-53,3,1.038,0.966
Kepler-53,3,0.945,1.019
Kepler-53,3,0.958,NA
Kepler-53,3,1.057,0.966
Kepler-530,1,1.051,0.901
Kepler-530,1,0.881,0.856
Kepler-530,1,0.863,0.932
Kepler-530,1,1.051,0.901
Kepler-530,1,0.884809,1.01
Kepler-530,1,0.888,NA
Kepler-530,1,1.051,0.901
Kepler-530,1,0.884809,1.01
Kepler-530,1,0.89,0.97
Kepler-530,1,1.12,1
Kepler-530,1,0.884809,1.01
Kepler-531,1,0.707,0.751
Kepler-531,1,0.77072,0.772
Kepler-531,1,0.75,0.78
Kepler-531,1,0.749,0.725
Kepler-531,1,0.749,0.725
Kepler-531,1,0.749,0.725
Kepler-531,1,0.749,0.725
Kepler-531,1,0.73,0.792
Kepler-531,1,0.734,NA
Kepler-531,1,0.77072,0.772
Kepler-532,1,0.752,NA
Kepler-532,1,0.806,0.763
Kepler-532,1,0.768,0.81
Kepler-532,1,0.777886,0.836
Kepler-532,1,0.806,0.763
Kepler-532,1,0.748,0.834
Kepler-532,1,0.777886,0.836
Kepler-532,1,0.806,0.763
Kepler-532,1,0.79,0.87
Kepler-532,1,0.768,0.825
Kepler-532,1,0.777886,0.836
Kepler-533,1,0.774146,0.726
Kepler-533,1,1.741,0.956
Kepler-533,1,0.774146,0.726
Kepler-533,1,0.71,NA
Kepler-533,1,1.741,0.956
Kepler-533,1,1.741,0.956
Kepler-533,1,0.774146,0.726
Kepler-533,1,0.72,0.78
Kepler-533,1,0.656,0.677
Kepler-533,1,0.706,0.764
Kepler-533,1,0.69,0.748
Kepler-534,2,0.98,1.05
Kepler-534,2,1.044,1.094
Kepler-534,2,0.965,1.075
Kepler-534,2,1.12377,1.08
Kepler-534,2,0.965,1.075
Kepler-534,2,0.965,1.075
Kepler-534,2,0.965,1.075
Kepler-534,2,1.12377,1.08
Kepler-534,2,1.12377,1.08
Kepler-534,2,0.965,1.075
Kepler-534,2,1.12377,1.08
Kepler-534,2,1.12377,1.08
Kepler-534,2,0.965,1.075
Kepler-534,2,1.044,1.094
Kepler-534,2,0.965,1.075
Kepler-534,2,0.965,1.075
Kepler-534,2,0.965,1.075
Kepler-535,1,1.295,NA
Kepler-535,1,1.108,1.202
Kepler-535,1,1.276,1.203
Kepler-535,1,1.36163,1.11
Kepler-535,1,1.36163,1.11
Kepler-535,1,1.108,1.202
Kepler-535,1,1.36163,1.11
Kepler-535,1,1.27,1.18
Kepler-535,1,1.298,1.166
Kepler-535,1,1.214,1.253
Kepler-535,1,1.108,1.202
Kepler-536,1,1.769,0.834
Kepler-536,1,1.6,0.916
Kepler-536,1,1.769,0.834
Kepler-536,1,0.915,NA
Kepler-536,1,1.769,0.834
Kepler-536,1,0.860125,0.965
Kepler-536,1,0.860125,0.965
Kepler-536,1,0.860125,0.965
Kepler-536,1,0.914,0.908
Kepler-536,1,1.769,0.834
Kepler-536,1,0.89,0.92
Kepler-537,1,0.946,1.017
Kepler-537,1,0.989822,1.01
Kepler-537,1,0.937,1.018
Kepler-537,1,0.956,NA
Kepler-537,1,0.989822,1.01
Kepler-537,1,0.99,1.07
Kepler-537,1,0.937,1.018
Kepler-537,1,0.99,1.031
Kepler-537,1,0.975,1.091
Kepler-537,1,0.937,1.018
Kepler-537,1,0.989822,1.01
Kepler-538,1,0.87,0.848
Kepler-538,1,0.863,NA
Kepler-538,1,0.896703,0.964
Kepler-538,1,0.873,0.882
Kepler-538,1,0.862,0.881
Kepler-538,1,0.85,0.877
Kepler-538,1,0.896703,0.964
Kepler-538,1,NA,0.881
Kepler-538,1,0.8717,0.892
Kepler-538,1,0.8717,0.892
Kepler-538,1,0.85,0.877
Kepler-538,1,0.896703,0.964
Kepler-538,1,0.85,0.877
Kepler-538,1,0.9,0.96
Kepler-539,2,0.913,0.987
Kepler-539,2,0.897,0.992
Kepler-539,2,0.97,1.055
Kepler-539,2,0.965916,1.008
Kepler-539,2,1.111,0.972
Kepler-539,2,0.93,1
Kepler-539,2,0.897,0.992
Kepler-539,2,0.965916,1.008
Kepler-539,2,0.897,0.992
Kepler-539,2,0.965916,1.008
Kepler-539,2,0.952,1.048
Kepler-539,2,0.921,NA
Kepler-539,2,0.952,1.048
Kepler-54,3,0.46,0.48
Kepler-54,3,0.47,0.49
Kepler-54,3,0.522,0.518
Kepler-54,3,0.5,0.51
Kepler-54,3,0.47,0.49
Kepler-54,3,0.498,0.514
Kepler-54,3,0.527463,0.524532
Kepler-54,3,0.47,0.49
Kepler-54,3,NA,NA
Kepler-54,3,0.525,NA
Kepler-54,3,0.47,0.484
Kepler-54,3,0.47,0.49
Kepler-54,3,0.525,0.484
Kepler-54,3,0.527,0.565
Kepler-54,3,0.527,0.565
Kepler-54,3,0.527463,0.524532
Kepler-54,3,0.33,0.349
Kepler-54,3,0.47,0.49
Kepler-54,3,0.527463,0.524532
Kepler-54,3,0.46,0.48
Kepler-54,3,0.527,0.565
Kepler-54,3,0.33,0.349
Kepler-54,3,0.527463,0.524532
Kepler-54,3,0.522,0.518
Kepler-54,3,NA,NA
Kepler-54,3,0.5,0.51
Kepler-54,3,0.525,NA
Kepler-54,3,0.47,0.49
Kepler-54,3,0.525,0.484
Kepler-54,3,0.527,0.565
Kepler-54,3,0.47,0.49
Kepler-54,3,0.47,0.484
Kepler-54,3,0.498,0.514
Kepler-54,3,0.33,0.349
Kepler-54,3,NA,NA
Kepler-54,3,0.47,0.49
Kepler-54,3,0.498,0.514
Kepler-54,3,0.527463,0.524532
Kepler-54,3,0.47,0.49
Kepler-54,3,0.527463,0.524532
Kepler-54,3,0.525,0.484
Kepler-54,3,0.47,0.484
Kepler-54,3,0.554,NA
Kepler-54,3,0.527463,0.524532
Kepler-54,3,0.525,NA
Kepler-54,3,0.527,0.565
Kepler-54,3,0.46,0.48
Kepler-54,3,0.47,0.49
Kepler-540,1,1.25142,1.04
Kepler-540,1,1.116,0.91
Kepler-540,1,1.25,0.901
Kepler-540,1,1.25142,1.04
Kepler-540,1,1.224,NA
Kepler-540,1,1.25142,1.04
Kepler-540,1,1.21,0.937
Kepler-540,1,1.08,1.02
Kepler-540,1,1.25,0.901
Kepler-540,1,1.212,0.909
Kepler-540,1,1.25,0.901
Kepler-541,1,2.136,NA
Kepler-541,1,2.06,1.41
Kepler-541,1,2.14985,1.14
Kepler-541,1,1.19,1.024
Kepler-541,1,2.086,1.384
Kepler-541,1,1.19,1.024
Kepler-541,1,2.14985,1.14
Kepler-541,1,2.14985,1.14
Kepler-541,1,1.19,1.024
Kepler-541,1,1.21,1.04
Kepler-541,1,2.52,1.359
Kepler-542,1,1.00034,0.933
Kepler-542,1,1.00034,0.933
Kepler-542,1,0.901,0.945
Kepler-542,1,0.888,0.862
Kepler-542,1,0.95,0.886
Kepler-542,1,1.00034,0.933
Kepler-542,1,1.001,0.954
Kepler-542,1,1.001,0.954
Kepler-542,1,0.907,NA
Kepler-542,1,0.9,0.93
Kepler-542,1,1.001,0.954
Kepler-543,1,0.71917,0.751
Kepler-543,1,0.71917,0.751
Kepler-543,1,0.684,NA
Kepler-543,1,0.67,0.7
Kepler-543,1,0.663,0.65
Kepler-543,1,0.684,0.738
Kepler-543,1,0.663,0.65
Kepler-543,1,0.663,0.65
Kepler-543,1,0.71917,0.751
Kepler-543,1,0.663,0.65
Kepler-543,1,0.604,0.649
Kepler-544,1,1.57028,1.21
Kepler-544,1,1.18,1.085
Kepler-544,1,1.465,1.078
Kepler-544,1,1.494,NA
Kepler-544,1,1.57028,1.21
Kepler-544,1,1.137,1.213
Kepler-544,1,1.57028,1.21
Kepler-544,1,1.137,1.213
Kepler-544,1,1.137,1.213
Kepler-544,1,1.22,1.16
Kepler-544,1,1.04,1.124
Kepler-545,1,0.9,1.001
Kepler-545,1,1.09606,1.06
Kepler-545,1,1.09606,1.06
Kepler-545,1,0.965,1.075
Kepler-545,1,1.068,NA
Kepler-545,1,0.965,1.075
Kepler-545,1,1.07,1.04
Kepler-545,1,1.078,0.972
Kepler-545,1,1.09606,1.06
Kepler-545,1,0.965,1.075
Kepler-545,1,1.051,1.08
Kepler-546,1,1.40314,1.01
Kepler-546,1,1.205,0.977
Kepler-546,1,1.16,0.93
Kepler-546,1,1.205,0.977
Kepler-546,1,1.205,0.977
Kepler-546,1,1.40314,1.01
Kepler-546,1,1.15,1.11
Kepler-546,1,1.205,0.977
Kepler-546,1,1.298,NA
Kepler-546,1,1.40314,1.01
Kepler-547,1,0.738,0.718
Kepler-547,1,0.73,0.78
Kepler-547,1,0.762,NA
Kepler-547,1,0.798726,0.75
Kepler-547,1,0.738,0.718
Kepler-547,1,0.798726,0.75
Kepler-547,1,0.738,0.718
Kepler-547,1,0.687,0.702
Kepler-547,1,0.798726,0.75
Kepler-547,1,0.738,0.718
Kepler-548,1,0.915,0.812
Kepler-548,1,0.86,0.8
Kepler-548,1,0.922087,0.93
Kepler-548,1,0.922087,0.93
Kepler-548,1,0.889,NA
Kepler-548,1,0.915,0.812
Kepler-548,1,0.922087,NA
Kepler-548,1,0.9,0.93
Kepler-548,1,0.915,0.812
Kepler-548,1,0.915,0.812
Kepler-549,3,0.856,0.839
Kepler-549,3,0.84,0.88
Kepler-549,3,0.814,0.906
Kepler-549,3,0.828,NA
Kepler-549,3,0.846751,0.9
Kepler-549,3,0.85,0.847
Kepler-549,3,0.846751,0.9
Kepler-549,3,0.856,0.839
Kepler-549,3,0.846751,0.9
Kepler-549,3,0.856,0.839
Kepler-549,3,0.986,0.859
Kepler-549,3,NA,0.9
Kepler-549,3,0.85,0.847
Kepler-549,3,0.84,0.88
Kepler-549,3,0.828,NA
Kepler-549,3,0.856,0.839
Kepler-549,3,0.856,0.839
Kepler-549,3,0.986,0.859
Kepler-549,3,0.846751,0.9
Kepler-549,3,0.856,0.839
Kepler-549,3,0.846751,0.9
Kepler-549,3,0.814,0.906
Kepler-549,3,0.856,0.839
Kepler-549,3,0.846751,0.9
Kepler-549,3,0.846751,0.9
Kepler-549,3,0.85,0.847
Kepler-549,3,0.986,0.859
Kepler-549,3,0.856,0.839
Kepler-549,3,0.986,0.859
Kepler-549,3,0.856,0.839
Kepler-549,3,0.814,0.906
Kepler-55,5,0.68,0.72
Kepler-55,5,0.715357,0.69
Kepler-55,5,0.658,0.65
Kepler-55,5,0.676,NA
Kepler-55,5,0.658,0.645
Kepler-55,5,0.715357,0.69
Kepler-55,5,0.58,0.62
Kepler-55,5,0.658,0.645
Kepler-55,5,0.602,0.631
Kepler-55,5,0.658,0.645
Kepler-55,5,0.646,0.71
Kepler-55,5,0.658,0.645
Kepler-55,5,0.646,0.71
Kepler-55,5,0.58,0.62
Kepler-55,5,0.676,NA
Kepler-55,5,0.68,0.72
Kepler-55,5,0.658,0.65
Kepler-55,5,0.658,0.645
Kepler-55,5,0.715357,0.69
Kepler-55,5,0.602,0.631
Kepler-55,5,0.658,0.645
Kepler-55,5,0.715357,0.69
Kepler-55,5,0.658,0.645
Kepler-55,5,0.619,NA
Kepler-55,5,0.715357,0.69
Kepler-55,5,0.646,0.71
Kepler-55,5,0.715357,0.69
Kepler-55,5,0.68,0.72
Kepler-55,5,0.658,0.645
Kepler-55,5,0.658,0.645
Kepler-55,5,0.676,NA
Kepler-55,5,0.602,0.631
Kepler-55,5,0.68,0.72
Kepler-55,5,0.658,0.645
Kepler-55,5,0.658,0.645
Kepler-55,5,0.602,0.631
Kepler-55,5,0.658,0.645
Kepler-55,5,0.619,NA
Kepler-55,5,0.715357,0.69
Kepler-55,5,0.715357,0.69
Kepler-55,5,0.646,0.71
Kepler-55,5,0.676,NA
Kepler-55,5,0.646,0.71
Kepler-55,5,0.658,0.645
Kepler-55,5,0.715357,0.69
Kepler-55,5,0.658,0.645
Kepler-55,5,0.676,NA
Kepler-55,5,0.68,0.72
Kepler-55,5,0.715357,0.69
Kepler-55,5,0.602,0.631
Kepler-55,5,0.658,0.645
Kepler-55,5,0.619,NA
Kepler-550,1,0.82,0.783
Kepler-550,1,0.821759,0.86
Kepler-550,1,0.805,0.748
Kepler-550,1,0.821759,0.86
Kepler-550,1,0.821759,0.86
Kepler-550,1,0.805,0.748
Kepler-550,1,0.805,0.748
Kepler-550,1,0.805,0.748
Kepler-550,1,0.795,NA
Kepler-550,1,0.83,0.87
Kepler-551,1,0.48,0.51
Kepler-551,1,NA,NA
Kepler-551,1,0.64,NA
Kepler-551,1,0.48,0.51
Kepler-551,1,0.559,0.589
Kepler-551,1,0.673244,0.66
Kepler-551,1,0.673244,0.66
Kepler-551,1,0.48,0.51
Kepler-551,1,0.673244,0.66
Kepler-551,1,0.607,0.622
Kepler-551,1,0.63,0.65
Kepler-552,1,1.025,1.095
Kepler-552,1,1.025,1.095
Kepler-552,1,1.025,1.095
Kepler-552,1,1.028,1.098
Kepler-552,1,1.06694,1.04
Kepler-552,1,1.06694,1.04
Kepler-552,1,1,1.035
Kepler-552,1,1.06694,1.04
Kepler-552,1,1.042,NA
Kepler-552,1,1.04,1.03
Kepler-553,2,0.861,0.888
Kepler-553,2,0.872,NA
Kepler-553,2,0.947426,0.86
Kepler-553,2,0.899,0.952
Kepler-553,2,0.85,0.92
Kepler-553,2,0.83,0.79
Kepler-553,2,0.947426,0.86
Kepler-553,2,0.854,0.927
Kepler-553,2,0.899,0.952
Kepler-553,2,0.947426,0.86
Kepler-553,2,0.902,0.889
Kepler-553,2,0.899,0.952
Kepler-553,2,0.872,NA
Kepler-553,2,0.899,0.952
Kepler-553,2,0.899,0.952
Kepler-553,2,0.947426,0.86
Kepler-553,2,0.899,0.952
Kepler-553,2,0.861,0.888
Kepler-553,2,0.854,0.927
Kepler-553,2,0.83,0.79
Kepler-553,2,0.902,0.889
Kepler-553,2,0.947426,0.86
Kepler-553,2,0.85,0.92
Kepler-554,1,0.825,0.938
Kepler-554,1,0.937,0.931
Kepler-554,1,0.825,0.938
Kepler-554,1,0.958,1.016
Kepler-554,1,0.825,0.938
Kepler-554,1,1.0189,0.92
Kepler-554,1,1.0189,0.92
Kepler-554,1,0.76,0.86
Kepler-554,1,0.92,0.93
Kepler-554,1,0.973,NA
Kepler-554,1,1.0189,0.92
Kepler-555,1,1.04,1.03
Kepler-555,1,0.798,0.887
Kepler-555,1,0.797,0.875
Kepler-555,1,0.9,1.003
Kepler-555,1,1.29646,1.07
Kepler-555,1,0.797,0.875
Kepler-555,1,1.29646,1.07
Kepler-555,1,0.797,0.875
Kepler-555,1,1.29646,1.07
Kepler-555,1,1.334,NA
Kepler-556,1,0.922,NA
Kepler-556,1,0.98,1
Kepler-556,1,0.92,1.01
Kepler-556,1,0.937,1.026
Kepler-556,1,0.998874,0.99
Kepler-556,1,0.998874,0.99
Kepler-556,1,0.998874,0.99
Kepler-556,1,0.937,1.026
Kepler-556,1,0.937,1.026
Kepler-556,1,0.908,0.921
Kepler-556,1,0.953,0.894
Kepler-557,1,1.034,0.997
Kepler-557,1,2.196,NA
Kepler-557,1,1.08,1.09
Kepler-557,1,1.034,0.997
Kepler-557,1,1.034,0.997
Kepler-557,1,2.26019,1.05
Kepler-557,1,1.16,1.11
Kepler-557,1,2.26019,1.05
Kepler-557,1,2.26019,1.05
Kepler-557,1,1.034,0.997
Kepler-558,1,0.801,0.861
Kepler-558,1,0.77,0.809
Kepler-558,1,0.817,NA
Kepler-558,1,0.797,0.863
Kepler-558,1,0.797,0.863
Kepler-558,1,0.790441,0.88
Kepler-558,1,0.797,0.863
Kepler-558,1,0.790441,0.88
Kepler-558,1,0.81,0.85
Kepler-558,1,0.790441,0.88
Kepler-559,1,1.1,0.944
Kepler-559,1,1.107,0.896
Kepler-559,1,0.980005,0.95
Kepler-559,1,0.980005,0.95
Kepler-559,1,0.942,NA
Kepler-559,1,1.1,0.944
Kepler-559,1,0.95,0.96
Kepler-559,1,0.980005,0.95
Kepler-559,1,1.1,0.944
Kepler-559,1,0.98,0.84
Kepler-56,3,3.14,1.362
Kepler-56,3,4.063,1.672
Kepler-56,3,NA,1.672
Kepler-56,3,4.23,1.32
Kepler-56,3,4.21799,NA
Kepler-56,3,4.23,1.32
Kepler-56,3,4.23,1.32
Kepler-56,3,4.21799,NA
Kepler-56,3,NA,1.4
Kepler-56,3,4.21799,NA
Kepler-56,3,4.23,1.32
Kepler-56,3,4.361,1.381
Kepler-56,3,4.142,NA
Kepler-56,3,3.14,1.37
Kepler-56,3,4.23,1.32
Kepler-56,3,4.19,1.29
Kepler-56,3,4.23,1.32
Kepler-56,3,4.063,1.672
Kepler-56,3,4.142,NA
Kepler-56,3,NA,1.672
Kepler-56,3,4.23,1.32
Kepler-56,3,4.23,1.32
Kepler-56,3,4.23,1.32
Kepler-56,3,4.19,1.29
Kepler-56,3,4.21799,NA
Kepler-56,3,4.361,1.381
Kepler-56,3,3.14,1.37
Kepler-56,3,4.23,1.32
Kepler-56,3,4.21799,NA
Kepler-56,3,3.14,1.362
Kepler-56,3,4.21799,NA
Kepler-56,3,NA,1.4
Kepler-56,3,4.21799,NA
Kepler-56,3,NA,1.672
Kepler-560,1,0.3,0.3
Kepler-560,1,0.272,0.269
Kepler-560,1,0.406086,0.398334
Kepler-560,1,0.404,NA
Kepler-560,1,0.485,0.495
Kepler-560,1,0.33,0.34
Kepler-560,1,0.406086,0.398334
Kepler-560,1,0.3,0.3
Kepler-560,1,0.378,0.381
Kepler-560,1,0.283,0.271
Kepler-560,1,0.406086,0.398334
Kepler-560,1,0.3,0.3
Kepler-561,2,0.884,0.98
Kepler-561,2,0.94,0.96
Kepler-561,2,0.953,0.973
Kepler-561,2,0.9,0.846
Kepler-561,2,0.892,NA
Kepler-561,2,0.925904,0.94
Kepler-561,2,0.925904,0.94
Kepler-561,2,0.953,0.973
Kepler-561,2,0.953,0.973
Kepler-561,2,0.925904,0.94
Kepler-561,2,0.953,0.973
Kepler-561,2,0.925904,0.94
Kepler-561,2,0.925904,0.94
Kepler-561,2,0.953,0.973
Kepler-561,2,0.953,0.973
Kepler-561,2,0.9,0.846
Kepler-561,2,0.953,0.973
Kepler-561,2,0.953,0.973
Kepler-561,2,0.884,0.98
Kepler-561,2,0.94,0.96
Kepler-561,2,0.925904,0.94
Kepler-561,2,0.892,NA
Kepler-562,1,0.877,0.973
Kepler-562,1,0.9,0.93
Kepler-562,1,0.877,0.973
Kepler-562,1,1.08301,0.99
Kepler-562,1,0.877,0.973
Kepler-562,1,1.077,NA
Kepler-562,1,1.08301,0.99
Kepler-562,1,0.88,0.975
Kepler-562,1,1.08301,0.99
Kepler-562,1,0.877,0.973
Kepler-563,1,0.77,0.8
Kepler-563,1,0.78649,0.84
Kepler-563,1,0.818,0.771
Kepler-563,1,0.818,0.771
Kepler-563,1,0.818,0.771
Kepler-563,1,0.78649,0.84
Kepler-563,1,0.77,0.758
Kepler-563,1,0.78649,0.84
Kepler-563,1,0.77,NA
Kepler-563,1,0.818,0.771
Kepler-564,1,0.95,1.068
Kepler-564,1,0.992753,0.99
Kepler-564,1,0.84,0.943
Kepler-564,1,0.992753,0.99
Kepler-564,1,0.95,1.068
Kepler-564,1,0.95,1.068
Kepler-564,1,0.954,NA
Kepler-564,1,0.992753,0.99
Kepler-564,1,0.95,1.068
Kepler-564,1,0.92,0.95
Kepler-565,1,0.84,0.926
Kepler-565,1,0.84,0.926
Kepler-565,1,0.843,0.93
Kepler-565,1,0.95,0.98
Kepler-565,1,0.9,1.009
Kepler-565,1,NA,NA
Kepler-565,1,NA,NA
Kepler-565,1,0.84,0.926
Kepler-566,1,0.775,0.737
Kepler-566,1,0.775,0.737
Kepler-566,1,0.762543,0.8
Kepler-566,1,0.775,0.737
Kepler-566,1,0.78,0.759
Kepler-566,1,0.762543,0.8
Kepler-566,1,0.79,0.83
Kepler-566,1,0.779,0.759
Kepler-566,1,0.762543,0.8
Kepler-566,1,0.753,NA
Kepler-567,1,0.867,0.904
Kepler-567,1,0.79,0.84
Kepler-567,1,0.867,0.904
Kepler-567,1,0.867,0.904
Kepler-567,1,0.845398,0.82
Kepler-567,1,0.845398,0.82
Kepler-567,1,0.845398,0.82
Kepler-567,1,0.771,NA
Kepler-567,1,0.75,0.75
Kepler-567,1,0.867,0.904
Kepler-568,1,0.502,0.519
Kepler-568,1,0.547,NA
Kepler-568,1,0.537,0.551
Kepler-568,1,0.5,0.52
Kepler-568,1,0.53,0.55
Kepler-568,1,0.543572,0.539436
Kepler-568,1,0.5,0.52
Kepler-568,1,0.543572,0.539436
Kepler-568,1,0.543572,0.539436
Kepler-568,1,NA,NA
Kepler-568,1,0.5,0.52
Kepler-569,1,0.918,1.007
Kepler-569,1,0.910167,1.01
Kepler-569,1,0.910167,1.01
Kepler-569,1,0.93,0.95
Kepler-569,1,0.89,0.976
Kepler-569,1,0.918,1.007
Kepler-569,1,0.928,0.883
Kepler-569,1,0.94,NA
Kepler-569,1,0.910167,1.01
Kepler-569,1,0.918,1.007
Kepler-569,1,0.925,0.888
Kepler-57,2,0.791,0.88
Kepler-57,2,0.74,0.843
Kepler-57,2,0.84,0.88
Kepler-57,2,0.840262,0.88
Kepler-57,2,0.791,0.884
Kepler-57,2,0.826,0.859
Kepler-57,2,0.813,0.871
Kepler-57,2,0.73,0.83
Kepler-57,2,0.840262,0.88
Kepler-57,2,0.825,NA
Kepler-57,2,0.840262,0.88
Kepler-57,2,0.791,0.884
Kepler-57,2,0.786,0.882
Kepler-57,2,0.791,0.884
Kepler-57,2,0.825,NA
Kepler-57,2,0.791,0.884
Kepler-57,2,0.840262,0.88
Kepler-57,2,0.73,0.83
Kepler-57,2,0.840262,0.88
Kepler-57,2,0.791,0.884
Kepler-57,2,0.826,0.859
Kepler-57,2,0.791,0.88
Kepler-57,2,0.74,0.843
Kepler-57,2,0.813,0.871
Kepler-57,2,0.84,0.88
Kepler-57,2,0.791,0.884
Kepler-57,2,0.786,0.882
Kepler-570,1,0.823456,0.93
Kepler-570,1,0.865,0.881
Kepler-570,1,0.865,0.881
Kepler-570,1,0.865,0.881
Kepler-570,1,0.823456,0.93
Kepler-570,1,0.807,NA
Kepler-570,1,0.85,0.84
Kepler-570,1,0.865,0.881
Kepler-570,1,0.823456,0.93
Kepler-570,1,0.9,0.93
Kepler-571,1,0.846,0.932
Kepler-571,1,0.864342,0.95
Kepler-571,1,0.82,0.927
Kepler-571,1,0.9,0.93
Kepler-571,1,0.847,0.946
Kepler-571,1,0.849,NA
Kepler-571,1,0.864342,0.95
Kepler-571,1,0.846,0.932
Kepler-571,1,0.846,0.932
Kepler-571,1,0.864342,0.95
Kepler-572,1,0.774921,0.86
Kepler-572,1,0.731,0.834
Kepler-572,1,0.79,0.83
Kepler-572,1,0.693,0.771
Kepler-572,1,0.689,0.766
Kepler-572,1,0.758,NA
Kepler-572,1,0.774921,0.86
Kepler-572,1,0.774921,0.86
Kepler-572,1,0.693,0.771
Kepler-572,1,0.693,0.771
Kepler-573,1,0.9,1.009
Kepler-573,1,1.08882,1
Kepler-573,1,0.742,0.831
Kepler-573,1,1.03,0.889
Kepler-573,1,0.742,0.831
Kepler-573,1,1.08882,1
Kepler-573,1,1.068,NA
Kepler-573,1,1.08882,1
Kepler-573,1,1.02,0.99
Kepler-573,1,1.052,0.83
Kepler-573,1,0.742,0.831
Kepler-574,1,0.828,NA
Kepler-574,1,0.855,0.858
Kepler-574,1,0.888498,0.94
Kepler-574,1,0.88,0.917
Kepler-574,1,0.855,0.858
Kepler-574,1,0.888498,0.94
Kepler-574,1,0.855,0.858
Kepler-574,1,0.91,0.95
Kepler-574,1,0.855,0.858
Kepler-574,1,0.888498,0.94
Kepler-575,1,0.95,0.97
Kepler-575,1,0.983912,0.98
Kepler-575,1,0.983912,0.98
Kepler-575,1,0.808,0.741
Kepler-575,1,0.808,0.741
Kepler-575,1,0.808,0.741
Kepler-575,1,0.983912,0.98
Kepler-575,1,0.808,0.741
Kepler-575,1,0.91,0.945
Kepler-575,1,0.969,NA
Kepler-576,1,0.95,0.83
Kepler-576,1,0.929889,0.91
Kepler-576,1,0.969,0.855
Kepler-576,1,0.929889,0.91
Kepler-576,1,1.218,1.007
Kepler-576,1,0.885,NA
Kepler-576,1,0.929889,0.91
Kepler-576,1,0.97,0.99
Kepler-576,1,1.218,1.007
Kepler-576,1,1.218,1.007
Kepler-577,1,0.707087,0.83
Kepler-577,1,0.477,0.496
Kepler-577,1,0.707087,0.83
Kepler-577,1,0.688,0.784
Kepler-577,1,0.707087,0.83
Kepler-577,1,0.748,NA
Kepler-577,1,0.73,0.78
Kepler-577,1,0.48,0.5
Kepler-577,1,0.48,0.5
Kepler-577,1,0.48,0.5
Kepler-578,1,1.066,0.877
Kepler-578,1,0.814851,0.9
Kepler-578,1,0.87,0.8
Kepler-578,1,1.816,0.959
Kepler-578,1,0.847,NA
Kepler-578,1,0.814851,0.9
Kepler-578,1,0.83,0.87
Kepler-578,1,0.814851,0.9
Kepler-578,1,1.066,0.877
Kepler-578,1,1.066,0.877
Kepler-579,1,0.836,0.884
Kepler-579,1,0.765477,0.969
Kepler-579,1,0.836,0.884
Kepler-579,1,0.765477,0.969
Kepler-579,1,0.836,0.884
Kepler-579,1,0.765477,0.969
Kepler-579,1,0.836,0.884
Kepler-579,1,0.8,0.779
Kepler-579,1,0.96,0.99
Kepler-579,1,0.794,NA
Kepler-58,4,1.09,1.04
Kepler-58,4,1.083,1.017
Kepler-58,4,1.083,1.017
Kepler-58,4,1.03,0.95
Kepler-58,4,1.01795,1.02
Kepler-58,4,1.083,1.017
Kepler-58,4,1.083,1.02
Kepler-58,4,0.964,1.024
Kepler-58,4,0.965,1.024
Kepler-58,4,1.5,1.33
Kepler-58,4,1.083,1.017
Kepler-58,4,0.982,0.972
Kepler-58,4,1.01795,1.02
Kepler-58,4,0.986,NA
Kepler-58,4,1.01795,1.02
Kepler-58,4,0.982,0.972
Kepler-58,4,1.01795,1.02
Kepler-58,4,1.5,1.33
Kepler-58,4,0.986,NA
Kepler-58,4,1.083,1.017
Kepler-58,4,1.01795,1.02
Kepler-58,4,1.01795,1.02
Kepler-58,4,1.083,1.017
Kepler-58,4,0.964,1.024
Kepler-58,4,1.03,0.95
Kepler-58,4,1.083,1.017
Kepler-58,4,0.965,1.024
Kepler-58,4,1.083,1.02
Kepler-58,4,1.09,1.04
Kepler-58,4,1.083,1.017
Kepler-58,4,1.083,1.017
Kepler-58,4,1.01795,1.02
Kepler-58,4,0.965,1.024
Kepler-58,4,1.127,NA
Kepler-58,4,1.5,1.33
Kepler-58,4,1.083,1.017
Kepler-58,4,1.01795,1.02
Kepler-58,4,1.01795,1.02
Kepler-58,4,0.986,NA
Kepler-58,4,1.083,1.017
Kepler-58,4,1.09,1.04
Kepler-58,4,0.964,1.024
Kepler-58,4,1.083,1.017
Kepler-58,4,1.01795,1.02
Kepler-58,4,0.964,1.024
Kepler-58,4,1.083,1.017
Kepler-58,4,1.083,1.017
Kepler-58,4,1.083,1.017
Kepler-58,4,1.083,1.017
Kepler-58,4,1.09,1.04
Kepler-58,4,1.083,1.017
Kepler-58,4,0.965,1.024
Kepler-580,1,0.557,0.586
Kepler-580,1,0.56,0.58
Kepler-580,1,0.653273,0.67
Kepler-580,1,0.63,NA
Kepler-580,1,0.64,0.67
Kepler-580,1,0.56,0.58
Kepler-580,1,0.56,0.58
Kepler-580,1,0.615,0.626
Kepler-580,1,0.653273,0.67
Kepler-580,1,0.653273,0.67
Kepler-581,1,0.851422,1.01
Kepler-581,1,0.81,0.919
Kepler-581,1,0.865,NA
Kepler-581,1,0.83,0.911
Kepler-581,1,0.83,0.911
Kepler-581,1,0.851422,1.01
Kepler-581,1,1.027,0.93
Kepler-581,1,0.83,0.911
Kepler-581,1,1,1
Kepler-581,1,0.851422,1.01
Kepler-582,1,0.838,0.769
Kepler-582,1,0.838,0.769
Kepler-582,1,0.795097,0.86
Kepler-582,1,0.795097,0.86
Kepler-582,1,0.795097,0.86
Kepler-582,1,0.749,NA
Kepler-582,1,0.84,0.79
Kepler-582,1,0.838,0.769
Kepler-582,1,0.838,0.769
Kepler-582,1,0.91,0.93
Kepler-583,1,0.91,0.94
Kepler-583,1,1.04488,0.92
Kepler-583,1,0.96,0.834
Kepler-583,1,1.04488,0.92
Kepler-583,1,1.153,1.029
Kepler-583,1,1.153,1.029
Kepler-583,1,1.04488,0.92
Kepler-583,1,0.967,NA
Kepler-583,1,1.153,1.029
Kepler-583,1,1.153,1.029
Kepler-584,1,1.566,NA
Kepler-584,1,1.59413,1.18
Kepler-584,1,1.183,1.205
Kepler-584,1,1.183,1.205
Kepler-584,1,1.59413,1.18
Kepler-584,1,1.24,1.17
Kepler-584,1,1.59413,1.18
Kepler-584,1,1.215,1.279
Kepler-584,1,1.14,1.2
Kepler-584,1,1.183,1.205
Kepler-585,1,0.889,0.997
Kepler-585,1,1.09,0.89
Kepler-585,1,0.93,0.96
Kepler-585,1,0.918732,0.96
Kepler-585,1,1.17,0.994
Kepler-585,1,1.17,0.994
Kepler-585,1,0.918732,0.96
Kepler-585,1,0.918732,0.96
Kepler-585,1,0.901,NA
Kepler-585,1,0.897,0.926
Kepler-585,1,1.17,0.994
Kepler-586,1,0.976,1.09
Kepler-586,1,0.8,0.903
Kepler-586,1,0.976,1.09
Kepler-586,1,1.02322,0.9
Kepler-586,1,0.899,NA
Kepler-586,1,1.02322,0.9
Kepler-586,1,0.975,1.091
Kepler-586,1,1.02322,0.9
Kepler-586,1,0.976,1.09
Kepler-586,1,0.92,0.94
Kepler-587,1,0.808,NA
Kepler-587,1,0.847605,0.96
Kepler-587,1,0.872,0.968
Kepler-587,1,0.89,0.92
Kepler-587,1,0.847605,0.96
Kepler-587,1,0.872,0.968
Kepler-587,1,0.85,0.957
Kepler-587,1,0.847605,0.96
Kepler-587,1,0.872,0.968
Kepler-587,1,0.864,0.961
Kepler-588,1,0.98,1.075
Kepler-588,1,1.238,NA
Kepler-588,1,0.987,1.053
Kepler-588,1,1.2826,1.03
Kepler-588,1,0.987,1.053
Kepler-588,1,1,1.01
Kepler-588,1,0.987,1.053
Kepler-588,1,1.2826,1.03
Kepler-588,1,1.2826,1.03
Kepler-588,1,0.987,1.053
Kepler-589,2,0.83,0.88
Kepler-589,2,0.916,0.832
Kepler-589,2,0.87,0.8
Kepler-589,2,0.916,0.832
Kepler-589,2,0.916,0.832
Kepler-589,2,0.807248,0.9
Kepler-589,2,0.916,0.832
Kepler-589,2,0.783,NA
Kepler-589,2,0.807248,0.9
Kepler-589,2,0.807248,0.9
Kepler-589,2,0.916,0.832
Kepler-589,2,0.807248,0.9
Kepler-589,2,0.87,0.8
Kepler-589,2,0.916,0.832
Kepler-589,2,0.916,0.832
Kepler-589,2,0.916,0.832
Kepler-589,2,0.916,0.832
Kepler-59,2,1.33,0.93
Kepler-59,2,0.94,1.04
Kepler-59,2,1.011,1.066
Kepler-59,2,1.338,0.93
Kepler-59,2,1.011,1.066
Kepler-59,2,1.33321,1.12
Kepler-59,2,1.373,NA
Kepler-59,2,1.33321,1.12
Kepler-59,2,1.006,1.066
Kepler-59,2,1.011,1.066
Kepler-59,2,1.06,1.14
Kepler-59,2,1.17,1.12
Kepler-59,2,1.17,1.12
Kepler-59,2,0.94,1.04
Kepler-59,2,1.06,1.14
Kepler-59,2,1.33321,1.12
Kepler-59,2,1.011,1.066
Kepler-59,2,1.011,1.066
Kepler-59,2,1.006,1.066
Kepler-59,2,1.33,0.93
Kepler-59,2,1.011,1.066
Kepler-59,2,1.373,NA
Kepler-59,2,1.338,0.93
Kepler-59,2,1.33321,1.12
Kepler-590,1,1.71547,1.04
Kepler-590,1,1.71547,1.04
Kepler-590,1,1,1.02
Kepler-590,1,1.013,1.05
Kepler-590,1,1.15,1.1
Kepler-590,1,1.71547,1.04
Kepler-590,1,1.013,1.05
Kepler-590,1,1.013,1.05
Kepler-590,1,1.649,NA
Kepler-590,1,1.013,1.05
Kepler-591,1,0.976707,0.99
Kepler-591,1,1.165,0.907
Kepler-591,1,0.944,1.038
Kepler-591,1,0.87,0.98
Kepler-591,1,0.944,1.038
Kepler-591,1,0.943,NA
Kepler-591,1,0.976707,0.99
Kepler-591,1,0.976707,0.99
Kepler-591,1,0.944,1.038
Kepler-591,1,0.94,0.97
Kepler-592,1,0.967,1.045
Kepler-592,1,1.17003,1.08
Kepler-592,1,1.17003,1.08
Kepler-592,1,0.97,1.067
Kepler-592,1,1.17003,1.08
Kepler-592,1,0.967,1.045
Kepler-592,1,0.967,1.045
Kepler-592,1,1.121,1.047
Kepler-592,1,1.192,NA
Kepler-592,1,1.04,1.04
Kepler-593,1,1.007,1.01
Kepler-593,1,1.04777,1.07
Kepler-593,1,1.007,1.01
Kepler-593,1,1.04777,1.07
Kepler-593,1,1.007,1.01
Kepler-593,1,1.05,1.092
Kepler-593,1,1.007,1.01
Kepler-593,1,1.1,1.08
Kepler-593,1,1.024,NA
Kepler-593,1,1.04777,1.07
Kepler-594,1,0.904,NA
Kepler-594,1,0.834,0.917
Kepler-594,1,0.834,0.917
Kepler-594,1,0.829,0.928
Kepler-594,1,0.834,0.917
Kepler-594,1,0.955641,0.91
Kepler-594,1,0.955641,0.91
Kepler-594,1,0.955641,0.91
Kepler-594,1,0.8,0.908
Kepler-594,1,0.87,0.91
Kepler-595,2,0.843,NA
Kepler-595,2,0.821,0.93
Kepler-595,2,0.845548,0.87
Kepler-595,2,0.845548,0.87
Kepler-595,2,0.843,0.93
Kepler-595,2,0.72,0.81
Kepler-595,2,0.83,0.87
Kepler-595,2,0.843,0.93
Kepler-595,2,0.821,0.93
Kepler-595,2,0.821,0.93
Kepler-595,2,0.821,0.93
Kepler-595,2,0.888,0.822
Kepler-595,2,0.821,0.93
Kepler-595,2,0.845548,0.87
Kepler-595,2,0.843,0.93
Kepler-595,2,0.843,0.93
Kepler-595,2,0.888,0.822
Kepler-596,1,1.319,NA
Kepler-596,1,1.09,1.156
Kepler-596,1,1.168,1.117
Kepler-596,1,1.28677,1.15
Kepler-596,1,1.115,1.069
Kepler-596,1,1.29,1.024
Kepler-596,1,1.115,1.069
Kepler-596,1,1.28677,1.15
Kepler-596,1,1.32,1.21
Kepler-596,1,1.115,1.069
Kepler-596,1,1.28677,1.15
Kepler-597,1,0.867,0.959
Kepler-597,1,1.00322,1
Kepler-597,1,0.936,1.022
Kepler-597,1,0.867,0.959
Kepler-597,1,0.945,0.925
Kepler-597,1,0.867,0.959
Kepler-597,1,1.00322,1
Kepler-597,1,0.95,0.97
Kepler-597,1,0.95,NA
Kepler-597,1,1.00322,1
Kepler-597,1,0.89,0.998
Kepler-598,2,0.856,NA
Kepler-598,2,0.900316,0.9
Kepler-598,2,0.898,0.815
Kepler-598,2,0.898,0.815
Kepler-598,2,0.86,0.87
Kepler-598,2,0.898,0.815
Kepler-598,2,0.903,0.854
Kepler-598,2,0.900316,0.9
Kepler-598,2,0.846,0.878
Kepler-598,2,0.898,0.815
Kepler-598,2,0.900316,0.9
Kepler-598,2,0.898,0.815
Kepler-598,2,0.898,0.815
Kepler-598,2,0.903,0.854
Kepler-598,2,0.900316,0.9
Kepler-598,2,0.898,0.815
Kepler-598,2,0.900316,0.9
Kepler-598,2,0.846,0.878
Kepler-598,2,0.898,0.815
Kepler-599,1,0.728343,0.83
Kepler-599,1,0.78,0.76
Kepler-599,1,0.79,0.83
Kepler-599,1,0.837,0.779
Kepler-599,1,0.837,0.779
Kepler-599,1,0.695,NA
Kepler-599,1,0.728343,0.83
Kepler-599,1,0.837,0.779
Kepler-599,1,0.837,0.779
Kepler-599,1,0.728343,0.83
Kepler-6,1,1.275,NA
Kepler-6,1,1.291,1.047
Kepler-6,1,1.261,1.114
Kepler-6,1,1.391,1.209
Kepler-6,1,1.082,1.138
Kepler-6,1,1.291,1.047
Kepler-6,1,1.291,1.047
Kepler-6,1,1.261,1.09
Kepler-6,1,1.31474,0.99
Kepler-6,1,1.291,1.047
Kepler-6,1,1.261,1.114
Kepler-6,1,1.391,1.209
Kepler-6,1,1.31474,0.99
Kepler-6,1,1.31474,0.99
Kepler-6,1,1.391,1.209
Kepler-6,1,1.391,1.209
Kepler-6,1,1.29,1.05
Kepler-6,1,1.31474,NA
Kepler-60,3,NA,1
Kepler-60,3,1.28,1.09
Kepler-60,3,1.471,NA
Kepler-60,3,1.307,0.973
Kepler-60,3,1.47,1.12
Kepler-60,3,1.448,1.1
Kepler-60,3,1.47227,1.07
Kepler-60,3,1.433,1
Kepler-60,3,1.434,1.131
Kepler-60,3,1.5,1.11
Kepler-60,3,1.448,1.105
Kepler-60,3,1.47227,1.07
Kepler-60,3,1.448,1.105
Kepler-60,3,1.257,1.041
Kepler-60,3,1.448,1.105
Kepler-60,3,1.257,1.041
Kepler-60,3,NA,1
Kepler-60,3,1.28,1.09
Kepler-60,3,1.434,1.131
Kepler-60,3,1.433,1
Kepler-60,3,1.448,1.105
Kepler-60,3,1.47,1.12
Kepler-60,3,1.5,1.11
Kepler-60,3,1.47227,1.07
Kepler-60,3,1.47227,1.07
Kepler-60,3,1.448,1.105
Kepler-60,3,1.471,NA
Kepler-60,3,1.448,1.1
Kepler-60,3,1.47227,1.07
Kepler-60,3,1.307,0.973
Kepler-60,3,1.448,1.105
Kepler-60,3,1.28,1.09
Kepler-60,3,1.471,NA
Kepler-60,3,1.434,1.131
Kepler-60,3,1.448,1.105
Kepler-60,3,NA,1
Kepler-60,3,1.47,1.12
Kepler-60,3,1.47227,1.07
Kepler-60,3,1.47227,1.07
Kepler-60,3,1.433,1
Kepler-60,3,1.5,1.11
Kepler-60,3,1.448,1.105
Kepler-60,3,1.448,1.105
Kepler-60,3,1.307,0.973
Kepler-60,3,1.257,1.041
Kepler-600,1,0.821693,0.89
Kepler-600,1,0.81,0.84
Kepler-600,1,0.821693,0.89
Kepler-600,1,0.783,0.875
Kepler-600,1,0.783,0.875
Kepler-600,1,0.817,NA
Kepler-600,1,0.74,0.84
Kepler-600,1,0.821693,0.89
Kepler-600,1,0.783,0.875
Kepler-600,1,0.781,0.869
Kepler-601,1,0.725,0.756
Kepler-601,1,0.725,0.756
Kepler-601,1,0.75,0.809
Kepler-601,1,0.781605,0.86
Kepler-601,1,0.774,0.806
Kepler-601,1,0.781605,0.86
Kepler-601,1,0.725,0.756
Kepler-601,1,0.781605,0.86
Kepler-601,1,0.79,0.85
Kepler-601,1,0.763,0.764
Kepler-601,1,0.771,NA
Kepler-602,1,1.393,NA
Kepler-602,1,1.13,1.08
Kepler-602,1,1,1.09
Kepler-602,1,0.992,1.063
Kepler-602,1,1.57201,0.98
Kepler-602,1,1.374,1.045
Kepler-602,1,0.992,1.063
Kepler-602,1,0.992,1.063
Kepler-602,1,1.57201,0.98
Kepler-602,1,1.57201,0.98
Kepler-603,3,0.92,1.02
Kepler-603,3,1.5411300000000001,1.05
Kepler-603,3,1.247,1.018
Kepler-603,3,0.906,0.983
Kepler-603,3,1.602,NA
Kepler-603,3,1.01,1.01
Kepler-603,3,1.546,1.242
Kepler-603,3,1.5411300000000001,1.05
Kepler-603,3,0.906,0.983
Kepler-603,3,1.5411300000000001,1.05
Kepler-603,3,0.906,0.983
Kepler-603,3,1.5411300000000001,1.05
Kepler-603,3,0.906,0.983
Kepler-603,3,1.5411300000000001,1.05
Kepler-603,3,1.01,1.01
Kepler-603,3,0.92,1.02
Kepler-603,3,1.247,1.018
Kepler-603,3,1.5411300000000001,1.05
Kepler-603,3,1.546,1.242
Kepler-603,3,0.906,0.983
Kepler-603,3,0.906,0.983
Kepler-603,3,1.602,NA
Kepler-603,3,1.01,1.01
Kepler-603,3,1.247,1.018
Kepler-603,3,1.602,NA
Kepler-603,3,0.92,1.02
Kepler-603,3,1.5411300000000001,1.05
Kepler-603,3,1.546,1.242
Kepler-603,3,0.906,0.983
Kepler-603,3,0.906,0.983
Kepler-603,3,1.5411300000000001,1.05
Kepler-603,3,0.906,0.983
Kepler-604,1,1.10571,1.04
Kepler-604,1,0.964,1.041
Kepler-604,1,1.10571,1.04
Kepler-604,1,1.10571,1.04
Kepler-604,1,0.99,1.08
Kepler-604,1,0.964,1.041
Kepler-604,1,0.964,1.041
Kepler-604,1,1.053,NA
Kepler-604,1,1.03,1.02
Kepler-604,1,0.964,1.041
Kepler-605,2,0.84801,0.95
Kepler-605,2,0.82,0.92
Kepler-605,2,0.872,NA
Kepler-605,2,0.986,0.861
Kepler-605,2,0.88,0.91
Kepler-605,2,0.84801,0.95
Kepler-605,2,0.82,0.92
Kepler-605,2,0.86,0.89
Kepler-605,2,0.82,0.92
Kepler-605,2,0.77,0.868
Kepler-605,2,0.84801,0.95
Kepler-605,2,0.82,0.92
Kepler-605,2,0.986,0.861
Kepler-605,2,0.77,0.868
Kepler-605,2,0.82,0.92
Kepler-605,2,0.82,0.92
Kepler-605,2,0.84801,0.95
Kepler-605,2,0.84801,0.95
Kepler-605,2,0.88,0.91
Kepler-605,2,0.86,0.89
Kepler-605,2,0.872,NA
Kepler-606,1,1.25362,1.09
Kepler-606,1,1.234,NA
Kepler-606,1,1.047,1.104
Kepler-606,1,1.031,1.088
Kepler-606,1,1.03,1.11
Kepler-606,1,1.22,1.13
Kepler-606,1,1.031,1.088
Kepler-606,1,1.031,1.088
Kepler-606,1,1.25362,1.09
Kepler-606,1,1.25362,1.09
Kepler-607,2,0.888,0.808
Kepler-607,2,0.888,0.808
Kepler-607,2,0.755234,0.92
Kepler-607,2,0.755234,0.92
Kepler-607,2,0.8,0.84
Kepler-607,2,0.888,0.808
Kepler-607,2,0.838,NA
Kepler-607,2,0.888,0.808
Kepler-607,2,1.15,0.99
Kepler-607,2,0.827,0.841
Kepler-607,2,0.755234,0.92
Kepler-607,2,0.755234,0.92
Kepler-607,2,0.888,0.808
Kepler-607,2,0.888,0.808
Kepler-607,2,0.888,0.808
Kepler-607,2,1.15,0.99
Kepler-607,2,0.888,0.808
Kepler-607,2,0.827,0.841
Kepler-607,2,0.888,0.808
Kepler-608,1,1.108,1.038
Kepler-608,1,1.01,1
Kepler-608,1,1.108,1.038
Kepler-608,1,1.11363,0.99
Kepler-608,1,1.1,1
Kepler-608,1,1.11363,0.99
Kepler-608,1,1.11363,0.99
Kepler-608,1,1.108,1.038
Kepler-608,1,1.033,NA
Kepler-608,1,1.108,1.038
Kepler-609,1,0.87,0.977
Kepler-609,1,0.898,0.994
Kepler-609,1,0.898,0.994
Kepler-609,1,0.898,0.994
Kepler-609,1,0.898,0.994
Kepler-609,1,1.11903,1.01
Kepler-609,1,1.11903,1.01
Kepler-609,1,1.14,1.09
Kepler-609,1,1.074,NA
Kepler-609,1,1.11903,1.01
Kepler-61,1,0.62,0.65
Kepler-61,1,0.703757,0.649
Kepler-61,1,0.596,0.596
Kepler-61,1,0.703757,0.649
Kepler-61,1,0.599,0.595
Kepler-61,1,0.703757,0.649
Kepler-61,1,0.596,0.596
Kepler-61,1,0.678,NA
Kepler-61,1,0.596,0.596
Kepler-61,1,0.63,0.665
Kepler-61,1,0.545,0.573
Kepler-61,1,0.62,0.635
Kepler-61,1,0.55,0.57
Kepler-61,1,0.703757,0.649
Kepler-610,2,0.866,NA
Kepler-610,2,1.13,1.1
Kepler-610,2,0.893,1.01
Kepler-610,2,0.942016,0.99
Kepler-610,2,0.942016,0.99
Kepler-610,2,0.942016,0.99
Kepler-610,2,0.893,1.01
Kepler-610,2,0.893,1.01
Kepler-610,2,0.893,1.01
Kepler-610,2,0.83,0.939
Kepler-610,2,0.942016,0.99
Kepler-610,2,0.893,1.01
Kepler-610,2,0.893,1.01
Kepler-610,2,0.942016,0.99
Kepler-610,2,0.942016,0.99
Kepler-610,2,1.13,1.1
Kepler-610,2,0.866,NA
Kepler-610,2,0.893,1.01
Kepler-610,2,0.83,0.939
Kepler-610,2,0.893,1.01
Kepler-611,1,1.01,1.01
Kepler-611,1,1.58935,1.02
Kepler-611,1,0.984,1.09
Kepler-611,1,1.613,NA
Kepler-611,1,0.984,1.09
Kepler-611,1,1.329,0.968
Kepler-611,1,1.58935,1.02
Kepler-611,1,0.91,1.011
Kepler-611,1,0.984,1.09
Kepler-611,1,1.58935,1.02
Kepler-612,1,0.811,0.884
Kepler-612,1,0.811,0.884
Kepler-612,1,0.96,0.98
Kepler-612,1,0.811,0.884
Kepler-612,1,1.56093,0.97
Kepler-612,1,1.509,NA
Kepler-612,1,0.82,0.93
Kepler-612,1,1.56093,0.97
Kepler-612,1,1.56093,0.97
Kepler-612,1,0.806,0.897
Kepler-613,1,0.911,1.001
Kepler-613,1,0.982593,1
Kepler-613,1,0.911,1.001
Kepler-613,1,0.911,1.001
Kepler-613,1,0.943,NA
Kepler-613,1,0.96,0.98
Kepler-613,1,0.982593,1
Kepler-613,1,0.982593,1
Kepler-613,1,0.911,1.001
Kepler-613,1,0.91,1.017
Kepler-614,1,0.785,0.731
Kepler-614,1,0.742983,0.9
Kepler-614,1,0.84,0.79
Kepler-614,1,0.755,NA
Kepler-614,1,0.81,0.85
Kepler-614,1,0.785,0.731
Kepler-614,1,0.785,0.731
Kepler-614,1,0.785,0.731
Kepler-614,1,0.742983,0.9
Kepler-614,1,0.742983,0.9
Kepler-615,1,0.69,0.73
Kepler-615,1,0.64,0.665
Kepler-615,1,NA,NA
Kepler-615,1,0.778,0.764
Kepler-615,1,NA,NA
Kepler-615,1,0.541,0.537
Kepler-615,1,0.541,0.537
Kepler-615,1,0.541,0.537
Kepler-615,1,NA,NA
Kepler-616,3,0.97,0.98
Kepler-616,3,0.977,1.061
Kepler-616,3,0.977,1.061
Kepler-616,3,0.977,1.061
Kepler-616,3,0.949172,0.98
Kepler-616,3,0.949172,0.98
Kepler-616,3,0.949172,0.98
Kepler-616,3,0.92,1.025
Kepler-616,3,0.977,1.061
Kepler-616,3,0.949172,0.98
Kepler-616,3,0.977,1.061
Kepler-616,3,0.92,1.025
Kepler-616,3,0.949172,0.98
Kepler-616,3,0.977,1.061
Kepler-616,3,0.977,1.061
Kepler-616,3,0.97,0.98
Kepler-616,3,0.949172,0.98
Kepler-616,3,0.977,1.061
Kepler-616,3,0.977,1.061
Kepler-616,3,0.92,1.025
Kepler-616,3,0.949172,0.98
Kepler-616,3,0.977,1.061
Kepler-616,3,0.949172,0.98
Kepler-616,3,0.977,1.061
Kepler-616,3,0.977,1.061
Kepler-616,3,0.977,1.061
Kepler-617,1,0.48,0.51
Kepler-617,1,0.544,NA
Kepler-617,1,0.47,0.49
Kepler-617,1,0.544291,0.540091
Kepler-617,1,0.544291,0.540091
Kepler-617,1,0.47,0.49
Kepler-617,1,0.47,0.49
Kepler-617,1,0.47,0.494
Kepler-617,1,NA,NA
Kepler-617,1,0.502,0.519
Kepler-617,1,0.544291,0.540091
Kepler-618,1,1.212,NA
Kepler-618,1,1.21184,1.04
Kepler-618,1,1.011,1.052
Kepler-618,1,1.011,1.052
Kepler-618,1,1.011,1.052
Kepler-618,1,1.21184,1.04
Kepler-618,1,1.01,1.05
Kepler-618,1,1.196,1.001
Kepler-618,1,1.18,0.932
Kepler-618,1,1.21184,1.04
Kepler-618,1,1.08,1.05
Kepler-619,3,0.964,1.041
Kepler-619,3,0.964,1.041
Kepler-619,3,0.964,1.041
Kepler-619,3,0.943241,1.04
Kepler-619,3,0.902,NA
Kepler-619,3,0.98,1.07
Kepler-619,3,0.943241,1.04
Kepler-619,3,0.943241,1.04
Kepler-619,3,1.11,1.09
Kepler-619,3,0.964,1.041
Kepler-619,3,0.884,0.993
Kepler-619,3,0.964,1.041
Kepler-619,3,0.902,NA
Kepler-619,3,0.964,1.041
Kepler-619,3,0.964,1.041
Kepler-619,3,0.943241,1.04
Kepler-619,3,0.964,1.041
Kepler-619,3,0.943241,1.04
Kepler-619,3,1.11,1.09
Kepler-619,3,0.98,1.07
Kepler-619,3,0.884,0.993
Kepler-619,3,0.964,1.041
Kepler-619,3,0.964,1.041
Kepler-619,3,0.964,1.041
Kepler-619,3,0.964,1.041
Kepler-619,3,0.943241,1.04
Kepler-619,3,0.943241,1.04
Kepler-619,3,0.964,1.041
Kepler-619,3,0.98,1.07
Kepler-619,3,0.884,0.993
Kepler-62,5,0.653,0.637
Kepler-62,5,0.601,0.646
Kepler-62,5,NA,0.697
Kepler-62,5,0.730697,0.79
Kepler-62,5,0.711,NA
Kepler-62,5,0.662,0.727
Kepler-62,5,0.67,0.72
Kepler-62,5,0.64,0.69
Kepler-62,5,0.653,0.637
Kepler-62,5,0.707,0.697
Kepler-62,5,0.730697,0.79
Kepler-62,5,0.730697,0.79
Kepler-62,5,0.653,0.637
Kepler-62,5,0.730697,0.79
Kepler-62,5,0.662,0.727
Kepler-62,5,0.64,0.69
Kepler-62,5,0.711,NA
Kepler-62,5,0.653,0.637
Kepler-62,5,0.653,0.637
Kepler-62,5,NA,0.697
Kepler-62,5,0.67,0.72
Kepler-62,5,0.730697,0.79
Kepler-62,5,0.653,0.637
Kepler-62,5,0.707,0.697
Kepler-62,5,0.662,0.727
Kepler-62,5,0.64,0.69
Kepler-62,5,0.730697,0.79
Kepler-62,5,0.707,0.697
Kepler-62,5,0.67,0.72
Kepler-62,5,0.653,0.637
Kepler-62,5,0.601,0.646
Kepler-62,5,NA,0.697
Kepler-62,5,0.711,NA
Kepler-62,5,0.730697,0.79
Kepler-62,5,0.653,0.637
Kepler-62,5,0.730697,0.79
Kepler-62,5,0.653,0.637
Kepler-62,5,0.601,0.646
Kepler-62,5,0.730697,0.79
Kepler-62,5,0.711,NA
Kepler-62,5,0.653,0.637
Kepler-62,5,0.67,0.72
Kepler-62,5,NA,0.697
Kepler-62,5,0.730697,0.79
Kepler-62,5,0.730697,0.79
Kepler-62,5,0.662,0.727
Kepler-62,5,0.653,0.637
Kepler-62,5,0.653,0.637
Kepler-62,5,0.64,0.69
Kepler-62,5,0.66,0.764
Kepler-62,5,0.707,0.697
Kepler-62,5,NA,0.697
Kepler-62,5,0.653,0.637
Kepler-62,5,0.653,0.637
Kepler-62,5,0.66,0.764
Kepler-62,5,0.662,0.727
Kepler-62,5,0.707,0.697
Kepler-62,5,0.64,0.69
Kepler-62,5,0.730697,0.79
Kepler-62,5,0.730697,0.79
Kepler-62,5,0.711,NA
Kepler-62,5,0.67,0.72
Kepler-62,5,0.653,0.637
Kepler-620,1,1.30709,1.16
Kepler-620,1,1.332,NA
Kepler-620,1,1.30709,1.16
Kepler-620,1,1.1,1.122
Kepler-620,1,0.997,0.93
Kepler-620,1,1.30709,1.16
Kepler-620,1,0.997,0.93
Kepler-620,1,1.22,1.15
Kepler-620,1,0.997,0.93
Kepler-620,1,0.997,0.93
Kepler-621,1,0.68,0.72
Kepler-621,1,0.56,0.58
Kepler-621,1,NA,NA
Kepler-621,1,NA,NA
Kepler-621,1,0.557,0.575
Kepler-621,1,NA,NA
Kepler-621,1,0.57,0.641
Kepler-621,1,0.56,0.58
Kepler-621,1,0.56,0.58
Kepler-622,1,0.595,0.612
Kepler-622,1,0.47,0.49
Kepler-622,1,0.546,0.574
Kepler-622,1,0.685,NA
Kepler-622,1,0.736801,0.64
Kepler-622,1,0.61,0.64
Kepler-622,1,NA,NA
Kepler-622,1,0.47,0.49
Kepler-622,1,0.736801,0.64
Kepler-622,1,0.736801,0.64
Kepler-622,1,0.47,0.49
Kepler-623,1,0.929,1.008
Kepler-623,1,0.929,1.008
Kepler-623,1,0.929,1.008
Kepler-623,1,0.86,0.893
Kepler-623,1,0.775,NA
Kepler-623,1,0.823163,0.91
Kepler-623,1,0.823163,0.91
Kepler-623,1,0.86,0.9
Kepler-623,1,0.823163,0.91
Kepler-623,1,0.929,1.008
Kepler-624,1,1.18,1.1
Kepler-624,1,1.214,NA
Kepler-624,1,1.014,1.05
Kepler-624,1,1.014,1.05
Kepler-624,1,1.014,1.05
Kepler-624,1,1.191,1.009
Kepler-624,1,1.22089,1.18
Kepler-624,1,1.086,1.104
Kepler-624,1,1.22089,1.18
Kepler-624,1,1.22089,1.18
Kepler-624,1,1.199,0.987
Kepler-625,2,1.072,1.165
Kepler-625,2,1.45378,1.13
Kepler-625,2,1.418,NA
Kepler-625,2,1.45378,1.13
Kepler-625,2,1.072,1.165
Kepler-625,2,0.96,1.04
Kepler-625,2,1.398,1.195
Kepler-625,2,1.45378,1.13
Kepler-625,2,0.912,1.004
Kepler-625,2,1.199,1.223
Kepler-625,2,1.072,1.165
Kepler-625,2,1.45378,1.13
Kepler-625,2,1.398,1.195
Kepler-625,2,1.418,NA
Kepler-625,2,1.072,1.165
Kepler-625,2,1.45378,1.13
Kepler-625,2,0.96,1.04
Kepler-625,2,1.072,1.165
Kepler-625,2,0.912,1.004
Kepler-625,2,1.199,1.223
Kepler-625,2,1.072,1.165
Kepler-626,1,1.085,0.966
Kepler-626,1,1.008,0.813
Kepler-626,1,1.008,0.813
Kepler-626,1,1.05,1.01
Kepler-626,1,0.968,0.825
Kepler-626,1,1.01824,0.986
Kepler-626,1,1.008,0.813
Kepler-626,1,1.01824,0.986
Kepler-626,1,0.979,NA
Kepler-626,1,1.01824,0.986
Kepler-626,1,1.29,1.04
Kepler-627,1,1.362,1.012
Kepler-627,1,1.362,1.012
Kepler-627,1,1.362,1.012
Kepler-627,1,1.35,NA
Kepler-627,1,1.42331,1.12
Kepler-627,1,1.42331,1.12
Kepler-627,1,1.5,1.24
Kepler-627,1,1.362,1.012
Kepler-627,1,1.49,1.3
Kepler-627,1,1.321,0.936
Kepler-627,1,1.42331,1.12
Kepler-629,1,0.819,0.913
Kepler-629,1,0.901,0.922
Kepler-629,1,0.877,0.894
Kepler-629,1,0.831,0.917
Kepler-629,1,0.877,0.894
Kepler-629,1,0.84,0.93
Kepler-629,1,0.826,NA
Kepler-629,1,0.84085,0.924
Kepler-629,1,0.877,0.894
Kepler-629,1,0.84085,0.924
Kepler-629,1,0.84085,0.924
Kepler-63,1,0.887,1.007
Kepler-63,1,0.993,1.069
Kepler-63,1,0.891,NA
Kepler-63,1,0.938168,0.964
Kepler-63,1,0.886,0.943
Kepler-63,1,0.876,0.993
Kepler-63,1,0.901,NA
Kepler-63,1,0.938168,NA
Kepler-63,1,0.901,0.984
Kepler-63,1,0.876,0.993
Kepler-63,1,0.938168,0.964
Kepler-63,1,0.938168,0.964
Kepler-63,1,0.876,0.993
Kepler-63,1,0.91,0.98
Kepler-630,1,1.362,NA
Kepler-630,1,1.41451,1.04
Kepler-630,1,1.04,1.02
Kepler-630,1,1.044,0.96
Kepler-630,1,1.41451,1.04
Kepler-630,1,1.41451,1.04
Kepler-630,1,1.569,0.974
Kepler-630,1,1.34,0.907
Kepler-630,1,1.569,0.974
Kepler-630,1,1.71,1.13
Kepler-630,1,1.569,0.974
Kepler-631,1,1.236,NA
Kepler-631,1,0.989,0.968
Kepler-631,1,1.352,1.247
Kepler-631,1,1.34611,1.2
Kepler-631,1,1.11,1.18
Kepler-631,1,0.989,0.968
Kepler-631,1,1.33,1.24
Kepler-631,1,1.34611,1.2
Kepler-631,1,1.223,1.135
Kepler-631,1,1.34611,1.2
Kepler-631,1,0.989,0.968
Kepler-632,1,0.894,0.875
Kepler-632,1,0.84,0.91
Kepler-632,1,0.820556,NA
Kepler-632,1,0.853,0.928
Kepler-632,1,0.918,0.825
Kepler-632,1,0.918,0.825
Kepler-632,1,0.820556,NA
Kepler-632,1,0.820556,NA
Kepler-632,1,0.918,0.825
Kepler-633,2,1.67,1.26
Kepler-633,2,1.699,1.011
Kepler-633,2,1.549,1.03
Kepler-633,2,1.265,0.997
Kepler-633,2,1.549,1.03
Kepler-633,2,1.549,1.03
Kepler-633,2,1.15,1.02
Kepler-633,2,NA,NA
Kepler-633,2,NA,NA
Kepler-633,2,NA,NA
Kepler-633,2,1.549,1.03
Kepler-633,2,1.549,1.03
Kepler-633,2,1.549,1.03
Kepler-633,2,NA,NA
Kepler-633,2,1.265,0.997
Kepler-633,2,1.67,1.26
Kepler-633,2,1.699,1.011
Kepler-633,2,1.265,0.997
Kepler-633,2,NA,NA
Kepler-634,1,1.41192,1.19
Kepler-634,1,1.089,1.028
Kepler-634,1,1.41192,1.19
Kepler-634,1,1.17,1.192
Kepler-634,1,1.442,0.955
Kepler-634,1,1.089,1.028
Kepler-634,1,1.24,1.03
Kepler-634,1,1.47,NA
Kepler-634,1,1.409,0.963
Kepler-634,1,1.41192,1.19
Kepler-634,1,1.089,1.028
Kepler-635,1,1.51,1.33
Kepler-635,1,1.26,1.13
Kepler-635,1,1.95866,1.23
Kepler-635,1,1.524,1.33
Kepler-635,1,1.432,1.186
Kepler-635,1,1.95866,1.23
Kepler-635,1,1.432,1.186
Kepler-635,1,1.432,1.186
Kepler-635,1,1.95866,1.23
Kepler-635,1,2.027,1.492
Kepler-635,1,2.078,NA
Kepler-636,1,NA,NA
Kepler-636,1,NA,NA
Kepler-636,1,0.817,0.86
Kepler-636,1,NA,NA
Kepler-636,1,0.8,0.85
Kepler-636,1,0.506,0.549
Kepler-636,1,0.506,0.549
Kepler-636,1,1.154,NA
Kepler-636,1,0.506,0.549
Kepler-636,1,0.653,0.744
Kepler-637,1,1.261,NA
Kepler-637,1,1.38958,1.15
Kepler-637,1,2.56,1.64
Kepler-637,1,1.24,1.136
Kepler-637,1,1.466,1.296
Kepler-637,1,3.231,1.609
Kepler-637,1,1.466,1.296
Kepler-637,1,1.46,1.3
Kepler-637,1,1.38958,1.15
Kepler-637,1,1.38958,1.15
Kepler-637,1,1.466,1.296
Kepler-638,1,2.15251,0.92
Kepler-638,1,2.157,1.082
Kepler-638,1,1.593,0.848
Kepler-638,1,1.593,0.848
Kepler-638,1,1.49,0.906
Kepler-638,1,0.93,0.88
Kepler-638,1,2.15251,0.92
Kepler-638,1,2.15251,0.92
Kepler-638,1,2.202,NA
Kepler-638,1,1.593,0.848
Kepler-638,1,1.346,0.911
Kepler-639,1,1.187,0.98
Kepler-639,1,1.06,1.07
Kepler-639,1,1.72689,1.04
Kepler-639,1,1.594,1.047
Kepler-639,1,1.187,0.98
Kepler-639,1,1.187,0.98
Kepler-639,1,1.629,NA
Kepler-639,1,1.72689,1.04
Kepler-639,1,1.332,1.151
Kepler-639,1,1.29,1.14
Kepler-639,1,1.72689,1.04
Kepler-640,1,1.04068,0.99
Kepler-640,1,0.991,1.104
Kepler-640,1,0.976,0.987
Kepler-640,1,0.987,NA
Kepler-640,1,1.02,1.075
Kepler-640,1,1.04068,0.99
Kepler-640,1,0.991,1.104
Kepler-640,1,0.94,1.01
Kepler-640,1,1.04068,0.99
Kepler-640,1,0.991,1.104
Kepler-640,1,0.943,1.033
Kepler-641,1,1.74026,0.96
Kepler-641,1,1.204,1.005
Kepler-641,1,1.06,0.92
Kepler-641,1,1.13,1.02
Kepler-641,1,1.74026,0.96
Kepler-641,1,1.204,1.005
Kepler-641,1,1.204,1.005
Kepler-641,1,1.74026,0.96
Kepler-641,1,1.649,NA
Kepler-641,1,1.204,1.005
Kepler-641,1,1.613,1.061
Kepler-642,1,1.155,1.177
Kepler-642,1,1.155,1.177
Kepler-642,1,1.295,NA
Kepler-642,1,1.33017,1.23
Kepler-642,1,1.24,1.22
Kepler-642,1,1.33017,1.23
Kepler-642,1,1.66,1.4
Kepler-642,1,1.33017,1.23
Kepler-642,1,1.155,1.177
Kepler-642,1,2.297,1.396
Kepler-642,1,1.271,1.22
Kepler-643,1,2.69,1.15
Kepler-643,1,2.584,NA
Kepler-643,1,2.69,1.15
Kepler-643,1,2.70957,NA
Kepler-643,1,2.69,1.15
Kepler-643,1,2.52,1
Kepler-643,1,2.69,1.15
Kepler-643,1,2.595,1.085
Kepler-643,1,2.70957,NA
Kepler-643,1,2.522,1.224
Kepler-643,1,2.70957,NA
Kepler-643,1,2.73,1.29
Kepler-644,1,1.52,1.22
Kepler-644,1,1.584,1.337
Kepler-644,1,1.653,1.365
Kepler-644,1,1.83103,1.29
Kepler-644,1,1.81,1.49
Kepler-644,1,1.719,1.322
Kepler-644,1,1.653,1.365
Kepler-644,1,1.83103,1.29
Kepler-644,1,1.83103,1.29
Kepler-644,1,1.775,NA
Kepler-644,1,1.653,1.365
Kepler-645,1,1.273,1.07
Kepler-645,1,1.41768,1.23
Kepler-645,1,1.35,1.2
Kepler-645,1,1.539,1.163
Kepler-645,1,1.41768,1.23
Kepler-645,1,1.273,1.07
Kepler-645,1,1.576,NA
Kepler-645,1,1.273,1.07
Kepler-645,1,1.972,1.46
Kepler-645,1,1.41768,1.23
Kepler-645,1,1.21,1.13
Kepler-646,1,0.737,0.801
Kepler-646,1,0.833,NA
Kepler-646,1,0.838993,0.95
Kepler-646,1,0.737,0.801
Kepler-646,1,0.83,1
Kepler-646,1,0.737,0.801
Kepler-646,1,0.838993,0.95
Kepler-646,1,0.91,0.93
Kepler-646,1,0.838993,0.95
Kepler-646,1,0.737,0.801
Kepler-646,1,0.825,0.753
Kepler-647,2,1.54571,1.07
Kepler-647,2,1.54571,1.07
Kepler-647,2,1.488,NA
Kepler-647,2,1.45,0.927
Kepler-647,2,1.098,0.922
Kepler-647,2,1.053,0.93
Kepler-647,2,1.54571,1.07
Kepler-647,2,1.18,1.116
Kepler-647,2,1.053,0.93
Kepler-647,2,1.07,1.03
Kepler-647,2,1.053,0.93
Kepler-647,2,1.098,0.922
Kepler-647,2,1.053,0.93
Kepler-647,2,1.45,0.927
Kepler-647,2,1.18,1.116
Kepler-647,2,1.54571,1.07
Kepler-647,2,1.54571,1.07
Kepler-647,2,1.053,0.93
Kepler-647,2,1.54571,1.07
Kepler-647,2,1.053,0.93
Kepler-648,1,0.871,0.966
Kepler-648,1,0.98,1.05
Kepler-648,1,0.871,0.966
Kepler-648,1,0.936,1.038
Kepler-648,1,0.979904,1
Kepler-648,1,0.95,NA
Kepler-648,1,0.972,1.058
Kepler-648,1,0.86,0.971
Kepler-648,1,0.979904,1
Kepler-648,1,0.979904,1
Kepler-648,1,0.871,0.966
Kepler-649,1,0.893785,1.09
Kepler-649,1,1.008,0.813
Kepler-649,1,0.893785,1.09
Kepler-649,1,0.893785,1.09
Kepler-649,1,0.896,0.875
Kepler-649,1,1.008,0.813
Kepler-649,1,1.14,1.1
Kepler-649,1,0.94,0.97
Kepler-649,1,0.932,NA
Kepler-649,1,0.921,0.801
Kepler-649,1,1.008,0.813
Kepler-65,4,1.424,1.231
Kepler-65,4,1.424,1.273
Kepler-65,4,1.443,1.249
Kepler-65,4,1.453,NA
Kepler-65,4,1.41,1.25
Kepler-65,4,1.197,1.205
Kepler-65,4,1.5092,1.167
Kepler-65,4,1.424,1.273
Kepler-65,4,1.5092,1.167
Kepler-65,4,1.424,1.273
Kepler-65,4,NA,1.249
Kepler-65,4,1.5092,1.167
Kepler-65,4,1.437,1.248
Kepler-65,4,1.39,1.22
Kepler-65,4,1.5092,1.167
Kepler-65,4,1.41,1.25
Kepler-65,4,1.437,1.248
Kepler-65,4,1.453,NA
Kepler-65,4,1.5092,1.167
Kepler-65,4,1.5092,1.167
Kepler-65,4,1.424,1.231
Kepler-65,4,1.424,1.273
Kepler-65,4,1.424,1.273
Kepler-65,4,1.424,1.273
Kepler-65,4,1.424,1.27
Kepler-65,4,1.39,1.22
Kepler-65,4,1.5092,NA
Kepler-65,4,1.443,1.249
Kepler-65,4,1.5092,1.167
Kepler-65,4,1.5092,1.167
Kepler-65,4,1.197,1.205
Kepler-65,4,NA,1.249
Kepler-65,4,1.5092,1.167
Kepler-65,4,1.5092,1.167
Kepler-65,4,1.453,NA
Kepler-65,4,1.437,1.248
Kepler-65,4,1.424,1.27
Kepler-65,4,1.424,1.273
Kepler-65,4,1.424,1.273
Kepler-65,4,1.197,1.205
Kepler-65,4,1.5092,1.167
Kepler-65,4,1.424,1.231
Kepler-65,4,1.443,1.249
Kepler-65,4,NA,1.249
Kepler-65,4,1.424,1.273
Kepler-65,4,1.5092,1.167
Kepler-65,4,1.41,1.25
Kepler-65,4,1.39,1.22
Kepler-65,4,1.437,1.248
Kepler-65,4,NA,1.249
Kepler-650,1,1.574,1.033
Kepler-650,1,1.574,1.033
Kepler-650,1,NA,NA
Kepler-650,1,1.7,1.18
Kepler-650,1,1.35,1.08
Kepler-650,1,NA,NA
Kepler-650,1,1.447,1.081
Kepler-650,1,1.574,1.033
Kepler-651,1,0.85052,0.94
Kepler-651,1,0.825,0.814
Kepler-651,1,0.845,0.888
Kepler-651,1,0.845,0.888
Kepler-651,1,0.849,0.813
Kepler-651,1,0.845,0.888
Kepler-651,1,0.87,0.918
Kepler-651,1,0.85052,0.94
Kepler-651,1,0.857,NA
Kepler-651,1,0.87,0.92
Kepler-652,1,0.834,0.928
Kepler-652,1,0.855152,0.923
Kepler-652,1,0.893,0.861
Kepler-652,1,0.855152,0.923
Kepler-652,1,0.893,0.861
Kepler-652,1,0.893,0.861
Kepler-652,1,0.898,0.906
Kepler-652,1,0.84,NA
Kepler-652,1,0.855152,0.923
Kepler-652,1,0.865,0.971
Kepler-652,1,0.88,0.97
Kepler-653,2,1.095,1.076
Kepler-653,2,1.191,1.05
Kepler-653,2,1.077,1.098
Kepler-653,2,1.25733,0.97
Kepler-653,2,1.206,NA
Kepler-653,2,1.095,1.076
Kepler-653,2,1.25733,0.97
Kepler-653,2,1.25733,0.97
Kepler-653,2,1.28,1.056
Kepler-653,2,1.19,1.02
Kepler-653,2,1.095,1.076
Kepler-653,2,1.28,1.056
Kepler-653,2,1.095,1.076
Kepler-653,2,1.191,1.05
Kepler-653,2,1.25733,0.97
Kepler-653,2,1.077,1.098
Kepler-653,2,1.095,1.076
Kepler-653,2,1.25733,0.97
Kepler-653,2,1.206,NA
Kepler-653,2,1.095,1.076
Kepler-653,2,1.19,1.02
Kepler-654,1,1.56,1.09
Kepler-654,1,1.66143,1.05
Kepler-654,1,1.171,0.982
Kepler-654,1,1.66143,1.05
Kepler-654,1,1.66143,1.05
Kepler-654,1,1.11,1.04
Kepler-654,1,1.656,1.256
Kepler-654,1,1.656,1.256
Kepler-654,1,1.65,NA
Kepler-654,1,1.656,1.256
Kepler-654,1,1.616,1.123
Kepler-655,1,1.213,NA
Kepler-655,1,1.137,1.213
Kepler-655,1,1.137,1.213
Kepler-655,1,1.194,1.05
Kepler-655,1,1.23362,1.22
Kepler-655,1,1.05,1.135
Kepler-655,1,1.227,1.037
Kepler-655,1,1.23362,1.22
Kepler-655,1,1.24,1.15
Kepler-655,1,1.137,1.213
Kepler-655,1,1.23362,1.22
Kepler-656,2,0.78,0.856
Kepler-656,2,0.956,1.042
Kepler-656,2,0.894243,0.87
Kepler-656,2,0.954,1.05
Kepler-656,2,0.82,0.86
Kepler-656,2,0.854,NA
Kepler-656,2,0.894243,0.87
Kepler-656,2,0.956,1.042
Kepler-656,2,0.956,1.042
Kepler-656,2,0.838,0.931
Kepler-656,2,0.894243,0.87
Kepler-656,2,0.838,0.931
Kepler-656,2,0.78,0.856
Kepler-656,2,0.956,1.042
Kepler-656,2,0.954,1.05
Kepler-656,2,0.956,1.042
Kepler-656,2,0.954,1.05
Kepler-656,2,0.894243,0.87
Kepler-656,2,0.956,1.042
Kepler-657,1,0.91,0.999
Kepler-657,1,0.91,0.999
Kepler-657,1,0.91,0.999
Kepler-657,1,0.92,1.023
Kepler-657,1,1.01,1.01
Kepler-657,1,1.40492,1.02
Kepler-657,1,1.40492,1.02
Kepler-657,1,1.31,1.153
Kepler-657,1,0.91,0.999
Kepler-657,1,1.40492,1.02
Kepler-658,1,0.674,NA
Kepler-658,1,0.731042,0.63
Kepler-658,1,0.538,0.565
Kepler-658,1,0.525,0.533
Kepler-658,1,0.51,0.53
Kepler-658,1,0.51,0.53
Kepler-658,1,0.731042,0.63
Kepler-658,1,0.731042,0.63
Kepler-658,1,0.6,0.63
Kepler-658,1,0.51,0.53
Kepler-659,1,0.671,0.715
Kepler-659,1,0.801178,0.77
Kepler-659,1,0.801178,0.77
Kepler-659,1,0.801178,0.77
Kepler-659,1,0.783,NA
Kepler-659,1,0.74,0.79
Kepler-659,1,0.696,0.753
Kepler-659,1,0.696,0.753
Kepler-659,1,0.696,0.753
Kepler-659,1,0.687,0.767
Kepler-66,1,1.044,NA
Kepler-66,1,0.933,0.968
Kepler-66,1,0.933,0.968
Kepler-66,1,0.92,1.024
Kepler-66,1,1.05872,1.04
Kepler-66,1,1.05872,1.04
Kepler-66,1,0.96,1
Kepler-66,1,0.933,0.968
Kepler-66,1,0.933,0.968
Kepler-66,1,0.966,1.038
Kepler-66,1,1.017,1.012
Kepler-66,1,1.05872,1.04
Kepler-660,1,0.69,0.704
Kepler-660,1,0.696,0.676
Kepler-660,1,0.696,0.676
Kepler-660,1,0.696,0.676
Kepler-660,1,0.725537,0.76
Kepler-660,1,0.716,NA
Kepler-660,1,0.725537,0.76
Kepler-660,1,0.71,0.75
Kepler-660,1,0.696,0.676
Kepler-661,1,0.676507,0.69
Kepler-661,1,0.693,0.767
Kepler-661,1,0.693,0.767
Kepler-661,1,0.67,0.7
Kepler-661,1,0.676507,0.69
Kepler-661,1,0.693,0.767
Kepler-661,1,0.594,0.625
Kepler-661,1,0.676507,0.69
Kepler-661,1,0.672,0.761
Kepler-661,1,0.638,NA
Kepler-662,1,0.74,0.79
Kepler-662,1,0.939452,0.79
Kepler-662,1,0.828,0.791
Kepler-662,1,0.939452,0.79
Kepler-662,1,0.939452,0.79
Kepler-662,1,0.527,0.536
Kepler-662,1,0.939,NA
Kepler-662,1,0.527,0.536
Kepler-662,1,0.527,0.536
Kepler-662,1,0.687,0.718
Kepler-663,1,0.847,0.931
Kepler-663,1,0.847,0.931
Kepler-663,1,0.902459,0.85
Kepler-663,1,0.82,0.86
Kepler-663,1,0.902459,0.85
Kepler-663,1,0.847,0.931
Kepler-663,1,0.847,0.931
Kepler-663,1,0.79,0.797
Kepler-663,1,0.847,NA
Kepler-663,1,0.902459,0.85
Kepler-664,1,0.878,NA
Kepler-664,1,0.940483,0.99
Kepler-664,1,1.046,1.095
Kepler-664,1,0.940483,0.99
Kepler-664,1,0.940483,0.99
Kepler-664,1,1.02,1.01
Kepler-664,1,1.046,1.095
Kepler-664,1,1.046,1.095
Kepler-664,1,1.046,1.095
Kepler-664,1,1,1
Kepler-665,1,0.826,0.785
Kepler-665,1,0.740259,0.77
Kepler-665,1,0.826,0.785
Kepler-665,1,0.71,0.72
Kepler-665,1,0.826,0.785
Kepler-665,1,0.694,NA
Kepler-665,1,0.740259,0.77
Kepler-665,1,0.740259,0.77
Kepler-665,1,0.74,0.79
Kepler-665,1,0.826,0.785
Kepler-666,1,0.969,1.048
Kepler-666,1,1.176,NA
Kepler-666,1,1.2279,1.04
Kepler-666,1,0.96,1.057
Kepler-666,1,0.969,1.048
Kepler-666,1,1.2279,1.04
Kepler-666,1,1.05,1.03
Kepler-666,1,0.969,1.048
Kepler-666,1,1.2279,1.04
Kepler-666,1,0.969,1.048
Kepler-667,1,1.046,0.93
Kepler-667,1,2.37029,NA
Kepler-667,1,1.046,0.93
Kepler-667,1,1.046,0.93
Kepler-667,1,2.37029,NA
Kepler-667,1,2.37029,NA
Kepler-667,1,2.168,NA
Kepler-667,1,0.87,0.91
Kepler-667,1,1.046,0.93
Kepler-667,1,0.88,0.8
Kepler-668,1,0.82,0.87
Kepler-668,1,0.722,NA
Kepler-668,1,0.762284,0.9
Kepler-668,1,0.782,0.856
Kepler-668,1,0.782,0.856
Kepler-668,1,0.82,0.927
Kepler-668,1,0.782,0.856
Kepler-668,1,0.762284,0.9
Kepler-668,1,0.762284,0.9
Kepler-668,1,0.787,0.862
Kepler-669,1,1.103,1.162
Kepler-669,1,1.103,1.162
Kepler-669,1,1.54302,1.02
Kepler-669,1,1.33,NA
Kepler-669,1,1.54302,1.02
Kepler-669,1,1.2,1.15
Kepler-669,1,1.103,1.162
Kepler-669,1,0.99,1.06
Kepler-669,1,1.54302,1.02
Kepler-669,1,1.103,1.162
Kepler-67,1,0.819,NA
Kepler-67,1,0.98,0.98
Kepler-67,1,0.755,0.824
Kepler-67,1,0.751,0.832
Kepler-67,1,0.778,0.865
Kepler-67,1,0.819231,0.87
Kepler-67,1,0.819231,0.87
Kepler-67,1,0.76,0.84
Kepler-67,1,0.819231,0.87
Kepler-67,1,0.794,0.885
Kepler-67,1,0.751,0.832
Kepler-67,1,0.751,0.832
Kepler-670,1,1.01304,0.94
Kepler-670,1,0.965,0.936
Kepler-670,1,1.01304,0.94
Kepler-670,1,1.01304,0.94
Kepler-670,1,0.965,0.936
Kepler-670,1,0.99,0.99
Kepler-670,1,1.01304,NA
Kepler-670,1,0.955,0.941
Kepler-670,1,0.94,0.87
Kepler-670,1,0.96,NA
Kepler-670,1,0.965,0.936
Kepler-671,1,0.831,0.908
Kepler-671,1,1.03215,0.94
Kepler-671,1,1.03215,0.94
Kepler-671,1,0.82,0.931
Kepler-671,1,0.95,0.97
Kepler-671,1,0.831,0.928
Kepler-671,1,0.831,0.908
Kepler-671,1,1.03215,0.94
Kepler-671,1,0.961,NA
Kepler-671,1,0.831,0.908
Kepler-672,1,0.971,1.083
Kepler-672,1,0.971,1.083
Kepler-672,1,1.036,0.915
Kepler-672,1,0.961413,0.97
Kepler-672,1,0.971,1.083
Kepler-672,1,0.961413,0.97
Kepler-672,1,0.92,0.95
Kepler-672,1,0.961413,0.97
Kepler-672,1,0.972,NA
Kepler-672,1,0.9,1.004
Kepler-673,1,0.812,0.911
Kepler-673,1,0.798,NA
Kepler-673,1,0.820614,0.89
Kepler-673,1,0.84,0.88
Kepler-673,1,0.820614,0.89
Kepler-673,1,0.809,0.907
Kepler-673,1,0.812,0.911
Kepler-673,1,0.79,0.895
Kepler-673,1,0.812,0.911
Kepler-673,1,0.820614,0.89
Kepler-674,1,NA,NA
Kepler-674,1,0.45,0.47
Kepler-674,1,0.547,0.576
Kepler-674,1,0.57,0.6
Kepler-674,1,0.45,0.47
Kepler-674,1,0.68608,0.65
Kepler-674,1,0.45,0.47
Kepler-674,1,0.68608,0.65
Kepler-674,1,0.68608,0.65
Kepler-674,1,0.657,NA
Kepler-674,1,0.564,0.578
Kepler-675,1,0.67,0.76
Kepler-675,1,0.727,0.778
Kepler-675,1,0.75,0.79
Kepler-675,1,0.823922,0.76
Kepler-675,1,0.76,NA
Kepler-675,1,0.727,0.778
Kepler-675,1,0.823922,0.76
Kepler-675,1,0.727,0.778
Kepler-675,1,0.823922,0.76
Kepler-675,1,0.765,0.85
Kepler-676,1,0.516,0.538
Kepler-676,1,0.561,NA
Kepler-676,1,0.49,0.51
Kepler-676,1,0.473,0.503
Kepler-676,1,0.561742,0.555695
Kepler-676,1,0.49,0.51
Kepler-676,1,0.561742,0.555695
Kepler-676,1,0.561742,0.555695
Kepler-676,1,0.49,0.51
Kepler-676,1,NA,NA
Kepler-676,1,0.49,0.51
Kepler-677,1,0.989,0.927
Kepler-677,1,1.64026,1
Kepler-677,1,1.629,NA
Kepler-677,1,0.989,0.927
Kepler-677,1,1.04,1.01
Kepler-677,1,1.64026,1
Kepler-677,1,0.989,0.927
Kepler-677,1,0.99,1
Kepler-677,1,1.64026,1
Kepler-677,1,0.989,0.927
Kepler-678,1,0.867,0.986
Kepler-678,1,0.91,0.94
Kepler-678,1,0.867,0.986
Kepler-678,1,0.867,0.986
Kepler-678,1,1.98346,0.91
Kepler-678,1,0.76,0.863
Kepler-678,1,1.98346,0.91
Kepler-678,1,0.867,0.986
Kepler-678,1,1.924,NA
Kepler-679,1,0.752,0.811
Kepler-679,1,0.84,0.87
Kepler-679,1,0.803666,0.9
Kepler-679,1,0.75,0.832
Kepler-679,1,0.752,0.811
Kepler-679,1,0.803666,0.9
Kepler-679,1,0.803666,0.9
Kepler-679,1,0.793,NA
Kepler-679,1,0.752,0.811
Kepler-679,1,0.82,0.927
Kepler-68,4,1.243,1.079
Kepler-68,4,1.25931,1.064
Kepler-68,4,1.243,1.079
Kepler-68,4,1.198,0.997
Kepler-68,4,1.25931,1.064
Kepler-68,4,1.26,NA
Kepler-68,4,1.252,1.042
Kepler-68,4,1.2564,1.057
Kepler-68,4,NA,1.042
Kepler-68,4,1.25931,1.064
Kepler-68,4,1.25931,1.064
Kepler-68,4,1.243,1.079
Kepler-68,4,1.23,1.06
Kepler-68,4,1.257,NA
Kepler-68,4,1.25931,1.064
Kepler-68,4,1.242,1.075
Kepler-68,4,1.28,1.19
Kepler-68,4,1.24,1.08
Kepler-68,4,1.243,1.079
Kepler-68,4,1.242,1.075
Kepler-68,4,1.25931,1.064
Kepler-68,4,1.25931,1.064
Kepler-68,4,1.198,0.997
Kepler-68,4,1.25931,1.064
Kepler-68,4,1.25931,1.064
Kepler-68,4,1.243,1.079
Kepler-68,4,1.243,1.079
Kepler-68,4,NA,1.042
Kepler-68,4,1.23,1.06
Kepler-68,4,1.257,NA
Kepler-68,4,1.2564,1.057
Kepler-68,4,1.252,1.042
Kepler-68,4,1.25931,1.064
Kepler-68,4,1.24,1.08
Kepler-68,4,1.243,1.079
Kepler-68,4,1.243,1.079
Kepler-68,4,1.25931,1.064
Kepler-68,4,NA,1.042
Kepler-68,4,1.243,1.079
Kepler-68,4,1.2564,1.057
Kepler-68,4,1.24,1.08
Kepler-68,4,NA,1.042
Kepler-68,4,1.2564,1.057
Kepler-680,1,0.917,1.01
Kepler-680,1,0.917,1.01
Kepler-680,1,0.917,1.01
Kepler-680,1,1.11,1.08
Kepler-680,1,0.917,1.01
Kepler-680,1,1.3309,0.99
Kepler-680,1,0.89,0.994
Kepler-680,1,1.3309,0.99
Kepler-680,1,1.201,NA
Kepler-681,1,0.775,0.845
Kepler-681,1,0.775,0.845
Kepler-681,1,0.763,0.846
Kepler-681,1,0.807916,0.81
Kepler-681,1,0.76,0.8
Kepler-681,1,0.807916,0.81
Kepler-681,1,0.807916,0.81
Kepler-681,1,0.775,0.845
Kepler-681,1,0.7,0.777
Kepler-681,1,0.781,NA
Kepler-682,1,0.89,0.92
Kepler-682,1,0.919,0.992
Kepler-682,1,1.836,NA
Kepler-682,1,0.919,0.992
Kepler-682,1,0.88,0.956
Kepler-682,1,0.919,0.992
Kepler-682,1,0.919,0.992
Kepler-682,1,1.94053,0.95
Kepler-682,1,1.94053,0.95
Kepler-682,1,1.94053,0.95
Kepler-683,1,0.956,1.027
Kepler-683,1,0.956,1.027
Kepler-683,1,0.956,1.027
Kepler-683,1,0.95,1.02
Kepler-683,1,1.04285,0.97
Kepler-683,1,0.95,0.96
Kepler-683,1,1.062,0.921
Kepler-683,1,1.029,NA
Kepler-683,1,1.04285,0.97
Kepler-684,1,0.677,0.765
Kepler-684,1,0.677,0.765
Kepler-684,1,0.679,0.767
Kepler-684,1,0.677,0.765
Kepler-684,1,1.43405,0.95
Kepler-684,1,0.86,0.89
Kepler-684,1,1.43405,0.95
Kepler-684,1,1.43405,0.95
Kepler-684,1,0.86,0.968
Kepler-684,1,1.408,NA
Kepler-685,1,1.04426,0.96
Kepler-685,1,1.106,0.935
Kepler-685,1,0.971,NA
Kepler-685,1,0.99,0.87
Kepler-685,1,1.057,1.01
Kepler-685,1,1.057,1.01
Kepler-685,1,1.16,1.11
Kepler-685,1,1.04426,NA
Kepler-685,1,1.057,1.01
Kepler-685,1,1.04426,0.96
Kepler-685,1,1.04426,0.96
Kepler-686,1,1.129,NA
Kepler-686,1,0.893,0.901
Kepler-686,1,1.15986,1.02
Kepler-686,1,0.893,0.901
Kepler-686,1,0.893,0.901
Kepler-686,1,1.15986,1.02
Kepler-686,1,1.15986,1.02
Kepler-686,1,1.15986,NA
Kepler-686,1,0.92,0.94
Kepler-686,1,0.96,1.01
Kepler-686,1,0.893,0.901
Kepler-687,1,0.761,0.739
Kepler-687,1,0.761,0.739
Kepler-687,1,0.728,NA
Kepler-687,1,0.761,0.739
Kepler-687,1,0.760961,0.77
Kepler-687,1,0.69,0.704
Kepler-687,1,0.760961,0.77
Kepler-687,1,0.761,0.739
Kepler-687,1,0.760961,0.77
Kepler-687,1,0.73,0.77
Kepler-688,1,1.09515,0.95
Kepler-688,1,1.063,NA
Kepler-688,1,0.781,0.845
Kepler-688,1,1.09515,0.95
Kepler-688,1,0.96,0.98
Kepler-688,1,0.781,0.845
Kepler-688,1,1.09515,0.95
Kepler-688,1,0.781,0.845
Kepler-688,1,0.81,0.919
Kepler-688,1,0.774,0.866
Kepler-689,1,0.88,0.91
Kepler-689,1,0.987,NA
Kepler-689,1,0.751,0.807
Kepler-689,1,0.977875,0.92
Kepler-689,1,0.977875,0.92
Kepler-689,1,0.751,0.807
Kepler-689,1,0.977875,0.92
Kepler-689,1,0.751,0.807
Kepler-689,1,0.734,0.821
Kepler-689,1,0.77,0.878
Kepler-69,2,0.991,0.914
Kepler-69,2,1.25389,1.03
Kepler-69,2,0.943,0.813
Kepler-69,2,0.943,0.813
Kepler-69,2,1.226,NA
Kepler-69,2,0.93,0.81
Kepler-69,2,0.95,0.94
Kepler-69,2,0.943,0.813
Kepler-69,2,0.9,1.002
Kepler-69,2,1.25389,1.03
Kepler-69,2,1.205,0.866
Kepler-69,2,1.25389,1.03
Kepler-69,2,0.943,0.813
Kepler-69,2,1.25389,1.03
Kepler-69,2,1.25389,1.03
Kepler-69,2,0.93,0.81
Kepler-69,2,0.95,0.94
Kepler-69,2,0.943,0.813
Kepler-69,2,0.943,0.813
Kepler-69,2,1.25389,1.03
Kepler-69,2,1.205,0.866
Kepler-69,2,0.9,1.002
Kepler-69,2,0.943,0.813
Kepler-69,2,1.226,NA
Kepler-69,2,0.943,0.813
Kepler-69,2,0.991,0.914
Kepler-690,1,1.079,1.146
Kepler-690,1,1.079,1.146
Kepler-690,1,1.16,1.11
Kepler-690,1,1.27664,0.97
Kepler-690,1,0.91,0.952
Kepler-690,1,1.079,1.146
Kepler-690,1,1.14,NA
Kepler-690,1,1.27664,0.97
Kepler-690,1,1.085,1.181
Kepler-690,1,1.27664,0.97
Kepler-691,1,0.564255,0.557898
Kepler-691,1,0.52,0.54
Kepler-691,1,0.564255,0.557898
Kepler-691,1,0.571,NA
Kepler-691,1,0.517,0.553
Kepler-691,1,0.52,0.54
Kepler-691,1,0.5,0.53
Kepler-691,1,0.509,0.529
Kepler-691,1,NA,NA
Kepler-691,1,0.52,0.54
Kepler-691,1,0.564255,0.557898
Kepler-692,1,0.896329,0.92
Kepler-692,1,0.848,NA
Kepler-692,1,0.999,0.934
Kepler-692,1,0.999,0.934
Kepler-692,1,0.999,0.934
Kepler-692,1,0.896329,0.92
Kepler-692,1,0.95,0.85
Kepler-692,1,0.86,0.9
Kepler-692,1,0.999,0.934
Kepler-692,1,0.896329,0.92
Kepler-693,1,0.72,0.726
Kepler-693,1,0.876354,0.78
Kepler-693,1,0.85,NA
Kepler-693,1,0.744,0.716
Kepler-693,1,0.876354,0.78
Kepler-693,1,0.833,0.793
Kepler-693,1,0.744,0.716
Kepler-693,1,0.744,0.716
Kepler-693,1,0.72,0.76
Kepler-694,1,0.95,0.97
Kepler-694,1,0.98285,0.98
Kepler-694,1,0.851,0.941
Kepler-694,1,0.943,NA
Kepler-694,1,0.851,0.941
Kepler-694,1,0.851,0.941
Kepler-694,1,0.98285,0.98
Kepler-694,1,0.86,0.971
Kepler-694,1,0.98285,0.98
Kepler-694,1,0.849,0.939
Kepler-695,1,0.791,0.754
Kepler-695,1,0.791,0.754
Kepler-695,1,1.15358,0.8
Kepler-695,1,0.791,0.754
Kepler-695,1,0.73,0.731
Kepler-695,1,0.8,0.84
Kepler-695,1,0.791,0.754
Kepler-695,1,1.15358,0.8
Kepler-695,1,1.103,NA
Kepler-696,1,1.08,1.06
Kepler-696,1,1.20896,1.02
Kepler-696,1,1.196,1.162
Kepler-696,1,1.20896,1.02
Kepler-696,1,1.04,0.99
Kepler-696,1,1.196,1.162
Kepler-696,1,1.196,1.162
Kepler-696,1,1.135,1.163
Kepler-696,1,1.20896,1.02
Kepler-696,1,1.194,NA
Kepler-697,1,0.978,1.013
Kepler-697,1,1.0519,0.98
Kepler-697,1,0.852,0.953
Kepler-697,1,0.852,0.953
Kepler-697,1,1.042,NA
Kepler-697,1,0.852,0.953
Kepler-697,1,0.8,0.905
Kepler-697,1,1.0519,0.98
Kepler-697,1,0.88,0.92
Kepler-697,1,1.0519,0.98
Kepler-698,1,1.68058,0.98
Kepler-698,1,1.68058,0.98
Kepler-698,1,0.983,0.987
Kepler-698,1,0.983,0.987
Kepler-698,1,1.68058,0.98
Kepler-698,1,0.987,0.989
Kepler-698,1,1.595,NA
Kepler-698,1,0.91,0.94
Kepler-698,1,0.98,0.957
Kepler-698,1,0.983,0.987
Kepler-7,1,1.966,1.359
Kepler-7,1,2.028,1.413
Kepler-7,1,1.843,1.347
Kepler-7,1,2.08122,1.1
Kepler-7,1,1.984,1.407
Kepler-7,1,2.023,NA
Kepler-7,1,1.962,1.318
Kepler-7,1,1.962,1.318
Kepler-7,1,2.028,1.413
Kepler-7,1,1.843,1.347
Kepler-7,1,1.909,1.236
Kepler-7,1,1.969,1.28
Kepler-7,1,2.08122,1.1
Kepler-7,1,2.08122,1.1
Kepler-7,1,2.08122,1.1
Kepler-7,1,2.08122,NA
Kepler-7,1,1.99,1.37
Kepler-7,1,1.78,1.26
Kepler-7,1,1.962,1.318
Kepler-700,1,1.365,NA
Kepler-700,1,0.764,0.779
Kepler-700,1,1.41396,0.97
Kepler-700,1,0.96,0.98
Kepler-700,1,1.238,0.932
Kepler-700,1,0.86,0.957
Kepler-700,1,0.764,0.779
Kepler-700,1,1.41396,0.97
Kepler-700,1,0.764,0.779
Kepler-700,1,1.41396,0.97
Kepler-701,1,0.918,0.891
Kepler-701,1,0.880104,0.9
Kepler-701,1,0.89,0.84
Kepler-701,1,0.856,NA
Kepler-701,1,0.84,0.88
Kepler-701,1,0.880104,0.9
Kepler-701,1,0.918,0.891
Kepler-701,1,0.918,0.891
Kepler-701,1,0.880104,0.9
Kepler-701,1,0.918,0.891
Kepler-702,1,0.793,0.82
Kepler-702,1,0.793,0.82
Kepler-702,1,1.03741,0.88
Kepler-702,1,0.954,NA
Kepler-702,1,1.03741,0.88
Kepler-702,1,0.81,0.84
Kepler-702,1,0.793,0.82
Kepler-702,1,1.03741,0.88
Kepler-702,1,0.793,0.82
Kepler-702,1,0.86,0.9
Kepler-703,1,0.877,0.973
Kepler-703,1,1.021,NA
Kepler-703,1,0.877,0.973
Kepler-703,1,0.87,0.98
Kepler-703,1,1.06028,1.05
Kepler-703,1,1.06028,1.05
Kepler-703,1,0.877,0.973
Kepler-703,1,1.06028,1.05
Kepler-703,1,1.27,1.18
Kepler-703,1,0.877,0.973
Kepler-704,1,1.113,NA
Kepler-704,1,1.1788,0.95
Kepler-704,1,0.949,0.974
Kepler-704,1,0.949,0.974
Kepler-704,1,0.949,0.974
Kepler-704,1,1.1788,0.95
Kepler-704,1,0.949,0.974
Kepler-704,1,0.9,0.88
Kepler-704,1,0.96,0.97
Kepler-705,1,0.502,0.534
Kepler-705,1,0.553555,0.548441
Kepler-705,1,0.559,NA
Kepler-705,1,0.51,0.53
Kepler-705,1,0.553555,0.548441
Kepler-705,1,0.47,0.49
Kepler-705,1,0.553555,0.548441
Kepler-705,1,NA,NA
Kepler-705,1,0.47,0.49
Kepler-705,1,0.491,0.503
Kepler-705,1,0.503,0.52
Kepler-705,1,0.47,0.49
Kepler-707,1,0.716327,0.86
Kepler-707,1,0.755,0.836
Kepler-707,1,0.76,0.8
Kepler-707,1,0.755,0.836
Kepler-707,1,0.718,NA
Kepler-707,1,0.73,0.819
Kepler-707,1,0.755,0.836
Kepler-707,1,0.716327,0.86
Kepler-707,1,0.81,0.91
Kepler-708,1,0.96,0.97
Kepler-708,1,0.89,0.993
Kepler-708,1,1.08967,1
Kepler-708,1,0.94,1.026
Kepler-708,1,1.08967,1
Kepler-708,1,0.94,1.026
Kepler-708,1,1.08967,1
Kepler-708,1,0.94,1.026
Kepler-708,1,0.94,1.026
Kepler-708,1,1.071,NA
Kepler-709,1,0.727711,0.86
Kepler-709,1,0.79,0.772
Kepler-709,1,0.826,0.83
Kepler-709,1,0.826,0.83
Kepler-709,1,0.727711,0.86
Kepler-709,1,0.727711,0.86
Kepler-709,1,0.826,0.83
Kepler-709,1,0.826,0.83
Kepler-709,1,0.758,NA
Kepler-709,1,0.77,0.8
Kepler-710,1,1.407,NA
Kepler-710,1,0.85,0.955
Kepler-710,1,1.122,1.014
Kepler-710,1,1.40339,1.01
Kepler-710,1,0.91,0.94
Kepler-710,1,0.756,0.813
Kepler-710,1,0.756,0.813
Kepler-710,1,1.40339,1.01
Kepler-710,1,0.756,0.813
Kepler-710,1,1.40339,1.01
Kepler-711,1,0.8,0.84
Kepler-711,1,0.778615,0.8
Kepler-711,1,0.721,0.697
Kepler-711,1,0.721,0.697
Kepler-711,1,0.782,NA
Kepler-711,1,0.778615,0.8
Kepler-711,1,0.721,0.697
Kepler-711,1,0.721,0.697
Kepler-711,1,0.7,0.71
Kepler-711,1,0.778615,0.8
Kepler-712,2,0.718,0.77
Kepler-712,2,0.764618,0.83
Kepler-712,2,0.753,NA
Kepler-712,2,0.722,0.823
Kepler-712,2,0.764618,0.83
Kepler-712,2,0.737,0.76
Kepler-712,2,0.78,0.84
Kepler-712,2,0.764618,0.83
Kepler-712,2,0.75,0.789
Kepler-712,2,0.718,0.77
Kepler-712,2,0.718,0.77
Kepler-712,2,0.718,0.77
Kepler-712,2,0.718,0.77
Kepler-712,2,0.737,0.76
Kepler-712,2,0.722,0.823
Kepler-712,2,0.718,0.77
Kepler-712,2,0.753,NA
Kepler-712,2,0.75,0.789
Kepler-712,2,0.764618,0.83
Kepler-712,2,0.764618,0.83
Kepler-712,2,0.78,0.84
Kepler-712,2,0.764618,0.83
Kepler-713,1,0.99,0.98
Kepler-713,1,0.919,1.014
Kepler-713,1,0.919,1.014
Kepler-713,1,1.08453,1.05
Kepler-713,1,1.08453,1.05
Kepler-713,1,1.08453,1.05
Kepler-713,1,0.919,1.014
Kepler-713,1,1.104,NA
Kepler-713,1,0.89,0.97
Kepler-713,1,0.919,1.014
Kepler-714,1,1.064,1.149
Kepler-714,1,1.076,1.169
Kepler-714,1,1.61257,1.08
Kepler-714,1,1.12,1.09
Kepler-714,1,1.581,NA
Kepler-714,1,1.61257,1.08
Kepler-714,1,1.61257,1.08
Kepler-714,1,1,1.09
Kepler-714,1,1.064,1.149
Kepler-714,1,1.064,1.149
Kepler-715,1,0.95,1.05
Kepler-715,1,1.17458,1.06
Kepler-715,1,1.17458,1.06
Kepler-715,1,1.17458,1.06
Kepler-715,1,1.001,1.079
Kepler-715,1,1.137,NA
Kepler-715,1,1.001,1.079
Kepler-715,1,1.001,1.079
Kepler-715,1,1.001,1.079
Kepler-715,1,1.04,1.04
Kepler-716,2,0.742183,0.83
Kepler-716,2,0.78,0.83
Kepler-716,2,0.751,0.834
Kepler-716,2,0.741,NA
Kepler-716,2,0.751,0.834
Kepler-716,2,0.888,0.822
Kepler-716,2,0.742183,0.83
Kepler-716,2,0.751,0.834
Kepler-716,2,0.73,0.795
Kepler-716,2,0.742183,0.83
Kepler-716,2,0.74,0.79
Kepler-716,2,0.73,0.795
Kepler-716,2,0.751,0.834
Kepler-716,2,0.742183,0.83
Kepler-716,2,0.74,0.79
Kepler-716,2,0.751,0.834
Kepler-716,2,0.751,0.834
Kepler-716,2,0.888,0.822
Kepler-716,2,0.742183,0.83
Kepler-717,1,0.85,0.88
Kepler-717,1,2.0913,1
Kepler-717,1,0.99,1.03
Kepler-717,1,0.961,0.968
Kepler-717,1,2.0913,1
Kepler-717,1,0.961,0.968
Kepler-717,1,2.069,NA
Kepler-717,1,0.961,0.968
Kepler-717,1,0.961,0.968
Kepler-718,1,1.16875,1.03
Kepler-718,1,1.142,NA
Kepler-718,1,1.16875,1.03
Kepler-718,1,1.051,1.143
Kepler-718,1,0.96,0.97
Kepler-718,1,1.051,1.143
Kepler-718,1,1.3,1.18
Kepler-718,1,1.16875,1.03
Kepler-718,1,1.08,1.049
Kepler-718,1,1.16875,NA
Kepler-718,1,1.051,1.143
Kepler-719,1,0.835,0.917
Kepler-719,1,0.827,0.914
Kepler-719,1,0.835,0.917
Kepler-719,1,0.835,0.917
Kepler-719,1,0.98,0.99
Kepler-719,1,0.89,0.997
Kepler-719,1,1.76,NA
Kepler-719,1,1.7223,1.01
Kepler-720,1,1.21,0.94
Kepler-720,1,0.92,0.95
Kepler-720,1,1.14715,0.96
Kepler-720,1,1.21,0.94
Kepler-720,1,1.21,0.94
Kepler-720,1,1.142,NA
Kepler-720,1,1.14715,NA
Kepler-720,1,1.14715,0.96
Kepler-720,1,1.21,0.94
Kepler-720,1,1.14715,0.96
Kepler-720,1,0.97,0.84
Kepler-721,1,0.801,0.915
Kepler-721,1,0.802,0.896
Kepler-721,1,0.898555,0.81
Kepler-721,1,0.898555,0.81
Kepler-721,1,0.78,0.82
Kepler-721,1,0.898555,0.81
Kepler-721,1,0.848,NA
Kepler-721,1,0.802,0.896
Kepler-721,1,0.7,0.798
Kepler-721,1,0.802,0.896
Kepler-722,2,0.999,1.077
Kepler-722,2,0.999,1.077
Kepler-722,2,0.969223,1.02
Kepler-722,2,0.969223,1.02
Kepler-722,2,1.05,1.03
Kepler-722,2,0.999,1.077
Kepler-722,2,0.999,1.077
Kepler-722,2,0.95,1.05
Kepler-722,2,0.944,NA
Kepler-722,2,0.999,1.077
Kepler-722,2,0.999,1.077
Kepler-722,2,0.95,1.05
Kepler-722,2,0.999,1.077
Kepler-722,2,0.969223,1.02
Kepler-722,2,0.969223,1.02
Kepler-722,2,0.999,1.077
Kepler-722,2,0.944,NA
Kepler-722,2,0.969223,1.02
Kepler-722,2,1.05,1.03
Kepler-723,1,NA,NA
Kepler-723,1,0.794,0.886
Kepler-723,1,0.797,0.868
Kepler-723,1,0.89,0.92
Kepler-723,1,NA,NA
Kepler-723,1,NA,NA
Kepler-723,1,0.797,0.868
Kepler-723,1,0.84,0.945
Kepler-723,1,0.797,0.868
Kepler-724,1,0.88,0.856
Kepler-724,1,0.944,0.983
Kepler-724,1,0.846,NA
Kepler-724,1,0.944,0.983
Kepler-724,1,0.944,0.983
Kepler-724,1,0.944,0.983
Kepler-724,1,0.922747,0.91
Kepler-724,1,0.922747,0.91
Kepler-724,1,0.922747,0.91
Kepler-724,1,0.86,0.9
Kepler-725,2,0.83,0.882
Kepler-725,2,0.815,NA
Kepler-725,2,0.9,0.844
Kepler-725,2,0.833,0.909
Kepler-725,2,0.84,0.88
Kepler-725,2,0.802,0.912
Kepler-725,2,0.833,0.909
Kepler-725,2,0.833,0.909
Kepler-725,2,0.829332,0.91
Kepler-725,2,0.829332,0.91
Kepler-725,2,0.88,0.95
Kepler-725,2,0.88,0.95
Kepler-726,1,0.789879,0.94
Kepler-726,1,0.72,0.786
Kepler-726,1,0.72,0.786
Kepler-726,1,0.85,0.88
Kepler-726,1,0.782,NA
Kepler-726,1,0.708,0.806
Kepler-726,1,0.789879,0.94
Kepler-726,1,0.72,0.786
Kepler-726,1,0.81,0.911
Kepler-726,1,0.789879,0.94
Kepler-727,1,0.884,0.816
Kepler-727,1,0.884,0.816
Kepler-727,1,0.821,NA
Kepler-727,1,0.86,0.89
Kepler-727,1,0.824791,0.91
Kepler-727,1,0.884,0.816
Kepler-727,1,0.824791,0.91
Kepler-727,1,0.88,0.823
Kepler-727,1,0.884,0.816
Kepler-728,1,0.891,0.983
Kepler-728,1,0.891,0.983
Kepler-728,1,1.3965,0.98
Kepler-728,1,1.3965,0.98
Kepler-728,1,0.9,1.005
Kepler-728,1,0.93,0.95
Kepler-728,1,1.317,NA
Kepler-728,1,0.891,0.983
Kepler-728,1,0.891,0.983
Kepler-728,1,1.3965,0.98
Kepler-729,1,1.41555,1
Kepler-729,1,0.998,1.072
Kepler-729,1,0.998,1.072
Kepler-729,1,1.41555,1
Kepler-729,1,1.318,NA
Kepler-729,1,1.41555,1
Kepler-729,1,0.998,1.072
Kepler-729,1,0.92,1.02
Kepler-729,1,0.91,0.94
Kepler-729,1,0.998,1.072
Kepler-730,2,1.107,1.159
Kepler-730,2,1.02,1.02
Kepler-730,2,1.37525,1
Kepler-730,2,1.37525,1
Kepler-730,2,1.01,1
Kepler-730,2,1.302,NA
Kepler-730,2,1.13,1.157
Kepler-730,2,1.411,1.047
Kepler-730,2,1.13,1.157
Kepler-730,2,1.37525,1
Kepler-730,2,1.13,1.157
Kepler-730,2,1.107,1.159
Kepler-730,2,1.37525,1
Kepler-730,2,1.411,1.047
Kepler-731,1,1.047,1.149
Kepler-731,1,1.047,1.149
Kepler-731,1,1.06,1.03
Kepler-731,1,0.89,0.997
Kepler-731,1,1.05268,NA
Kepler-731,1,1.05268,1.03
Kepler-731,1,1.047,1.149
Kepler-731,1,1.05268,1.03
Kepler-731,1,1.046,1.153
Kepler-731,1,1.05268,1.03
Kepler-731,1,0.991,NA
Kepler-732,2,0.458,0.491
Kepler-732,2,0.526,NA
Kepler-732,2,NA,NA
Kepler-732,2,0.44,0.46
Kepler-732,2,0.522369,0.519723
Kepler-732,2,0.44,0.46
Kepler-732,2,0.522369,0.519723
Kepler-732,2,0.46,0.49
Kepler-732,2,0.522369,0.519723
Kepler-732,2,0.496,0.512
Kepler-732,2,0.44,0.46
Kepler-732,2,0.44,0.46
Kepler-732,2,0.458,0.491
Kepler-732,2,0.44,0.46
Kepler-732,2,0.496,0.512
Kepler-732,2,0.522369,0.519723
Kepler-732,2,NA,NA
Kepler-732,2,0.46,0.49
Kepler-732,2,0.522369,0.519723
Kepler-732,2,0.44,0.46
Kepler-732,2,0.522369,0.519723
Kepler-732,2,0.526,NA
Kepler-733,1,0.78,0.878
Kepler-733,1,0.856615,0.9
Kepler-733,1,0.86,0.9
Kepler-733,1,0.856615,0.9
Kepler-733,1,0.798,NA
Kepler-733,1,0.88,0.999
Kepler-733,1,0.88,0.999
Kepler-733,1,0.88,0.999
Kepler-733,1,0.88,0.999
Kepler-734,1,0.78,0.85
Kepler-734,1,0.712,0.71
Kepler-734,1,1.706,NA
Kepler-734,1,1.62817,0.99
Kepler-734,1,1.62817,0.99
Kepler-734,1,1.62817,0.99
Kepler-734,1,0.874,0.845
Kepler-734,1,0.874,0.845
Kepler-734,1,0.79,0.894
Kepler-734,1,0.874,0.845
Kepler-735,1,0.756226,0.81
Kepler-735,1,0.756226,0.81
Kepler-735,1,0.803,0.905
Kepler-735,1,0.8,0.85
Kepler-735,1,0.798,0.91
Kepler-735,1,0.688,NA
Kepler-735,1,0.803,0.905
Kepler-735,1,0.69,0.788
Kepler-735,1,0.756226,0.81
Kepler-735,1,0.803,0.905
Kepler-736,1,0.81,0.908
Kepler-736,1,0.74,0.84
Kepler-736,1,0.81,0.86
Kepler-736,1,0.81,0.908
Kepler-736,1,0.81,0.908
Kepler-736,1,0.858585,0.85
Kepler-736,1,0.858585,0.85
Kepler-736,1,0.858585,0.85
Kepler-736,1,0.855,0.805
Kepler-736,1,0.856,NA
Kepler-737,1,NA,NA
Kepler-737,1,0.517539,0.51512
Kepler-737,1,0.46,0.49
Kepler-737,1,0.46,0.49
Kepler-737,1,0.517539,0.51512
Kepler-737,1,0.513,0.534
Kepler-737,1,0.48,0.51
Kepler-737,1,0.511,NA
Kepler-737,1,0.46,0.49
Kepler-737,1,0.517539,0.51512
Kepler-737,1,0.461,0.47
Kepler-738,1,0.749,0.831
Kepler-738,1,0.79,0.896
Kepler-738,1,0.953211,0.89
Kepler-738,1,0.953211,0.89
Kepler-738,1,0.953211,0.89
Kepler-738,1,0.75,0.817
Kepler-738,1,0.75,0.817
Kepler-738,1,0.75,0.817
Kepler-738,1,0.911,NA
Kepler-738,1,0.82,0.86
Kepler-739,1,0.93,1.035
Kepler-739,1,0.904,0.991
Kepler-739,1,1.052,NA
Kepler-739,1,0.904,0.991
Kepler-739,1,1.07383,1
Kepler-739,1,1.07383,1
Kepler-739,1,0.9,0.93
Kepler-739,1,0.904,0.991
Kepler-739,1,0.904,0.991
Kepler-739,1,1.07383,1
Kepler-74,1,1.12,1.18
Kepler-74,1,1.498,1.268
Kepler-74,1,1.498,1.268
Kepler-74,1,1.43728,1.05
Kepler-74,1,1.43728,NA
Kepler-74,1,1.43728,1.05
Kepler-74,1,1.51,1.4
Kepler-74,1,1.498,1.268
Kepler-74,1,1.498,1.268
Kepler-74,1,1.12,1.18
Kepler-74,1,1.48,1.26
Kepler-74,1,1.342,NA
Kepler-74,1,0.91,1.018
Kepler-74,1,1.43728,1.05
Kepler-740,1,0.922,1.021
Kepler-740,1,0.986491,0.94
Kepler-740,1,0.83,0.94
Kepler-740,1,0.922,1.021
Kepler-740,1,0.986491,0.94
Kepler-740,1,0.922,1.021
Kepler-740,1,0.87,0.91
Kepler-740,1,0.986491,0.94
Kepler-740,1,0.922,1.021
Kepler-740,1,0.971,NA
Kepler-741,1,1.24,1.16
Kepler-741,1,1.38133,1.09
Kepler-741,1,1.331,NA
Kepler-741,1,1.07,1.15
Kepler-741,1,1.058,1.108
Kepler-741,1,1.032,1.084
Kepler-741,1,1.38133,1.09
Kepler-741,1,1.032,1.084
Kepler-741,1,1.38133,1.09
Kepler-741,1,1.032,1.084
Kepler-742,1,0.81,0.786
Kepler-742,1,0.727321,0.72
Kepler-742,1,0.684,NA
Kepler-742,1,0.71,0.76
Kepler-742,1,0.628,0.654
Kepler-742,1,0.81,0.786
Kepler-742,1,0.727321,0.72
Kepler-742,1,0.81,0.786
Kepler-742,1,0.727321,0.72
Kepler-742,1,0.81,0.786
Kepler-743,1,0.924495,0.945
Kepler-743,1,0.845,0.961
Kepler-743,1,0.917,0.975
Kepler-743,1,0.845,0.961
Kepler-743,1,0.845,0.961
Kepler-743,1,0.916,NA
Kepler-743,1,0.918,0.953
Kepler-743,1,0.857,0.96
Kepler-743,1,0.924495,0.945
Kepler-743,1,0.85,0.94
Kepler-743,1,0.924495,0.945
Kepler-744,1,0.871,NA
Kepler-744,1,1.57,1.06
Kepler-744,1,0.821117,0.991
Kepler-744,1,0.862,0.845
Kepler-744,1,0.821117,0.991
Kepler-744,1,1.592,1.057
Kepler-744,1,1.592,1.057
Kepler-744,1,0.933,0.897
Kepler-744,1,1.592,1.057
Kepler-744,1,0.93,0.94
Kepler-744,1,0.821117,0.991
Kepler-745,1,0.917,1.01
Kepler-745,1,0.917,1.01
Kepler-745,1,1.04,1.04
Kepler-745,1,1.545,NA
Kepler-745,1,1.22,1.035
Kepler-745,1,0.88,0.986
Kepler-745,1,1.60555,1
Kepler-745,1,1.60555,1
Kepler-745,1,0.917,1.01
Kepler-745,1,1.60555,1
Kepler-746,1,1.012,0.976
Kepler-746,1,1.061,0.918
Kepler-746,1,NA,NA
Kepler-746,1,1.022,0.902
Kepler-746,1,0.93,0.91
Kepler-746,1,NA,NA
Kepler-746,1,1.061,0.918
Kepler-746,1,1.061,0.918
Kepler-747,1,0.77,0.758
Kepler-747,1,3.20668,NA
Kepler-747,1,0.78,0.82
Kepler-747,1,3.20668,NA
Kepler-747,1,3.20668,NA
Kepler-747,1,0.779,0.737
Kepler-747,1,0.779,0.737
Kepler-747,1,0.779,0.737
Kepler-747,1,0.779,0.737
Kepler-748,1,1.1,1.07
Kepler-748,1,0.99,1.06
Kepler-748,1,0.961,1.002
Kepler-748,1,0.961,1.002
Kepler-748,1,0.961,1.002
Kepler-748,1,1.487,NA
Kepler-748,1,1.53591,1.02
Kepler-748,1,1.53591,1.02
Kepler-748,1,0.961,1.002
Kepler-749,1,0.789,NA
Kepler-749,1,0.502,0.52
Kepler-749,1,0.7,0.717
Kepler-749,1,0.772455,0.81
Kepler-749,1,0.772455,0.81
Kepler-749,1,0.502,0.52
Kepler-749,1,0.772455,0.81
Kepler-749,1,0.75,0.79
Kepler-749,1,0.502,0.52
Kepler-749,1,0.502,0.52
Kepler-75,1,0.843,0.821
Kepler-75,1,0.83,0.83
Kepler-75,1,0.977054,0.87
Kepler-75,1,0.948,0.921
Kepler-75,1,0.843,0.821
Kepler-75,1,0.962,NA
Kepler-75,1,0.977054,NA
Kepler-75,1,0.977054,0.87
Kepler-75,1,0.843,0.821
Kepler-75,1,0.843,0.821
Kepler-75,1,0.89,0.91
Kepler-75,1,0.977054,0.87
Kepler-75,1,0.77,0.77
Kepler-75,1,0.89,0.91
Kepler-75,1,0.88,0.88
Kepler-750,2,1.02,1.12
Kepler-750,2,1.23,1.15
Kepler-750,2,1.36307,1.12
Kepler-750,2,1.168,1.19
Kepler-750,2,1.36307,1.12
Kepler-750,2,1.403,NA
Kepler-750,2,1.363,1.002
Kepler-750,2,1.168,1.19
Kepler-750,2,1.168,1.19
Kepler-750,2,1.86,1.204
Kepler-750,2,1.36307,1.12
Kepler-750,2,1.86,1.204
Kepler-750,2,1.36307,1.12
Kepler-750,2,1.02,1.12
Kepler-750,2,1.168,1.19
Kepler-750,2,1.403,NA
Kepler-750,2,1.36307,1.12
Kepler-750,2,1.168,1.19
Kepler-750,2,1.168,1.19
Kepler-750,2,1.23,1.15
Kepler-750,2,1.363,1.002
Kepler-751,1,0.866325,0.92
Kepler-751,1,0.966,0.882
Kepler-751,1,0.84,0.87
Kepler-751,1,0.95,0.849
Kepler-751,1,0.85,NA
Kepler-751,1,0.866325,0.92
Kepler-751,1,0.866325,0.92
Kepler-751,1,0.966,0.882
Kepler-751,1,0.966,0.882
Kepler-751,1,0.966,0.882
Kepler-752,1,0.965766,0.96
Kepler-752,1,0.939,NA
Kepler-752,1,0.965766,0.96
Kepler-752,1,0.86,0.93
Kepler-752,1,0.965766,0.96
Kepler-752,1,0.86,0.93
Kepler-752,1,0.86,0.93
Kepler-752,1,0.86,0.93
Kepler-752,1,0.83,0.87
Kepler-752,1,0.85,0.93
Kepler-753,1,0.67461,0.668
Kepler-753,1,0.632,0.637
Kepler-753,1,0.52,0.53
Kepler-753,1,0.52,0.53
Kepler-753,1,0.67461,0.668
Kepler-753,1,0.562,0.592
Kepler-753,1,0.65,0.68
Kepler-753,1,0.67461,0.668
Kepler-753,1,0.52,0.53
Kepler-753,1,0.644,NA
Kepler-754,1,1.08,1.06
Kepler-754,1,1.604,NA
Kepler-754,1,0.966,0.983
Kepler-754,1,0.966,0.983
Kepler-754,1,0.966,0.983
Kepler-754,1,0.966,0.983
Kepler-754,1,0.97,1
Kepler-754,1,1.48507,1.11
Kepler-755,2,0.771,0.733
Kepler-755,2,0.771,0.733
Kepler-755,2,0.743554,0.87
Kepler-755,2,0.766,0.807
Kepler-755,2,0.83,NA
Kepler-755,2,0.743554,0.87
Kepler-755,2,0.771,0.733
Kepler-755,2,0.821,0.829
Kepler-755,2,0.76,0.75
Kepler-755,2,0.743554,0.87
Kepler-755,2,0.77,0.82
Kepler-755,2,0.743554,0.87
Kepler-755,2,0.771,0.733
Kepler-755,2,0.743554,0.87
Kepler-755,2,0.76,0.75
Kepler-755,2,0.771,0.733
Kepler-755,2,0.821,0.829
Kepler-755,2,0.771,0.733
Kepler-755,2,0.743554,0.87
Kepler-755,2,0.766,0.807
Kepler-755,2,0.83,NA
Kepler-755,2,0.77,0.82
Kepler-756,1,0.827,0.902
Kepler-756,1,NA,NA
Kepler-756,1,0.827,0.902
Kepler-756,1,0.79,0.82
Kepler-756,1,0.827,0.902
Kepler-756,1,0.81,0.912
Kepler-756,1,1.107,0.933
Kepler-756,1,NA,NA
Kepler-757,1,0.806,0.883
Kepler-757,1,1.02,0.875
Kepler-757,1,1.274,NA
Kepler-757,1,0.806,0.883
Kepler-757,1,0.81,0.91
Kepler-757,1,1.13,1.08
Kepler-757,1,1.24785,1.01
Kepler-757,1,1.24785,1.01
Kepler-757,1,0.806,0.883
Kepler-758,4,1.53467,1.3
Kepler-758,4,1.351,1.261
Kepler-758,4,1.571,NA
Kepler-758,4,1.24,1.27
Kepler-758,4,1.458,0.96
Kepler-758,4,1.42,1.16
Kepler-758,4,1.351,1.261
Kepler-758,4,1.518,1.13
Kepler-758,4,1.53467,1.3
Kepler-758,4,1.351,1.261
Kepler-758,4,1.518,1.13
Kepler-758,4,1.53467,1.3
Kepler-758,4,1.24,1.27
Kepler-758,4,1.571,NA
Kepler-758,4,1.351,1.261
Kepler-758,4,1.53467,1.3
Kepler-758,4,1.351,1.261
Kepler-758,4,1.42,1.16
Kepler-758,4,1.458,0.96
Kepler-758,4,1.351,1.261
Kepler-758,4,1.351,1.261
Kepler-758,4,1.53467,1.3
Kepler-758,4,1.53467,1.3
Kepler-758,4,1.24,1.27
Kepler-758,4,1.458,0.96
Kepler-758,4,1.351,1.261
Kepler-758,4,1.351,1.261
Kepler-758,4,1.42,1.16
Kepler-758,4,1.518,1.13
Kepler-758,4,1.571,NA
Kepler-758,4,1.42,1.16
Kepler-758,4,1.24,1.27
Kepler-758,4,1.351,1.261
Kepler-758,4,1.458,0.96
Kepler-758,4,1.351,1.261
Kepler-758,4,1.571,NA
Kepler-758,4,1.518,1.13
Kepler-758,4,1.351,1.261
Kepler-758,4,1.53467,1.3
Kepler-758,4,1.53467,1.3
Kepler-759,1,NA,NA
Kepler-759,1,0.973,0.961
Kepler-759,1,NA,NA
Kepler-759,1,1.04,1.04
Kepler-759,1,0.973,0.961
Kepler-759,1,0.973,0.961
Kepler-759,1,0.973,0.961
Kepler-759,1,1.889,NA
Kepler-759,1,0.97,0.98
Kepler-76,1,1.331,1.342
Kepler-76,1,1.32,1.2
Kepler-76,1,1.32,1.2
Kepler-76,1,1.32,1.2
Kepler-76,1,1.32,1.2
Kepler-76,1,1.444,1.171
Kepler-76,1,1.379,NA
Kepler-76,1,1.39,1.24
Kepler-76,1,1.412,1.15
Kepler-76,1,1.444,1.171
Kepler-76,1,1.4874,NA
Kepler-76,1,1.4874,1.16
Kepler-76,1,1.444,1.171
Kepler-760,2,0.847,0.93
Kepler-760,2,0.863,0.809
Kepler-760,2,0.862,NA
Kepler-760,2,0.85,0.89
Kepler-760,2,1.17,1.02
Kepler-760,2,0.905798,0.87
Kepler-760,2,0.905798,0.87
Kepler-760,2,1.119,0.919
Kepler-760,2,1.119,0.919
Kepler-760,2,0.905798,0.87
Kepler-760,2,1.119,0.919
Kepler-760,2,1.119,0.919
Kepler-760,2,1.17,1.02
Kepler-760,2,1.119,0.919
Kepler-760,2,0.863,0.809
Kepler-760,2,0.847,0.93
Kepler-760,2,0.85,0.89
Kepler-760,2,0.862,NA
Kepler-760,2,0.905798,0.87
Kepler-760,2,1.119,0.919
Kepler-760,2,0.905798,0.87
Kepler-761,1,1.07,1.07
Kepler-761,1,1.007,0.959
Kepler-761,1,0.934117,0.99
Kepler-761,1,1.007,0.959
Kepler-761,1,0.934117,0.99
Kepler-761,1,0.934117,0.99
Kepler-761,1,1.007,0.959
Kepler-761,1,0.93,0.95
Kepler-761,1,0.885,NA
Kepler-761,1,0.82,0.865
Kepler-762,1,1.075,1.124
Kepler-762,1,1.38188,1.07
Kepler-762,1,1.38188,1.07
Kepler-762,1,1.098,1.07
Kepler-762,1,1.38188,1.07
Kepler-762,1,1.098,1.07
Kepler-762,1,1.08,1.06
Kepler-762,1,0.99,1.1
Kepler-762,1,1.38188,NA
Kepler-762,1,1.347,NA
Kepler-762,1,1.098,1.07
Kepler-763,3,0.843,0.8
Kepler-763,3,0.8,0.84
Kepler-763,3,0.793,0.879
Kepler-763,3,0.73,0.813
Kepler-763,3,0.878976,0.85
Kepler-763,3,0.793,0.879
Kepler-763,3,0.878976,0.85
Kepler-763,3,0.793,0.879
Kepler-763,3,0.858,NA
Kepler-763,3,0.843,0.8
Kepler-763,3,0.73,0.813
Kepler-763,3,0.793,0.879
Kepler-763,3,0.843,0.8
Kepler-763,3,0.878976,0.85
Kepler-763,3,0.793,0.879
Kepler-763,3,0.793,0.879
Kepler-763,3,0.73,0.813
Kepler-763,3,0.793,0.879
Kepler-763,3,0.793,0.879
Kepler-763,3,0.843,0.8
Kepler-763,3,0.793,0.879
Kepler-763,3,0.843,0.8
Kepler-763,3,0.878976,0.85
Kepler-764,1,0.847,0.932
Kepler-764,1,0.89,0.92
Kepler-764,1,0.847,0.932
Kepler-764,1,0.87,0.97
Kepler-764,1,0.943403,0.96
Kepler-764,1,0.847,0.932
Kepler-764,1,0.848,0.938
Kepler-764,1,0.91,NA
Kepler-764,1,0.943403,0.96
Kepler-765,1,1.16715,1.04
Kepler-765,1,1.017,0.939
Kepler-765,1,1.017,0.939
Kepler-765,1,1.05,1.031
Kepler-765,1,1.06,1.05
Kepler-765,1,1.16715,1.04
Kepler-765,1,1.16715,1.04
Kepler-765,1,1.123,NA
Kepler-765,1,1.017,0.939
Kepler-765,1,1.017,0.939
Kepler-766,1,1.74979,1
Kepler-766,1,1.74979,1
Kepler-766,1,1.15,1.1
Kepler-766,1,0.937,1.026
Kepler-766,1,0.937,1.026
Kepler-766,1,1.74979,1
Kepler-766,1,0.91,1.019
Kepler-766,1,0.937,1.026
Kepler-766,1,0.937,1.026
Kepler-767,1,0.867,0.959
Kepler-767,1,1.213,1.033
Kepler-767,1,0.867,0.959
Kepler-767,1,1.797,NA
Kepler-767,1,0.89,0.999
Kepler-767,1,0.94,0.96
Kepler-767,1,1.78176,1.01
Kepler-767,1,0.867,0.959
Kepler-767,1,1.78176,1.01
Kepler-768,1,0.78,0.82
Kepler-768,1,0.76,0.814
Kepler-768,1,0.76,0.814
Kepler-768,1,0.728,0.836
Kepler-768,1,0.775191,0.83
Kepler-768,1,0.775191,0.83
Kepler-768,1,0.786,NA
Kepler-768,1,0.663,0.754
Kepler-768,1,0.76,0.814
Kepler-769,2,1.14383,1.1
Kepler-769,2,1.009,1.07
Kepler-769,2,1.14383,1.1
Kepler-769,2,1.103,NA
Kepler-769,2,1.176,1.14
Kepler-769,2,1.02,1.1
Kepler-769,2,1.14383,1.1
Kepler-769,2,1.009,1.07
Kepler-769,2,1.009,1.07
Kepler-769,2,1.28,1.19
Kepler-769,2,1.28,1.19
Kepler-769,2,1.009,1.07
Kepler-769,2,1.14383,1.1
Kepler-769,2,1.103,NA
Kepler-769,2,1.02,1.1
Kepler-769,2,1.009,1.07
Kepler-769,2,1.176,1.14
Kepler-769,2,1.009,1.07
Kepler-769,2,1.14383,1.1
Kepler-77,1,1,0.99
Kepler-77,1,0.998,NA
Kepler-77,1,1.06062,0.96
Kepler-77,1,0.99,1.08
Kepler-77,1,1.06062,0.96
Kepler-77,1,1.06062,NA
Kepler-77,1,0.984,1.067
Kepler-77,1,0.994,0.95
Kepler-77,1,0.976,1.09
Kepler-77,1,1.06062,0.96
Kepler-77,1,1.039,1.105
Kepler-77,1,0.99,0.95
Kepler-77,1,0.99,0.95
Kepler-77,1,0.976,1.09
Kepler-77,1,0.976,1.09
Kepler-770,3,0.753,0.822
Kepler-770,3,0.753,0.822
Kepler-770,3,1.221,NA
Kepler-770,3,1.17497,0.96
Kepler-770,3,0.81,0.91
Kepler-770,3,4.885,1.808
Kepler-770,3,0.753,0.822
Kepler-770,3,0.92,0.94
Kepler-770,3,1.17497,0.96
Kepler-770,3,1.17497,0.96
Kepler-770,3,0.753,0.822
Kepler-770,3,1.221,NA
Kepler-770,3,1.17497,0.96
Kepler-770,3,0.753,0.822
Kepler-770,3,4.885,1.808
Kepler-770,3,0.92,0.94
Kepler-770,3,0.81,0.91
Kepler-770,3,0.753,0.822
Kepler-770,3,1.17497,0.96
Kepler-770,3,0.753,0.822
Kepler-770,3,1.221,NA
Kepler-770,3,1.17497,0.96
Kepler-770,3,0.753,0.822
Kepler-770,3,0.92,0.94
Kepler-770,3,4.885,1.808
Kepler-770,3,0.753,0.822
Kepler-770,3,0.81,0.91
Kepler-770,3,1.17497,0.96
Kepler-771,1,1.05,1.03
Kepler-771,1,1.45,NA
Kepler-771,1,0.96,1.047
Kepler-771,1,0.96,1.047
Kepler-771,1,0.93,1.02
Kepler-771,1,1.4995,1.04
Kepler-771,1,0.96,1.047
Kepler-771,1,0.96,1.047
Kepler-771,1,1.4995,1.04
Kepler-772,1,1.212,0.928
Kepler-772,1,1.85723,0.98
Kepler-772,1,1.783,1.095
Kepler-772,1,1.212,0.928
Kepler-772,1,1.11,0.98
Kepler-772,1,1.85723,0.98
Kepler-772,1,1.23,0.91
Kepler-772,1,1.242,0.968
Kepler-772,1,1.827,NA
Kepler-772,1,1.85723,0.98
Kepler-772,1,1.212,0.928
Kepler-773,1,0.983,0.987
Kepler-773,1,1.114,0.949
Kepler-773,1,1.05,1.011
Kepler-773,1,1.15785,1.007
Kepler-773,1,1.15785,1.007
Kepler-773,1,1.01,1.04
Kepler-773,1,1.056,NA
Kepler-773,1,1.15785,1.007
Kepler-773,1,1.043,0.973
Kepler-773,1,1.114,0.949
Kepler-773,1,1.114,0.949
Kepler-774,1,1.862,NA
Kepler-774,1,1.825,1.373
Kepler-774,1,1.58,1.318
Kepler-774,1,1.974,1.322
Kepler-774,1,1.91129,1.3
Kepler-774,1,1.91129,1.3
Kepler-774,1,2.867,1.497
Kepler-774,1,1.91129,1.3
Kepler-774,1,1.974,1.322
Kepler-774,1,1.974,1.322
Kepler-774,1,2.42,1.57
Kepler-775,1,0.878,0.928
Kepler-775,1,0.852051,0.928
Kepler-775,1,0.852051,0.928
Kepler-775,1,0.84,0.92
Kepler-775,1,0.852051,0.928
Kepler-775,1,0.842,NA
Kepler-775,1,0.832,0.924
Kepler-775,1,0.832,0.924
Kepler-775,1,0.832,0.924
Kepler-775,1,0.834,0.864
Kepler-775,1,0.832,0.924
Kepler-776,1,0.847,0.794
Kepler-776,1,0.847,0.794
Kepler-776,1,0.785,NA
Kepler-776,1,0.73,0.74
Kepler-776,1,0.847,0.794
Kepler-776,1,0.847,0.794
Kepler-776,1,0.824551,0.81
Kepler-776,1,0.824551,0.81
Kepler-776,1,0.78,0.83
Kepler-777,1,0.57,0.59
Kepler-777,1,0.672976,0.63
Kepler-777,1,0.641,NA
Kepler-777,1,0.672976,0.63
Kepler-777,1,0.548,0.567
Kepler-777,1,0.56,0.58
Kepler-777,1,NA,NA
Kepler-777,1,0.57,0.59
Kepler-777,1,0.57,0.59
Kepler-777,1,0.537,0.564
Kepler-778,1,0.788,0.884
Kepler-778,1,0.796643,0.86
Kepler-778,1,0.788,0.884
Kepler-778,1,0.788,0.884
Kepler-778,1,0.77,0.81
Kepler-778,1,0.788,0.884
Kepler-778,1,0.788,NA
Kepler-778,1,0.74,0.84
Kepler-778,1,0.796643,0.86
Kepler-779,1,0.389,0.4
Kepler-779,1,0.517,0.541
Kepler-779,1,0.544,NA
Kepler-779,1,0.549523,0.544826
Kepler-779,1,0.4,0.41
Kepler-779,1,0.4,0.41
Kepler-779,1,0.4,0.41
Kepler-779,1,0.44,0.46
Kepler-779,1,0.549523,0.544826
Kepler-78,1,0.75,0.84
Kepler-78,1,0.7475,0.779
Kepler-78,1,0.728829,0.85
Kepler-78,1,NA,0.83
Kepler-78,1,0.74,0.81
Kepler-78,1,0.737,0.758
Kepler-78,1,0.7475,0.779
Kepler-78,1,0.74,0.83
Kepler-780,1,1.03547,NA
Kepler-780,1,1.09,1.003
Kepler-780,1,1.02,1.01
Kepler-780,1,1.099,0.955
Kepler-780,1,1.099,0.955
Kepler-780,1,1.037,0.974
Kepler-780,1,1.099,0.955
Kepler-780,1,1.03547,NA
Kepler-781,1,0.726,0.806
Kepler-781,1,0.726,0.806
Kepler-781,1,0.795,NA
Kepler-781,1,0.728,0.813
Kepler-781,1,0.78,0.81
Kepler-781,1,0.726,0.806
Kepler-781,1,0.804409,0.87
Kepler-781,1,0.759,0.861
Kepler-781,1,0.804409,0.87
Kepler-781,1,0.804409,0.87
Kepler-782,1,1.112,0.856
Kepler-782,1,1.186,0.976
Kepler-782,1,1.17135,1.01
Kepler-782,1,1.17135,1.01
Kepler-782,1,1.186,0.976
Kepler-782,1,1.25,1.07
Kepler-782,1,1.01,0.98
Kepler-782,1,1.123,NA
Kepler-782,1,1.186,0.976
Kepler-782,1,1.034,0.852
Kepler-782,1,1.17135,1.01
Kepler-783,2,1.114,0.839
Kepler-783,2,0.856,NA
Kepler-783,2,0.848,0.881
Kepler-783,2,1.17,0.944
Kepler-783,2,0.863,0.854
Kepler-783,2,0.89,0.93
Kepler-783,2,1.114,0.839
Kepler-783,2,0.872088,0.94
Kepler-783,2,0.872088,0.94
Kepler-783,2,1.114,0.839
Kepler-783,2,0.872088,0.94
Kepler-783,2,0.863,0.854
Kepler-783,2,0.872088,0.94
Kepler-783,2,1.114,0.839
Kepler-783,2,1.114,0.839
Kepler-783,2,1.17,0.944
Kepler-783,2,0.872088,0.94
Kepler-783,2,1.114,0.839
Kepler-783,2,0.848,0.881
Kepler-784,2,1.65,1.059
Kepler-784,2,1.32,1
Kepler-784,2,1.791,1.062
Kepler-784,2,2.789,1.443
Kepler-784,2,1.791,1.062
Kepler-784,2,2.87389,0.98
Kepler-784,2,2.87389,0.98
Kepler-784,2,2.87389,0.98
Kepler-784,2,1.487,1.016
Kepler-784,2,2.878,NA
Kepler-784,2,1.791,1.062
Kepler-784,2,1.791,1.062
Kepler-784,2,1.791,1.062
Kepler-784,2,2.87389,0.98
Kepler-784,2,1.487,1.016
Kepler-784,2,2.789,1.443
Kepler-784,2,1.65,1.059
Kepler-784,2,1.487,1.016
Kepler-784,2,1.791,1.062
Kepler-784,2,2.87389,0.98
Kepler-785,1,0.697971,NA
Kepler-785,1,0.697971,0.74
Kepler-785,1,0.738,NA
Kepler-785,1,0.5,0.53
Kepler-785,1,0.503,0.534
Kepler-785,1,0.5,0.53
Kepler-785,1,0.697971,0.74
Kepler-785,1,0.697971,0.74
Kepler-785,1,0.5,0.53
Kepler-785,1,0.618,0.68
Kepler-785,1,0.71,0.77
Kepler-786,1,0.708,0.769
Kepler-786,1,0.815455,0.721
Kepler-786,1,0.74,0.81
Kepler-786,1,0.725,0.772
Kepler-786,1,0.695,0.766
Kepler-786,1,0.725,0.772
Kepler-786,1,0.708,0.791
Kepler-786,1,0.714,NA
Kepler-786,1,0.725,0.772
Kepler-786,1,0.815455,0.721
Kepler-786,1,0.815455,0.721
Kepler-787,1,0.72,0.76
Kepler-787,1,0.632532,0.68
Kepler-787,1,0.552,0.611
Kepler-787,1,0.72,0.76
Kepler-787,1,0.602,0.621
Kepler-787,1,0.62,0.65
Kepler-787,1,0.72,0.76
Kepler-787,1,0.632532,0.68
Kepler-787,1,NA,NA
Kepler-787,1,0.698,NA
Kepler-788,1,1.031,1.084
Kepler-788,1,1.044,1.096
Kepler-788,1,1.31291,1.15
Kepler-788,1,1.06,1.14
Kepler-788,1,1.31291,1.15
Kepler-788,1,1.23,1.16
Kepler-788,1,1.31291,1.15
Kepler-788,1,1.031,1.084
Kepler-788,1,1.319,NA
Kepler-788,1,1.031,1.084
Kepler-789,1,0.988,1.039
Kepler-789,1,1,1.1
Kepler-789,1,1.64194,1.1
Kepler-789,1,1.734,NA
Kepler-789,1,3.046,1.536
Kepler-789,1,0.988,1.039
Kepler-789,1,1.64194,1.1
Kepler-789,1,1.02,1.01
Kepler-789,1,0.988,1.039
Kepler-789,1,1.64194,1.1
Kepler-79,4,1.037,1.084
Kepler-79,4,1.31,1.18
Kepler-79,4,1.037,1.08
Kepler-79,4,1.037,1.084
Kepler-79,4,1.1,1.1
Kepler-79,4,1.283,1.244
Kepler-79,4,1.283,1.244
Kepler-79,4,1.343,NA
Kepler-79,4,1.35452,1.24
Kepler-79,4,1.283,1.244
Kepler-79,4,1.037,1.084
Kepler-79,4,1.1,1.18
Kepler-79,4,1.302,1.165
Kepler-79,4,1.35452,1.24
Kepler-79,4,1.324,1.101
Kepler-79,4,1.316,1.244
Kepler-79,4,1.1,1.1
Kepler-79,4,1.283,1.244
Kepler-79,4,1.037,1.084
Kepler-79,4,1.1,1.18
Kepler-79,4,1.037,1.08
Kepler-79,4,1.302,1.165
Kepler-79,4,1.316,1.244
Kepler-79,4,1.35452,1.24
Kepler-79,4,1.283,1.244
Kepler-79,4,1.35452,1.24
Kepler-79,4,1.324,1.101
Kepler-79,4,1.037,1.084
Kepler-79,4,1.283,1.244
Kepler-79,4,1.31,1.18
Kepler-79,4,1.037,1.084
Kepler-79,4,1.343,NA
Kepler-79,4,1.302,1.165
Kepler-79,4,1.1,1.18
Kepler-79,4,1.35452,1.24
Kepler-79,4,1.31,1.18
Kepler-79,4,1.343,NA
Kepler-79,4,1.403,NA
Kepler-79,4,1.35452,1.24
Kepler-79,4,1.283,1.244
Kepler-79,4,1.324,1.101
Kepler-79,4,1.037,1.084
Kepler-79,4,1.283,1.244
Kepler-79,4,1.316,1.244
Kepler-79,4,1.35452,1.24
Kepler-79,4,1.037,1.084
Kepler-79,4,1.283,1.244
Kepler-79,4,1.037,1.084
Kepler-79,4,1.037,1.08
Kepler-79,4,1.283,1.244
Kepler-79,4,1.037,1.084
Kepler-79,4,1.316,1.244
Kepler-79,4,1.31,1.18
Kepler-79,4,1.35452,1.24
Kepler-79,4,1.35452,1.24
Kepler-79,4,1.037,1.084
Kepler-79,4,1.1,1.18
Kepler-79,4,1.324,1.101
Kepler-79,4,1.403,NA
Kepler-79,4,1.283,1.244
Kepler-79,4,1.302,1.165
Kepler-79,4,1.35452,1.24
Kepler-79,4,1.037,1.084
Kepler-79,4,1.283,1.244
Kepler-79,4,NA,1.1
Kepler-79,4,1.343,NA
Kepler-790,1,0.772,0.726
Kepler-790,1,0.772,0.726
Kepler-790,1,0.789399,0.85
Kepler-790,1,0.789399,0.85
Kepler-790,1,0.772,0.726
Kepler-790,1,0.772,0.726
Kepler-790,1,0.789399,0.85
Kepler-790,1,0.772,NA
Kepler-790,1,0.81,0.777
Kepler-790,1,0.8,0.84
Kepler-791,1,1.33182,1.24
Kepler-791,1,1.47,1.3
Kepler-791,1,1.06,1.14
Kepler-791,1,1.33182,1.24
Kepler-791,1,1.144,1.221
Kepler-791,1,1.507,1.246
Kepler-791,1,1.144,1.221
Kepler-791,1,1.144,1.221
Kepler-791,1,1.318,NA
Kepler-792,1,0.994,1.014
Kepler-792,1,1.12,1.09
Kepler-792,1,1.122,1.005
Kepler-792,1,0.994,1.014
Kepler-792,1,0.98,0.98
Kepler-792,1,1.331,NA
Kepler-792,1,1.37928,1.03
Kepler-792,1,1.37928,1.03
Kepler-792,1,0.994,1.014
Kepler-793,1,0.97,0.98
Kepler-793,1,1.21429,0.99
Kepler-793,1,1.047,0.875
Kepler-793,1,1.21429,0.99
Kepler-793,1,1.221,NA
Kepler-793,1,1.047,0.875
Kepler-793,1,1.047,0.875
Kepler-793,1,1.047,0.875
Kepler-793,1,1.06,0.93
Kepler-794,1,1.087,0.989
Kepler-794,1,1.16,1.05
Kepler-794,1,1.087,0.989
Kepler-794,1,1.635,1.087
Kepler-794,1,1.666,NA
Kepler-794,1,1.65043,1.11
Kepler-794,1,1.435,1.195
Kepler-794,1,1.087,0.989
Kepler-794,1,1.38,1.19
Kepler-794,1,1.65043,1.11
Kepler-794,1,1.65043,1.11
Kepler-795,1,0.988,0.897
Kepler-795,1,1.05,0.959
Kepler-795,1,0.988,0.897
Kepler-795,1,0.96,0.94
Kepler-795,1,0.996,0.911
Kepler-795,1,1.038,0.89
Kepler-795,1,0.988,0.897
Kepler-795,1,1.03781,0.989
Kepler-795,1,1.03781,0.989
Kepler-795,1,1.03781,0.989
Kepler-796,1,2.422,NA
Kepler-796,1,2.45824,NA
Kepler-796,1,1.421,0.943
Kepler-796,1,1.878,1.098
Kepler-796,1,2.369,1.274
Kepler-796,1,1.878,1.098
Kepler-796,1,1.878,1.098
Kepler-796,1,1.09,0.93
Kepler-796,1,1.69,1.057
Kepler-796,1,2.45824,NA
Kepler-797,1,1.65769,1.06
Kepler-797,1,0.95,0.96
Kepler-797,1,0.836,0.825
Kepler-797,1,0.836,0.825
Kepler-797,1,1.626,NA
Kepler-797,1,0.86,0.9
Kepler-797,1,1.65769,1.06
Kepler-797,1,0.836,0.825
Kepler-797,1,0.965,1.075
Kepler-797,1,1.65769,1.06
Kepler-798,1,1.22214,1.08
Kepler-798,1,1.11,1.16
Kepler-798,1,1.22214,1.08
Kepler-798,1,1.105,1.145
Kepler-798,1,1.141,NA
Kepler-798,1,1.22214,1.08
Kepler-798,1,1.156,1.16
Kepler-798,1,1.156,1.16
Kepler-798,1,1.29,1.19
Kepler-798,1,1.156,1.16
Kepler-799,2,1.593,1.031
Kepler-799,2,0.93,0.95
Kepler-799,2,1.012,1.117
Kepler-799,2,NA,NA
Kepler-799,2,1.012,1.117
Kepler-799,2,0.93,1.03
Kepler-799,2,NA,NA
Kepler-799,2,1.393,NA
Kepler-799,2,NA,NA
Kepler-799,2,1.012,1.117
Kepler-799,2,1.593,1.031
Kepler-799,2,NA,NA
Kepler-799,2,0.93,1.03
Kepler-799,2,1.593,1.031
Kepler-799,2,NA,NA
Kepler-799,2,1.012,1.117
Kepler-799,2,1.012,1.117
Kepler-799,2,1.012,1.117
Kepler-8,1,1.5817,NA
Kepler-8,1,1.451,1.132
Kepler-8,1,1.495,1.23
Kepler-8,1,1.56,1.14
Kepler-8,1,1.49,1.23
Kepler-8,1,1.451,1.132
Kepler-8,1,1.486,1.213
Kepler-8,1,1.5817,1.18
Kepler-8,1,1.451,1.132
Kepler-8,1,1.57,NA
Kepler-8,1,1.536,1.145
Kepler-8,1,1.486,1.213
Kepler-8,1,1.5817,1.18
Kepler-8,1,1.451,1.132
Kepler-8,1,1.5817,1.18
Kepler-8,1,1.486,1.213
Kepler-80,6,0.57,0.59
Kepler-80,6,0.65,0.72
Kepler-80,6,0.66402,0.731
Kepler-80,6,0.647,0.722
Kepler-80,6,0.57,0.59
Kepler-80,6,0.685,0.725
Kepler-80,6,0.71,0.76
Kepler-80,6,0.57,0.59
Kepler-80,6,0.678,0.73
Kepler-80,6,0.681,NA
Kepler-80,6,0.57,0.59
Kepler-80,6,NA,0.73
Kepler-80,6,0.66402,0.731
Kepler-80,6,NA,0.73
Kepler-80,6,0.567,0.584
Kepler-80,6,0.685,0.725
Kepler-80,6,0.678,0.73
Kepler-80,6,0.677,0.725
Kepler-80,6,0.66402,0.731
Kepler-80,6,0.681,NA
Kepler-80,6,0.65,0.72
Kepler-80,6,0.57,0.59
Kepler-80,6,0.677,0.725
Kepler-80,6,0.685,0.725
Kepler-80,6,0.685,0.725
Kepler-80,6,0.66402,0.731
Kepler-80,6,0.678,0.73
Kepler-80,6,0.678,0.73
Kepler-80,6,0.647,0.722
Kepler-80,6,0.71,0.76
Kepler-80,6,0.57,0.59
Kepler-80,6,NA,0.73
Kepler-80,6,0.57,0.59
Kepler-80,6,NA,0.73
Kepler-80,6,0.567,0.584
Kepler-80,6,0.57,0.59
Kepler-80,6,0.637,NA
Kepler-80,6,0.66402,0.731
Kepler-80,6,0.647,0.722
Kepler-80,6,NA,0.6
Kepler-80,6,0.57,0.59
Kepler-80,6,NA,0.73
Kepler-80,6,0.57,0.59
Kepler-80,6,0.678,0.73
Kepler-80,6,0.57,0.59
Kepler-80,6,0.71,0.76
Kepler-80,6,0.685,0.725
Kepler-80,6,0.681,NA
Kepler-80,6,0.677,0.725
Kepler-80,6,0.685,0.725
Kepler-80,6,0.567,0.584
Kepler-80,6,0.66402,0.731
Kepler-80,6,0.66402,0.731
Kepler-80,6,NA,0.73
Kepler-80,6,0.57,0.59
Kepler-80,6,0.678,0.73
Kepler-80,6,0.678,0.73
Kepler-80,6,0.685,0.725
Kepler-80,6,0.57,0.59
Kepler-80,6,0.66402,0.731
Kepler-80,6,NA,0.73
Kepler-80,6,0.66402,0.731
Kepler-80,6,0.685,0.725
Kepler-80,6,0.71,0.76
Kepler-80,6,0.681,NA
Kepler-80,6,0.637,NA
Kepler-80,6,0.677,0.725
Kepler-80,6,0.57,0.59
Kepler-80,6,0.567,0.584
Kepler-80,6,0.57,0.59
Kepler-80,6,NA,0.6
Kepler-80,6,0.57,0.59
Kepler-80,6,0.647,0.722
Kepler-80,6,0.678,0.73
Kepler-80,6,NA,0.73
Kepler-80,6,0.66402,0.731
Kepler-80,6,0.71,0.76
Kepler-80,6,0.678,0.73
Kepler-80,6,0.57,0.59
Kepler-80,6,0.57,0.59
Kepler-80,6,0.567,0.584
Kepler-80,6,0.647,0.722
Kepler-80,6,0.66402,0.731
Kepler-80,6,0.681,NA
Kepler-80,6,0.57,0.59
Kepler-80,6,0.678,0.73
Kepler-80,6,0.685,0.725
Kepler-80,6,0.685,0.725
Kepler-80,6,0.677,0.725
Kepler-80,6,0.678,0.83
Kepler-80,6,0.685,0.725
Kepler-80,6,NA,0.73
Kepler-80,6,0.678,0.73
Kepler-80,6,0.685,0.725
Kepler-80,6,NA,0.73
Kepler-800,1,0.787518,0.91
Kepler-800,1,0.83,0.923
Kepler-800,1,0.822,0.907
Kepler-800,1,0.824,0.905
Kepler-800,1,0.82,0.85
Kepler-800,1,0.824,0.905
Kepler-800,1,0.787518,0.91
Kepler-800,1,0.787518,0.91
Kepler-800,1,0.824,0.905
Kepler-800,1,0.783,NA
Kepler-801,1,0.49,0.51
Kepler-801,1,0.597,0.626
Kepler-801,1,0.63,0.67
Kepler-801,1,NA,NA
Kepler-801,1,0.492,0.513
Kepler-801,1,0.689681,0.69
Kepler-801,1,0.49,0.51
Kepler-801,1,0.69,NA
Kepler-801,1,0.49,0.51
Kepler-801,1,0.689681,0.69
Kepler-801,1,0.689681,0.69
Kepler-802,1,0.872,0.972
Kepler-802,1,0.861,NA
Kepler-802,1,0.872,0.972
Kepler-802,1,0.880822,0.94
Kepler-802,1,0.868,0.963
Kepler-802,1,0.872,0.972
Kepler-802,1,0.83,0.933
Kepler-802,1,0.9,0.93
Kepler-802,1,0.880822,0.94
Kepler-802,1,0.880822,0.94
Kepler-803,1,1.25037,1.08
Kepler-803,1,1.25037,1.08
Kepler-803,1,1.25037,1.08
Kepler-803,1,1.167,1.012
Kepler-803,1,1.192,NA
Kepler-803,1,1.12,1.05
Kepler-803,1,1.181,1.005
Kepler-803,1,0.94,0.884
Kepler-803,1,0.945,0.875
Kepler-803,1,0.945,0.875
Kepler-803,1,0.945,0.875
Kepler-804,2,1.067,0.946
Kepler-804,2,1.065,NA
Kepler-804,2,1.07268,1.02
Kepler-804,2,1.051,0.927
Kepler-804,2,1.031,0.95
Kepler-804,2,1.031,0.95
Kepler-804,2,1.07268,1.02
Kepler-804,2,1.031,0.95
Kepler-804,2,1.05,1.01
Kepler-804,2,1.07268,1.02
Kepler-804,2,0.88,0.987
Kepler-804,2,1.05,1.01
Kepler-804,2,1.051,0.927
Kepler-804,2,0.88,0.987
Kepler-804,2,1.031,0.95
Kepler-804,2,1.067,0.946
Kepler-804,2,1.07268,1.02
Kepler-804,2,1.031,0.95
Kepler-804,2,1.07268,1.02
Kepler-804,2,1.031,0.95
Kepler-804,2,1.065,NA
Kepler-805,1,1.66924,1.15
Kepler-805,1,1.592,1.12
Kepler-805,1,1.66924,1.15
Kepler-805,1,1.65,1.19
Kepler-805,1,1.92,1.111
Kepler-805,1,1.66924,1.15
Kepler-805,1,1.625,1.094
Kepler-805,1,1.643,NA
Kepler-805,1,1.592,1.12
Kepler-805,1,1.571,1.081
Kepler-805,1,1.592,1.12
Kepler-806,1,1.558,0.923
Kepler-806,1,1.922,0.989
Kepler-806,1,1.922,0.989
Kepler-806,1,1.16,0.99
Kepler-806,1,1.922,0.989
Kepler-806,1,1.65832,1.01
Kepler-806,1,1.65,0.95
Kepler-806,1,1.395,0.907
Kepler-806,1,1.575,NA
Kepler-806,1,1.65832,1.01
Kepler-808,1,NA,NA
Kepler-808,1,0.733,0.758
Kepler-808,1,0.53,0.526
Kepler-808,1,NA,NA
Kepler-808,1,0.622,0.65
Kepler-808,1,0.53,0.526
Kepler-808,1,0.53,0.526
Kepler-808,1,NA,NA
Kepler-808,1,0.53,0.526
Kepler-808,1,0.71,0.76
Kepler-809,1,0.962,1.05
Kepler-809,1,0.962,1.05
Kepler-809,1,0.991,NA
Kepler-809,1,0.962,1.05
Kepler-809,1,1.0322,1.01
Kepler-809,1,0.962,1.05
Kepler-809,1,1.0322,1.01
Kepler-809,1,0.9,1.01
Kepler-809,1,0.98,0.99
Kepler-81,3,0.653,0.682
Kepler-81,3,0.582488,0.71
Kepler-81,3,0.52,0.54
Kepler-81,3,0.65,0.69
Kepler-81,3,0.59,0.64
Kepler-81,3,0.582488,0.71
Kepler-81,3,0.582488,0.71
Kepler-81,3,0.582488,0.71
Kepler-81,3,0.653,0.682
Kepler-81,3,0.52,0.54
Kepler-81,3,0.52,0.54
Kepler-81,3,0.52,0.54
Kepler-81,3,0.594,0.648
Kepler-81,3,0.633,0.64
Kepler-81,3,0.643,NA
Kepler-81,3,0.582488,0.71
Kepler-81,3,0.653,0.682
Kepler-81,3,0.633,0.64
Kepler-81,3,0.65,0.69
Kepler-81,3,0.653,0.682
Kepler-81,3,0.643,NA
Kepler-81,3,0.52,0.54
Kepler-81,3,0.582488,0.71
Kepler-81,3,0.59,0.64
Kepler-81,3,0.52,0.54
Kepler-81,3,0.594,0.648
Kepler-81,3,0.582488,0.71
Kepler-81,3,0.52,0.54
Kepler-81,3,0.52,0.54
Kepler-81,3,0.582488,0.71
Kepler-81,3,0.52,0.54
Kepler-81,3,0.582488,0.71
Kepler-81,3,0.582488,0.71
Kepler-81,3,0.52,0.54
Kepler-81,3,0.643,NA
Kepler-81,3,0.594,0.648
Kepler-81,3,0.582488,0.71
Kepler-81,3,0.582488,0.71
Kepler-81,3,0.595,NA
Kepler-81,3,0.633,0.64
Kepler-81,3,0.52,0.54
Kepler-81,3,0.65,0.69
Kepler-81,3,0.653,0.682
Kepler-810,1,0.959,1.045
Kepler-810,1,0.93,1.029
Kepler-810,1,0.959,1.045
Kepler-810,1,0.959,1.045
Kepler-810,1,1.02739,0.99
Kepler-810,1,1.04,1.03
Kepler-810,1,0.952,NA
Kepler-810,1,0.959,1.045
Kepler-810,1,1.02739,0.99
Kepler-811,1,1.354,0.947
Kepler-811,1,1.5349,0.99
Kepler-811,1,1.5349,0.99
Kepler-811,1,0.937,1.005
Kepler-811,1,1.439,0.965
Kepler-811,1,1.473,NA
Kepler-811,1,0.93,1.018
Kepler-811,1,1.24,1.01
Kepler-811,1,0.937,1.005
Kepler-811,1,1.5349,0.99
Kepler-811,1,0.937,1.005
Kepler-812,1,1.554,1.393
Kepler-812,1,1.762,NA
Kepler-812,1,1.554,1.393
Kepler-812,1,1.7531,1.43
Kepler-812,1,1.7531,1.43
Kepler-812,1,1.554,1.393
Kepler-812,1,1.42,1.4
Kepler-812,1,1.7531,1.43
Kepler-812,1,1.792,1.399
Kepler-812,1,1.71,1.45
Kepler-813,1,0.93,0.95
Kepler-813,1,0.97,1.05
Kepler-813,1,0.96,1.05
Kepler-813,1,1.71,1.084
Kepler-813,1,NA,NA
Kepler-813,1,NA,NA
Kepler-813,1,0.97,1.05
Kepler-813,1,0.97,1.05
Kepler-813,1,NA,NA
Kepler-814,1,1.22,1.15
Kepler-814,1,1.93055,1.15
Kepler-814,1,1.9,NA
Kepler-814,1,1.033,1.083
Kepler-814,1,1.93055,1.15
Kepler-814,1,1.033,1.083
Kepler-814,1,1.033,1.083
Kepler-814,1,1.09,1.161
Kepler-814,1,1.296,1.185
Kepler-815,1,3.549,1.345
Kepler-815,1,3.42,1.25
Kepler-815,1,3.464,1.268
Kepler-815,1,3.497,1.541
Kepler-815,1,3.68604,NA
Kepler-815,1,3.549,1.345
Kepler-815,1,3.602,NA
Kepler-815,1,3.68604,NA
Kepler-815,1,2.67,1.32
Kepler-815,1,3.549,1.345
Kepler-815,1,3.68604,NA
Kepler-816,1,0.784,0.859
Kepler-816,1,0.784,0.859
Kepler-816,1,0.782,0.872
Kepler-816,1,0.85,0.9
Kepler-816,1,0.940687,0.78
Kepler-816,1,0.940687,0.78
Kepler-816,1,0.809,NA
Kepler-816,1,0.940687,0.78
Kepler-816,1,0.75,0.87
Kepler-816,1,0.784,0.859
Kepler-817,1,0.913,1.004
Kepler-817,1,1.1,NA
Kepler-817,1,0.913,1.004
Kepler-817,1,0.913,1.004
Kepler-817,1,1.176,0.99
Kepler-817,1,0.913,1.004
Kepler-817,1,0.75,1.02
Kepler-817,1,1.03,1.03
Kepler-817,1,1.176,0.99
Kepler-817,1,1.176,0.99
Kepler-818,1,0.847,0.935
Kepler-818,1,0.847,0.935
Kepler-818,1,0.847,0.935
Kepler-818,1,0.88,0.988
Kepler-818,1,0.833,0.925
Kepler-818,1,0.913187,1
Kepler-818,1,0.92,0.94
Kepler-818,1,0.873,NA
Kepler-818,1,0.913187,1
Kepler-818,1,0.913187,1
Kepler-819,1,0.76,0.83
Kepler-819,1,0.79071,0.87
Kepler-819,1,0.81,0.86
Kepler-819,1,0.88,0.819
Kepler-819,1,0.76,0.83
Kepler-819,1,0.76,0.83
Kepler-819,1,0.79071,0.87
Kepler-819,1,0.79071,0.87
Kepler-819,1,0.768,NA
Kepler-819,1,0.75,0.838
Kepler-82,5,0.854,NA
Kepler-82,5,0.859,0.946
Kepler-82,5,0.955127,0.91
Kepler-82,5,0.928,0.966
Kepler-82,5,0.955127,0.91
Kepler-82,5,0.928,0.97
Kepler-82,5,0.929,0.915
Kepler-82,5,0.928,0.966
Kepler-82,5,0.93,0.96
Kepler-82,5,0.835,0.946
Kepler-82,5,0.928,0.966
Kepler-82,5,0.9,0.85
Kepler-82,5,0.898,0.91
Kepler-82,5,0.9,0.922
Kepler-82,5,0.928,0.97
Kepler-82,5,0.955127,0.91
Kepler-82,5,0.929,0.915
Kepler-82,5,0.859,0.946
Kepler-82,5,0.835,0.946
Kepler-82,5,0.9,0.922
Kepler-82,5,0.9,0.85
Kepler-82,5,0.93,0.96
Kepler-82,5,0.928,0.966
Kepler-82,5,0.955127,0.91
Kepler-82,5,0.898,0.91
Kepler-82,5,0.928,0.966
Kepler-82,5,0.854,NA
Kepler-82,5,0.928,0.966
Kepler-82,5,0.928,0.966
Kepler-82,5,0.9,0.922
Kepler-82,5,0.928,0.966
Kepler-82,5,0.854,NA
Kepler-82,5,0.928,0.966
Kepler-82,5,0.955127,0.91
Kepler-82,5,0.859,0.946
Kepler-82,5,0.929,0.915
Kepler-82,5,0.945,NA
Kepler-82,5,0.835,0.946
Kepler-82,5,0.955127,0.91
Kepler-82,5,0.93,0.96
Kepler-82,5,0.93,0.96
Kepler-82,5,0.945,NA
Kepler-82,5,0.854,NA
Kepler-82,5,0.928,0.966
Kepler-82,5,0.859,0.946
Kepler-82,5,0.928,0.966
Kepler-82,5,0.955127,0.91
Kepler-82,5,0.9,0.922
Kepler-82,5,0.955127,0.91
Kepler-82,5,0.955127,0.91
Kepler-82,5,0.929,0.915
Kepler-82,5,0.928,0.966
Kepler-82,5,0.835,0.946
Kepler-82,5,0.898,0.91
Kepler-820,1,1.83,1.433
Kepler-820,1,1.689,1.084
Kepler-820,1,2.04282,1.11
Kepler-820,1,2.04282,1.11
Kepler-820,1,1.689,1.084
Kepler-820,1,1.36,1.23
Kepler-820,1,2.17,1.613
Kepler-820,1,1.72,1.18
Kepler-820,1,1.689,1.084
Kepler-820,1,1.888,NA
Kepler-820,1,2.04282,1.11
Kepler-821,1,0.778,0.808
Kepler-821,1,0.850661,0.85
Kepler-821,1,0.8,0.84
Kepler-821,1,0.815,0.879
Kepler-821,1,0.778,0.808
Kepler-821,1,0.75,0.764
Kepler-821,1,0.778,0.808
Kepler-821,1,0.8,NA
Kepler-821,1,0.850661,0.85
Kepler-822,1,0.96,0.899
Kepler-822,1,0.96,0.899
Kepler-822,1,0.967,0.87
Kepler-822,1,0.986,NA
Kepler-822,1,0.98,0.952
Kepler-822,1,1.02788,1.01
Kepler-822,1,1.08,1.06
Kepler-822,1,0.96,0.899
Kepler-822,1,0.96,0.899
Kepler-822,1,1.02788,1.01
Kepler-823,1,1.5801,0.98
Kepler-823,1,1.183,1.096
Kepler-823,1,1.313,1
Kepler-823,1,1.01,0.85
Kepler-823,1,1.483,NA
Kepler-823,1,1.183,1.096
Kepler-823,1,1.5801,0.98
Kepler-823,1,1.183,1.096
Kepler-823,1,0.96,0.98
Kepler-824,1,1.0739,1.1
Kepler-824,1,1.22,1.15
Kepler-824,1,1.204,1.199
Kepler-824,1,1.204,1.199
Kepler-824,1,1.11,NA
Kepler-824,1,1.215,1.091
Kepler-824,1,1.0739,1.1
Kepler-824,1,1.204,1.199
Kepler-824,1,1.07,1.07
Kepler-825,2,1.09,1.12
Kepler-825,2,0.997172,1.19
Kepler-825,2,1.058,NA
Kepler-825,2,0.997172,1.19
Kepler-825,2,0.969,0.868
Kepler-825,2,0.969,0.868
Kepler-825,2,0.969,0.868
Kepler-825,2,1.08,1.03
Kepler-825,2,0.969,0.868
Kepler-825,2,1.058,NA
Kepler-825,2,0.997172,1.19
Kepler-825,2,0.969,0.868
Kepler-825,2,1.09,1.12
Kepler-825,2,0.969,0.868
Kepler-825,2,0.969,0.868
Kepler-825,2,0.969,0.868
Kepler-825,2,0.997172,1.19
Kepler-825,2,0.997172,1.19
Kepler-825,2,1.08,1.03
Kepler-826,1,0.95,1.05
Kepler-826,1,0.801,0.887
Kepler-826,1,0.801,0.887
Kepler-826,1,1.31152,1.17
Kepler-826,1,1.31152,1.17
Kepler-826,1,1.257,0.972
Kepler-826,1,0.801,0.887
Kepler-826,1,1.403,NA
Kepler-826,1,1.15,1.05
Kepler-826,1,1.38,0.932
Kepler-827,1,1.4047,0.98
Kepler-827,1,1.4047,0.98
Kepler-827,1,0.833,0.915
Kepler-827,1,0.85,0.96
Kepler-827,1,1.4047,0.98
Kepler-827,1,0.833,0.915
Kepler-827,1,0.91,0.93
Kepler-827,1,1.381,NA
Kepler-827,1,0.833,0.915
Kepler-827,1,1.442,1.017
Kepler-828,1,0.77,0.81
Kepler-828,1,0.725,NA
Kepler-828,1,0.727,0.794
Kepler-828,1,0.716,0.765
Kepler-828,1,0.727,0.794
Kepler-828,1,0.726517,0.82
Kepler-828,1,0.727,0.794
Kepler-828,1,0.726517,0.82
Kepler-828,1,0.699,0.781
Kepler-828,1,0.853,0.806
Kepler-829,1,1.1225,0.98
Kepler-829,1,0.802,0.88
Kepler-829,1,0.84,0.952
Kepler-829,1,1.1225,0.98
Kepler-829,1,0.97,0.98
Kepler-829,1,1.101,NA
Kepler-829,1,0.802,0.88
Kepler-829,1,0.802,0.88
Kepler-829,1,1.1225,0.98
Kepler-829,1,0.794,0.886
Kepler-83,3,0.52,0.54
Kepler-83,3,NA,NA
Kepler-83,3,NA,NA
Kepler-83,3,0.61,0.66
Kepler-83,3,0.592,0.632
Kepler-83,3,0.509,0.508
Kepler-83,3,0.56,0.58
Kepler-83,3,0.607,0.664
Kepler-83,3,0.544,0.562
Kepler-83,3,0.52,0.54
Kepler-83,3,0.613,0.508
Kepler-83,3,0.52,0.54
Kepler-83,3,0.613,NA
Kepler-83,3,0.52,0.54
Kepler-83,3,NA,NA
Kepler-83,3,0.613,0.508
Kepler-83,3,0.592,0.632
Kepler-83,3,0.52,0.54
Kepler-83,3,NA,NA
Kepler-83,3,0.56,0.58
Kepler-83,3,NA,NA
Kepler-83,3,0.592,0.632
Kepler-83,3,0.52,0.54
Kepler-83,3,0.613,0.508
Kepler-83,3,0.613,NA
Kepler-83,3,0.607,0.664
Kepler-83,3,0.592,0.632
Kepler-83,3,0.509,0.508
Kepler-83,3,0.52,0.54
Kepler-83,3,NA,NA
Kepler-83,3,0.52,0.54
Kepler-83,3,0.613,0.508
Kepler-83,3,NA,NA
Kepler-83,3,0.61,0.66
Kepler-83,3,0.544,0.562
Kepler-83,3,NA,NA
Kepler-83,3,0.52,0.54
Kepler-83,3,0.56,0.58
Kepler-83,3,0.592,0.632
Kepler-83,3,NA,NA
Kepler-83,3,0.509,0.508
Kepler-83,3,0.613,0.508
Kepler-83,3,0.613,NA
Kepler-83,3,0.594,NA
Kepler-83,3,0.52,0.54
Kepler-83,3,0.544,0.562
Kepler-83,3,NA,NA
Kepler-83,3,0.52,0.54
Kepler-83,3,0.52,0.54
Kepler-83,3,0.592,0.632
Kepler-83,3,0.607,0.664
Kepler-83,3,0.613,0.508
Kepler-83,3,NA,NA
Kepler-830,1,NA,NA
Kepler-830,1,1.11,1.07
Kepler-830,1,0.998,0.947
Kepler-830,1,0.998,0.947
Kepler-830,1,0.998,0.947
Kepler-830,1,1.1,1.122
Kepler-830,1,NA,NA
Kepler-830,1,1.176,1.155
Kepler-831,1,1.02145,1.03
Kepler-831,1,0.89,0.997
Kepler-831,1,0.911,0.846
Kepler-831,1,1.015,NA
Kepler-831,1,0.911,0.846
Kepler-831,1,0.96,0.924
Kepler-831,1,1.02145,1.03
Kepler-831,1,1.02145,1.03
Kepler-831,1,0.911,0.846
Kepler-831,1,1,0.903
Kepler-831,1,0.97,0.99
Kepler-832,1,0.993,1.101
Kepler-832,1,0.993,1.101
Kepler-832,1,1.10985,1.02
Kepler-832,1,0.9,0.92
Kepler-832,1,1.10985,1.02
Kepler-832,1,0.993,1.101
Kepler-832,1,1.106,NA
Kepler-832,1,0.92,1.023
Kepler-832,1,1.10985,1.02
Kepler-832,1,0.993,1.101
Kepler-833,1,0.713732,0.68
Kepler-833,1,0.54,0.56
Kepler-833,1,0.575,0.606
Kepler-833,1,0.54,0.559
Kepler-833,1,0.713732,0.68
Kepler-833,1,NA,NA
Kepler-833,1,0.62,0.64
Kepler-833,1,0.54,0.56
Kepler-833,1,0.54,0.56
Kepler-833,1,0.713732,0.68
Kepler-833,1,0.693,NA
Kepler-834,1,0.722055,0.69
Kepler-834,1,0.66,0.7
Kepler-834,1,0.45,0.479
Kepler-834,1,0.585,0.658
Kepler-834,1,0.704,NA
Kepler-834,1,0.45,0.48
Kepler-834,1,0.722055,0.69
Kepler-834,1,0.45,0.48
Kepler-834,1,NA,NA
Kepler-834,1,0.722055,0.69
Kepler-834,1,0.45,0.48
Kepler-835,1,1.42093,1.06
Kepler-835,1,1.01,1.098
Kepler-835,1,1.172,1.253
Kepler-835,1,1.167,1.249
Kepler-835,1,1.167,1.249
Kepler-835,1,1.11,1.08
Kepler-835,1,1.167,1.249
Kepler-835,1,1.42093,1.06
Kepler-836,1,1.017,1.079
Kepler-836,1,1.04,1.03
Kepler-836,1,1.03,1.12
Kepler-836,1,1.009,1.069
Kepler-836,1,1.02246,1.06
Kepler-836,1,1.01,NA
Kepler-836,1,1.017,1.079
Kepler-836,1,1.02246,1.06
Kepler-836,1,1.017,1.079
Kepler-836,1,1.02246,1.06
Kepler-837,1,0.845,NA
Kepler-837,1,0.855,0.727
Kepler-837,1,0.855,0.727
Kepler-837,1,0.855,0.727
Kepler-837,1,0.775221,0.99
Kepler-837,1,0.81,0.85
Kepler-837,1,1.05,0.977
Kepler-837,1,0.775221,0.99
Kepler-837,1,0.855,0.727
Kepler-837,1,0.775221,0.99
Kepler-838,1,0.89231,1.03
Kepler-838,1,1.021,1.088
Kepler-838,1,1.025,1.088
Kepler-838,1,1.01,1.09
Kepler-838,1,1.021,1.088
Kepler-838,1,1.021,1.088
Kepler-838,1,0.89231,1.03
Kepler-838,1,0.96,0.98
Kepler-838,1,0.862,NA
Kepler-838,1,0.89231,1.03
Kepler-839,1,1.138,1.102
Kepler-839,1,1.56856,1.08
Kepler-839,1,1.31,1.22
Kepler-839,1,1.08,1.09
Kepler-839,1,1.138,1.102
Kepler-839,1,1.138,1.102
Kepler-839,1,1.508,NA
Kepler-839,1,1.56856,1.08
Kepler-839,1,1.314,1.196
Kepler-839,1,1.476,1.159
Kepler-839,1,1.56856,1.08
Kepler-84,5,NA,NA
Kepler-84,5,1.022,1.005
Kepler-84,5,1.43,1
Kepler-84,5,1.03,1.02
Kepler-84,5,1.131,0.987
Kepler-84,5,1.022,1.005
Kepler-84,5,NA,NA
Kepler-84,5,1.022,1
Kepler-84,5,1.022,1.005
Kepler-84,5,1.11,1.06
Kepler-84,5,NA,NA
Kepler-84,5,1.03,1.02
Kepler-84,5,1.022,1
Kepler-84,5,1.131,0.987
Kepler-84,5,1.022,1.005
Kepler-84,5,1.022,1.005
Kepler-84,5,NA,NA
Kepler-84,5,NA,NA
Kepler-84,5,1.11,1.06
Kepler-84,5,1.022,1.005
Kepler-84,5,1.43,1
Kepler-84,5,NA,NA
Kepler-84,5,1.169,NA
Kepler-84,5,1.03,1.02
Kepler-84,5,1.022,1.005
Kepler-84,5,1.022,1.005
Kepler-84,5,1.022,1.005
Kepler-84,5,1.11,1.06
Kepler-84,5,NA,NA
Kepler-84,5,1.131,0.987
Kepler-84,5,NA,NA
Kepler-84,5,1.131,0.987
Kepler-84,5,1.022,1.005
Kepler-84,5,1.022,1.005
Kepler-84,5,NA,NA
Kepler-84,5,1.022,1.005
Kepler-84,5,NA,NA
Kepler-84,5,1.169,NA
Kepler-84,5,1.03,1.02
Kepler-84,5,1.11,1.06
Kepler-84,5,1.169,NA
Kepler-84,5,1.022,1.005
Kepler-84,5,NA,NA
Kepler-84,5,1.131,0.987
Kepler-84,5,NA,NA
Kepler-84,5,1.022,1.005
Kepler-84,5,1.022,1.005
Kepler-84,5,1.11,1.06
Kepler-84,5,NA,NA
Kepler-84,5,1.03,1.02
Kepler-841,1,0.72,0.781
Kepler-841,1,0.819176,0.88
Kepler-841,1,0.819176,0.88
Kepler-841,1,0.79,0.898
Kepler-841,1,1.659,0.945
Kepler-841,1,0.81,0.85
Kepler-841,1,0.813,NA
Kepler-841,1,0.72,0.781
Kepler-841,1,0.72,0.781
Kepler-842,1,0.714,0.765
Kepler-842,1,0.73,0.78
Kepler-842,1,0.755444,0.74
Kepler-842,1,0.755444,0.74
Kepler-842,1,0.706,NA
Kepler-842,1,0.701,0.778
Kepler-842,1,0.714,0.765
Kepler-842,1,0.755444,0.74
Kepler-842,1,0.637,0.724
Kepler-842,1,0.714,0.765
Kepler-843,1,0.89,0.993
Kepler-843,1,1.03,1.02
Kepler-843,1,0.894,0.987
Kepler-843,1,0.998644,1
Kepler-843,1,1.176,0.965
Kepler-843,1,0.894,0.987
Kepler-843,1,0.998644,1
Kepler-843,1,0.998644,1
Kepler-843,1,0.983,NA
Kepler-843,1,0.894,0.987
Kepler-844,1,0.734025,0.62
Kepler-844,1,NA,NA
Kepler-844,1,0.51,0.53
Kepler-844,1,0.517,0.516
Kepler-844,1,0.51,0.53
Kepler-844,1,0.541,0.568
Kepler-844,1,0.57,0.59
Kepler-844,1,0.626,NA
Kepler-844,1,0.51,0.53
Kepler-845,1,0.783,0.754
Kepler-845,1,0.766119,0.74
Kepler-845,1,0.766119,0.74
Kepler-845,1,0.75,0.79
Kepler-845,1,0.686,0.718
Kepler-845,1,0.766119,0.74
Kepler-845,1,0.685,0.7
Kepler-845,1,0.783,0.754
Kepler-845,1,0.692,NA
Kepler-845,1,0.783,0.754
Kepler-845,1,0.699,0.799
Kepler-846,1,0.91,0.94
Kepler-846,1,0.859605,0.96
Kepler-846,1,0.851,0.941
Kepler-846,1,0.84,0.934
Kepler-846,1,0.859605,0.96
Kepler-846,1,0.83,NA
Kepler-846,1,0.86,0.973
Kepler-846,1,0.859605,0.96
Kepler-846,1,0.851,0.941
Kepler-846,1,0.851,0.941
Kepler-847,1,0.825555,0.76
Kepler-847,1,0.77,0.83
Kepler-847,1,0.853,0.811
Kepler-847,1,0.657,0.679
Kepler-847,1,0.853,0.811
Kepler-847,1,0.825555,0.76
Kepler-847,1,0.853,0.811
Kepler-847,1,0.782,0.761
Kepler-848,1,2.06393,1
Kepler-848,1,1.2,1.01
Kepler-848,1,0.99,0.967
Kepler-848,1,0.99,0.967
Kepler-848,1,1.35,1.039
Kepler-848,1,0.99,0.967
Kepler-848,1,0.99,0.97
Kepler-848,1,2.069,NA
Kepler-848,1,2.006,1.218
Kepler-848,1,2.06393,1
Kepler-848,1,2.06393,1
Kepler-849,1,1.65,1.231
Kepler-849,1,1.822,1.259
Kepler-849,1,1.64,1.23
Kepler-849,1,1.727,1.164
Kepler-849,1,1.886,1.164
Kepler-849,1,1.86048,1.1
Kepler-849,1,1.886,1.164
Kepler-849,1,1.794,1.283
Kepler-849,1,1.886,1.164
Kepler-849,1,1.828,NA
Kepler-85,4,0.853,0.947
Kepler-85,4,0.872,0.971
Kepler-85,4,0.864111,0.96
Kepler-85,4,0.864111,0.96
Kepler-85,4,0.872,0.971
Kepler-85,4,0.863,0.947
Kepler-85,4,0.872,0.971
Kepler-85,4,0.872,0.97
Kepler-85,4,0.84,0.941
Kepler-85,4,0.873,0.87
Kepler-85,4,0.88,0.92
Kepler-85,4,0.868,NA
Kepler-85,4,0.875,0.928
Kepler-85,4,0.864111,0.96
Kepler-85,4,1.24,0.92
Kepler-85,4,1.24,0.92
Kepler-85,4,0.872,0.971
Kepler-85,4,0.863,0.947
Kepler-85,4,0.864111,0.96
Kepler-85,4,0.872,0.97
Kepler-85,4,0.853,0.947
Kepler-85,4,0.864111,0.96
Kepler-85,4,0.873,0.87
Kepler-85,4,0.88,0.92
Kepler-85,4,0.875,0.928
Kepler-85,4,0.84,0.941
Kepler-85,4,0.868,NA
Kepler-85,4,0.872,0.971
Kepler-85,4,0.872,0.971
Kepler-85,4,0.872,0.971
Kepler-85,4,0.864111,0.96
Kepler-85,4,0.893,NA
Kepler-85,4,0.84,0.941
Kepler-85,4,0.873,0.87
Kepler-85,4,0.868,NA
Kepler-85,4,0.863,0.947
Kepler-85,4,0.864111,0.96
Kepler-85,4,0.872,0.971
Kepler-85,4,0.853,0.947
Kepler-85,4,0.864111,0.96
Kepler-85,4,0.864111,0.96
Kepler-85,4,0.872,0.971
Kepler-85,4,NA,0.9
Kepler-85,4,0.863,0.947
Kepler-85,4,0.868,NA
Kepler-85,4,0.853,0.947
Kepler-85,4,0.872,0.971
Kepler-85,4,0.893,NA
Kepler-85,4,0.84,0.941
Kepler-85,4,0.88,0.92
Kepler-85,4,0.873,0.87
Kepler-85,4,0.872,0.971
Kepler-850,1,1.21024,1.04
Kepler-850,1,1.174,NA
Kepler-850,1,1,1.09
Kepler-850,1,1.09,1.06
Kepler-850,1,0.991,1.06
Kepler-850,1,1.21024,1.04
Kepler-850,1,0.991,1.06
Kepler-850,1,0.991,1.06
Kepler-850,1,0.991,1.06
Kepler-851,1,0.98,0.94
Kepler-851,1,0.85,0.89
Kepler-851,1,0.986,0.951
Kepler-851,1,0.780021,0.99
Kepler-851,1,0.805,NA
Kepler-851,1,0.986,0.951
Kepler-851,1,0.986,0.951
Kepler-851,1,0.986,0.951
Kepler-851,1,0.780021,0.99
Kepler-852,1,1.25,1.019
Kepler-852,1,1.25,1.019
Kepler-852,1,1.164,1.233
Kepler-852,1,1.16,1.19
Kepler-852,1,1.38,1.18
Kepler-852,1,2.107,1.443
Kepler-852,1,1.25,1.019
Kepler-852,1,2.22781,1.2
Kepler-852,1,2.22781,1.2
Kepler-852,1,2.22781,1.2
Kepler-852,1,2.186,NA
Kepler-853,1,1.4745,1.27
Kepler-853,1,1.137,1.213
Kepler-853,1,1.137,1.213
Kepler-853,1,1.458,1.225
Kepler-853,1,1.4745,1.27
Kepler-853,1,1.55,1.3
Kepler-853,1,1.137,1.213
Kepler-853,1,1.434,1.278
Kepler-853,1,1.4745,1.27
Kepler-853,1,1.22,1.21
Kepler-853,1,1.455,NA
Kepler-855,1,1.56051,0.99
Kepler-855,1,1.21,1.08
Kepler-855,1,1.03,1.03
Kepler-855,1,1.135,0.946
Kepler-855,1,1.135,0.946
Kepler-855,1,1.135,0.946
Kepler-855,1,1.56051,0.99
Kepler-855,1,1.56051,NA
Kepler-855,1,1.135,0.946
Kepler-855,1,1.497,NA
Kepler-856,1,1.047,NA
Kepler-856,1,0.887,1.009
Kepler-856,1,0.93,0.96
Kepler-856,1,1.12772,0.93
Kepler-856,1,1.12772,0.93
Kepler-856,1,0.887,1.009
Kepler-856,1,1.12772,NA
Kepler-856,1,0.81,0.98
Kepler-856,1,0.887,1.009
Kepler-856,1,0.887,1.009
Kepler-856,1,1.12772,0.93
Kepler-857,1,0.963,NA
Kepler-857,1,0.804,0.876
Kepler-857,1,0.804,0.876
Kepler-857,1,0.83,0.935
Kepler-857,1,0.99,0.99
Kepler-857,1,0.974318,0.99
Kepler-857,1,0.974318,0.99
Kepler-857,1,0.974318,0.99
Kepler-857,1,0.804,0.876
Kepler-857,1,0.938,0.966
Kepler-858,1,0.940603,NA
Kepler-858,1,1.006,0.868
Kepler-858,1,0.935,0.898
Kepler-858,1,0.941,NA
Kepler-858,1,0.892,0.904
Kepler-858,1,0.91,0.96
Kepler-858,1,0.940603,0.984
Kepler-858,1,1.006,0.868
Kepler-858,1,1.006,0.868
Kepler-858,1,0.940603,0.984
Kepler-858,1,0.982,0.918
Kepler-858,1,0.940603,0.984
Kepler-859,1,0.714,0.785
Kepler-859,1,0.7,0.795
Kepler-859,1,0.715,NA
Kepler-859,1,0.731858,0.8
Kepler-859,1,0.808,0.779
Kepler-859,1,0.714,0.785
Kepler-859,1,0.731858,0.8
Kepler-859,1,0.701,0.73
Kepler-859,1,0.77,0.81
Kepler-859,1,0.714,0.785
Kepler-859,1,0.731858,0.8
Kepler-860,1,0.954,1.001
Kepler-860,1,0.954,1.001
Kepler-860,1,1.06,1.04
Kepler-860,1,0.859,NA
Kepler-860,1,0.909132,0.97
Kepler-860,1,0.909132,0.97
Kepler-860,1,0.954,1.001
Kepler-860,1,0.954,1.001
Kepler-860,1,0.99,1.05
Kepler-860,1,0.909132,0.97
Kepler-861,1,0.836,0.849
Kepler-861,1,0.836,0.849
Kepler-861,1,0.837776,0.81
Kepler-861,1,0.836,0.849
Kepler-861,1,0.75,0.747
Kepler-861,1,0.837776,0.81
Kepler-861,1,0.836,0.849
Kepler-861,1,0.78,0.82
Kepler-861,1,0.815,NA
Kepler-861,1,0.837776,0.81
Kepler-862,1,0.873,0.797
Kepler-862,1,1.17019,0.84
Kepler-862,1,1.03,0.97
Kepler-862,1,1.103,NA
Kepler-862,1,0.873,0.797
Kepler-862,1,0.84,0.88
Kepler-862,1,1.17019,0.84
Kepler-862,1,0.873,0.797
Kepler-862,1,1.17019,0.84
Kepler-862,1,0.873,0.797
Kepler-863,1,1.23527,1.06
Kepler-863,1,0.95,0.96
Kepler-863,1,1.269,NA
Kepler-863,1,0.92,0.99
Kepler-863,1,0.929,0.995
Kepler-863,1,1.23527,1.06
Kepler-863,1,1.23527,1.06
Kepler-863,1,0.929,0.995
Kepler-863,1,0.929,0.995
Kepler-863,1,0.929,0.995
Kepler-864,2,1.19,1.264
Kepler-864,2,1.195,1.27
Kepler-864,2,1.19,1.264
Kepler-864,2,1.33944,1
Kepler-864,2,1,1
Kepler-864,2,1.33944,1
Kepler-864,2,1.19,1.264
Kepler-864,2,1.277,NA
Kepler-864,2,0.95,1.05
Kepler-864,2,1.33944,1
Kepler-864,2,1.33944,1
Kepler-864,2,1.33944,1
Kepler-864,2,1.33944,1
Kepler-864,2,1.33944,1
Kepler-864,2,0.95,1.05
Kepler-864,2,1.195,1.27
Kepler-864,2,1.195,1.27
Kepler-865,2,0.815,NA
Kepler-865,2,0.885,0.782
Kepler-865,2,0.885,0.782
Kepler-865,2,0.847142,0.91
Kepler-865,2,0.92,0.822
Kepler-865,2,0.885,0.782
Kepler-865,2,0.847142,0.91
Kepler-865,2,0.92,0.93
Kepler-865,2,0.847142,0.91
Kepler-865,2,0.885,0.782
Kepler-865,2,0.885,0.782
Kepler-865,2,0.92,0.822
Kepler-865,2,0.885,0.782
Kepler-865,2,0.885,0.782
Kepler-865,2,0.885,0.782
Kepler-865,2,0.885,0.782
Kepler-865,2,0.847142,0.91
Kepler-866,1,0.724,0.706
Kepler-866,1,0.724,0.706
Kepler-866,1,0.68,0.694
Kepler-866,1,0.663,NA
Kepler-866,1,0.680331,0.74
Kepler-866,1,0.724,0.706
Kepler-866,1,0.724,0.706
Kepler-866,1,0.71,0.75
Kepler-866,1,0.680331,0.74
Kepler-867,1,NA,NA
Kepler-867,1,0.943,0.916
Kepler-867,1,1.337,NA
Kepler-867,1,0.739,0.807
Kepler-867,1,NA,NA
Kepler-867,1,0.81,0.916
Kepler-867,1,0.739,0.807
Kepler-867,1,0.91,0.92
Kepler-867,1,NA,NA
Kepler-867,1,0.739,0.807
Kepler-868,1,0.908,0.996
Kepler-868,1,1.12834,1
Kepler-868,1,0.89,0.93
Kepler-868,1,0.93,1.023
Kepler-868,1,0.908,0.996
Kepler-868,1,0.908,0.996
Kepler-868,1,0.908,0.996
Kepler-868,1,1.101,NA
Kepler-869,1,0.838,0.917
Kepler-869,1,0.833,0.925
Kepler-869,1,0.95,0.97
Kepler-869,1,0.838,0.917
Kepler-869,1,0.943902,0.98
Kepler-869,1,0.943902,0.98
Kepler-869,1,0.92,NA
Kepler-869,1,0.943902,0.98
Kepler-869,1,0.88,0.987
Kepler-869,1,0.838,0.917
Kepler-87,2,1.49669,1.01
Kepler-87,2,1.82,1.1
Kepler-87,2,1.293,0.977
Kepler-87,2,1.476,NA
Kepler-87,2,1.293,0.977
Kepler-87,2,0.85,0.956
Kepler-87,2,1.49669,1.01
Kepler-87,2,1.699,0.969
Kepler-87,2,1.49669,1.01
Kepler-87,2,1.8,1.11
Kepler-87,2,1.293,0.977
Kepler-87,2,1.82,1.1
Kepler-87,2,0.85,0.956
Kepler-87,2,1.293,0.977
Kepler-87,2,1.293,0.977
Kepler-87,2,1.8,1.11
Kepler-87,2,1.49669,1.01
Kepler-87,2,1.476,NA
Kepler-87,2,1.699,0.969
Kepler-87,2,1.293,0.977
Kepler-870,1,0.992,1.063
Kepler-870,1,1.02,1.01
Kepler-870,1,1.06759,1.02
Kepler-870,1,0.992,1.063
Kepler-870,1,1.004,NA
Kepler-870,1,1,1.09
Kepler-870,1,0.992,1.063
Kepler-870,1,1.06759,1.02
Kepler-870,1,0.992,1.063
Kepler-870,1,1.06759,1.02
Kepler-871,1,0.951,1.065
Kepler-871,1,0.951,1.065
Kepler-871,1,1.14,1.11
Kepler-871,1,1.4076,1.05
Kepler-871,1,0.89,0.998
Kepler-871,1,0.951,1.065
Kepler-871,1,1.4076,1.05
Kepler-871,1,1.33,NA
Kepler-871,1,1.4076,1.05
Kepler-871,1,0.951,1.065
Kepler-872,1,0.88089,1
Kepler-872,1,0.861,NA
Kepler-872,1,0.854,0.945
Kepler-872,1,0.854,0.945
Kepler-872,1,0.853,0.949
Kepler-872,1,0.854,0.945
Kepler-872,1,0.85,0.958
Kepler-872,1,0.88089,1
Kepler-872,1,1.08,1.05
Kepler-873,1,1.27,1.18
Kepler-873,1,1.137,1.213
Kepler-873,1,1.08657,1.1
Kepler-873,1,1.137,1.213
Kepler-873,1,1.112,1.157
Kepler-873,1,1.055,NA
Kepler-873,1,1.07,1.14
Kepler-873,1,1.08657,1.1
Kepler-873,1,1.137,1.213
Kepler-873,1,1.08657,1.1
Kepler-874,1,1.13,1.09
Kepler-874,1,1.18184,1.03
Kepler-874,1,0.992,0.924
Kepler-874,1,1.03,1.04
Kepler-874,1,0.992,0.924
Kepler-874,1,0.992,0.924
Kepler-874,1,0.992,0.924
Kepler-874,1,1.18184,1.03
Kepler-874,1,1.153,NA
Kepler-875,1,1.12541,1.07
Kepler-875,1,0.88,0.977
Kepler-875,1,0.88,0.977
Kepler-875,1,1.12541,1.07
Kepler-875,1,0.86,0.97
Kepler-875,1,0.88,0.977
Kepler-875,1,1.11,1.06
Kepler-875,1,0.88,0.977
Kepler-875,1,1.132,NA
Kepler-875,1,1.12541,1.07
Kepler-876,1,0.71,0.88
Kepler-876,1,0.904,0.83
Kepler-876,1,0.802,0.896
Kepler-876,1,0.894513,0.84
Kepler-876,1,0.77,0.81
Kepler-876,1,0.894513,0.84
Kepler-876,1,0.859,NA
Kepler-876,1,0.802,0.896
Kepler-876,1,0.802,0.896
Kepler-877,1,0.81,0.85
Kepler-877,1,0.865,0.865
Kepler-877,1,NA,NA
Kepler-877,1,0.948,0.859
Kepler-877,1,0.865,0.865
Kepler-877,1,NA,NA
Kepler-877,1,0.83,0.82
Kepler-877,1,0.865,0.865
Kepler-877,1,NA,NA
Kepler-878,1,1.08943,0.83
Kepler-878,1,0.762,0.723
Kepler-878,1,1.08943,0.83
Kepler-878,1,0.796,0.891
Kepler-878,1,1.08943,0.83
Kepler-878,1,1.071,NA
Kepler-878,1,0.77,0.758
Kepler-878,1,0.762,0.723
Kepler-878,1,0.77,0.81
Kepler-878,1,0.762,0.723
Kepler-879,2,1.08687,1
Kepler-879,2,1.022,0.974
Kepler-879,2,1.08687,1
Kepler-879,2,1.064,NA
Kepler-879,2,1.08687,1
Kepler-879,2,1.022,0.974
Kepler-879,2,1.022,0.974
Kepler-879,2,0.99,0.938
Kepler-879,2,1.02,1.02
Kepler-879,2,1.022,0.974
Kepler-879,2,1.022,0.974
KOI-142,3,NA,0.985
KOI-142,3,0.897,0.99
Kepler-880,2,1.448,1.394
Kepler-880,2,1.448,1.394
Kepler-880,2,1.46,1.35
Kepler-880,2,1.448,1.394
Kepler-880,2,1.5425,1.47
Kepler-880,2,1.74,1.46
Kepler-880,2,1.549,NA
Kepler-880,2,1.5425,1.47
Kepler-880,2,2.599,1.714
Kepler-880,2,1.5425,1.47
Kepler-880,2,2.599,1.714
Kepler-880,2,1.5425,1.47
Kepler-880,2,2.599,1.714
Kepler-880,2,1.448,1.394
Kepler-880,2,1.5425,1.47
Kepler-880,2,1.448,1.394
Kepler-881,1,1.033,1.093
Kepler-881,1,1.033,1.093
Kepler-881,1,1.0933,1.08
Kepler-881,1,1.09,1.06
Kepler-881,1,1.093,NA
Kepler-881,1,1.033,1.093
Kepler-881,1,1.02,1.11
Kepler-881,1,1.079,1.135
Kepler-882,1,0.693,0.771
Kepler-882,1,0.857919,0.92
Kepler-882,1,0.693,0.771
Kepler-882,1,0.852,NA
Kepler-882,1,0.688,0.765
Kepler-882,1,0.87,0.9
Kepler-882,1,0.845,0.892
Kepler-882,1,0.857919,0.92
Kepler-882,1,0.733,0.836
Kepler-882,1,0.693,0.771
Kepler-883,1,0.945,0.838
Kepler-883,1,1.025,0.93
Kepler-883,1,1.09,1.11
Kepler-883,1,1.28198,1.12
Kepler-883,1,1.09,1.06
Kepler-883,1,0.945,0.838
Kepler-883,1,1.28198,1.12
Kepler-883,1,1.28198,1.12
Kepler-883,1,1.268,NA
Kepler-883,1,1.25,0.86
Kepler-883,1,0.945,0.838
Kepler-884,1,1.06,1.036
Kepler-884,1,1.034,1.001
Kepler-884,1,1.034,1.001
Kepler-884,1,0.957608,NA
Kepler-884,1,0.932,0.986
Kepler-884,1,0.957608,NA
Kepler-884,1,0.957608,NA
Kepler-884,1,1.034,1.001
Kepler-884,1,0.732,0.938
Kepler-884,1,0.94,1
Kepler-885,1,1.328,1.215
Kepler-885,1,1.36,1.194
Kepler-885,1,1.29,1.18
Kepler-885,1,1.328,1.215
Kepler-885,1,1.328,1.215
Kepler-885,1,1.43553,1.16
Kepler-885,1,1.396,1.213
Kepler-885,1,1.43553,1.16
Kepler-885,1,1.418,NA
Kepler-885,1,1.35,1.21
Kepler-885,1,1.43553,1.16
Kepler-886,1,1.259,1.026
Kepler-886,1,1.037,1.026
Kepler-886,1,1.1,1.15
Kepler-886,1,0.976,0.909
Kepler-886,1,1.16,1.1
Kepler-886,1,1.0336,1.05
Kepler-886,1,0.992,NA
Kepler-886,1,1.0336,1.05
Kepler-886,1,1.037,1.026
Kepler-886,1,1.0336,1.05
Kepler-886,1,1.037,1.026
Kepler-887,2,1.173,1.175
Kepler-887,2,1.299,1.157
Kepler-887,2,1.29,1.19
Kepler-887,2,1.37362,1.27
Kepler-887,2,1.173,1.175
Kepler-887,2,1.37362,1.27
Kepler-887,2,1.173,1.175
Kepler-887,2,1.37362,1.27
Kepler-887,2,1.12,1.16
Kepler-887,2,1.394,NA
Kepler-887,2,1.367,1.173
Kepler-887,2,1.29,1.19
Kepler-887,2,1.12,1.16
Kepler-887,2,1.173,1.175
Kepler-887,2,1.37362,1.27
Kepler-887,2,1.299,1.157
Kepler-887,2,1.394,NA
Kepler-887,2,1.173,1.175
Kepler-887,2,1.37362,1.27
Kepler-887,2,1.367,1.173
Kepler-887,2,1.173,1.175
Kepler-888,1,1.18,1.08
Kepler-888,1,0.9,0.97
Kepler-888,1,1.147,0.991
Kepler-888,1,0.921,0.831
Kepler-888,1,1.147,0.991
Kepler-888,1,0.935661,1.05
Kepler-888,1,1.147,0.991
Kepler-888,1,0.866,0.94
Kepler-888,1,0.935661,1.05
Kepler-888,1,0.931,NA
Kepler-888,1,0.935661,1.05
Kepler-889,1,1.45695,1.09
Kepler-889,1,1.441,1.17
Kepler-889,1,1.225,1.094
Kepler-889,1,1.25,1.14
Kepler-889,1,1.293,1.132
Kepler-889,1,1.225,1.094
Kepler-889,1,1.465,NA
Kepler-889,1,1.225,1.094
Kepler-889,1,1.45695,1.09
Kepler-889,1,1.15,1.134
Kepler-890,1,0.98,1.08
Kepler-890,1,1.154,1.225
Kepler-890,1,1.154,1.225
Kepler-890,1,1.4558,1.03
Kepler-890,1,1.137,1.221
Kepler-890,1,1.4558,1.03
Kepler-890,1,1.154,1.225
Kepler-890,1,1.4558,1.03
Kepler-890,1,1.13,1.09
Kepler-890,1,1.39,NA
Kepler-891,1,1.97642,1.03
Kepler-891,1,1,1.114
Kepler-891,1,1.97642,1.03
Kepler-891,1,1.97642,1.03
Kepler-891,1,1.07,1.06
Kepler-891,1,0.87,0.976
Kepler-891,1,1.81,NA
Kepler-891,1,1,1.114
Kepler-891,1,1,1.114
Kepler-891,1,1,1.114
Kepler-892,1,0.72,0.75
Kepler-892,1,0.663693,0.74
Kepler-892,1,0.701,0.733
Kepler-892,1,0.699,0.738
Kepler-892,1,0.627,NA
Kepler-892,1,0.665,0.686
Kepler-892,1,0.663693,0.74
Kepler-892,1,0.663693,0.74
Kepler-892,1,0.701,0.733
Kepler-892,1,0.701,0.733
Kepler-893,1,1.11194,1.01
Kepler-893,1,1.03,1.132
Kepler-893,1,1.03,1.132
Kepler-893,1,1.03,1.132
Kepler-893,1,0.99,1
Kepler-893,1,1.03,1.132
Kepler-893,1,1.11194,1.01
Kepler-893,1,1.11194,1.01
Kepler-893,1,0.92,1.07
Kepler-893,1,1.015,NA
Kepler-894,1,0.87,1.06
Kepler-894,1,0.992,1.063
Kepler-894,1,0.867261,1.03
Kepler-894,1,0.992,1.063
Kepler-894,1,0.867261,1.03
Kepler-894,1,0.85,0.87
Kepler-894,1,0.867261,1.03
Kepler-894,1,0.992,1.063
Kepler-894,1,0.878,NA
Kepler-894,1,0.992,1.063
Kepler-895,1,0.53,0.55
Kepler-895,1,0.53,0.55
Kepler-895,1,0.655,NA
Kepler-895,1,0.566,0.596
Kepler-895,1,0.581,0.595
Kepler-895,1,0.708507,0.66
Kepler-895,1,0.708507,0.66
Kepler-895,1,0.53,0.55
Kepler-895,1,0.61,0.65
Kepler-896,2,0.808,0.875
Kepler-896,2,0.808,0.875
Kepler-896,2,2.04297,0.92
Kepler-896,2,1.969,1.143
Kepler-896,2,2.04297,0.92
Kepler-896,2,0.808,0.875
Kepler-896,2,0.81,0.889
Kepler-896,2,0.803,0.877
Kepler-896,2,2.04297,0.92
Kepler-896,2,2.074,NA
Kepler-896,2,0.81,0.84
Kepler-896,2,0.808,0.875
Kepler-896,2,2.04297,0.92
Kepler-896,2,0.81,0.889
Kepler-896,2,0.803,0.877
Kepler-896,2,2.04297,0.92
Kepler-896,2,0.803,0.877
Kepler-896,2,1.969,1.143
Kepler-896,2,0.808,0.875
Kepler-896,2,0.808,0.875
Kepler-897,1,0.88,0.987
Kepler-897,1,0.849,0.942
Kepler-897,1,1.04,1.03
Kepler-897,1,1.46212,1
Kepler-897,1,1.46212,1
Kepler-897,1,0.847,0.935
Kepler-897,1,1.42,NA
Kepler-897,1,0.847,0.935
Kepler-897,1,0.847,0.935
Kepler-898,1,0.612,0.624
Kepler-898,1,0.57,0.59
Kepler-898,1,0.558,0.587
Kepler-898,1,0.755197,0.63
Kepler-898,1,0.57,0.59
Kepler-898,1,0.62,0.65
Kepler-898,1,0.638,NA
Kepler-898,1,0.755197,0.63
Kepler-898,1,NA,NA
Kepler-898,1,0.57,0.59
Kepler-899,1,0.881,0.979
Kepler-899,1,1.096,NA
Kepler-899,1,1.10257,1
Kepler-899,1,0.881,0.979
Kepler-899,1,1.10257,1
Kepler-899,1,0.91,0.93
Kepler-899,1,0.86,0.964
Kepler-899,1,1.10257,1
Kepler-899,1,0.881,0.979
Kepler-899,1,0.881,0.979
Kepler-9,3,0.956,1.034
Kepler-9,3,0.956,1.034
Kepler-9,3,1.012,1.053
Kepler-9,3,1.0504,1.03
Kepler-9,3,0.956,1.03
Kepler-9,3,1.0504,1.03
Kepler-9,3,0.958,1.022
Kepler-9,3,0.982,1.034
Kepler-9,3,0.96,NA
Kepler-9,3,NA,1.024
Kepler-9,3,0.971,1.024
Kepler-9,3,0.984,NA
Kepler-9,3,0.956,1.034
Kepler-9,3,0.956,1.034
Kepler-9,3,0.98,1.04
Kepler-9,3,NA,1
Kepler-9,3,1.0504,1.03
Kepler-9,3,1.0504,1.03
Kepler-9,3,0.956,1.034
Kepler-9,3,NA,1
Kepler-9,3,1.0504,1.03
Kepler-9,3,0.956,1.03
Kepler-9,3,0.956,1.034
Kepler-9,3,0.958,1.022
Kepler-9,3,0.971,1.024
Kepler-9,3,1.012,1.053
Kepler-9,3,NA,1.024
Kepler-9,3,1.0504,1.03
Kepler-9,3,0.984,NA
Kepler-9,3,1.0504,1.03
Kepler-9,3,1.0504,1.03
Kepler-9,3,0.984,NA
Kepler-9,3,NA,1.024
Kepler-9,3,0.956,1.034
Kepler-9,3,1.02,1.07
Kepler-9,3,1.012,1.053
Kepler-9,3,0.971,1.024
Kepler-9,3,1.0504,1.03
Kepler-9,3,0.956,1.034
KOI-351,8,NA,1.108
KOI-351,8,1.29,1.12
Kepler-900,1,0.769,0.854
Kepler-900,1,0.73,0.78
Kepler-900,1,0.76152,0.74
Kepler-900,1,0.761,0.86
Kepler-900,1,0.628,0.708
Kepler-900,1,0.769,0.854
Kepler-900,1,0.708,NA
Kepler-900,1,0.76152,0.74
Kepler-900,1,0.76152,0.74
Kepler-900,1,0.769,0.854
Kepler-901,1,0.613,NA
Kepler-901,1,NA,NA
Kepler-901,1,0.635253,0.643
Kepler-901,1,0.635253,0.643
Kepler-901,1,0.57,0.59
Kepler-901,1,0.552,0.581
Kepler-901,1,0.635253,0.643
Kepler-901,1,0.51,0.53
Kepler-901,1,0.51,0.53
Kepler-901,1,0.564,0.578
Kepler-901,1,0.51,0.53
Kepler-902,1,0.906,0.983
Kepler-902,1,0.906,0.983
Kepler-902,1,1.2087,0.99
Kepler-902,1,1.2087,0.99
Kepler-902,1,0.906,0.983
Kepler-902,1,0.93,0.95
Kepler-902,1,1.169,0.918
Kepler-902,1,1.2087,0.99
Kepler-902,1,0.93,1.024
Kepler-902,1,1.224,NA
Kepler-903,2,1.626,NA
Kepler-903,2,0.85,0.959
Kepler-903,2,0.854,0.941
Kepler-903,2,0.854,0.941
Kepler-903,2,0.854,0.941
Kepler-903,2,0.97,0.98
Kepler-903,2,1.08,0.926
Kepler-903,2,1.63874,0.98
Kepler-903,2,1.63874,0.98
Kepler-903,2,1.63874,0.98
Kepler-903,2,1.577,0.931
Kepler-903,2,1.63874,0.98
Kepler-903,2,1.08,0.926
Kepler-903,2,1.63874,0.98
Kepler-903,2,1.63874,0.98
Kepler-903,2,1.577,0.931
Kepler-903,2,0.854,0.941
Kepler-903,2,0.85,0.959
Kepler-903,2,0.97,0.98
Kepler-903,2,0.854,0.941
Kepler-903,2,0.854,0.941
Kepler-903,2,1.626,NA
Kepler-904,1,1.02,1.111
Kepler-904,1,1.10775,1.1
Kepler-904,1,0.989,1.058
Kepler-904,1,0.989,1.058
Kepler-904,1,0.989,1.058
Kepler-904,1,1.10775,1.1
Kepler-904,1,0.989,1.058
Kepler-904,1,1.25,1.16
Kepler-904,1,1.064,NA
Kepler-905,1,0.86,0.95
Kepler-905,1,0.906486,0.93
Kepler-905,1,0.938,1.018
Kepler-905,1,0.906486,0.93
Kepler-905,1,0.887,1.009
Kepler-905,1,0.858,0.961
Kepler-905,1,0.869,0.95
Kepler-905,1,0.881,NA
Kepler-905,1,0.887,1.009
Kepler-905,1,0.906486,0.93
Kepler-905,1,0.887,1.009
Kepler-906,1,1.055,0.908
Kepler-906,1,1.055,0.908
Kepler-906,1,0.993386,1.16
Kepler-906,1,1.024,0.857
Kepler-906,1,0.971,1.004
Kepler-906,1,1.055,0.908
Kepler-906,1,1.06,1.13
Kepler-906,1,0.993386,1.16
Kepler-906,1,1.041,NA
Kepler-906,1,0.993386,1.16
Kepler-906,1,1.02,1.06
Kepler-907,1,1.327,1.008
Kepler-907,1,1.38,1.08
Kepler-907,1,NA,NA
Kepler-907,1,1.308,0.974
Kepler-907,1,NA,NA
Kepler-907,1,1.327,1.008
Kepler-907,1,1.041,1.012
Kepler-907,1,1.327,1.008
Kepler-907,1,NA,NA
Kepler-908,1,1.12,1.11
Kepler-908,1,1.59058,0.919
Kepler-908,1,1.287,1.195
Kepler-908,1,1.022,1.133
Kepler-908,1,1.293,NA
Kepler-908,1,1.022,1.133
Kepler-908,1,1.59058,0.919
Kepler-908,1,1.59058,0.919
Kepler-908,1,1.115,1.153
Kepler-908,1,1.125,1.122
Kepler-908,1,1.022,1.133
Kepler-909,1,1.2607,1.11
Kepler-909,1,1.128,1.175
Kepler-909,1,1.23,1.17
Kepler-909,1,1.2607,1.11
Kepler-909,1,1.211,NA
Kepler-909,1,1.047,1.149
Kepler-909,1,1.047,1.149
Kepler-909,1,1.207,1.113
Kepler-909,1,1.205,1.149
Kepler-909,1,1.2607,1.11
Kepler-909,1,1.047,1.149
Kepler-91,1,6.528,1.344
Kepler-91,1,6.37872,NA
Kepler-91,1,6.37872,NA
Kepler-91,1,6.37872,NA
Kepler-91,1,6.528,1.344
Kepler-91,1,6.37872,NA
Kepler-91,1,6.3,1.31
Kepler-91,1,7.6,1.5
Kepler-91,1,6.3,1.31
Kepler-91,1,6.37872,NA
Kepler-91,1,6.221,1.218
Kepler-91,1,6.37872,NA
Kepler-91,1,6.528,1.344
Kepler-91,1,6.4,1.28
Kepler-91,1,6.384,NA
Kepler-91,1,6.4,1.3
Kepler-910,1,1.506,1.27
Kepler-910,1,1.506,1.27
Kepler-910,1,1.57308,1.154
Kepler-910,1,1.57308,1.154
Kepler-910,1,1.5,1.26
Kepler-910,1,1.491,1.259
Kepler-910,1,1.506,1.27
Kepler-910,1,1.543,1.326
Kepler-910,1,1.29,1.22
Kepler-910,1,1.508,NA
Kepler-911,1,1.954,1.294
Kepler-911,1,1.76,1.209
Kepler-911,1,1.877,1.197
Kepler-911,1,2.02277,1.14
Kepler-911,1,1.972,NA
Kepler-911,1,2.02277,1.14
Kepler-911,1,1.99,1.34
Kepler-911,1,1.954,1.294
Kepler-911,1,2.02277,1.14
Kepler-911,1,1.953,1.224
Kepler-911,1,1.954,1.294
Kepler-912,1,0.806,0.808
Kepler-912,1,0.806,0.808
Kepler-912,1,1.90461,1.03
Kepler-912,1,1.90461,1.03
Kepler-912,1,0.806,0.808
Kepler-912,1,0.806,0.808
Kepler-912,1,0.9,1.01
Kepler-912,1,1.835,NA
Kepler-912,1,1.11,1.07
Kepler-913,2,0.769,0.856
Kepler-913,2,1.797,1.294
Kepler-913,2,0.814025,0.95
Kepler-913,2,0.82,0.95
Kepler-913,2,0.769,0.856
Kepler-913,2,0.769,0.856
Kepler-913,2,0.814025,0.95
Kepler-913,2,0.61,0.63
Kepler-913,2,0.814025,0.95
Kepler-913,2,1.797,1.294
Kepler-913,2,1.797,1.294
Kepler-913,2,0.814025,0.95
Kepler-913,2,0.769,0.856
Kepler-913,2,0.82,0.95
Kepler-913,2,0.769,0.856
Kepler-913,2,0.769,0.856
Kepler-914,1,1.262,1.112
Kepler-914,1,1.285,NA
Kepler-914,1,1.149,1.116
Kepler-914,1,1.32044,1.04
Kepler-914,1,1.32044,1.04
Kepler-914,1,1.166,1.1
Kepler-914,1,1.149,1.116
Kepler-914,1,1.15,1.147
Kepler-914,1,1.15,1.1
Kepler-914,1,1.149,1.116
Kepler-915,1,1.459,1.14
Kepler-915,1,1.55216,1.19
Kepler-915,1,1.175,1.003
Kepler-915,1,1.175,1.003
Kepler-915,1,1.175,1.003
Kepler-915,1,1.485,NA
Kepler-915,1,1.26,1.18
Kepler-915,1,1.38,1.21
Kepler-915,1,1.381,1.148
Kepler-916,1,0.875,NA
Kepler-916,1,0.81,0.85
Kepler-916,1,0.902819,0.88
Kepler-916,1,0.843,0.945
Kepler-916,1,0.902819,0.88
Kepler-916,1,0.75,0.85
Kepler-916,1,0.891,0.854
Kepler-916,1,0.902819,0.88
Kepler-916,1,0.843,0.945
Kepler-916,1,0.843,0.945
Kepler-917,1,2.43267,1.03
Kepler-917,1,0.751,0.821
Kepler-917,1,0.751,0.821
Kepler-917,1,0.76,0.8
Kepler-917,1,2.43267,1.03
Kepler-917,1,0.751,0.821
Kepler-917,1,0.55,0.8
Kepler-917,1,0.743,0.833
Kepler-918,1,0.97,1.05
Kepler-918,1,0.968,1.038
Kepler-918,1,0.97,1.05
Kepler-918,1,0.97,1.05
Kepler-918,1,0.99181,1.02
Kepler-918,1,0.916,NA
Kepler-918,1,0.96,1.05
Kepler-918,1,1.14,1.11
Kepler-919,1,1.095,NA
Kepler-919,1,1.20645,1.04
Kepler-919,1,1.025,1.025
Kepler-919,1,1.025,1.025
Kepler-919,1,1.21,1.15
Kepler-919,1,1.025,1.025
Kepler-919,1,1.03,1.04
Kepler-919,1,1.025,1.025
Kepler-919,1,1.20645,1.04
Kepler-919,1,1.20645,1.04
Kepler-92,3,1.81719,1.07
Kepler-92,3,1.69,1.17
Kepler-92,3,1.763,1.29
Kepler-92,3,1.779,NA
Kepler-92,3,1.703,1.207
Kepler-92,3,1.67,1.142
Kepler-92,3,1.53,1.17
Kepler-92,3,1.7,1.21
Kepler-92,3,NA,1.29
Kepler-92,3,1.81719,1.07
Kepler-92,3,1.81719,1.07
Kepler-92,3,1.703,1.207
Kepler-92,3,1.81719,1.07
Kepler-92,3,1.703,1.207
Kepler-92,3,1.67,1.142
Kepler-92,3,1.703,1.207
Kepler-92,3,NA,1.29
Kepler-92,3,1.779,NA
Kepler-92,3,1.703,1.207
Kepler-92,3,1.703,1.207
Kepler-92,3,1.7,1.21
Kepler-92,3,1.81719,1.07
Kepler-92,3,1.81719,1.07
Kepler-92,3,1.69,1.17
Kepler-92,3,1.53,1.17
Kepler-92,3,1.763,1.29
Kepler-92,3,1.81719,1.07
Kepler-92,3,1.81719,1.07
Kepler-92,3,1.81719,1.07
Kepler-92,3,1.703,1.207
Kepler-92,3,1.81719,1.07
Kepler-92,3,1.81719,1.07
Kepler-92,3,1.69,1.17
Kepler-92,3,1.779,NA
Kepler-92,3,1.703,1.207
Kepler-92,3,1.763,1.29
Kepler-92,3,1.53,1.17
Kepler-92,3,1.703,1.207
Kepler-92,3,1.67,1.142
Kepler-92,3,1.81719,1.07
Kepler-92,3,NA,1.29
Kepler-920,2,0.85,0.89
Kepler-920,2,0.85,1
Kepler-920,2,0.903,1.005
Kepler-920,2,0.903,1.005
Kepler-920,2,0.946461,0.92
Kepler-920,2,0.903,1.005
Kepler-920,2,0.954,NA
Kepler-920,2,0.946461,0.92
Kepler-920,2,0.946461,0.92
Kepler-920,2,0.977,0.856
Kepler-920,2,0.954,NA
Kepler-920,2,0.946461,0.92
Kepler-920,2,0.946461,0.92
Kepler-920,2,0.903,1.005
Kepler-920,2,0.946461,0.92
Kepler-920,2,0.85,0.89
Kepler-920,2,0.903,1.005
Kepler-920,2,0.977,0.856
Kepler-920,2,0.903,1.005
Kepler-921,1,0.91,0.93
Kepler-921,1,0.929,1.014
Kepler-921,1,0.962,NA
Kepler-921,1,0.929,1.014
Kepler-921,1,0.929,1.014
Kepler-921,1,0.929,1.014
Kepler-921,1,1.03697,0.98
Kepler-921,1,1.03697,0.98
Kepler-921,1,0.94,1.045
Kepler-922,1,0.907,0.875
Kepler-922,1,0.989,0.981
Kepler-922,1,0.918,NA
Kepler-922,1,0.921458,0.98
Kepler-922,1,0.93,0.95
Kepler-922,1,1.087,0.906
Kepler-922,1,0.921458,0.98
Kepler-922,1,0.989,0.981
Kepler-922,1,0.989,0.981
Kepler-922,1,0.98,0.972
Kepler-923,1,1.129,1.208
Kepler-923,1,1.26,1.11
Kepler-923,1,1.287,1.213
Kepler-923,1,1.304,1.01
Kepler-923,1,1.129,1.208
Kepler-923,1,1.129,1.208
Kepler-923,1,1.36753,1.1
Kepler-923,1,0.97,1.069
Kepler-923,1,1.316,NA
Kepler-924,1,1.29774,1.13
Kepler-924,1,1.1,1.163
Kepler-924,1,1.015,1.066
Kepler-924,1,1.015,1.066
Kepler-924,1,1.015,1.066
Kepler-924,1,1.32,NA
Kepler-924,1,1.614,1.358
Kepler-924,1,1.291,1.098
Kepler-924,1,1.29774,1.13
Kepler-924,1,1.23,1.14
Kepler-924,1,1.29774,1.13
Kepler-925,1,0.697,NA
Kepler-925,1,0.773259,0.69
Kepler-925,1,0.773259,0.69
Kepler-925,1,0.608,0.637
Kepler-925,1,0.72,0.77
Kepler-925,1,0.691,0.683
Kepler-925,1,0.773259,0.69
Kepler-925,1,0.691,0.683
Kepler-925,1,0.691,0.683
Kepler-925,1,0.691,0.683
Kepler-926,1,1.23679,1.02
Kepler-926,1,1.23679,1.02
Kepler-926,1,0.802,0.88
Kepler-926,1,0.802,0.88
Kepler-926,1,0.802,0.88
Kepler-926,1,1.25,NA
Kepler-926,1,1.246,1.008
Kepler-926,1,0.85,0.956
Kepler-926,1,1.01,1.01
Kepler-927,1,1.028,1.039
Kepler-927,1,0.925,NA
Kepler-927,1,1.028,1.039
Kepler-927,1,1.01,0.981
Kepler-927,1,0.978421,0.98
Kepler-927,1,1.028,1.039
Kepler-927,1,0.978421,0.98
Kepler-927,1,1.028,1.039
Kepler-927,1,0.99,0.99
Kepler-927,1,0.978421,0.98
Kepler-928,1,0.779,0.756
Kepler-928,1,0.682015,0.733
Kepler-928,1,0.664,0.685
Kepler-928,1,0.682015,0.733
Kepler-928,1,0.779,0.756
Kepler-928,1,0.668,NA
Kepler-928,1,0.779,0.756
Kepler-928,1,0.682015,0.733
Kepler-928,1,0.7,0.73
Kepler-928,1,0.779,0.756
Kepler-929,1,1.67525,1.05
Kepler-929,1,1.615,1.115
Kepler-929,1,1.02,1.01
Kepler-929,1,0.92,0.965
Kepler-929,1,0.819,0.76
Kepler-929,1,1.614,NA
Kepler-929,1,0.819,0.76
Kepler-929,1,0.819,0.76
Kepler-929,1,1.67525,1.05
Kepler-929,1,1.572,1.224
Kepler-93,2,0.92,NA
Kepler-93,2,0.894,0.866
Kepler-93,2,0.921,0.909
Kepler-93,2,0.922487,1
Kepler-93,2,0.922487,1
Kepler-93,2,0.92,0.91
Kepler-93,2,0.922487,1
Kepler-93,2,0.919,0.911
Kepler-93,2,0.921,0.909
Kepler-93,2,0.922487,1
Kepler-93,2,0.921,0.909
Kepler-93,2,0.871,0.887
Kepler-93,2,NA,0.874
Kepler-93,2,0.922487,1
Kepler-93,2,0.98,1.09
Kepler-93,2,0.943,NA
Kepler-93,2,0.919,0.911
Kepler-93,2,0.941,0.874
Kepler-93,2,0.922487,1
Kepler-93,2,0.92,0.91
Kepler-930,1,1.388,NA
Kepler-930,1,1.47,1.11
Kepler-930,1,1.49083,1.06
Kepler-930,1,1.488,1.094
Kepler-930,1,1.488,1.094
Kepler-930,1,1.4,1.25
Kepler-930,1,1.49083,1.06
Kepler-930,1,1.488,1.094
Kepler-930,1,1.488,1.094
Kepler-930,1,1.49083,1.06
Kepler-930,1,1.361,1.081
Kepler-931,1,0.804,0.764
Kepler-931,1,0.804,0.764
Kepler-931,1,0.804,0.764
Kepler-931,1,0.804,0.764
Kepler-931,1,NA,NA
Kepler-931,1,0.81,0.86
Kepler-931,1,NA,NA
Kepler-931,1,NA,NA
Kepler-931,1,1.95,0.917
Kepler-932,1,0.839667,0.89
Kepler-932,1,0.84,0.87
Kepler-932,1,0.851,0.784
Kepler-932,1,0.827,NA
Kepler-932,1,0.851,0.784
Kepler-932,1,0.839667,0.89
Kepler-932,1,0.81,0.78
Kepler-932,1,0.851,0.784
Kepler-932,1,0.82,0.859
Kepler-932,1,0.851,0.784
Kepler-933,1,0.84,0.87
Kepler-933,1,0.678,0.758
Kepler-933,1,0.69,0.74
Kepler-933,1,0.935033,0.91
Kepler-933,1,0.69,0.74
Kepler-933,1,0.69,0.74
Kepler-933,1,0.943,NA
Kepler-933,1,0.935033,0.91
Kepler-933,1,0.935033,0.91
Kepler-933,1,0.56,0.87
Kepler-934,1,0.813889,0.79
Kepler-934,1,0.813889,0.79
Kepler-934,1,0.813889,0.79
Kepler-934,1,0.808,0.806
Kepler-934,1,0.935,0.853
Kepler-934,1,0.935,0.853
Kepler-934,1,0.77,0.81
Kepler-934,1,0.72,0.73
Kepler-934,1,0.771,NA
Kepler-934,1,0.935,0.853
Kepler-935,1,0.73,0.78
Kepler-935,1,0.697637,0.772
Kepler-935,1,0.706,NA
Kepler-935,1,0.697637,0.772
Kepler-935,1,0.861,0.817
Kepler-935,1,0.697637,0.772
Kepler-935,1,0.861,0.817
Kepler-935,1,0.861,0.817
Kepler-935,1,0.68,0.693
Kepler-935,1,0.861,0.817
Kepler-936,1,0.93,0.822
Kepler-936,1,1.171,1.034
Kepler-936,1,0.89,0.92
Kepler-936,1,NA,NA
Kepler-936,1,1.171,1.034
Kepler-936,1,1.171,1.034
Kepler-936,1,NA,NA
Kepler-936,1,1.171,1.034
Kepler-937,2,1.43698,1.01
Kepler-937,2,1.43698,1.01
Kepler-937,2,1.079,0.963
Kepler-937,2,1.079,0.963
Kepler-937,2,1.22,1.15
Kepler-937,2,1.079,0.963
Kepler-937,2,1.43698,1.01
Kepler-937,2,1.08,0.964
Kepler-937,2,1.298,NA
Kepler-937,2,1.13,1.06
Kepler-937,2,1.298,NA
Kepler-937,2,1.22,1.15
Kepler-937,2,1.08,0.964
Kepler-937,2,1.43698,1.01
Kepler-937,2,1.079,0.963
Kepler-937,2,1.079,0.963
Kepler-937,2,1.079,0.963
Kepler-937,2,1.43698,1.01
Kepler-938,1,1.433,0.933
Kepler-938,1,0.89,0.92
Kepler-938,1,0.827,0.908
Kepler-938,1,0.82,0.925
Kepler-938,1,NA,NA
Kepler-938,1,NA,NA
Kepler-938,1,0.827,0.908
Kepler-938,1,NA,NA
Kepler-938,1,0.827,0.908
Kepler-939,1,0.85,0.88
Kepler-939,1,1.64184,1
Kepler-939,1,1.64184,1
Kepler-939,1,1.723,NA
Kepler-939,1,1.64184,1
Kepler-939,1,0.837,0.92
Kepler-939,1,0.88,0.988
Kepler-939,1,0.851,0.915
Kepler-939,1,0.851,0.915
Kepler-939,1,0.851,0.915
Kepler-94,2,0.61,0.64
Kepler-94,2,0.75,0.82
Kepler-94,2,0.739515,0.755
Kepler-94,2,0.761,0.835
Kepler-94,2,0.61,0.64
Kepler-94,2,0.739515,NA
Kepler-94,2,0.61,0.64
Kepler-94,2,0.757,0.814
Kepler-94,2,0.61,0.64
Kepler-94,2,0.76,0.81
Kepler-94,2,0.739515,0.755
Kepler-94,2,0.745,0.815
Kepler-94,2,0.739515,0.755
Kepler-94,2,0.746,NA
Kepler-94,2,NA,0.815
Kepler-94,2,0.76,0.81
Kepler-94,2,NA,0.815
Kepler-940,1,1.02988,0.97
Kepler-940,1,0.96,1.063
Kepler-940,1,0.997,1.072
Kepler-940,1,0.997,1.072
Kepler-940,1,0.884,NA
Kepler-940,1,0.997,1.072
Kepler-940,1,0.997,1.072
Kepler-940,1,1.02988,0.97
Kepler-940,1,0.96,0.97
Kepler-940,1,1.02988,0.97
Kepler-941,1,0.931654,0.91
Kepler-941,1,0.969,0.986
Kepler-941,1,1.01,1.07
Kepler-941,1,0.931654,0.91
Kepler-941,1,0.829,NA
Kepler-941,1,0.969,0.986
Kepler-941,1,0.86,0.89
Kepler-941,1,0.931654,0.91
Kepler-941,1,0.969,0.986
Kepler-941,1,0.969,0.986
Kepler-942,1,0.749,0.775
Kepler-942,1,0.708,0.743
Kepler-942,1,0.763054,0.756
Kepler-942,1,0.708,0.743
Kepler-942,1,0.75,0.81
Kepler-942,1,0.708,0.743
Kepler-942,1,0.654,0.676
Kepler-942,1,0.751,NA
Kepler-942,1,0.763054,0.756
Kepler-942,1,0.729,0.817
Kepler-943,1,1.727,NA
Kepler-943,1,0.818,0.907
Kepler-943,1,0.87,0.974
Kepler-943,1,1.70909,0.99
Kepler-943,1,0.822,0.902
Kepler-943,1,0.822,0.902
Kepler-943,1,1.70909,0.99
Kepler-943,1,0.822,0.902
Kepler-943,1,0.91,0.93
Kepler-943,1,1.70909,0.99
Kepler-944,1,1.02239,0.95
Kepler-944,1,0.774,0.865
Kepler-944,1,1.02239,0.95
Kepler-944,1,0.785,0.855
Kepler-944,1,1.02239,0.95
Kepler-944,1,0.84,0.95
Kepler-944,1,0.83,0.86
Kepler-944,1,0.785,0.855
Kepler-944,1,1.073,NA
Kepler-944,1,0.785,0.855
Kepler-945,1,1.03,1.132
Kepler-945,1,1.0588,1.01
Kepler-945,1,1.03,1.132
Kepler-945,1,0.94,1.04
Kepler-945,1,1.03,1.132
Kepler-945,1,0.97,0.97
Kepler-945,1,1.0588,1.01
Kepler-945,1,1.071,1.173
Kepler-945,1,1.019,NA
Kepler-945,1,1.0588,1.01
Kepler-946,1,1.13658,1.06
Kepler-946,1,0.93,1.025
Kepler-946,1,0.859,0.947
Kepler-946,1,1.18,NA
Kepler-946,1,0.859,0.947
Kepler-946,1,1.199,0.962
Kepler-946,1,1.13658,1.06
Kepler-946,1,0.93,0.94
Kepler-946,1,0.859,0.947
Kepler-947,1,0.84,0.95
Kepler-947,1,0.905,1.021
Kepler-947,1,0.905,1.021
Kepler-947,1,0.905,1.021
Kepler-947,1,0.87,0.9
Kepler-947,1,1.30237,0.96
Kepler-947,1,1.30237,0.96
Kepler-947,1,0.905,1.021
Kepler-947,1,1.286,NA
Kepler-947,1,1.30237,0.96
Kepler-948,1,0.917,0.928
Kepler-948,1,0.970605,0.96
Kepler-948,1,0.92,0.906
Kepler-948,1,0.945,NA
Kepler-948,1,0.970605,0.96
Kepler-948,1,0.92,0.906
Kepler-948,1,0.970605,0.96
Kepler-948,1,0.94,0.96
Kepler-948,1,0.94,0.95
Kepler-948,1,0.92,0.906
Kepler-949,2,0.895,0.817
Kepler-949,2,0.895,0.817
Kepler-949,2,0.745,0.818
Kepler-949,2,0.75,NA
Kepler-949,2,0.895,0.817
Kepler-949,2,0.79,0.76
Kepler-949,2,0.86,0.89
Kepler-949,2,0.77394,0.853
Kepler-949,2,0.77394,0.853
Kepler-949,2,0.77394,0.853
Kepler-949,2,0.895,0.817
Kepler-949,2,0.895,0.817
Kepler-949,2,0.745,0.818
Kepler-949,2,0.79,0.76
Kepler-949,2,0.895,0.817
Kepler-949,2,0.895,0.817
Kepler-949,2,0.77394,0.853
Kepler-949,2,0.895,0.817
Kepler-949,2,0.77394,0.853
Kepler-949,2,0.895,0.817
Kepler-95,1,1.09,1.07
Kepler-95,1,1.407,1.075
Kepler-95,1,NA,1.075
Kepler-95,1,1.415,1.084
Kepler-95,1,1.415,1.084
Kepler-95,1,1.4,1.05
Kepler-95,1,1.45161,1
Kepler-95,1,1.41,1.08
Kepler-95,1,1.411,1.053
Kepler-95,1,1.42,NA
Kepler-95,1,1.415,1.084
Kepler-95,1,1.45161,1
Kepler-95,1,1.45161,1
Kepler-950,1,1.50212,1.04
Kepler-950,1,1.50212,1.04
Kepler-950,1,0.786,0.871
Kepler-950,1,1.50212,1.04
Kepler-950,1,1.514,NA
Kepler-950,1,0.793,0.87
Kepler-950,1,0.793,0.87
Kepler-950,1,0.89,0.995
Kepler-950,1,1.02,1.02
Kepler-950,1,0.793,0.87
Kepler-951,1,0.815,0.788
Kepler-951,1,0.73,0.77
Kepler-951,1,0.815,0.788
Kepler-951,1,1.06,0.9
Kepler-951,1,0.815,0.788
Kepler-951,1,0.778,0.769
Kepler-951,1,0.72373,0.748
Kepler-951,1,0.689,NA
Kepler-951,1,0.72373,0.748
Kepler-951,1,0.72373,0.748
Kepler-952,1,1.015,1.089
Kepler-952,1,1.015,1.089
Kepler-952,1,1.015,1.089
Kepler-952,1,1.17191,1
Kepler-952,1,1.09,NA
Kepler-952,1,1.015,1.089
Kepler-952,1,0.99,1
Kepler-952,1,1.17191,1
Kepler-952,1,1.17191,1
Kepler-952,1,0.95,0.981
Kepler-953,2,1.039,1.091
Kepler-953,2,0.998,1.088
Kepler-953,2,0.998,1.088
Kepler-953,2,1.073,1.026
Kepler-953,2,NA,NA
Kepler-953,2,NA,NA
Kepler-953,2,NA,NA
Kepler-953,2,0.99,0.95
Kepler-953,2,0.998,1.088
Kepler-953,2,1,NA
Kepler-953,2,0.998,1.088
Kepler-953,2,0.99,0.95
Kepler-953,2,NA,NA
Kepler-953,2,NA,NA
Kepler-953,2,0.998,1.088
Kepler-953,2,NA,NA
Kepler-953,2,0.998,1.088
Kepler-953,2,1.073,1.026
Kepler-954,1,0.722,NA
Kepler-954,1,0.761,0.734
Kepler-954,1,0.703544,0.815
Kepler-954,1,0.761,0.734
Kepler-954,1,0.719,0.821
Kepler-954,1,0.742,0.778
Kepler-954,1,0.761,0.734
Kepler-954,1,0.7,0.711
Kepler-954,1,0.76,0.82
Kepler-954,1,0.703544,0.815
Kepler-954,1,0.703544,0.815
Kepler-955,1,0.86,0.8
Kepler-955,1,0.768647,0.885
Kepler-955,1,0.768647,0.885
Kepler-955,1,0.86,0.802
Kepler-955,1,0.86,0.802
Kepler-955,1,0.86,0.802
Kepler-955,1,0.84,0.89
Kepler-955,1,0.768647,0.885
Kepler-955,1,0.727,NA
Kepler-955,1,0.86,0.802
Kepler-956,1,1.00889,1.08
Kepler-956,1,1.021,1.09
Kepler-956,1,1.021,1.09
Kepler-956,1,1.15,1.1
Kepler-956,1,1.021,1.09
Kepler-956,1,0.995,NA
Kepler-956,1,0.98,1.068
Kepler-956,1,1.012,1.021
Kepler-956,1,1.00889,1.08
Kepler-956,1,0.983,1.054
Kepler-957,1,0.831335,0.78
Kepler-957,1,0.69,0.667
Kepler-957,1,0.847,NA
Kepler-957,1,0.831335,0.78
Kepler-957,1,0.831335,0.78
Kepler-957,1,0.69,0.667
Kepler-957,1,0.73,0.733
Kepler-957,1,0.69,0.667
Kepler-957,1,0.69,0.667
Kepler-957,1,0.75,0.81
Kepler-958,1,1.034,0.91
Kepler-958,1,0.852,0.864
Kepler-958,1,0.831,NA
Kepler-958,1,0.98,0.84
Kepler-958,1,0.804599,0.96
Kepler-958,1,0.86,0.91
Kepler-958,1,1.034,0.91
Kepler-958,1,1.034,0.91
Kepler-958,1,0.804599,0.96
Kepler-958,1,0.822,0.898
Kepler-959,1,7.663,2.646
Kepler-959,1,1.449,1.409
Kepler-959,1,1.449,1.409
Kepler-959,1,1.66023,1.48
Kepler-959,1,2.01,1.6
Kepler-959,1,1.449,1.409
Kepler-959,1,1.66023,1.48
Kepler-959,1,1.66023,1.48
Kepler-959,1,1.727,NA
Kepler-959,1,1.37,1.39
Kepler-96,1,0.945,NA
Kepler-96,1,0.952085,NA
Kepler-96,1,0.904,1.002
Kepler-96,1,0.952085,1.026
Kepler-96,1,NA,1.013
Kepler-96,1,0.993,0.951
Kepler-96,1,1.02,1.03
Kepler-96,1,1.02,1
Kepler-96,1,0.904,1.002
Kepler-96,1,0.904,1.002
Kepler-96,1,1.017,0.995
Kepler-96,1,0.943,1.013
Kepler-96,1,0.952085,1.026
Kepler-960,1,0.686,0.752
Kepler-960,1,1.749,0.97
Kepler-960,1,1.749,0.97
Kepler-960,1,1.749,0.97
Kepler-960,1,0.689,NA
Kepler-960,1,0.794648,0.709
Kepler-960,1,0.794648,0.709
Kepler-960,1,0.794648,0.709
Kepler-960,1,0.7,0.68
Kepler-960,1,1.749,0.97
Kepler-960,1,0.72,0.77
Kepler-961,1,1,1
Kepler-961,1,0.864387,0.98
Kepler-961,1,0.872,0.901
Kepler-961,1,1.113,0.979
Kepler-961,1,1,1
Kepler-961,1,0.854,NA
Kepler-961,1,0.9,0.96
Kepler-961,1,1.09,0.908
Kepler-961,1,0.864387,0.98
Kepler-961,1,0.842,0.932
Kepler-961,1,0.864387,0.98
Kepler-962,1,0.834,0.873
Kepler-962,1,0.696,0.743
Kepler-962,1,0.696,0.743
Kepler-962,1,0.832288,0.95
Kepler-962,1,0.803,0.882
Kepler-962,1,0.696,0.743
Kepler-962,1,0.832288,0.95
Kepler-962,1,0.86,0.93
Kepler-962,1,0.811,NA
Kepler-962,1,0.832288,0.95
Kepler-962,1,0.79,0.894
Kepler-963,2,0.898058,0.93
Kepler-963,2,0.928,0.821
Kepler-963,2,0.87,0.91
Kepler-963,2,0.856,NA
Kepler-963,2,0.928,0.821
Kepler-963,2,0.94,0.83
Kepler-963,2,0.928,0.821
Kepler-963,2,0.928,0.821
Kepler-963,2,0.898058,0.93
Kepler-963,2,0.898058,0.93
Kepler-963,2,0.928,0.821
Kepler-964,1,0.812628,0.93
Kepler-964,1,1.626,1.08
Kepler-964,1,0.809,NA
Kepler-964,1,0.816,0.875
Kepler-964,1,0.84,0.93
Kepler-964,1,1.49,0.93
Kepler-964,1,0.8,0.9
Kepler-964,1,1.626,1.08
Kepler-964,1,0.812628,0.93
Kepler-964,1,0.812628,0.93
Kepler-964,1,1.626,1.08
Kepler-965,1,1.08918,1.12
Kepler-965,1,0.826,0.907
Kepler-965,1,1.15,1.05
Kepler-965,1,1.102,NA
Kepler-965,1,0.94,1.04
Kepler-965,1,0.826,0.907
Kepler-965,1,1.2,0.991
Kepler-965,1,1.084,0.981
Kepler-965,1,0.826,0.907
Kepler-965,1,1.08918,1.12
Kepler-965,1,1.08918,1.12
Kepler-966,1,1.39009,0.99
Kepler-966,1,0.974,0.797
Kepler-966,1,1.18,0.885
Kepler-966,1,0.974,0.797
Kepler-966,1,0.974,0.797
Kepler-966,1,1.375,NA
Kepler-966,1,1.02,1.02
Kepler-966,1,0.974,0.797
Kepler-966,1,1.39009,0.99
Kepler-966,1,1.39009,0.99
Kepler-967,2,0.628,0.619
Kepler-967,2,NA,NA
Kepler-967,2,0.628,0.619
Kepler-967,2,NA,NA
Kepler-967,2,0.8,0.772
Kepler-967,2,NA,NA
Kepler-967,2,0.628,0.619
Kepler-967,2,0.8,0.825
Kepler-967,2,0.8,0.84
Kepler-967,2,0.628,0.619
Kepler-967,2,0.628,0.619
Kepler-967,2,0.628,0.619
Kepler-967,2,0.8,0.825
Kepler-967,2,NA,NA
Kepler-967,2,NA,NA
Kepler-967,2,0.8,0.84
Kepler-967,2,NA,NA
Kepler-968,3,0.572,0.575
Kepler-968,3,0.599,0.629
Kepler-968,3,0.577,0.568
Kepler-968,3,0.701769,0.696
Kepler-968,3,0.577,0.568
Kepler-968,3,0.684,NA
Kepler-968,3,0.701769,0.696
Kepler-968,3,0.701769,0.696
Kepler-968,3,0.577,0.568
Kepler-968,3,0.7,0.76
Kepler-968,3,0.577,0.568
Kepler-968,3,0.7,0.76
Kepler-968,3,0.577,0.568
Kepler-968,3,0.577,0.568
Kepler-968,3,0.701769,0.696
Kepler-968,3,0.701769,0.696
Kepler-968,3,0.684,NA
Kepler-968,3,0.572,0.575
Kepler-968,3,0.701769,0.696
Kepler-969,2,0.834,0.948
Kepler-969,2,0.778,0.876
Kepler-969,2,0.784,NA
Kepler-969,2,0.952,0.835
Kepler-969,2,0.782639,0.89
Kepler-969,2,0.952,0.835
Kepler-969,2,0.782639,0.89
Kepler-969,2,0.952,0.835
Kepler-969,2,0.84,0.79
Kepler-969,2,0.782639,0.89
Kepler-969,2,0.82,0.92
Kepler-969,2,0.778,0.876
Kepler-969,2,0.952,0.835
Kepler-969,2,0.952,0.835
Kepler-969,2,0.782639,0.89
Kepler-969,2,0.82,0.92
Kepler-969,2,0.952,0.835
Kepler-969,2,0.782639,0.89
Kepler-969,2,0.784,NA
Kepler-969,2,0.834,0.948
Kepler-97,2,0.98,0.901
Kepler-97,2,0.966,0.906
Kepler-97,2,0.948102,1.05
Kepler-97,2,0.948102,1.05
Kepler-97,2,0.966,0.899
Kepler-97,2,0.948102,1.05
Kepler-97,2,0.966,0.906
Kepler-97,2,NA,0.901
Kepler-97,2,0.96,0.96
Kepler-97,2,0.966,0.906
Kepler-97,2,0.978,0.939
Kepler-97,2,0.98,0.94
Kepler-97,2,0.988,NA
Kepler-97,2,0.98,0.94
Kepler-970,1,0.700292,0.672
Kepler-970,1,0.71,0.67
Kepler-970,1,0.716,0.702
Kepler-970,1,0.67,0.7
Kepler-970,1,0.716,0.702
Kepler-970,1,0.655,NA
Kepler-970,1,0.614,0.642
Kepler-970,1,0.716,0.702
Kepler-970,1,0.653,0.646
Kepler-970,1,0.700292,0.672
Kepler-971,1,1.673,0.819
Kepler-971,1,0.776967,0.97
Kepler-971,1,0.776967,0.97
Kepler-971,1,0.818,0.946
Kepler-971,1,0.776967,0.97
Kepler-971,1,1.76,1.008
Kepler-971,1,1.673,0.819
Kepler-971,1,1.673,0.819
Kepler-971,1,0.825,NA
Kepler-971,1,1.673,0.819
Kepler-971,1,0.85,0.88
Kepler-972,1,1.16898,1.09
Kepler-972,1,1.13,1.059
Kepler-972,1,1.13,1.059
Kepler-972,1,1.16898,1.09
Kepler-972,1,1.24,1.064
Kepler-972,1,1.22,1.15
Kepler-972,1,1.17,NA
Kepler-972,1,1.11,1.05
Kepler-972,1,1.13,1.059
Kepler-973,1,0.828814,0.884
Kepler-973,1,0.78,0.86
Kepler-973,1,0.774,0.858
Kepler-973,1,0.742,0.702
Kepler-973,1,0.742,0.702
Kepler-973,1,0.742,0.702
Kepler-973,1,0.876,NA
Kepler-973,1,0.81,0.777
Kepler-973,1,0.869,0.835
Kepler-973,1,0.828814,0.884
Kepler-974,2,0.5,0.52
Kepler-974,2,0.522,0.555
Kepler-974,2,0.45,0.464
Kepler-974,2,0.494,0.509
Kepler-974,2,0.537958,0.534295
Kepler-974,2,0.45,0.464
Kepler-974,2,0.544,NA
Kepler-974,2,NA,NA
Kepler-974,2,0.537958,0.534295
Kepler-974,2,0.45,0.464
Kepler-974,2,0.537958,0.534295
Kepler-975,2,0.807611,0.77
Kepler-975,2,0.786,0.836
Kepler-975,2,1.667,0.951
Kepler-975,2,1.667,0.951
Kepler-975,2,0.807611,0.77
Kepler-975,2,0.807611,0.77
Kepler-975,2,1.667,0.951
Kepler-975,2,0.7,0.68
Kepler-975,2,0.795,NA
Kepler-975,2,1.667,0.951
Kepler-975,2,0.75,0.8
Kepler-975,2,0.807611,0.77
Kepler-975,2,1.667,0.951
Kepler-975,2,1.667,0.951
Kepler-975,2,1.667,0.951
Kepler-975,2,0.786,0.836
Kepler-975,2,0.7,0.68
Kepler-975,2,1.667,0.951
Kepler-975,2,0.807611,0.77
Kepler-975,2,1.667,0.951
Kepler-976,1,0.73,0.836
Kepler-976,1,0.895026,0.82
Kepler-976,1,0.83,0.87
Kepler-976,1,0.895026,0.82
Kepler-976,1,0.796,0.887
Kepler-976,1,0.895026,0.82
Kepler-976,1,0.796,0.887
Kepler-976,1,0.796,0.887
Kepler-976,1,0.8,0.891
Kepler-976,1,0.811,NA
Kepler-977,1,0.869,0.786
Kepler-977,1,0.869,0.786
Kepler-977,1,0.869,0.786
Kepler-977,1,0.85,0.8
Kepler-977,1,0.717298,0.88
Kepler-977,1,0.717298,0.88
Kepler-977,1,0.83,0.87
Kepler-977,1,0.869,0.786
Kepler-977,1,0.712,NA
Kepler-977,1,0.717298,0.88
Kepler-978,1,1.09,1.07
Kepler-978,1,1.019,1.036
Kepler-978,1,1.019,1.036
Kepler-978,1,1.08918,NA
Kepler-978,1,1.06,1.12
Kepler-978,1,1.184,1.097
Kepler-978,1,1.019,1.036
Kepler-978,1,1.08918,NA
Kepler-979,1,0.759,0.844
Kepler-979,1,0.857218,0.88
Kepler-979,1,0.857218,0.88
Kepler-979,1,0.874,0.87
Kepler-979,1,0.759,0.844
Kepler-979,1,0.71,0.813
Kepler-979,1,0.857218,0.88
Kepler-979,1,0.83,0.87
Kepler-979,1,0.798,NA
Kepler-979,1,0.759,0.844
Kepler-98,1,0.942676,0.966
Kepler-98,1,NA,1.001
Kepler-98,1,1.11,0.99
Kepler-98,1,1.089,0.94
Kepler-98,1,0.886,0.989
Kepler-98,1,1.02,0.96
Kepler-98,1,0.886,0.989
Kepler-98,1,0.942676,0.966
Kepler-98,1,0.91,1.001
Kepler-98,1,0.917,NA
Kepler-98,1,0.942676,0.966
Kepler-98,1,1.11,0.988
Kepler-98,1,0.886,0.989
Kepler-980,1,1.256,0.996
Kepler-980,1,1.287,NA
Kepler-980,1,1.058,1.014
Kepler-980,1,0.834,0.92
Kepler-980,1,1.06,1.05
Kepler-980,1,1.3427,1.04
Kepler-980,1,0.834,0.92
Kepler-980,1,0.834,0.92
Kepler-980,1,0.91,1.015
Kepler-980,1,1.3427,1.04
Kepler-980,1,1.3427,1.04
Kepler-981,1,0.956036,1
Kepler-981,1,0.934,1.021
Kepler-981,1,0.96,0.98
Kepler-981,1,0.934,1.021
Kepler-981,1,0.934,1.021
Kepler-981,1,0.956036,1
Kepler-981,1,0.917,NA
Kepler-981,1,0.93,1.024
Kepler-981,1,0.934,1.021
Kepler-981,1,0.956036,1
Kepler-982,1,1.614,1.14
Kepler-982,1,1.462,NA
Kepler-982,1,1.037,1.009
Kepler-982,1,1.42484,1.33
Kepler-982,1,1.29,1.16
Kepler-982,1,1.614,1.14
Kepler-982,1,1.435,1.115
Kepler-982,1,1.42484,1.33
Kepler-982,1,1.614,1.14
Kepler-982,1,1.42484,1.33
Kepler-982,1,1.531,1.15
Kepler-983,1,0.989,1.058
Kepler-983,1,0.989,1.058
Kepler-983,1,1.02,1.1
Kepler-983,1,0.989,1.058
Kepler-983,1,NA,NA
Kepler-983,1,NA,NA
Kepler-983,1,NA,NA
Kepler-983,1,1.047,1.149
Kepler-983,1,1.08,1.13
Kepler-983,1,1.609,NA
Kepler-984,1,1.341,0.948
Kepler-984,1,0.938754,0.989
Kepler-984,1,0.919,0.957
Kepler-984,1,1.33,0.898
Kepler-984,1,1.341,0.948
Kepler-984,1,0.938754,0.989
Kepler-984,1,0.93,0.96
Kepler-984,1,0.926,NA
Kepler-984,1,1.341,0.948
Kepler-984,1,0.911,0.906
Kepler-985,1,0.809632,0.95
Kepler-985,1,0.835,0.868
Kepler-985,1,0.792,0.877
Kepler-985,1,0.997,0.981
Kepler-985,1,0.85,0.91
Kepler-985,1,0.809632,0.95
Kepler-985,1,0.997,0.981
Kepler-985,1,0.997,0.981
Kepler-985,1,0.809632,0.95
Kepler-985,1,0.94,0.897
Kepler-986,1,1.001,0.88
Kepler-986,1,0.85,0.946
Kepler-986,1,0.953,1.034
Kepler-986,1,0.883,0.982
Kepler-986,1,1.03752,0.97
Kepler-986,1,1.03752,0.97
Kepler-986,1,0.964,NA
Kepler-986,1,0.883,0.982
Kepler-986,1,0.98,0.96
Kepler-986,1,0.883,0.982
Kepler-986,1,1.03752,0.97
Kepler-987,1,0.875,0.914
Kepler-987,1,0.93,1.035
Kepler-987,1,0.973,1.055
Kepler-987,1,0.91,0.97
Kepler-987,1,0.973,1.055
Kepler-987,1,0.870221,1.01
Kepler-987,1,0.973,1.055
Kepler-987,1,0.870221,1.01
Kepler-987,1,0.908,NA
Kepler-987,1,0.870221,1.01
Kepler-988,1,0.53,0.55
Kepler-988,1,0.635838,0.616399
Kepler-988,1,NA,NA
Kepler-988,1,0.56,0.561
Kepler-988,1,0.633,NA
Kepler-988,1,0.516,0.54
Kepler-988,1,0.56,0.561
Kepler-988,1,0.56,0.561
Kepler-988,1,0.635838,0.616399
Kepler-988,1,0.533,0.559
Kepler-989,1,0.826407,0.82
Kepler-989,1,0.786,NA
Kepler-989,1,0.78,0.82
Kepler-989,1,0.91,0.831
Kepler-989,1,0.91,0.831
Kepler-989,1,0.826407,0.82
Kepler-989,1,0.91,0.831
Kepler-989,1,0.76,0.75
Kepler-989,1,0.91,0.831
Kepler-989,1,0.826407,0.82
Kepler-99,1,0.741,0.805
Kepler-99,1,0.765,0.748
Kepler-99,1,0.75,0.81
Kepler-99,1,0.737,0.82
Kepler-99,1,0.745013,0.769
Kepler-99,1,0.732,0.788
Kepler-99,1,0.741,NA
Kepler-99,1,0.73,0.79
Kepler-99,1,0.745013,0.769
Kepler-99,1,NA,0.82
Kepler-99,1,0.765,0.748
Kepler-99,1,0.745013,0.769
Kepler-99,1,0.765,0.748
Kepler-990,2,1.207,0.932
Kepler-990,2,1.08,1.05
Kepler-990,2,0.96,1.01
Kepler-990,2,1.03161,0.97
Kepler-990,2,0.926,0.957
Kepler-990,2,1.03161,0.97
Kepler-990,2,0.926,0.957
Kepler-990,2,1.03161,0.97
Kepler-990,2,0.96,0.86
Kepler-990,2,0.926,0.957
Kepler-990,2,0.926,0.957
Kepler-990,2,1.03161,0.97
Kepler-990,2,1.207,0.932
Kepler-990,2,0.926,0.957
Kepler-990,2,0.96,0.86
Kepler-990,2,1.08,1.05
Kepler-990,2,0.926,0.957
Kepler-990,2,1.03161,0.97
Kepler-991,1,0.660666,0.689
Kepler-991,1,0.61,0.64
Kepler-991,1,0.58,0.584
Kepler-991,1,0.558,0.564
Kepler-991,1,0.660666,0.689
Kepler-991,1,0.558,0.564
Kepler-991,1,0.59,0.62
Kepler-991,1,0.558,0.564
Kepler-991,1,0.65,NA
Kepler-992,1,1.71,0.943
Kepler-992,1,1.71,0.943
Kepler-992,1,0.74,0.8
Kepler-992,1,0.724,0.818
Kepler-992,1,0.758943,0.769
Kepler-992,1,0.719,0.784
Kepler-992,1,0.723,NA
Kepler-992,1,0.758943,0.769
Kepler-992,1,1.71,0.943
Kepler-992,1,0.758943,0.769
Kepler-992,1,2.1,0.918
Kepler-993,1,0.565,0.6
Kepler-993,1,0.589,NA
Kepler-993,1,0.93,0.63
Kepler-993,1,0.41,0.432
Kepler-993,1,0.54,0.57
Kepler-993,1,0.580092,0.571534
Kepler-993,1,0.41,0.432
Kepler-993,1,0.580092,0.571534
Kepler-993,1,0.580092,0.571534
Kepler-993,1,0.41,0.432
Kepler-994,1,0.53,0.535
Kepler-994,1,0.592,NA
Kepler-994,1,0.524,0.548
Kepler-994,1,0.54,0.56
Kepler-994,1,0.535,0.561
Kepler-994,1,0.596818,0.585485
Kepler-994,1,0.596818,0.585485
Kepler-994,1,NA,NA
Kepler-994,1,0.53,0.535
Kepler-994,1,0.53,0.535
Kepler-994,1,0.596818,0.585485
Kepler-995,1,0.792,0.744
Kepler-995,1,0.886,0.82
Kepler-995,1,0.765719,0.88
Kepler-995,1,0.792,0.744
Kepler-995,1,0.747,NA
Kepler-995,1,0.82,0.78
Kepler-995,1,0.8,0.83
Kepler-995,1,0.765719,0.88
Kepler-995,1,0.765719,0.88
Kepler-995,1,0.792,0.744
Kepler-996,1,1.14,1.09
Kepler-996,1,0.829,0.922
Kepler-996,1,0.97,1.067
Kepler-996,1,0.829,0.922
Kepler-996,1,0.829,0.922
Kepler-996,1,1.304,NA
Kepler-996,1,1.208,0.999
Kepler-996,1,1.29567,1.05
Kepler-996,1,1.29567,1.05
Kepler-996,1,1.29567,1.05
Kepler-997,1,1.56,1.22
Kepler-997,1,1.13,1.008
Kepler-997,1,1.54906,1.18
Kepler-997,1,1.54906,1.18
Kepler-997,1,1.54906,1.18
Kepler-997,1,1.558,1.183
Kepler-997,1,1.629,1.133
Kepler-997,1,1.13,1.008
Kepler-997,1,1.13,1.008
Kepler-997,1,1.573,NA
Kepler-997,1,1.19,1.12
Kepler-998,1,1.22732,1.05
Kepler-998,1,0.934,1.021
Kepler-998,1,0.934,1.021
Kepler-998,1,0.934,1.021
Kepler-998,1,1.18,1.12
Kepler-998,1,1.22732,1.05
Kepler-998,1,0.93,1.029
Kepler-998,1,1.22732,1.05
Kepler-998,1,0.934,1.021
Kepler-998,1,1.179,NA
Kepler-999,1,1.608,NA
Kepler-999,1,1.65996,1.15
Kepler-999,1,1.65996,1.15
Kepler-999,1,1.107,1.061
Kepler-999,1,1.556,1.228
Kepler-999,1,1.65,1.29
Kepler-999,1,1.107,1.061
Kepler-999,1,1.87,1.33
Kepler-999,1,1.65996,1.15
Kepler-999,1,1.695,1.173
Kepler-999,1,1.107,1.061
L 168-9,1,0.6,0.62
L 168-9,1,NA,NA
L 168-9,1,0.597007,NA
L 168-9,1,0.6,0.62
L 168-9,1,0.604,0.614
L 363-38,1,0.274,0.21
L 98-59,5,NA,NA
L 98-59,5,0.312,0.313
L 98-59,5,0.31416,NA
L 98-59,5,0.312,0.313
L 98-59,5,0.3155,0.2923
L 98-59,5,0.314,0.29
L 98-59,5,0.303,0.273
L 98-59,5,0.314,0.312
L 98-59,5,0.312,0.313
L 98-59,5,0.303,0.273
L 98-59,5,0.314,0.312
L 98-59,5,0.314,0.29
L 98-59,5,0.3155,0.2923
L 98-59,5,0.312,0.313
L 98-59,5,0.31,NA
L 98-59,5,0.314,0.312
L 98-59,5,NA,NA
L 98-59,5,0.314,0.312
L 98-59,5,0.303,0.273
L 98-59,5,0.31,NA
L 98-59,5,0.3155,0.2923
L 98-59,5,0.314,0.312
L 98-59,5,0.312,0.313
L 98-59,5,NA,NA
L 98-59,5,0.312,0.313
L 98-59,5,0.314,0.29
L 98-59,5,0.303,0.273
L 98-59,5,0.3155,0.2923
L 98-59,5,NA,NA
L 98-59,5,0.314,0.29
L 98-59,5,0.3155,0.2923
L 98-59,5,0.314,0.29
LHS 1140,2,0.2134,0.191
LHS 1140,2,0.215535,NA
LHS 1140,2,0.186,0.146
LHS 1140,2,0.186,0.146
LHS 1140,2,0.2159,0.1844
LHS 1140,2,0.2139,0.179
LHS 1140,2,0.2134,0.191
LHS 1140,2,0.2139,0.179
LHS 1140,2,0.2139,0.179
LHS 1140,2,0.2159,0.1844
LHS 1140,2,0.215535,NA
LHS 1478,1,0.260187,NA
LHS 1478,1,0.246,0.236
LHS 1678,3,0.33819,NA
LHS 1678,3,0.329,0.345
LHS 1678,3,0.329,0.345
LHS 1678,3,0.329,0.345
LHS 1678,3,0.33819,NA
LHS 1678,3,0.329,0.345
LHS 1678,3,0.33819,NA
LHS 1678,3,0.329,0.345
LHS 1815,1,0.504068,NA
LHS 1815,1,0.501,0.502
LHS 1815,1,0.501,0.502
LHS 1815,1,0.501,0.502
LHS 1903,4,0.539,0.538
LHS 1903,4,0.53,NA
LHS 1903,4,0.539,0.538
LHS 1903,4,0.53,NA
LHS 1903,4,0.53,NA
LHS 1903,4,0.539,0.538
LHS 1903,4,0.539,0.538
LHS 3154,1,0.1405,0.1118
LHS 3844,1,0.189,0.151
LHS 3844,1,0.189,0.151
LHS 3844,1,0.189,0.151
LHS 3844,1,0.18862400000000001,NA
LHS 3844,1,0.189,0.151
LHS 475,1,0.287497,NA
LHS 475,1,0.2789,0.262
LHS 475,1,0.286,0.274
LP 261-75 A,1,NA,0.22
LP 714-47,1,0.584,0.59
LP 714-47,1,0.584,0.59
LP 714-47,1,0.607751,NA
LP 714-47,1,0.584,0.59
LP 791-18,3,0.182,0.139
LP 791-18,3,0.171,0.139
LP 791-18,3,0.17143,NA
LP 791-18,3,0.182,0.139
LP 791-18,3,0.171,0.139
LP 791-18,3,0.182,0.139
LP 791-18,3,0.182,0.139
LP 791-18,3,0.171,0.139
LP 791-18,3,0.17143,0.14169
LP 791-18,3,0.17143,NA
LP 791-18,3,0.182,0.139
LP 791-18,3,0.182,0.139
LP 890-9,2,0.155498,NA
LP 890-9,2,0.1556,0.118
LP 890-9,2,0.1556,0.118
LSPM J2116+0234,1,0.431,0.43
LTT 1445 A,2,0.271,0.257
LTT 1445 A,2,0.265,0.257
LTT 1445 A,2,0.275953,NA
LTT 1445 A,2,0.276,0.256
LTT 1445 A,2,0.276,0.256
LTT 1445 A,2,0.276,0.249
LTT 1445 A,2,0.265,0.257
LTT 1445 A,2,0.271,0.257
LTT 1445 A,2,0.276,0.249
LTT 1445 A,2,0.265,0.257
LTT 3780,2,0.382,0.379
LTT 3780,2,0.374,0.401
LTT 3780,2,0.382,0.379
LTT 3780,2,0.374139,NA
LTT 3780,2,0.38,0.381
LTT 3780,2,0.374,0.401
LTT 3780,2,0.38,0.381
LTT 3780,2,0.382,0.379
LTT 3780,2,0.382,0.379
LTT 3780,2,0.374139,NA
LTT 3780,2,0.374,0.401
LTT 9779,1,0.949,1.02
LTT 9779,1,0.949,1.02
LTT 9779,1,0.98,NA
LTT 9779,1,0.949,1.02
LkCa 15,2,1.60711,NA
LkCa 15,2,1.60711,NA
Luhman 16 A,1,NA,0.0338
Luhman 16 A,1,NA,0.0326
Lupus-TR-3,1,0.82,0.87
M62H,1,NA,1.4
MASCARA-1,1,2.082,1.9
MASCARA-1,1,2.1,1.72
MASCARA-1,1,2.02,NA
MASCARA-4,1,1.84,NA
MASCARA-4,1,1.92,1.75
MASCARA-4,1,1.92,1.75
MASCARA-4,1,NA,NA
MASCARA-4,1,1.79,1.75
MOA-2007-BLG-192L,1,NA,0.28
MOA-2007-BLG-192L,1,NA,0.06
MOA-2007-BLG-400L,1,NA,0.3
MOA-2007-BLG-400L,1,NA,0.3
MOA-2007-BLG-400L,1,NA,0.69
MOA-2007-BLG-400L,1,NA,0.69
MOA-2008-BLG-310L,1,NA,0.67
MOA-2008-BLG-310L,1,NA,0.67
MOA-2008-BLG-310L,1,NA,0.21
MOA-2008-BLG-310L,1,NA,0.21
MOA-2008-BLG-379L,1,NA,0.56
MOA-2008-BLG-379L,1,NA,0.56
MOA-2009-BLG-266L,1,NA,0.56
MOA-2009-BLG-266L,1,NA,0.56
MOA-2009-BLG-319L,1,NA,0.38
MOA-2009-BLG-319L,1,NA,0.524
MOA-2009-BLG-387L,1,NA,0.19
MOA-2009-BLG-387L,1,NA,0.19
MOA-2010-BLG-073L,1,NA,0.16
MOA-2010-BLG-117L,1,NA,0.58
MOA-2010-BLG-117L,1,NA,0.58
MOA-2010-BLG-328L,1,NA,0.64
MOA-2010-BLG-328L,1,NA,0.12
MOA-2010-BLG-328L,1,NA,0.11
MOA-2010-BLG-353L,1,NA,0.18
MOA-2010-BLG-353L,1,NA,0.16
MOA-2010-BLG-477L,1,NA,0.67
MOA-2010-BLG-477L,1,NA,0.67
MOA-2011-BLG-028L,1,NA,0.75
MOA-2011-BLG-028L,1,NA,0.75
MOA-2011-BLG-262L,1,NA,0.0031
MOA-2011-BLG-262L,1,NA,NA
MOA-2011-BLG-262L,1,NA,0.11
MOA-2011-BLG-262L,1,NA,NA
MOA-2011-BLG-291L,1,NA,0.15
MOA-2011-BLG-291L,1,NA,0.13
MOA-2011-BLG-291L,1,NA,0.11
MOA-2011-BLG-291L,1,NA,0.22
MOA-2011-BLG-291L,1,NA,0.15
MOA-2011-BLG-293L,1,NA,0.43
MOA-2011-BLG-293L,1,NA,0.43
MOA-2011-BLG-293L,1,NA,0.43
MOA-2011-BLG-293L,1,NA,0.43
MOA-2011-BLG-293L,1,NA,0.86
MOA-2011-BLG-322L,1,NA,0.39
MOA-2012-BLG-006L,1,NA,0.49
MOA-2012-BLG-505L,1,NA,0.1
MOA-2012-BLG-505L,1,NA,0.1
MOA-2013-BLG-220L,1,NA,0.88
MOA-2013-BLG-220L,1,NA,0.77
MOA-2013-BLG-605L,1,NA,0.063
MOA-2013-BLG-605L,1,NA,0.198
MOA-2013-BLG-605L,1,NA,0.185
MOA-2013-BLG-605L,1,NA,0.025
MOA-2013-BLG-605L,1,NA,0.024
MOA-2013-BLG-605L,1,NA,0.073
MOA-2015-BLG-337L,1,NA,0.0729
MOA-2015-BLG-337L,1,NA,0.0094
MOA-2015-BLG-337L,1,NA,0.0729
MOA-2015-BLG-337L,1,NA,0.0094
MOA-2016-BLG-227L,1,NA,0.29
MOA-2016-BLG-227L,1,NA,0.54
MOA-2016-BLG-227L,1,NA,0.5
MOA-2016-BLG-227L,1,NA,0.42
MOA-2016-BLG-319L,1,NA,0.15
MOA-2016-BLG-319L,1,NA,0.15
MOA-2016-BLG-526L,1,NA,0.36
MOA-2016-BLG-526L,1,NA,0.37
MOA-2016-BLG-526L,1,NA,0.38
MOA-2016-BLG-526L,1,NA,0.37
MOA-2016-BLG-526L,1,NA,0.37
MOA-2016-BLG-526L,1,NA,0.37
MOA-2019-BLG-008L,1,NA,0.8
MOA-2019-BLG-008L,1,NA,0.6
MOA-2019-BLG-008L,1,NA,1.1
MOA-2019-BLG-008L,1,NA,0.8
MOA-2019-BLG-008L,1,NA,1.1
MOA-2019-BLG-008L,1,NA,0.6
MOA-2019-BLG-008L,1,NA,0.6
MOA-2019-BLG-008L,1,NA,0.5
MOA-2019-BLG-008L,1,NA,0.6
MOA-2019-BLG-008L,1,NA,0.7
MOA-2019-BLG-008L,1,NA,0.9
MOA-2019-BLG-008L,1,NA,0.9
MOA-2020-BLG-135L,1,NA,0.53
MOA-2020-BLG-135L,1,NA,0.23
MOA-2020-BLG-208L,1,NA,0.43
MOA-2020-BLG-208L,1,NA,0.66
MOA-2022-BLG-033L,1,NA,0.51
MOA-2022-BLG-033L,1,NA,0.51
MOA-2022-BLG-033L,1,NA,0.51
MOA-2022-BLG-033L,1,NA,0.51
MOA-2022-BLG-091L,1,NA,0.75
MOA-2022-BLG-091L,1,NA,0.75
MOA-2022-BLG-091L,1,NA,0.75
MOA-2022-BLG-091L,1,NA,0.75
MOA-2022-BLG-249L,1,NA,0.18
MOA-2022-BLG-249L,1,NA,0.18
MOA-2022-BLG-249L,1,NA,0.18
MOA-2022-BLG-249L,1,NA,0.18
MOA-2022-BLG-563L,1,NA,0.48
MOA-2022-BLG-563L,1,NA,0.48
MOA-bin-1L,1,NA,0.75
MOA-bin-29,1,NA,0.05
MOA-bin-29,1,NA,0.03
MOA-bin-29,1,NA,0.07
MOA-bin-29,1,NA,0.06
MOA-bin-29,1,NA,0.02
MOA-bin-29,1,NA,0.1
MWC 758,1,NA,1.5
MXB 1658-298,1,NA,NA
NGC 2682 Sand 1429,1,2.13,1.26
NGC 2682 Sand 978,1,NA,1.37
NGC 2682 YBP 1194,1,NA,1.01
NGC 2682 YBP 1194,1,NA,1.01
NGC 2682 YBP 1194,1,0.99,1.01
NGC 2682 YBP 1514,1,NA,0.96
NGC 2682 YBP 1514,1,0.89,0.96
NGC 2682 YBP 1514,1,NA,0.96
NGC 2682 YBP 401,1,NA,1.14
NGC 2682 YBP 401,1,NA,1.14
NGTS-1,1,0.573,0.617
NGTS-1,1,0.567866,NA
NGTS-1,1,0.573,0.617
NGTS-1,1,0.573,0.617
NGTS-10,1,0.697,0.696
NGTS-11,1,0.83,NA
NGTS-11,1,0.832,0.862
NGTS-11,1,NA,NA
NGTS-12,1,1.52905,NA
NGTS-12,1,1.589,1.021
NGTS-12,1,NA,NA
NGTS-13,1,1.788,1.3
NGTS-13,1,1.79,NA
NGTS-14 A,1,0.86,NA
NGTS-14 A,1,0.842,0.898
NGTS-15,1,0.954,0.995
NGTS-16,1,1.213,1.002
NGTS-17,1,1.337,1.025
NGTS-18,1,1.392,1.003
NGTS-18,1,1.38708,NA
NGTS-2,1,1.702,1.64
NGTS-2,1,NA,NA
NGTS-2,1,1.702,1.64
NGTS-2,1,1.71,NA
NGTS-20,1,1.78,1.47
NGTS-20,1,1.82,NA
NGTS-21,1,0.828853,NA
NGTS-21,1,0.86,0.72
NGTS-23,1,1.24,1.01
NGTS-24,1,1.64,1.26
NGTS-24,1,1.58,NA
NGTS-25,1,0.86,0.91
NGTS-26,1,1.16,0.96
NGTS-27,1,1.77,1.07
NGTS-27,1,1.85,NA
NGTS-3 A,1,0.963518,NA
NGTS-3 A,1,0.93,1.017
NGTS-30,1,0.913,0.94
NGTS-30,1,0.91,NA
NGTS-31,1,0.97,NA
NGTS-31,1,1.7,0.96
NGTS-32,1,1.85,1.07
NGTS-33,1,1.48,NA
NGTS-33,1,1.47,1.6
NGTS-34,1,1.367,1.266
NGTS-35,1,0.756773,NA
NGTS-35,1,0.753,0.789
NGTS-4,1,0.84,0.75
NGTS-4,1,0.84,0.75
NGTS-4,1,0.860256,NA
NGTS-5,1,0.739,0.661
NGTS-5,1,0.75,NA
NGTS-6,1,NA,NA
NGTS-6,1,0.782888,NA
NGTS-6,1,0.754,0.767
NGTS-6,1,0.754,0.767
NGTS-8,1,0.998401,NA
NGTS-8,1,0.98,0.89
NGTS-9,1,NA,NA
NGTS-9,1,1.38,NA
NGTS-9,1,1.38,1.34
NN Ser,2,NA,0.535
NN Ser,2,NA,NA
NN Ser,2,NA,0.535
NN Ser,2,NA,0.535
NN Ser,2,NA,NA
NN Ser,2,NA,0.535
NSVS 14256825,1,0.188,0.419
NY Vir,2,0.151,0.459
NY Vir,2,0.151,0.459
NY Vir,2,0.151,0.459
NY Vir,2,0.151,0.459
OGLE-2003-BLG-235L,1,NA,0.63
OGLE-2003-BLG-235L,1,NA,0.36
OGLE-2005-BLG-071L,1,NA,0.29
OGLE-2005-BLG-071L,1,NA,0.46
OGLE-2005-BLG-071L,1,NA,0.29
OGLE-2005-BLG-071L,1,NA,0.46
OGLE-2005-BLG-071L,1,NA,0.46
OGLE-2005-BLG-071L,1,NA,0.46
OGLE-2005-BLG-169L,1,NA,0.49
OGLE-2005-BLG-169L,1,NA,0.69
OGLE-2005-BLG-169L,1,NA,0.65
OGLE-2005-BLG-390L,1,NA,0.22
OGLE-2006-BLG-109L,2,NA,0.5
OGLE-2006-BLG-109L,2,NA,0.51
OGLE-2006-BLG-109L,2,NA,0.51
OGLE-2006-BLG-109L,2,NA,0.5
OGLE-2006-BLG-284L A,1,NA,0.35
OGLE-2007-BLG-349L A,1,NA,0.41
OGLE-2007-BLG-368L,1,NA,0.64
OGLE-2008-BLG-092L,1,NA,0.71
OGLE-2008-BLG-355L,1,NA,0.37
OGLE-2011-BLG-0173L,1,NA,0.42
OGLE-2011-BLG-0173L,1,NA,0.43
OGLE-2011-BLG-0173L,1,NA,0.43
OGLE-2011-BLG-0173L,1,NA,0.4
OGLE-2011-BLG-0173L,1,NA,0.41
OGLE-2011-BLG-0251L,1,NA,0.26
OGLE-2011-BLG-0251L,1,NA,0.26
OGLE-2011-BLG-0265L,1,NA,0.211
OGLE-2011-BLG-0265L,1,NA,0.136
OGLE-2012-BLG-0026L,2,NA,0.82
OGLE-2012-BLG-0026L,2,NA,1.06
OGLE-2012-BLG-0026L,2,NA,0.82
OGLE-2012-BLG-0026L,2,NA,1.06
OGLE-2012-BLG-0358L,1,NA,0.022
OGLE-2012-BLG-0358L,1,NA,0.022
OGLE-2012-BLG-0358L,1,NA,0.023
OGLE-2012-BLG-0406L,1,NA,NA
OGLE-2012-BLG-0406L,1,NA,0.59
OGLE-2012-BLG-0406L,1,NA,0.44
OGLE-2012-BLG-0406L,1,NA,0.48
OGLE-2012-BLG-0563L,1,NA,0.34
OGLE-2012-BLG-0563L,1,NA,0.34
OGLE-2012-BLG-0724L,1,NA,0.29
OGLE-2012-BLG-0724L,1,NA,0.29
OGLE-2012-BLG-0838L,1,NA,0.4
OGLE-2012-BLG-0950L,1,NA,0.38
OGLE-2012-BLG-0950L,1,NA,0.54
OGLE-2012-BLG-0950L,1,NA,0.63
OGLE-2012-BLG-0950L,1,NA,0.5
OGLE-2012-BLG-0950L,1,NA,0.57
OGLE-2012-BLG-0950L,1,NA,0.63
OGLE-2012-BLG-0950L,1,NA,0.33
OGLE-2012-BLG-0950L,1,NA,0.38
OGLE-2012-BLG-0950L,1,NA,0.31
OGLE-2012-BLG-0950L,1,NA,0.55
OGLE-2012-BLG-0950L,1,NA,0.55
OGLE-2012-BLG-0950L,1,NA,0.47
OGLE-2013-BLG-0102L,1,NA,0.096
OGLE-2013-BLG-0102L,1,NA,0.091
OGLE-2013-BLG-0132L,1,NA,0.54
OGLE-2013-BLG-0341L B,1,NA,0.1127
OGLE-2013-BLG-0341L B,1,NA,NA
OGLE-2013-BLG-0341L B,1,NA,0.1452
OGLE-2013-BLG-0341L B,1,NA,NA
OGLE-2013-BLG-0911L,1,NA,0.29
OGLE-2013-BLG-0911L,1,NA,0.28
OGLE-2013-BLG-0911L,1,NA,NA
OGLE-2013-BLG-0911L,1,NA,NA
OGLE-2013-BLG-0911L,1,NA,NA
OGLE-2013-BLG-0911L,1,NA,NA
OGLE-2013-BLG-1721L,1,NA,0.46
OGLE-2013-BLG-1761L,1,NA,0.33
OGLE-2013-BLG-1761L,1,NA,0.33
OGLE-2014-BLG-0124L,1,NA,0.65
OGLE-2014-BLG-0124L,1,NA,0.71
OGLE-2014-BLG-0124L,1,NA,0.9
OGLE-2014-BLG-0124L,1,NA,0.9
OGLE-2014-BLG-0221L,1,NA,9.9
OGLE-2014-BLG-0221L,1,NA,0.69
OGLE-2014-BLG-0221L,1,NA,9.81
OGLE-2014-BLG-0319L,1,NA,0.52
OGLE-2014-BLG-0676L,1,NA,0.62
OGLE-2014-BLG-0676L,1,NA,0.73
OGLE-2014-BLG-0676L,1,NA,0.73
OGLE-2014-BLG-0676L,1,NA,NA
OGLE-2014-BLG-1722L,2,NA,0.39
OGLE-2014-BLG-1722L,2,NA,NA
OGLE-2014-BLG-1722L,2,NA,0.4
OGLE-2014-BLG-1722L,2,NA,0.39
OGLE-2014-BLG-1722L,2,NA,0.4
OGLE-2014-BLG-1760L,1,NA,0.803
OGLE-2014-BLG-1760L,1,NA,0.51
OGLE-2015-BLG-0051L,1,NA,0.1
OGLE-2015-BLG-0954L,1,NA,0.33
OGLE-2015-BLG-0954L,1,NA,0.3
OGLE-2015-BLG-0954L,1,NA,0.3
OGLE-2015-BLG-0954L,1,NA,0.33
OGLE-2015-BLG-0966L,1,NA,0.38
OGLE-2015-BLG-0966L,1,NA,0.38
OGLE-2015-BLG-0966L,1,NA,0.38
OGLE-2015-BLG-0966L,1,NA,0.38
OGLE-2015-BLG-0966L,1,NA,0.38
OGLE-2015-BLG-0966L,1,NA,0.38
OGLE-2015-BLG-0966L,1,NA,0.38
OGLE-2015-BLG-0966L,1,NA,0.38
OGLE-2015-BLG-0966L,1,NA,0.38
OGLE-2015-BLG-0966L,1,NA,0.38
OGLE-2015-BLG-0966L,1,NA,0.38
OGLE-2015-BLG-0966L,1,NA,0.38
OGLE-2015-BLG-0966L,1,NA,0.38
OGLE-2015-BLG-0966L,1,NA,0.38
OGLE-2015-BLG-0966L,1,NA,0.38
OGLE-2015-BLG-0966L,1,NA,0.38
OGLE-2015-BLG-1609L,1,NA,0.025
OGLE-2015-BLG-1609L,1,NA,0.118
OGLE-2015-BLG-1609L,1,NA,0.17
OGLE-2015-BLG-1609L,1,NA,0.079
OGLE-2015-BLG-1649L,1,NA,0.34
OGLE-2015-BLG-1670L,1,NA,NA
OGLE-2015-BLG-1670L,1,NA,0.55
OGLE-2015-BLG-1670L,1,NA,NA
OGLE-2015-BLG-1771L,1,NA,0.085
OGLE-2015-BLG-1771L,1,NA,0.076
OGLE-2015-BLG-1771L,1,NA,0.077
OGLE-2015-BLG-1771L,1,NA,0.055
OGLE-2015-BLG-1771L,1,NA,0.086
OGLE-2015-BLG-1771L,1,NA,0.049
OGLE-2016-BLG-0007L,1,NA,0.59
OGLE-2016-BLG-0263L,1,NA,0.13
OGLE-2016-BLG-0263L,1,NA,0.13
OGLE-2016-BLG-0613L AB,1,NA,0.66
OGLE-2016-BLG-0613L AB,1,NA,0.72
OGLE-2016-BLG-0613L AB,1,NA,0.81
OGLE-2016-BLG-0613L AB,1,NA,0.8
OGLE-2016-BLG-0613L AB,1,NA,0.65
OGLE-2016-BLG-0613L AB,1,NA,0.63
OGLE-2016-BLG-1067L,1,NA,0.28
OGLE-2016-BLG-1067L,1,NA,0.3
OGLE-2016-BLG-1067L,1,NA,0.31
OGLE-2016-BLG-1093L,1,NA,0.48
OGLE-2016-BLG-1093L,1,NA,0.45
OGLE-2016-BLG-1093L,1,NA,0.46
OGLE-2016-BLG-1093L,1,NA,0.41
OGLE-2016-BLG-1190L,1,NA,0.89
OGLE-2016-BLG-1190L,1,NA,0.88
OGLE-2016-BLG-1195L,1,NA,0.078
OGLE-2016-BLG-1195L,1,NA,0.37
OGLE-2016-BLG-1195L,1,NA,0.078
OGLE-2016-BLG-1195L,1,NA,0.078
OGLE-2016-BLG-1195L,1,NA,0.078
OGLE-2016-BLG-1195L,1,NA,0.37
OGLE-2016-BLG-1195L,1,NA,0.078
OGLE-2016-BLG-1195L,1,NA,0.078
OGLE-2016-BLG-1195L,1,NA,0.078
OGLE-2016-BLG-1195L,1,NA,0.078
OGLE-2016-BLG-1227L,1,NA,0.68
OGLE-2016-BLG-1227L,1,NA,0.1
OGLE-2016-BLG-1227L,1,NA,NA
OGLE-2016-BLG-1266L,1,NA,0.085
OGLE-2016-BLG-1266L,1,NA,0.015
OGLE-2016-BLG-1266L,1,NA,0.015
OGLE-2016-BLG-1266L,1,NA,0.008
OGLE-2016-BLG-1266L,1,NA,0.0077
OGLE-2016-BLG-1266L,1,NA,0.086
OGLE-2016-BLG-1266L,1,NA,0.015
OGLE-2016-BLG-1266L,1,NA,0.015
OGLE-2016-BLG-1598L,1,NA,0.55
OGLE-2016-BLG-1598L,1,NA,0.55
OGLE-2016-BLG-1598L,1,NA,0.55
OGLE-2016-BLG-1800L,1,NA,0.4
OGLE-2016-BLG-1800L,1,NA,0.41
OGLE-2016-BLG-1800L,1,NA,0.41
OGLE-2017-BLG-0173L,1,NA,0.396
OGLE-2017-BLG-0173L,1,NA,0.357
OGLE-2017-BLG-0173L,1,NA,0.396
OGLE-2017-BLG-0364L,1,NA,0.49
OGLE-2017-BLG-0364L,1,NA,0.55
OGLE-2017-BLG-0364L,1,NA,0.35
OGLE-2017-BLG-0364L,1,NA,0.1
OGLE-2017-BLG-0373L,1,NA,0.276
OGLE-2017-BLG-0373L,1,NA,0.248
OGLE-2017-BLG-0406L,1,NA,0.56
OGLE-2017-BLG-0406L,1,NA,NA
OGLE-2017-BLG-0448L,1,NA,0.67
OGLE-2017-BLG-0448L,1,NA,0.5
OGLE-2017-BLG-0448L,1,NA,0.65
OGLE-2017-BLG-0448L,1,NA,0.43
OGLE-2017-BLG-0448L,1,NA,0.32
OGLE-2017-BLG-0448L,1,NA,0.45
OGLE-2017-BLG-0448L,1,NA,0.32
OGLE-2017-BLG-0448L,1,NA,0.52
OGLE-2017-BLG-0482L,1,NA,0.2
OGLE-2017-BLG-0482L,1,NA,0.2
OGLE-2017-BLG-0604L,1,NA,0.7
OGLE-2017-BLG-0640L,1,NA,0.32
OGLE-2017-BLG-1049L,1,NA,0.55
OGLE-2017-BLG-1099L,1,NA,0.45
OGLE-2017-BLG-1140L,1,NA,0.213
OGLE-2017-BLG-1140L,1,NA,0.211
OGLE-2017-BLG-1237L,1,NA,0.46
OGLE-2017-BLG-1275L,1,NA,0.65
OGLE-2017-BLG-1275L,1,NA,0.65
OGLE-2017-BLG-1275L,1,NA,0.6
OGLE-2017-BLG-1275L,1,NA,0.63
OGLE-2017-BLG-1275L,1,NA,0.6
OGLE-2017-BLG-1375L,1,NA,0.85
OGLE-2017-BLG-1375L,1,NA,NA
OGLE-2017-BLG-1375L,1,NA,0.85
OGLE-2017-BLG-1375L,1,NA,0.77
OGLE-2017-BLG-1375L,1,NA,NA
OGLE-2017-BLG-1375L,1,NA,0.81
OGLE-2017-BLG-1434L,1,NA,0.234
OGLE-2017-BLG-1434L,1,NA,0.234
OGLE-2017-BLG-1434L,1,NA,NA
OGLE-2017-BLG-1434L,1,NA,NA
OGLE-2017-BLG-1434L,1,NA,NA
OGLE-2017-BLG-1522L,1,NA,0.045
OGLE-2017-BLG-1691L,1,NA,NA
OGLE-2017-BLG-1691L,1,NA,0.45
OGLE-2017-BLG-1691L,1,NA,0.45
OGLE-2017-BLG-1806L,1,NA,0.34
OGLE-2017-BLG-1806L,1,NA,0.41
OGLE-2017-BLG-1806L,1,NA,0.33
OGLE-2017-BLG-1806L,1,NA,0.48
OGLE-2017-BLG-1806L,1,NA,0.38
OGLE-2017-BLG-1806L,1,NA,0.44
OGLE-2017-BLG-1806L,1,NA,0.44
OGLE-2018-BLG-0298L,1,NA,0.7
OGLE-2018-BLG-0298L,1,NA,0.63
OGLE-2018-BLG-0298L,1,NA,0.69
OGLE-2018-BLG-0383L,1,NA,0.1
OGLE-2018-BLG-0506L,1,NA,0.63
OGLE-2018-BLG-0506L,1,NA,0.63
OGLE-2018-BLG-0506L,1,NA,0.63
OGLE-2018-BLG-0506L,1,NA,0.63
OGLE-2018-BLG-0506L,1,NA,0.63
OGLE-2018-BLG-0506L,1,NA,0.63
OGLE-2018-BLG-0516L,1,NA,0.47
OGLE-2018-BLG-0516L,1,NA,0.47
OGLE-2018-BLG-0516L,1,NA,0.47
OGLE-2018-BLG-0516L,1,NA,0.47
OGLE-2018-BLG-0516L,1,NA,0.47
OGLE-2018-BLG-0516L,1,NA,0.47
OGLE-2018-BLG-0532L,1,NA,0.203
OGLE-2018-BLG-0532L,1,NA,0.195
OGLE-2018-BLG-0567L,1,NA,0.25
OGLE-2018-BLG-0596L,1,NA,0.229
OGLE-2018-BLG-0596L,1,NA,0.196
OGLE-2018-BLG-0596L,1,NA,0.231
OGLE-2018-BLG-0596L,1,NA,0.154
OGLE-2018-BLG-0677L,1,NA,0.12
OGLE-2018-BLG-0677L,1,NA,0.12
OGLE-2018-BLG-0740L,1,NA,0.47
OGLE-2018-BLG-0740L,1,NA,0.83
OGLE-2018-BLG-0740L,1,NA,1
OGLE-2018-BLG-0740L,1,NA,0.47
OGLE-2018-BLG-0740L,1,NA,0.83
OGLE-2018-BLG-0740L,1,NA,1
OGLE-2018-BLG-0799L,1,NA,0.13
OGLE-2018-BLG-0799L,1,NA,0.093
OGLE-2018-BLG-0799L,1,NA,0.14
OGLE-2018-BLG-0799L,1,NA,0.62
OGLE-2018-BLG-0799L,1,NA,0.096
OGLE-2018-BLG-0799L,1,NA,0.13
OGLE-2018-BLG-0799L,1,NA,0.074
OGLE-2018-BLG-0799L,1,NA,0.6
OGLE-2018-BLG-0799L,1,NA,0.59
OGLE-2018-BLG-0932L,1,NA,0.72
OGLE-2018-BLG-0962L,1,NA,0.54
OGLE-2018-BLG-0977L,1,NA,0.47
OGLE-2018-BLG-1011L,2,NA,0.18
OGLE-2018-BLG-1011L,2,NA,0.18
OGLE-2018-BLG-1011L,2,NA,0.18
OGLE-2018-BLG-1011L,2,NA,0.18
OGLE-2018-BLG-1011L,2,NA,0.18
OGLE-2018-BLG-1011L,2,NA,0.18
OGLE-2018-BLG-1011L,2,NA,0.18
OGLE-2018-BLG-1011L,2,NA,0.18
OGLE-2018-BLG-1119L,1,NA,0.48
OGLE-2018-BLG-1119L,1,NA,0.48
OGLE-2018-BLG-1119L,1,NA,0.48
OGLE-2018-BLG-1126L,1,NA,0.69
OGLE-2018-BLG-1126L,1,NA,0.69
OGLE-2018-BLG-1126L,1,NA,0.69
OGLE-2018-BLG-1185L,1,NA,0.091
OGLE-2018-BLG-1185L,1,NA,0.37
OGLE-2018-BLG-1212L,1,NA,0.16
OGLE-2018-BLG-1212L,1,NA,0.14
OGLE-2018-BLG-1212L,1,NA,0.14
OGLE-2018-BLG-1212L,1,NA,0.16
OGLE-2018-BLG-1212L,1,NA,0.16
OGLE-2018-BLG-1269L,1,NA,1.13
OGLE-2018-BLG-1269L,1,NA,NA
OGLE-2018-BLG-1269L,1,NA,1.18
OGLE-2018-BLG-1269L,1,NA,1.11
OGLE-2018-BLG-1367L,1,NA,0.28
OGLE-2018-BLG-1367L,1,NA,0.28
OGLE-2018-BLG-1367L,1,NA,0.28
OGLE-2018-BLG-1428L,1,NA,0.43
OGLE-2018-BLG-1647L,1,NA,0.092
OGLE-2018-BLG-1700L,1,NA,0.42
OGLE-2018-BLG-1700L,1,NA,0.42
OGLE-2019-BLG-0249L,1,NA,0.912
OGLE-2019-BLG-0249L,1,NA,0.91
OGLE-2019-BLG-0249L,1,NA,0.85
OGLE-2019-BLG-0249L,1,NA,0.912
OGLE-2019-BLG-0249L,1,NA,0.865
OGLE-2019-BLG-0299L,1,NA,0.59
OGLE-2019-BLG-0304L,1,NA,0.27
OGLE-2019-BLG-0362L,1,NA,0.45
OGLE-2019-BLG-0362L,1,NA,0.42
OGLE-2019-BLG-0468L,2,NA,0.92
OGLE-2019-BLG-0468L,2,NA,0.92
OGLE-2019-BLG-0468L,2,NA,0.92
OGLE-2019-BLG-0468L,2,NA,0.92
OGLE-2019-BLG-0679L,1,NA,0.66
OGLE-2019-BLG-0954L,1,NA,0.8
OGLE-2019-BLG-0960L,1,NA,0.48
OGLE-2019-BLG-0960L,1,NA,0.5
OGLE-2019-BLG-0960L,1,NA,0.43
OGLE-2019-BLG-0960L,1,NA,0.42
OGLE-2019-BLG-1053L,1,NA,0.62
OGLE-2019-BLG-1053L,1,NA,0.61
OGLE-2019-BLG-1053L,1,NA,0.6
OGLE-2019-BLG-1180L,1,NA,0.545
OGLE-2019-BLG-1470L A,1,NA,0.58
OGLE-2019-BLG-1470L A,1,NA,0.57
OGLE-2019-BLG-1470L A,1,NA,0.56
OGLE-2019-BLG-1470L A,1,NA,0.6
OGLE-2019-BLG-1492L,1,NA,0.68
OGLE-2019-BLG-1492L,1,NA,0.68
OGLE-2019-BLG-1492L,1,NA,0.68
OGLE-2019-BLG-1492L,1,NA,0.68
OGLE-2019-BLG-1492L,1,NA,0.68
OGLE-2019-BLG-1492L,1,NA,0.68
OGLE-2023-BLG-0836L,1,NA,0.71
OGLE-TR-10,1,1.17,1.14
OGLE-TR-10,1,1.52,1.277
OGLE-TR-10,1,1.095,1.025
OGLE-TR-10,1,1.14,1.17
OGLE-TR-10,1,1.14,1.1
OGLE-TR-10,1,1,1
OGLE-TR-10,1,1.17,1.14
OGLE-TR-10,1,1.21,1.22
OGLE-TR-111,1,0.831,0.852
OGLE-TR-111,1,0.842,0.833
OGLE-TR-111,1,0.831,0.852
OGLE-TR-111,1,0.83,0.82
OGLE-TR-111,1,0.822,0.846
OGLE-TR-111,1,0.811,NA
OGLE-TR-111,1,0.83,NA
OGLE-TR-111,1,0.831,0.81
OGLE-TR-111,1,0.83,0.81
OGLE-TR-111,1,0.979171,0.78
OGLE-TR-111,1,0.979171,0.78
OGLE-TR-111,1,0.85,0.82
OGLE-TR-113,1,0.78,0.768
OGLE-TR-113,1,0.78,0.79
OGLE-TR-113,1,NA,NA
OGLE-TR-113,1,0.774,0.779
OGLE-TR-113,1,0.817544,NA
OGLE-TR-113,1,0.77,0.78
OGLE-TR-113,1,0.765,0.77
OGLE-TR-113,1,0.766,0.755
OGLE-TR-113,1,NA,NA
OGLE-TR-113,1,0.774,0.779
OGLE-TR-113,1,0.817544,0.73
OGLE-TR-113,1,0.817544,0.73
OGLE-TR-132,1,1.32,1.305
OGLE-TR-132,1,1.34,1.26
OGLE-TR-132,1,1.41,1.34
OGLE-TR-132,1,1.338,1.29
OGLE-TR-132,1,1.37,1.297
OGLE-TR-132,1,1.32,1.305
OGLE-TR-132,1,1.43,1.35
OGLE-TR-182,1,1.53,1.187
OGLE-TR-182,1,1.53,1.187
OGLE-TR-182,1,1.14,1.14
OGLE-TR-211,1,1.56,1.312
OGLE-TR-211,1,1.64,1.33
OGLE-TR-211,1,1.56,1.312
OGLE-TR-56,1,1.15,1.17
OGLE-TR-56,1,1.363,1.228
OGLE-TR-56,1,1.737,1.339
OGLE-TR-56,1,NA,NA
OGLE-TR-56,1,1.32,1.17
OGLE-TR-56,1,1.12,1.1
OGLE-TR-56,1,1.1,1.04
OGLE-TR-56,1,1.26,1.233
OGLE-TR-56,1,1.363,1.228
OGLE-TR-56,1,1.363,1.228
OGLE2-TR-L9,1,1.59944,NA
OGLE2-TR-L9,1,1.499,1.427
OGLE2-TR-L9,1,1.53,1.52
OGLE2-TR-L9,1,1.503,1.42
Oph 11,1,NA,0.016
Oph 11,1,NA,0.051
Oph 11,1,NA,NA
PDS 70,2,NA,NA
PDS 70,2,1.26,0.76
PDS 70,2,1.26,0.76
PDS 70,2,NA,NA
PDS 70,2,NA,0.982
PDS 70,2,NA,NA
PDS 70,2,NA,0.982
PDS 70,2,NA,NA
PH1,1,1.734,1.528
PH2,1,0.949,0.966
PH2,1,1.124,1.007
PH2,1,1,0.94
PH2,1,0.961,0.958
PH2,1,0.926307,1.05
PH2,1,0.954,NA
PH2,1,0.913,0.974
PH2,1,0.926307,1.05
PH2,1,0.926307,1.05
PH2,1,1.124,1.007
PH2,1,0.926307,1.05
PH2,1,1.124,1.007
PH2,1,1,0.94
PH2,1,0.944,0.941
PH2,1,0.94,1
POTS-1,1,0.588,0.695
PSR B0329+54,1,NA,1.44
PSR B1257+12,3,NA,1.4
PSR B1257+12,3,NA,NA
PSR B1257+12,3,NA,NA
PSR B1257+12,3,NA,1.4
PSR B1257+12,3,NA,NA
PSR B1257+12,3,NA,NA
PSR B1257+12,3,NA,1.4
PSR B1257+12,3,NA,NA
PSR B1620-26,1,NA,1.35
PSR J1719-1438,1,NA,1.4
PSR J2322-2650,1,NA,1.4
PZ Tel,1,NA,1.36
Pr0201,1,1.15,1.24
Pr0201,1,1.167,1.234
Pr0211,2,0.827,0.935
Pr0211,2,0.868,0.952
Pr0211,2,0.827,0.935
Proxima Cen,2,NA,NA
Proxima Cen,2,0.154,NA
Proxima Cen,2,0.141,0.1221
Proxima Cen,2,0.141,0.1221
Proxima Cen,2,0.141,0.12
Proxima Cen,2,0.141,0.1221
Proxima Cen,2,0.141,0.1221
Qatar-1,1,0.803,0.838
Qatar-1,1,NA,NA
Qatar-1,1,0.782,0.803
Qatar-1,1,0.8,0.85
Qatar-1,1,0.796,0.818
Qatar-1,1,0.823,0.85
Qatar-1,1,0.823,0.85
Qatar-1,1,0.8,0.85
Qatar-1,1,NA,NA
Qatar-1,1,0.768108,0.804
Qatar-1,1,0.77,NA
Qatar-1,1,0.8,NA
Qatar-1,1,0.8,0.85
Qatar-1,1,0.803,0.838
Qatar-1,1,0.823,0.85
Qatar-10,1,1.254,1.156
Qatar-10,1,NA,NA
Qatar-10,1,1.254,1.156
Qatar-10,1,1.32,NA
Qatar-10,1,1.254,1.156
Qatar-2,1,0.776,0.743
Qatar-2,1,0.776,0.743
Qatar-2,1,NA,NA
Qatar-2,1,0.6629,NA
Qatar-2,1,0.713,0.74
Qatar-2,1,NA,NA
Qatar-2,1,0.7033,0.727
Qatar-2,1,0.713,0.74
Qatar-2,1,0.66,NA
Qatar-2,1,0.763091,0.699
Qatar-2,1,0.763091,0.699
Qatar-2,1,0.713,0.74
Qatar-2,1,0.713,0.74
Qatar-3,1,1.272,1.145
Qatar-3,1,1.272,1.145
Qatar-3,1,1.72725,1.19
Qatar-3,1,NA,NA
Qatar-3,1,1.72725,NA
Qatar-4,1,NA,NA
Qatar-4,1,0.820538,0.85
Qatar-4,1,0.849,0.896
Qatar-4,1,0.849,0.896
Qatar-4,1,0.849,0.896
Qatar-4,1,0.820538,NA
Qatar-5,1,1.076,1.128
Qatar-5,1,1.1146,0.99
Qatar-5,1,1.076,1.128
Qatar-5,1,NA,NA
Qatar-5,1,1.076,1.128
Qatar-5,1,1.1146,NA
Qatar-6,1,0.722,0.822
Qatar-6,1,0.785,0.829
Qatar-6,1,NA,NA
Qatar-6,1,0.771086,NA
Qatar-7,1,1.564,1.409
Qatar-7,1,NA,NA
Qatar-7,1,1.564,1.409
Qatar-7,1,1.56523,NA
Qatar-8,1,1.32,NA
Qatar-8,1,NA,NA
Qatar-8,1,1.315,1.029
Qatar-8,1,1.315,1.029
Qatar-8,1,1.32425,1.04
Qatar-9,1,NA,NA
Qatar-9,1,0.696,0.719
Qatar-9,1,0.696,0.719
Qatar-9,1,0.77,NA
ROXs 12,1,NA,0.87
ROXs 12,1,1.06627,0.484
ROXs 42 B,1,NA,1
ROXs 42 B,1,NA,1
ROXs 42 B,1,1.33658,NA
RR Cae,1,NA,0.44
Ross 128,1,0.1967,0.168
Ross 176,1,0.569,0.577
Ross 176,1,0.6,NA
Ross 458,1,NA,NA
Ross 508,1,0.2113,0.1774
SPECULOOS-3,1,0.123,0.1009
SR 12 AB,1,NA,NA
SWEEPS-11,1,1.45,1.1
SWEEPS-4,1,1.18,1.24
TAP 26,1,1.17,1.04
TCP J05074264+2447555,1,NA,0.495
TCP J05074264+2447555,1,NA,0.25
TCP J05074264+2447555,1,NA,0.25
TCP J05074264+2447555,1,NA,0.586
TIC 139270665,2,1.016,1.035
TIC 139270665,2,1.016,1.035
TIC 172900988 Aa,1,1.3842,1.2388
TIC 172900988 Aa,1,1.3844,1.2384
TIC 172900988 Aa,1,1.3841,1.2388
TIC 172900988 Aa,1,1.3843,1.2388
TIC 172900988 Aa,1,1.3846,1.2388
TIC 172900988 Aa,1,1.3842,1.2384
TIC 172900988 Aa,1,NA,1.23681
TIC 237913194,1,1.088,1.026
TIC 237913194,1,1.12898,NA
TIC 241249530,1,1.397,1.271
TIC 257060897,1,1.88626,NA
TIC 257060897,1,1.82,1.32
TIC 257060897,1,1.863,1.187
TIC 257060897,1,1.82,1.32
TIC 279401253,2,1.06,1.13
TIC 279401253,2,1.06,1.13
TIC 365102760,1,3.13,1.17
TIC 393818343,1,1.09993,NA
TIC 393818343,1,1.086,1.082
TIC 393818343,1,NA,NA
TIC 434398831,2,0.909,0.992
TIC 434398831,2,0.909,0.992
TIC 46432937,1,0.5299,0.563
TIC 4672985,1,1.15,1.01
TIC 88785435,1,0.911,0.724
TOI-1011,1,0.92,0.91
TOI-1011,1,0.94,NA
TOI-1052,2,1.58,NA
TOI-1052,2,1.264,1.204
TOI-1052,2,1.264,1.204
TOI-1054,1,1.17,NA
TOI-1054,1,1.17092,1.14
TOI-1062,2,0.84,0.94
TOI-1062,2,0.89,NA
TOI-1062,2,0.84,0.94
TOI-1064,2,0.737189,NA
TOI-1064,2,0.726,0.748
TOI-1064,2,0.726,0.748
TOI-1064,2,0.737189,NA
TOI-1075,1,0.581,0.604
TOI-1075,1,0.580337,NA
TOI-1075,1,0.58,0.6
TOI-1080,1,0.199988,NA
TOI-1080,1,0.2019,0.1667
TOI-1107,1,1.81,1.35
TOI-1107,1,1.74836,NA
TOI-1117,3,1.02,NA
TOI-1117,3,1.05,0.97
TOI-1117,3,1.05,0.97
TOI-1117,3,1.05,0.97
TOI-1130,2,0.687,0.684
TOI-1130,2,0.741921,NA
TOI-1130,2,0.697,0.745
TOI-1130,2,0.695,0.712
TOI-1130,2,0.687,0.684
TOI-1130,2,0.697,0.745
TOI-1130,2,0.687,0.684
TOI-1130,2,0.687,0.684
TOI-1130,2,0.695,0.712
TOI-1130,2,0.687,0.684
TOI-1130,2,0.74,NA
TOI-1135,1,1.15,1.156039
TOI-1135,1,1.202,1.119
TOI-1135,1,1.15,NA
TOI-1135,1,1.16,1.125
TOI-1136,6,0.968,1.022
TOI-1136,6,0.9573,1.0404
TOI-1136,6,0.968,1.022
TOI-1136,6,0.98,NA
TOI-1136,6,0.968,1.022
TOI-1136,6,0.968,1.022
TOI-1136,6,0.9573,1.0404
TOI-1136,6,0.968,1.022
TOI-1136,6,0.968,1.022
TOI-1136,6,0.9573,1.0404
TOI-1136,6,0.98,NA
TOI-1136,6,0.977727,NA
TOI-1136,6,0.968,1.022
TOI-1136,6,0.9573,1.0404
TOI-1136,6,0.968,1.022
TOI-1136,6,0.98,NA
TOI-1136,6,0.968,1.022
TOI-1136,6,0.968,1.022
TOI-1136,6,0.9573,1.0404
TOI-1136,6,0.9573,1.0404
TOI-1136,6,0.968,1.022
TOI-1136,6,0.968,1.022
TOI-1173,1,0.9361,0.945
TOI-1173,1,0.934,0.911
TOI-1173,1,0.96,NA
TOI-1174,1,0.7847,0.8425
TOI-1174,1,0.76,0.85
TOI-1174,1,0.76,NA
TOI-1180,1,0.73,0.75
TOI-1180,1,0.7425,0.7795
TOI-1180,1,0.73,NA
TOI-1181,1,1.93,NA
TOI-1181,1,1.75,1.19
TOI-1181,1,1.961,1.467
TOI-1181,1,1.9322,1.4577
TOI-1184,1,0.69,NA
TOI-1184,1,0.6972,0.7271
TOI-1184,1,0.69,0.71
TOI-1194,1,0.963,1.007
TOI-1194,1,0.99,NA
TOI-1194,1,0.9608,0.9835
TOI-1199,1,1.54,NA
TOI-1199,1,1.45,1.23
TOI-1201,1,0.508,0.512
TOI-1201,1,0.482388,NA
TOI-1201,1,0.508,0.512
TOI-1203,4,1.179,0.886
TOI-1203,4,1.179,0.886
TOI-1203,4,1.179,0.886
TOI-1203,4,1.179,0.886
TOI-1203,4,1.17321,NA
TOI-1203,4,1.17321,1.03
TOI-122,1,0.334,0.312
TOI-122,1,0.334,0.312
TOI-122,1,0.334125,NA
TOI-1221,1,1.031,0.93
TOI-1221,1,1.01814,NA
TOI-1224,2,0.404,0.4
TOI-1224,2,0.404403,NA
TOI-1224,2,0.404,0.4
TOI-1224,2,0.404403,NA
TOI-1227,1,0.44128,NA
TOI-1227,1,0.56,0.17
TOI-1230,1,1.15281,NA
TOI-1230,1,1.15281,1.14
TOI-1231,1,0.476,0.485
TOI-1231,1,0.465271,NA
TOI-1232,2,1.072,1.058
TOI-1232,2,1.0959700000000001,NA
TOI-1232,2,1.072,1.058
HD 108236,5,0.877,0.869
HD 108236,5,0.888,0.97
HD 108236,5,0.888,0.97
HD 108236,5,0.864173,NA
HD 108236,5,0.864173,1.02
TOI-1235,1,0.619,0.63
TOI-1235,1,0.63,NA
TOI-1235,1,0.63,0.64
TOI-1235,1,0.63,0.64
TOI-1235,1,0.619,0.63
TOI-1238,2,0.58,0.59
TOI-1238,2,0.62326,NA
TOI-1238,2,0.58,0.59
TOI-1238,2,0.62326,NA
TOI-1243,1,0.490729,NA
TOI-1243,1,0.511,0.515
TOI-1244,1,0.721,0.73
TOI-1244,1,0.720551,NA
TOI-1244,1,0.7231,0.7528
TOI-1246,4,0.876154,NA
TOI-1246,4,0.86,0.87
TOI-1246,4,0.86,0.87
TOI-1246,4,0.8649,0.8889
TOI-1246,4,0.876154,NA
TOI-1246,4,0.8649,0.8889
TOI-1246,4,0.86,0.87
TOI-1246,4,0.876154,NA
TOI-1246,4,0.8649,0.8889
TOI-1246,4,0.876154,NA
TOI-1246,4,0.86,0.87
TOI-1248,1,0.874131,NA
TOI-1248,1,0.8686,0.9042
TOI-1249,1,0.9785,1.0062
TOI-1249,1,1,NA
TOI-125,3,0.852,0.871
TOI-125,3,0.848,0.859
TOI-125,3,0.85,NA
TOI-125,3,0.852,0.871
TOI-125,3,0.848,0.859
TOI-125,3,0.852,0.871
TOI-125,3,0.85,NA
TOI-125,3,0.852,0.871
TOI-125,3,0.848,0.859
TOI-125,3,0.85,NA
TOI-1259 A,1,0.711,0.744
TOI-1259 A,1,0.765001,NA
TOI-1259 A,1,0.711,0.744
TOI-1260,3,0.65,0.66
TOI-1260,3,0.693431,NA
TOI-1260,3,0.672,0.679
TOI-1260,3,0.65,0.66
TOI-1260,3,0.693431,NA
TOI-1260,3,0.672,0.679
TOI-1260,3,0.693431,NA
TOI-1260,3,0.672,0.679
TOI-1266,3,0.4232,0.437
TOI-1266,3,0.42,0.45
TOI-1266,3,0.435666,NA
TOI-1266,3,0.436,0.431
TOI-1266,3,0.4232,0.437
TOI-1266,3,0.42,0.45
TOI-1266,3,0.436,0.431
TOI-1266,3,0.4232,0.437
TOI-1266,3,0.42,0.45
TOI-1266,3,0.4232,0.437
TOI-1266,3,0.435666,NA
TOI-1266,3,0.436,0.431
TOI-1266,3,0.4232,0.437
TOI-1268,1,0.86,0.9
TOI-1268,1,0.86,0.9
TOI-1268,1,0.9,NA
TOI-1268,1,0.92,0.96
TOI-1268,1,0.86,0.9
TOI-1269,1,0.8521,0.9027
TOI-1269,1,0.848906,NA
TOI-1272,2,0.788,0.851
TOI-1272,2,0.7934,0.8772
TOI-1272,2,0.81,NA
TOI-1272,2,0.788,0.851
TOI-1272,2,0.7934,0.8772
TOI-1273,1,1.06,1.06
TOI-1273,1,1.07,NA
TOI-1278,1,0.55035,NA
TOI-1278,1,0.573,0.54
TOI-1279,1,0.840608,NA
TOI-1279,1,0.8426,0.8784
TOI-128,1,1.13,NA
TOI-128,1,1.13,0.851969
TOI-1288,2,0.9583,0.9552
TOI-1288,2,0.92,NA
TOI-1288,2,0.974,1.46
TOI-1288,2,1.01,0.89
TOI-1288,2,0.9583,0.9552
TOI-1288,2,1.01,0.89
TOI-1294,2,1.58,NA
TOI-1294,2,1.5566,1.1578
TOI-1294,2,1.5566,1.1578
TOI-1295,1,1.7,1.38
TOI-1295,1,1.59715,NA
TOI-1296,1,1.664,1.17
TOI-1296,1,1.75475,NA
TOI-1296,1,1.7031,1.1576
TOI-1296,1,1.664,1.17
TOI-1298,1,1.4536,1.2187
TOI-1298,1,1.48668,NA
TOI-1298,1,1.412,1.44
TOI-1298,1,1.412,1.44
TOI-1301,1,0.731699,NA
TOI-1301,1,0.732,0.77
TOI-132,1,0.940806,NA
TOI-132,1,0.9,0.97
TOI-132,1,0.9,0.97
TOI-1333,1,1.925,1.464
TOI-1333,1,1.8,NA
TOI-1333,1,1.925,1.464
TOI-1338 A,2,1.345,1.127
TOI-1338 A,2,1.313,1.0936
TOI-1338 A,2,1.51811,NA
TOI-1338 A,2,1.331,1.127
TOI-1338 A,2,1.345,1.127
TOI-1338 A,2,1.313,1.0936
TOI-1346,2,0.78,0.82
TOI-1346,2,0.784109,NA
TOI-1346,2,0.78,0.82
TOI-1346,2,0.784109,NA
TOI-1347,2,0.8401,0.9279
TOI-1347,2,0.83,0.913
TOI-1347,2,0.846387,NA
TOI-1347,2,0.846387,NA
TOI-1347,2,0.83,0.913
TOI-1347,2,0.8401,0.9279
TOI-1386,2,1.015,1.038
TOI-1386,2,1.0235,1.0363
TOI-1386,2,1.03,NA
TOI-1386,2,1.015,1.038
TOI-1386,2,1.0235,1.0363
TOI-139,1,0.700727,NA
TOI-139,1,0.7007,0.69
TOI-1408,2,1.53,1.312
TOI-1408,2,1.274,1.331
TOI-1408,2,1.49,NA
TOI-1408,2,1.49,NA
TOI-1408,2,1.53,1.312
TOI-1410,2,0.7558,0.7941
TOI-1410,2,0.7558,0.7941
TOI-1410,2,0.778749,0.715108
TOI-1410,2,0.78,NA
TOI-1411,1,0.66,0.59
TOI-1411,1,0.614,0.6045
TOI-1411,1,0.69,NA
TOI-1416,1,0.793,0.798
TOI-1416,1,0.8,NA
TOI-1420,1,0.923,0.987
TOI-1420,1,0.940037,NA
TOI-1422,2,1.0235,0.9903
TOI-1422,2,NA,NA
TOI-1422,2,1.00826,NA
TOI-1422,2,1.019,0.981
TOI-1422,2,NA,NA
TOI-1431,1,1.92,1.9
TOI-1431,1,1.94,NA
TOI-1437,1,1.22,NA
TOI-1437,1,1.2589,1.012
TOI-1437,1,1.17,1.1
TOI-1438,2,0.82,0.876
TOI-1438,2,0.815924,NA
TOI-1438,2,0.82,NA
TOI-1438,2,0.82,0.876
TOI-1439,1,1.6184,1.2313
TOI-1439,1,1.62,NA
TOI-1442,1,0.31,0.29
TOI-1442,1,0.308799,NA
TOI-1443,1,0.75,NA
TOI-1443,1,0.7511,0.7663
TOI-1444,1,0.907,0.934
TOI-1444,1,0.91,0.88
TOI-1444,1,0.9105,0.9513
TOI-1444,1,0.92499,NA
TOI-1448,1,0.381586,NA
TOI-1448,1,0.38,0.372
TOI-1450 A,2,0.473603,NA
TOI-1450 A,2,0.483,0.48
TOI-1450 A,2,0.483,0.48
TOI-1451,1,1.03,NA
TOI-1451,1,1.0162,1.0022
TOI-1452,1,0.275364,NA
TOI-1452,1,0.275,0.249
TOI-1453,2,0.72,0.715
TOI-1453,2,0.71,NA
TOI-1453,2,0.72,0.715
TOI-1453,2,0.71,NA
TOI-1467,1,0.491,0.489
TOI-1467,1,0.490737,NA
TOI-1467,1,0.4565,0.4518
TOI-1467,1,0.472,0.498
TOI-1468,2,0.369306,NA
TOI-1468,2,0.3714,0.3527
TOI-1468,2,0.344,0.339
TOI-1468,2,0.344,0.339
TOI-1468,2,0.369306,NA
TOI-1468,2,0.3714,0.3527
TOI-1470,2,0.49012,NA
TOI-1470,2,0.469,0.471
TOI-1470,2,0.469,0.471
TOI-1472,2,0.8377,0.9154
TOI-1472,2,0.84,0.87
TOI-1472,2,0.859483,NA
TOI-1472,2,0.84,0.87
TOI-1478,1,NA,NA
TOI-1478,1,1.048,0.947
TOI-1478,1,1.048,0.947
TOI-1478,1,1.04,NA
TOI-150,1,1.551,1.249
TOI-150,1,1.551,1.249
TOI-150,1,1.526,1.351
TOI-150,1,1.67987,NA
TOI-1516,1,1.24,NA
TOI-1516,1,1.14,1.14
TOI-1518,1,1.95,1.79
TOI-1518,1,1.95,1.79
TOI-1518,1,1.82241,NA
TOI-1518,1,1.942,1.88
TOI-157,1,1.167,0.948
TOI-157,1,1.167,0.948
TOI-157,1,1.167,0.948
TOI-157,1,1.10646,NA
TOI-1601,1,2.22,NA
TOI-1601,1,2.186,1.517
TOI-1601,1,2.195,1.5055
TOI-163,1,1.66402,NA
TOI-163,1,1.648,1.4352
TOI-163,1,1.648,1.4352
TOI-1630,1,0.83,NA
TOI-1630,1,0.83,0.95
TOI-1634,2,0.45,0.451
TOI-1634,2,0.45,0.502
TOI-1634,2,0.45,0.502
TOI-1634,2,0.45,0.451
TOI-1634,2,0.465258,NA
TOI-1634,2,0.45,0.451
TOI-1648,1,0.81,0.83
TOI-1648,1,0.84,NA
TOI-1659,1,1.00568,NA
TOI-1659,1,1.006,1.1
TOI-1669,2,1.0561,0.9867
TOI-1669,2,NA,1
TOI-1669,2,1.0561,0.9867
TOI-1669,2,1.07,NA
TOI-1670,2,1.316,1.21
TOI-1670,2,1.31,NA
TOI-1670,2,1.31,NA
TOI-1670,2,1.308,1.219
TOI-1670,2,1.316,1.21
TOI-1680,1,0.2106,0.1798
TOI-1680,1,0.213459,NA
TOI-1683,1,0.695095,NA
TOI-1683,1,0.7,0.694661
TOI-1685,1,0.462408,NA
TOI-1685,1,0.492,0.495
TOI-1685,1,0.4555,0.454
TOI-1685,1,0.492,0.495
TOI-1685,1,0.462,0.466
TOI-1685,1,0.459,0.46
TOI-1685,1,0.4555,0.454
TOI-1685,1,NA,NA
TOI-169,1,1.29661,NA
TOI-169,1,1.288,1.147
TOI-169,1,1.288,1.147
TOI-169,1,1.288,1.147
TOI-1691,1,1,1.03
TOI-1691,1,1,NA
TOI-1691,1,1.009,0.9581
TOI-1693,1,0.46,0.49
TOI-1693,1,0.46126,NA
TOI-1694,2,NA,0.84
TOI-1694,2,0.8036,0.853
TOI-1694,2,0.8183,0.845
TOI-1694,2,0.81833,NA
TOI-1694,2,0.8036,0.853
TOI-1694,2,NA,0.84
TOI-1695,1,0.515,0.513
TOI-1695,1,0.53,0.54
TOI-1695,1,0.516105,NA
TOI-1696,1,0.287,0.27
TOI-1696,1,0.2775,0.255
TOI-1696,1,0.280475,NA
TOI-1710,1,0.9574,1.0258
TOI-1710,1,0.95,0.99
TOI-1710,1,0.968,0.984
TOI-1710,1,0.98,NA
TOI-1716,1,1.24,1.07
TOI-1716,1,1.24,NA
TOI-172,1,1.777,1.128
TOI-172,1,1.777,1.128
TOI-172,1,1.79,NA
TOI-1723,1,1.09,NA
TOI-1723,1,1.0855,1.0378
TOI-1723,1,1.09,1.04
TOI-1728,1,0.6243,0.646
TOI-1728,1,0.6243,0.646
TOI-1728,1,0.63,NA
TOI-1728,1,0.6243,0.646
TOI-1736,2,1.41,NA
TOI-1736,2,1.15,1.08
TOI-1736,2,1.38,1.06
TOI-1736,2,1.4286,1.0373000000000001
TOI-1736,2,1.4286,1.0373000000000001
TOI-1736,2,1.38,1.06
TOI-1736,2,1.15,1.08
TOI-1739,1,0.781,0.78
TOI-1739,1,0.751,0.79
TOI-1739,1,0.78,NA
TOI-1742,1,1.16,NA
TOI-1742,1,1.131,1.0861
TOI-1743,1,0.338,0.339
TOI-1743,1,0.32,NA
TOI-1744,1,1.14,1.18
TOI-1744,1,1.14,NA
TOI-1749,3,0.55,0.58
TOI-1749,3,0.561356,NA
TOI-1749,3,0.561356,NA
TOI-1749,3,0.55,0.58
TOI-1749,3,0.55,0.58
TOI-1749,3,0.561356,NA
TOI-1751,1,1.3137,0.9382
TOI-1751,1,1.2,0.9
TOI-1751,1,1.27,NA
TOI-1753,1,0.959022,NA
TOI-1753,1,0.9715,0.9483
TOI-1758,1,0.81,NA
TOI-1758,1,0.81,0.88
TOI-1758,1,0.8155,0.8253
TOI-1759,1,0.597,0.606
TOI-1759,1,0.628,0.61
TOI-1759,1,0.5745,0.5666
TOI-1759,1,0.63,NA
TOI-1768,1,1.1,1.1
TOI-1768,1,1.1,NA
TOI-1772,1,0.995254,NA
TOI-1772,1,0.995,0.99
TOI-1774,2,1.09271,1.06
TOI-1774,2,1.09271,NA
TOI-1774,2,1.1303,0.991
TOI-1775,1,0.84,NA
TOI-1775,1,0.8288,0.9218
TOI-1776,1,0.9356,0.9196
TOI-1776,1,0.945408,NA
TOI-1777,1,0.98,NA
TOI-1777,1,0.98,1.06
TOI-178,6,0.651,0.65
TOI-178,6,0.662,0.647
TOI-178,6,0.662,0.647
TOI-178,6,0.651,0.65
TOI-178,6,0.660806,NA
TOI-178,6,0.66,NA
TOI-178,6,0.662,0.647
TOI-178,6,0.651,0.65
TOI-178,6,0.662,0.647
TOI-178,6,0.660806,NA
TOI-178,6,0.651,0.65
TOI-178,6,0.66,NA
TOI-178,6,0.651,0.65
TOI-178,6,0.662,0.647
TOI-178,6,0.701202,NA
TOI-178,6,0.662,0.647
TOI-178,6,0.651,0.65
TOI-1782,2,0.668693,NA
TOI-1782,2,0.669,0.68
TOI-1782,2,0.669,0.68
TOI-1782,2,0.668693,NA
TOI-1789,1,2.26,NA
TOI-1789,1,2.168,1.507
TOI-1789,1,2.168,1.507
TOI-1794,1,1.29921,NA
TOI-1794,1,1.3162,0.9698
TOI-1798,2,0.7911,0.8543
TOI-1798,2,0.784618,NA
TOI-1798,2,0.78,0.87
TOI-1798,2,0.78,0.862514
TOI-1798,2,0.78,0.87
TOI-1798,2,0.784618,NA
TOI-1798,2,0.7911,0.8543
TOI-1799,1,0.9536,0.9406
TOI-1799,1,0.957,1.01
TOI-1799,1,0.956941,NA
TOI-1801,1,0.55,NA
TOI-1801,1,0.547,0.556
TOI-1801,1,0.5128,0.5051
TOI-1803,2,0.69,NA
TOI-1803,2,0.715,0.756
TOI-1803,2,0.69,NA
TOI-1803,2,0.715,0.756
TOI-1806,1,0.401575,0.392935
TOI-1806,1,0.401575,NA
TOI-1807,1,0.74,NA
TOI-1807,1,0.746,0.8048
TOI-1807,1,0.69,0.76
TOI-1807,1,0.6802,0.75
TOI-181,1,0.805573,NA
TOI-181,1,0.745,0.822
TOI-1811,1,0.769,0.817
TOI-1811,1,0.81,NA
TOI-1820,1,1.4,NA
TOI-1820,1,1.51,1.04
TOI-1823,1,0.82,NA
TOI-1823,1,0.8049,0.8414
TOI-1824,1,0.8123,0.8801
TOI-1824,1,0.82,NA
TOI-1836,2,1.6454,1.2518
TOI-1836,2,1.577,1.307
TOI-1836,2,1.63,1.23
TOI-1836,2,1.61988,NA
TOI-1836,2,1.62,NA
TOI-1836,2,1.6454,1.2518
TOI-1842,1,2.02,1.46
TOI-1842,1,2.05,NA
TOI-1842,1,2.03,1.45
TOI-1842,1,2.032,1.4643
TOI-1846,1,0.397,0.418
TOI-1846,1,0.411452,NA
TOI-1853,1,0.808,0.837
TOI-1853,1,0.84,NA
TOI-1855,1,1.08,NA
TOI-1855,1,1.041,0.987
TOI-1859,1,1.36,1.287
TOI-1859,1,1.4,NA
TOI-1860,1,0.94,0.99
TOI-1860,1,0.93,NA
TOI-1883,1,0.494,0.492
TOI-1883,1,0.493576,NA
TOI-1898,1,1.61034,NA
TOI-1898,1,1.6131,1.2484
TOI-1898,1,NA,NA
TOI-1899,1,0.607,0.627
TOI-1899,1,0.617863,NA
TOI-1899,1,0.607,0.632
TOI-1937 A,1,1.07,NA
TOI-1937 A,1,1.08,1.072
TOI-198,1,0.441,0.467
TOI-198,1,0.447336,NA
TOI-198,1,0.418,0.417
TOI-199,2,0.82,0.936
TOI-199,2,0.88,NA
TOI-199,2,0.82,0.936
TOI-1994,1,2.3,1.86
TOI-1994,1,2.22,NA
TOI-2000,2,1.18,NA
TOI-2000,2,1.134,1.082
TOI-2000,2,1.18,NA
TOI-2000,2,1.134,1.082
TOI-2005,1,2.22759,NA
TOI-2005,1,2.02,1.59
TOI-201,2,1.33031,NA
TOI-201,2,1.317,1.316
TOI-201,2,1.339,1.316
TOI-201,2,1.317,1.316
TOI-201,2,1.339,1.316
TOI-2010,1,1.079,1.112
TOI-2010,1,1.07352,NA
TOI-2015,2,0.3273,0.3041
TOI-2015,2,0.32,NA
TOI-2015,2,0.333,0.342
TOI-2015,2,0.3273,0.3041
TOI-2018,1,0.62,0.57
TOI-2018,1,0.622512,NA
TOI-2019,1,1.8,NA
TOI-2019,1,1.7457,1.1832
TOI-2025,1,1.47996,NA
TOI-2025,1,1.56,1.32
TOI-2025,1,1.459,1.199
TOI-2031 A,1,1.18444,NA
TOI-2031 A,1,1.241,1.174
TOI-2046,1,1.21,1.13
TOI-2046,1,1.24319,NA
TOI-2048,1,0.76,NA
TOI-2048,1,0.79,0.83
TOI-206,1,0.35,0.35
TOI-206,1,0.351676,NA
TOI-2068,1,0.542573,NA
TOI-2068,1,0.535,0.559
TOI-2076,4,0.77,NA
TOI-2076,4,0.77,0.824
TOI-2076,4,0.796,0.8557
TOI-2076,4,0.7622,0.85
TOI-2076,4,0.774,0.883
TOI-2076,4,0.758,0.849
TOI-2076,4,0.7622,0.85
TOI-2076,4,0.7622,0.85
TOI-2076,4,0.77,NA
TOI-2076,4,0.796,0.8557
TOI-2076,4,0.77,0.824
TOI-2076,4,0.758,0.849
TOI-2076,4,0.77,NA
TOI-2076,4,0.796,0.8557
TOI-2076,4,0.77,0.824
TOI-2076,4,0.7622,0.85
TOI-2076,4,0.758,0.849
TOI-2076,4,0.796,0.8557
TOI-2076,4,0.758,0.849
TOI-2081,1,0.534,0.54
TOI-2081,1,0.515547,NA
TOI-2084,1,0.47,NA
TOI-2084,1,0.475,0.453
TOI-2088,1,0.831423,NA
TOI-2088,1,0.8481,0.9027
TOI-2093,2,0.729,0.745
TOI-2093,2,0.730261,NA
TOI-2093,2,0.729,0.745
TOI-2094,1,0.376775,NA
TOI-2094,1,0.384,0.425
TOI-2095,2,0.44,0.44
TOI-2095,2,0.453,0.465
TOI-2095,2,0.463205,NA
TOI-2095,2,0.463205,NA
TOI-2095,2,0.453,0.465
TOI-2095,2,0.44,0.44
TOI-2096,2,0.235,0.231
TOI-2096,2,0.247331,NA
TOI-2096,2,0.235,0.231
TOI-2096,2,0.247331,NA
TOI-2107,1,0.97,NA
TOI-2107,1,0.932,0.961
TOI-2109,1,1.7,NA
TOI-2109,1,1.698,1.453
TOI-2120,1,0.240233,NA
TOI-2120,1,0.245,0.211
TOI-2128,1,1.12506,NA
TOI-2128,1,1.1174,1.0251
TOI-2133,1,0.716312,NA
TOI-2133,1,0.62,0.644
TOI-2134,2,0.709,0.744
TOI-2134,2,0.77,NA
TOI-2134,2,0.77,NA
TOI-2134,2,NA,NA
TOI-2134,2,0.709,0.744
TOI-2136,1,0.34388,NA
TOI-2136,1,0.335,0.34
TOI-2136,1,0.344,0.3272
TOI-2136,1,0.34,0.34
TOI-2141,3,0.98,0.94
TOI-2141,3,0.95,0.896
TOI-2141,3,0.94,NA
TOI-2141,3,0.95,0.896
TOI-2141,3,0.95,0.896
TOI-2145,1,2.78,NA
TOI-2145,1,2.7505,1.7169
TOI-2145,1,2.75,1.71
TOI-2145,1,2.749,1.72
TOI-2152,1,1.73235,NA
TOI-2152,1,1.612,1.516
TOI-2154,1,1.396,1.233
TOI-2154,1,1.38719,NA
TOI-2158,1,1.41,1.12
TOI-2158,1,1.5,NA
TOI-216,2,0.838,0.874
TOI-216,2,0.838,0.874
TOI-216,2,0.801736,NA
TOI-216,2,0.748,0.77
TOI-216,2,0.748,0.77
TOI-216,2,0.801736,NA
TOI-216,2,0.838,0.874
TOI-216,2,0.838,0.874
TOI-2169 A,1,1.81,NA
TOI-2169 A,1,1.82,1.42
TOI-2180,1,1.62762,NA
TOI-2180,1,1.636,1.111
TOI-2180,1,NA,NA
TOI-2180,1,1.636,1.111
TOI-2184,1,3.15138,NA
TOI-2184,1,2.9,1.53
TOI-2193 A,1,1.19653,NA
TOI-2193 A,1,1.248,1.082
TOI-2194,1,0.69,NA
TOI-2194,1,0.6909,0.74
TOI-2196,1,1.02917,NA
TOI-2196,1,1.043,1.032
TOI-220,1,0.88,NA
TOI-220,1,0.858,0.825
TOI-2202,2,0.808,0.841
TOI-2202,2,0.794,0.823
TOI-2202,2,0.823883,NA
TOI-2202,2,0.794,0.823
TOI-2207,1,1.564,1.296
TOI-2207,1,1.55738,NA
TOI-2211,1,0.834386,NA
TOI-2211,1,0.834,0.9
TOI-2236,1,1.62,NA
TOI-2236,1,1.573,1.343
TOI-2257,1,0.326932,NA
TOI-2257,1,0.313,0.328
TOI-2260,1,0.94,0.99
TOI-2260,1,0.9,NA
TOI-2266,1,0.24,0.23
TOI-2266,1,0.261162,NA
TOI-2267 A,3,0.242745,NA
TOI-2267 A,3,0.2075,0.171
TOI-2267 A,3,0.2075,0.171
TOI-2267 A,3,0.242745,NA
TOI-2267 B,3,0.13,0.0989
TOI-2267 B,3,0.242745,NA
TOI-2267 B,3,0.13,NA
TOI-2274,1,0.631,0.612
TOI-2274,1,0.63072,NA
TOI-2285,1,0.460014,NA
TOI-2285,1,0.464,0.454
TOI-2285,1,0.464,0.454
TOI-2295,2,1.47,NA
TOI-2295,2,1.459,1.168
TOI-2295,2,1.459,1.168
TOI-2322,2,0.7,NA
TOI-2322,2,0.662,0.703
TOI-2322,2,0.697547,NA
TOI-2322,2,0.662,0.703
TOI-2328,1,0.93,NA
TOI-2328,1,0.9,0.95
TOI-2337,1,3.22,1.325
TOI-2337,1,3.22859,NA
TOI-2338,1,1.05,0.99
TOI-2338,1,1.12,NA
TOI-2345,2,0.729,0.727
TOI-2345,2,0.758575,NA
TOI-2345,2,0.758575,NA
TOI-2345,2,0.729,0.727
TOI-2346,1,1.38,1.271
TOI-2346,1,1.33,NA
TOI-2364,1,0.94,NA
TOI-2364,1,0.886,0.954
TOI-2368,1,0.846,0.897
TOI-2368,1,0.892685,NA
TOI-237,1,0.211,0.179
TOI-237,1,0.211299,NA
TOI-237,1,0.211,0.179
TOI-2373,1,1.102,1.041
TOI-2373,1,1.2,NA
TOI-2374,1,0.8,NA
TOI-2374,1,0.69,0.75
TOI-2379,1,0.638902,NA
TOI-2379,1,0.622,0.645
TOI-238,2,0.77,NA
TOI-238,2,0.733,0.79
TOI-238,2,0.756,0.781
TOI-238,2,0.75,0.788
TOI-238,2,0.733,0.79
TOI-2382,1,1.52373,NA
TOI-2382,1,1.417,1.26
TOI-2384,1,0.6113,0.635
TOI-2384,1,0.666652,NA
TOI-2406,1,0.204,0.166
TOI-2406,1,0.204,0.162
TOI-2406,1,0.1966,NA
TOI-2407,1,0.567,0.548
TOI-2407,1,0.524573,NA
TOI-2411,1,0.727642,NA
TOI-2411,1,0.68,0.65
TOI-2416,1,1.236,1.118
TOI-2416,1,1.39,NA
TOI-2420,1,2.369,1.158
TOI-2420,1,2.2,NA
TOI-2421,1,1.79,NA
TOI-2421,1,1.75,1.131
TOI-2427,1,0.65,0.64
TOI-2427,1,0.68,NA
TOI-2431,1,0.68,NA
TOI-2431,1,0.651,0.661
TOI-244,1,0.399,0.424
TOI-244,1,0.407103,NA
TOI-244,1,0.426,0.428
TOI-2443,1,0.7321,0.66
TOI-2443,1,0.732115,NA
TOI-2443,1,0.631,0.642
TOI-2445,1,0.27,0.25
TOI-2445,1,0.272233,NA
TOI-2447,1,1.006,1.034
TOI-2447,1,1.04,NA
TOI-2449,1,1.08,NA
TOI-2449,1,1.065,1.079
TOI-2458,2,1.31,1.05
TOI-2458,2,1.32975,NA
TOI-2458,2,1.31,1.05
TOI-2459,1,0.675093,NA
TOI-2459,1,0.6751,0.66
TOI-2485,1,1.72,1.163
TOI-2485,1,1.72,NA
TOI-2497,1,2.36,1.859
TOI-2497,1,2.49897,NA
TOI-2498,1,1.29068,NA
TOI-2498,1,1.26,1.12
TOI-251,1,0.881,1.036
TOI-251,1,0.955756,NA
TOI-251,1,0.881,1.036
TOI-2524,1,1.119,1.007
TOI-2524,1,1.19,NA
TOI-2525,2,0.824284,NA
TOI-2525,2,0.785,0.849
TOI-2525,2,0.785,0.849
TOI-2525,2,0.824284,NA
TOI-2529,1,1.75,NA
TOI-2529,1,1.7,1.11
TOI-2537,2,0.771,0.771
TOI-2537,2,1.0143,NA
TOI-2537,2,0.771,0.771
TOI-2545,1,1.25324,NA
TOI-2545,1,1.25324,1.055
TOI-2567,1,1.71761,NA
TOI-2567,1,1.686,1.13
TOI-257,1,1.76557,NA
TOI-257,1,1.867,1.407
TOI-257,1,1.867,1.407
TOI-2570,1,1.12141,NA
TOI-2570,1,1.095,1.063
TOI-2580,1,1.83,NA
TOI-2580,1,1.81,1.33
TOI-2583 A,1,1.477,1.215
TOI-2583 A,1,1.49,NA
TOI-2587 A,1,1.72,NA
TOI-2587 A,1,1.726,1.15
TOI-2589,1,1.07,NA
TOI-2589,1,1.07,0.93
TOI-260,1,0.618173,NA
TOI-260,1,0.607,0.616
TOI-260,1,0.5468,0.5485
TOI-261,2,1.28018,NA
TOI-261,2,1.28018,1.069
TOI-261,2,1.28018,0.496728
TOI-261,2,1.28018,1.069
TOI-261,2,1.31383,NA
TOI-262,1,0.853,0.913
TOI-262,1,0.848675,NA
TOI-2641,1,1.336,1.16
TOI-2641,1,1.27132,NA
TOI-2669,1,4.1,1.19
TOI-2669,1,3.98,NA
TOI-269,1,0.398,0.3917
TOI-269,1,0.397924,NA
TOI-269,1,0.398,0.3917
TOI-270,3,0.38,0.4
TOI-270,3,0.38,0.386
TOI-270,3,0.38,NA
TOI-270,3,0.38,0.4
TOI-270,3,0.378,0.386
TOI-270,3,0.374358,NA
TOI-270,3,0.38,0.4
TOI-270,3,0.378,0.386
TOI-270,3,0.38,0.4
TOI-270,3,0.374358,NA
TOI-270,3,0.38,0.386
TOI-270,3,0.374358,NA
TOI-270,3,0.38,0.386
TOI-270,3,0.38,0.4
TOI-270,3,0.38,NA
TOI-270,3,0.378,0.386
TOI-270,3,0.38,0.4
TOI-2714,1,1.25,1.07
TOI-2714,1,1.21,NA
TOI-2719,1,1.69,1.02
TOI-2719,1,1.69,NA
TOI-2768,1,0.66,NA
TOI-2768,1,0.657,0.63
TOI-277,1,0.523113,NA
TOI-277,1,0.362,0.16
TOI-2796,1,1.38,NA
TOI-2796,1,1.069,1.063
TOI-2803 A,1,1.245,1.118
TOI-2803 A,1,1.16,NA
TOI-2818,1,1.229,0.977
TOI-2818,1,1.14,NA
TOI-283,1,0.81,NA
TOI-283,1,0.85,0.8
TOI-2842,1,1.265,1.135
TOI-2842,1,1.26,NA
TOI-286,2,0.78,0.832
TOI-286,2,0.79,NA
TOI-286,2,0.79,NA
TOI-286,2,0.78,0.832
TOI-2876,1,0.92,NA
TOI-2876,1,0.873,0.939
TOI-2886,1,1.22,NA
TOI-2886,1,1.241,1.229
TOI-2969,1,0.7,0.71
TOI-2969,1,0.78,NA
TOI-2977,1,1.22,NA
TOI-2977,1,1.073,0.936
TOI-2981,1,1.03,NA
TOI-2981,1,1.08,1.03
TOI-2986,1,1.458,1.122
TOI-2986,1,1.49,NA
TOI-2989,1,0.76,0.77
TOI-2989,1,0.77,NA
TOI-2992,1,1.54,NA
TOI-2992,1,1.545,1.21
TOI-3023,1,1.668,1.12
TOI-3023,1,1.69,NA
TOI-3071,1,1.31,1.29
TOI-3071,1,1.36,NA
TOI-3082,1,0.68,NA
TOI-3082,1,0.6847,0.664
TOI-3135,1,0.985,1.044
TOI-3135,1,1.03,NA
TOI-3160 A,1,1.62,NA
TOI-3160 A,1,1.346,1.088
TOI-3235,1,0.37,NA
TOI-3235,1,0.3697,0.3939
TOI-3261,1,0.849,0.861
TOI-3261,1,0.86,NA
TOI-3288,1,0.672,0.643
TOI-3288,1,0.67,NA
TOI-3288,1,0.67,0.64
TOI-329,1,1.61148,NA
TOI-329,1,1.5326,1.0678
TOI-332,1,0.87,0.88
TOI-332,1,0.96,NA
TOI-3321,1,1.549,1.041
TOI-3321,1,1.47,NA
TOI-333,1,1.129,NA
TOI-333,1,1.1,1.2
TOI-3331 A,1,0.952,1.016
TOI-3331 A,1,0.96,NA
TOI-3353,1,1.0207,1.332089
TOI-3353,1,1.02,NA
TOI-3362,1,1.8,NA
TOI-3362,1,1.83,1.445
TOI-3364,1,1.4484,NA
TOI-3364,1,1.419,1.186
TOI-3464,1,1.59,NA
TOI-3464,1,1.56,1.363
TOI-3474,1,1.256,1.121
TOI-3474,1,1.26,NA
TOI-3486,1,0.81,NA
TOI-3486,1,0.788,0.837
TOI-3493,1,1.228,1.023
TOI-3493,1,1.21151,NA
TOI-3523 A,1,1.448,1.131
TOI-3523 A,1,1.58,NA
TOI-3540 A,1,1.13476,NA
TOI-3540 A,1,1.228,1.081
TOI-3568,1,0.719,0.78
TOI-3568,1,0.785799,NA
TOI-3593,1,0.992137,NA
TOI-3593,1,0.918,1.015
TOI-3629,1,0.6103,0.635
TOI-3629,1,0.61,NA
TOI-3629,1,0.6,0.63
TOI-3682,1,1.91,NA
TOI-3682,1,1.735,1.32
TOI-3688 A,1,1.34548,NA
TOI-3688 A,1,1.302,1.199
TOI-3693,1,0.8,NA
TOI-3693,1,0.791,0.867
TOI-3714,1,0.509,0.507
TOI-3714,1,0.51,0.53
TOI-3714,1,0.4958,0.522
TOI-3714,1,0.50843,NA
TOI-375,3,2.9,1.441
TOI-375,3,3.27393,NA
TOI-375,3,2.9,1.441
TOI-375,3,2.9,1.441
TOI-3757,1,0.637223,NA
TOI-3757,1,0.62,0.64
TOI-3785,1,0.5,0.52
TOI-3785,1,0.5,NA
TOI-3807,1,1.468,1.181
TOI-3807,1,1.47,NA
TOI-3819,1,1.538,1.242
TOI-3819,1,1.55859,NA
TOI-3837,1,1.2,0.89
TOI-3837,1,1.21,NA
TOI-3856,1,1.13,NA
TOI-3856,1,1.055,1.096
TOI-3862,1,0.92,0.9
TOI-3862,1,0.93,NA
TOI-3877,1,1.445,1.16
TOI-3877,1,1.55,NA
TOI-3884,1,0.3043,0.2813
TOI-3884,1,0.302,0.298
TOI-3884,1,0.303138,NA
TOI-3894,1,1.502,1.138
TOI-3894,1,1.502,1.138
TOI-3894,1,1.502,1.138
TOI-3894,1,1.43,NA
TOI-3912,1,1.42,NA
TOI-3912,1,1.392,1.088
TOI-3919,1,1.319,1.208
TOI-3919,1,1.32,NA
TOI-3976 A,1,1.501,1.254
TOI-3976 A,1,1.5,NA
TOI-3980,1,1.626,1.24
TOI-3980,1,1.63,NA
TOI-3984 A,1,0.46,NA
TOI-3984 A,1,0.47,0.49
TOI-4010,4,0.83,0.88
TOI-4010,4,0.880213,NA
TOI-4010,4,0.83,0.88
TOI-4010,4,0.880213,NA
TOI-4010,4,0.880213,NA
TOI-4010,4,0.83,0.88
TOI-4010,4,0.83,0.88
TOI-406,2,0.41,0.408
TOI-406,2,0.388609,NA
TOI-406,2,0.388609,0.48082
TOI-406,2,0.388609,NA
TOI-406,2,0.41,0.408
TOI-4087,1,1.112,1.178
TOI-4087,1,1.12,NA
HD 22946,3,1.157,1.104
HD 22946,3,1.11672,NA
HD 22946,3,1.117,1.098
HD 22946,3,1.117,1.098
HD 22946,3,1.157,1.104
HD 22946,3,1.11672,NA
TOI-4127,1,1.25,NA
TOI-4127,1,1.293,1.23
TOI-4137,1,1.438,1.313
TOI-4137,1,1.47,NA
TOI-4145 A,1,0.859,0.905
TOI-4145 A,1,0.86,NA
TOI-4153,1,1.605,1.572
TOI-4153,1,1.67219,NA
TOI-4155,1,0.95,1.16
TOI-4155,1,0.95,NA
TOI-4184,1,0.240807,NA
TOI-4184,1,0.2347,0.2109
TOI-4201,1,0.61,NA
TOI-4201,1,0.616,0.626
TOI-4201,1,0.63,0.61
TOI-4201,1,0.62,0.63
TOI-4201,1,0.63,0.61
TOI-421,2,0.860124,NA
TOI-421,2,0.871,0.852
TOI-421,2,0.866,0.833
TOI-421,2,0.871,0.852
TOI-421,2,0.866,0.833
TOI-421,2,0.860124,NA
TOI-421,2,0.871,0.852
TOI-4214,1,1.434,1.382
TOI-4214,1,1.59,NA
TOI-4308,1,0.7934,0.9
TOI-4308,1,0.79,NA
TOI-431,3,0.731,0.78
TOI-431,3,0.726632,NA
TOI-431,3,0.731,0.78
TOI-431,3,0.731,0.78
TOI-431,3,0.726632,NA
TOI-431,3,0.731,0.78
TOI-431,3,0.731,0.78
TOI-4329,1,2.74429,NA
TOI-4329,1,2.31,1.538
TOI-4336 A,2,0.328,0.331
TOI-4336 A,2,0.326568,NA
TOI-4336 A,2,0.326,0.306
TOI-4336 A,2,0.326,0.306
TOI-4342,2,0.598,0.587
TOI-4342,2,0.599,0.6296
TOI-4342,2,0.598175,NA
TOI-4342,2,0.599,0.6296
TOI-4342,2,0.598,0.587
TOI-4342,2,0.598175,NA
TOI-4364,1,0.465777,NA
TOI-4364,1,0.4684,0.487
TOI-4377,1,3.52,1.36
TOI-4377,1,3.41348,NA
TOI-4379,1,1.976,1.372
TOI-4379,1,2.06072,NA
TOI-4406,1,1.41293,NA
TOI-4406,1,1.29,1.19
TOI-4438,1,0.372,0.368
TOI-4438,1,0.375859,NA
TOI-4438,1,0.376,0.364
TOI-444,1,0.794471,NA
TOI-444,1,0.779,0.96
TOI-4443,1,1.01733,NA
TOI-4443,1,1.01733,1.049133
TOI-4463 A,1,1.062,1.056
TOI-4463 A,1,1.09,NA
TOI-4465,1,0.99,NA
TOI-4465,1,1.014,0.93
TOI-4479,1,0.427389,NA
TOI-4479,1,0.451,0.452
TOI-4487 A,1,1.69,NA
TOI-4487 A,1,1.634,1.378
TOI-4495,2,1.309,1.247
TOI-4495,2,1.34,NA
TOI-4495,2,1.34,NA
TOI-4495,2,1.34,1.168817
TOI-4495,2,1.309,1.247
TOI-4504,3,0.92,0.89
TOI-4504,3,0.960919,NA
TOI-4504,3,0.960919,NA
TOI-4504,3,0.92,0.89
TOI-4504,3,0.92,0.89
TOI-4507,1,1.04,1.11
TOI-4507,1,1.97585,NA
TOI-451,3,0.879,0.95
TOI-451,3,0.856226,NA
TOI-451,3,0.85,0.93
TOI-451,3,0.856226,NA
TOI-451,3,0.85,0.93
TOI-451,3,0.879,0.95
TOI-451,3,0.879,0.95
TOI-451,3,0.879,0.95
TOI-451,3,0.879,0.95
TOI-451,3,0.856226,NA
TOI-451,3,0.85,0.93
TOI-4515,1,0.874078,NA
TOI-4515,1,0.86,0.949
TOI-4527,1,0.485948,NA
TOI-4527,1,0.485948,0.483901
TOI-4529,1,0.492759,NA
TOI-4529,1,0.48,0.482
TOI-4551,1,3.38,NA
TOI-4551,1,3.55,1.31
TOI-4552,1,0.286178,NA
TOI-4552,1,0.2869,0.2619
TOI-4559,1,0.426767,NA
TOI-4559,1,0.374,0.392
TOI-4562,2,1.25231,NA
TOI-4562,2,1.152,1.192
TOI-4562,2,1.152,1.192
TOI-4562,2,1.152,1.192
TOI-4582,1,2.56935,NA
TOI-4582,1,2.5,1.34
TOI-4600,2,0.81,0.89
TOI-4600,2,0.831915,NA
TOI-4600,2,0.831915,NA
TOI-4600,2,0.81,0.89
TOI-4602,1,1.16,NA
TOI-4602,1,1.15664,1.116795
TOI-4603,1,2.68,NA
TOI-4603,1,2.738,1.765
TOI-4633,1,1.05,1.1
TOI-4633,1,1.5819,NA
TOI-4638,1,0.895,1.02
TOI-4638,1,0.894563,NA
TOI-4641,1,1.72,1.41
TOI-4641,1,1.75449,NA
TOI-4666,1,0.59,NA
TOI-4666,1,0.59,0.58
TOI-4666,1,0.585,0.576
TOI-469,3,1.00528,NA
TOI-469,3,0.98,0.901
TOI-469,3,0.97,0.94
TOI-469,3,0.98,0.89
TOI-469,3,0.9839,0.9452
TOI-469,3,1.00528,0.91
TOI-470,1,0.840971,NA
TOI-470,1,0.831,0.87
TOI-4734,1,1.857,1.391
TOI-4734,1,1.76,NA
TOI-4773,1,1.48714,NA
TOI-4773,1,1.55,1.452
TOI-4791,1,1.409,1.242
TOI-4791,1,1.49,NA
TOI-4794,1,1.4,NA
TOI-4794,1,1.451,1.25
TOI-480,1,1.50004,NA
TOI-480,1,1.4877,1.2793
TOI-481,1,1.73,NA
TOI-481,1,1.66,1.14
TOI-481,1,1.66,1.14
TOI-481,1,1.66,1.14
TOI-4860,1,0.35,NA
TOI-4860,1,0.348,0.3357
TOI-4860,1,0.358,0.34
TOI-4914,1,1.04,NA
TOI-4914,1,1,1.03
TOI-4940,1,1.17513,NA
TOI-4940,1,1.163,1.012
TOI-4961,1,0.969314,NA
TOI-4961,1,0.912,0.912
TOI-4994,1,1.055,1.005
TOI-4994,1,1.11,NA
TOI-500,4,0.75,0.88
TOI-500,4,0.678,0.74
TOI-500,4,0.751825,NA
TOI-500,4,0.678,0.74
TOI-500,4,0.678,0.74
TOI-500,4,0.678,0.74
TOI-5005,1,0.93,0.97
TOI-5005,1,0.97,NA
TOI-5007,1,0.656,0.632
TOI-5007,1,0.66,NA
TOI-5027,1,0.92,1.02
TOI-5027,1,0.96,NA
TOI-5076,1,0.78,0.8
TOI-5076,1,0.85,NA
TOI-5076,1,0.844,0.789
TOI-5082,1,0.93,NA
TOI-5082,1,0.93,0.99665
TOI-5108,1,1.29,1.1
TOI-5108,1,1.32,NA
TOI-5110,1,2.333,1.469
TOI-5110,1,2.38,NA
TOI-512,1,0.882675,NA
TOI-512,1,0.89,0.74
TOI-5126,2,1.24,NA
TOI-5126,2,1.241,1.24
TOI-5126,2,1.24,NA
TOI-5126,2,1.241,1.24
TOI-5143,1,0.852,0.864
TOI-5143,1,0.85412,NA
TOI-5153,1,1.4,1.24
TOI-5153,1,1.38,NA
TOI-5174,1,1.09457,1
TOI-5174,1,1.09457,NA
TOI-5181 A,1,1.66,NA
TOI-5181 A,1,1.53,1.25
TOI-519,1,0.3578,0.372
TOI-519,1,0.35,0.335
TOI-519,1,0.373,0.369
TOI-519,1,0.355309,NA
TOI-5205,1,0.4,NA
TOI-5205,1,0.394,0.392
TOI-5205,1,0.392,0.394
TOI-521,1,0.421,0.42
TOI-521,1,0.420028,NA
TOI-5210,1,1.28,NA
TOI-5210,1,1.209,1.105
TOI-5218,1,0.708,0.739
TOI-5218,1,0.675707,NA
TOI-5232,1,1.785,1.389
TOI-5232,1,1.74,NA
TOI-5238,1,1.02283,1
TOI-5238,1,1.02,NA
TOI-5261,1,1.04,NA
TOI-5261,1,1.021,1.037
TOI-5292 A,1,0.611,0.596
TOI-5292 A,1,0.59,NA
TOI-5293 A,1,0.5,NA
TOI-5293 A,1,0.52,0.54
TOI-5293 A,1,0.479,0.476
TOI-530,1,0.54,0.53
TOI-530,1,0.544769,NA
TOI-530,1,0.54,0.53
TOI-5300,1,0.65,0.67
TOI-5300,1,0.73,NA
TOI-5301,1,2.19,1.483
TOI-5301,1,2.19,1.483
TOI-5301,1,2.31,NA
TOI-5301,1,2.19,1.483
TOI-5319,1,0.48,NA
TOI-5319,1,0.485,0.5
TOI-532,1,0.612,0.639
TOI-532,1,0.623609,NA
TOI-5322,1,1.43,NA
TOI-5322,1,1.462,0.998
TOI-5340,1,1.69,NA
TOI-5340,1,1.842,1.35
TOI-5344,1,0.563,0.59
TOI-5344,1,0.588,0.612
TOI-5344,1,0.58,NA
TOI-5349,1,0.59,NA
TOI-5349,1,0.58,0.61
TOI-5350,1,1.14,NA
TOI-5350,1,1.263,1.167
TOI-5386 A,1,1.245,1.165
TOI-5386 A,1,1.43,NA
TOI-5388,1,0.31,0.28572
TOI-5388,1,0.3,0.292
TOI-5388,1,0.31,NA
TOI-5398,2,1.05,NA
TOI-5398,2,1.051,1.146
TOI-5398,2,1.05318,1.113
TOI-5398,2,1.051,1.146
TOI-5398,2,1.05,NA
TOI-540,1,0.1895,0.159
TOI-540,1,0.1895,0.159
TOI-540,1,0.197117,NA
TOI-5422,1,1.57294,NA
TOI-5422,1,1.474,1.066
TOI-544,2,0.663414,NA
TOI-544,2,0.66,0.85
TOI-544,2,0.623,0.631
TOI-544,2,0.623,0.631
TOI-5489,2,0.42,0.41
TOI-5489,2,0.415961,NA
TOI-5489,2,0.42,0.41
TOI-5489,2,0.415961,NA
TOI-5542,1,1.058,0.89
TOI-5542,1,1.27,NA
TOI-5573,1,0.59,NA
TOI-5573,1,0.594,0.619
TOI-558,1,1.496,1.349
TOI-558,1,1.76095,NA
TOI-559,1,1.233,1.026
TOI-559,1,1.21,NA
TOI-5592,1,1.38,NA
TOI-5592,1,1.393,1.194
TOI-561,4,0.849,0.785
TOI-561,4,0.843,0.806
TOI-561,4,0.832,0.805
TOI-561,4,0.8566,0.7601
TOI-561,4,0.832,0.805
TOI-561,4,0.843,0.806
TOI-561,4,0.84,NA
TOI-561,4,0.832,0.805
TOI-561,4,0.843,0.806
TOI-561,4,0.849,0.785
TOI-561,4,0.849,0.785
TOI-561,4,0.832,0.805
TOI-561,4,0.843,0.806
TOI-561,4,0.840576,NA
TOI-561,4,0.8566,0.7601
TOI-561,4,0.8566,0.7601
TOI-561,4,0.843,0.806
TOI-561,4,0.849,0.785
TOI-561,4,0.832,0.805
TOI-561,4,0.840576,NA
TOI-561,4,0.843,0.806
TOI-561,4,0.832,0.805
TOI-561,4,0.849,0.785
TOI-561,4,0.8566,0.7601
TOI-561,4,0.840576,NA
TOI-561,4,0.843,0.806
TOI-561,4,0.843,0.806
TOI-5616,1,0.646,0.666
TOI-5616,1,0.65,NA
TOI-5634 A,1,0.53,NA
TOI-5634 A,1,0.54,0.556
TOI-564,1,1.088,0.998
TOI-564,1,1.12196,NA
TOI-564,1,1.088,0.998
TOI-5678,1,0.94,NA
TOI-5678,1,0.938,0.905
TOI-5688 A,1,0.57,0.6
TOI-5688 A,1,0.58,NA
TOI-5704,1,0.757521,NA
TOI-5704,1,0.7575,0.73
TOI-5713,1,0.292425,NA
TOI-5713,1,0.2992,0.2653
TOI-5716,1,0.225966,NA
TOI-5716,1,0.22,0.19
TOI-5720,1,0.37103,NA
TOI-5720,1,0.383,0.383
TOI-5726,1,1.106,1.06
TOI-5726,1,1.10649,NA
TOI-5728,1,0.37,0.36
TOI-5728,1,0.375994,NA
TOI-5734,1,0.639,0.724
TOI-5734,1,0.708,0.736
TOI-5734,1,0.693766,NA
TOI-5736,1,0.58,0.57
TOI-5736,1,0.579535,NA
TOI-5786,1,1.33,NA
TOI-5786,1,1.36,1.23
TOI-5788,2,0.86,NA
TOI-5788,2,0.87,0.87
TOI-5788,2,0.86,NA
TOI-5788,2,0.87,0.87
TOI-5789,4,0.833,0.821
TOI-5789,4,0.88,NA
TOI-5789,4,0.833,0.821
TOI-5789,4,0.833,0.821
TOI-5789,4,0.833,0.821
TOI-5795,1,1.05042,NA
TOI-5795,1,1.082,0.901
TOI-5799,2,0.328,0.337
TOI-5799,2,0.343358,NA
TOI-5799,2,0.321,0.325
TOI-5799,2,0.343,0.327
TOI-5799,2,0.321,0.325
TOI-5800,1,0.8,0.79
TOI-5800,1,0.773,0.778
TOI-5800,1,0.817034,NA
TOI-5803,1,0.76,NA
TOI-5803,1,0.7625,0.87
TOI-5817,1,1.38207,NA
TOI-5817,1,1.427,0.97
TOI-5882,1,2.26,1.334
TOI-5882,1,2.334,1.549
TOI-5882,1,2.35,NA
TOI-5916,1,0.49,NA
TOI-5916,1,0.48,0.477
TOI-5938,1,0.712,0.744
TOI-5938,1,0.74,NA
TOI-6000,1,0.38,0.37
TOI-6000,1,0.377509,NA
TOI-6002,1,0.2432,0.2101
TOI-6002,1,0.242121,NA
TOI-6008,1,0.235048,NA
TOI-6008,1,0.242,0.23
TOI-6016,1,1.51,1.31
TOI-6016,1,1.57,NA
TOI-6029,1,2.55,NA
TOI-6029,1,2.338,1.548
TOI-6034,1,0.497905,NA
TOI-6034,1,0.489,0.514
TOI-6038 A,1,1.62,NA
TOI-6038 A,1,1.648,1.291
TOI-6041,2,0.879,0.885
TOI-6041,2,0.85,NA
TOI-6041,2,0.879,0.885
TOI-6054,2,1.61211,NA
TOI-6054,2,1.612,1.15
TOI-6054,2,1.662,1.107
TOI-6054,2,1.61211,NA
TOI-6054,2,1.612,1.15
TOI-6054,2,1.662,1.107
TOI-6086,1,0.259,0.254
TOI-6086,1,0.256456,NA
TOI-6109,2,1.021,1.03
TOI-6109,2,0.95,NA
TOI-6109,2,1.021,1.03
TOI-6109,2,0.95,NA
TOI-6130,1,1.17,NA
TOI-6130,1,1.51,1.31
TOI-615,1,1.732,1.449
TOI-615,1,1.7,NA
TOI-620,1,0.55,0.577
TOI-620,1,0.547453,NA
TOI-622,1,1.415,1.313
TOI-622,1,1.4072,NA
TOI-6223,1,0.6,NA
TOI-6223,1,0.576,0.582
TOI-6255,1,0.369077,NA
TOI-6255,1,0.37,0.353
TOI-628,1,1.38,NA
TOI-628,1,1.345,1.311
TOI-6303,1,0.609,0.644
TOI-6303,1,0.63,NA
TOI-6324,1,0.3,0.27
TOI-6324,1,0.293,0.269
TOI-6324,1,0.3,NA
TOI-6330,1,0.48,NA
TOI-6330,1,0.49,0.531
TOI-6383 A,1,0.46,NA
TOI-6383 A,1,0.457,0.458
TOI-640,1,2.082,1.536
TOI-640,1,2.082,1.536
TOI-640,1,2.082,1.536
TOI-640,1,2.09,NA
TOI-6420,1,1.37,NA
TOI-6420,1,1.312,1.165
TOI-6448,1,0.96,NA
TOI-6448,1,0.897,1.03
TOI-6478,1,0.234,0.23
TOI-6478,1,0.23,NA
TOI-654,1,0.427953,NA
TOI-654,1,0.43,0.531219
TOI-654,1,0.43,0.419
TOI-6628,1,1.01,0.97
TOI-6628,1,1.09,NA
TOI-663,3,0.512361,NA
TOI-663,3,0.512,0.514
TOI-663,3,0.512,0.514
TOI-663,3,0.512361,NA
TOI-663,3,0.512361,NA
TOI-663,3,0.512,0.514
TOI-6651,1,1.8,NA
TOI-6651,1,1.721,1.323
TOI-669,1,0.9882,0.9245
TOI-669,1,0.99,0.9
TOI-669,1,0.99,NA
TOI-6692,1,1.36681,NA
TOI-6692,1,1.385,1.047
TOI-6695,2,1.517,1.338
TOI-6695,2,1.56229,NA
TOI-6695,2,1.517,1.338
TOI-6716,1,0.226654,NA
TOI-6716,1,0.231,0.223
TOI-672,1,0.5441,0.5399
TOI-672,1,0.544068,NA
TOI-672,1,0.54,0.54
TOI-674,1,0.421944,NA
TOI-674,1,0.42,0.42
TOI-674,1,0.42,0.42
TOI-677,1,1.281,1.158
TOI-677,1,1.28,1.181
TOI-677,1,1.28,1.181
TOI-677,1,1.28,1.181
TOI-677,1,1.29,NA
TOI-677,1,1.28,1.181
TOI-682,1,1.08,NA
TOI-682,1,1.08433,0.85
TOI-6894,1,0.2276,0.207
TOI-6894,1,0.222121,NA
TOI-700,4,0.421,0.415
TOI-700,4,0.424,0.415
TOI-700,4,0.419457,NA
TOI-700,4,0.42,0.416
TOI-700,4,0.421,0.415
TOI-700,4,0.419457,NA
TOI-700,4,0.42,0.416
TOI-700,4,0.42,0.416
TOI-700,4,0.424,0.415
TOI-700,4,0.424,0.415
TOI-700,4,0.419457,NA
TOI-700,4,0.421,0.415
TOI-700,4,0.42,0.416
TOI-700,4,0.419457,NA
TOI-700,4,0.421,0.415
TOI-7009,1,0.67,NA
TOI-7009,1,0.564,0.583
TOI-7041,1,4.21059,NA
TOI-7041,1,4.1,1.07
TOI-712,3,0.674,0.732
TOI-712,3,0.72,NA
TOI-712,3,0.674,0.732
TOI-712,3,0.72,NA
TOI-712,3,0.674,0.732
TOI-712,3,0.72,NA
TOI-7149,1,0.351,0.344
TOI-7149,1,0.34,NA
TOI-715,1,0.24,0.225
TOI-715,1,0.229824,NA
TOI-7166,1,0.245,0.221
TOI-7166,1,0.223377,NA
TOI-7166,1,0.222,0.19
TOI-733,1,0.94,NA
TOI-733,1,0.949,0.956
TOI-7384,1,0.319,0.318
TOI-7384,1,0.313932,NA
TOI-7510,3,1.035,1.063
TOI-7510,3,1.079,NA
TOI-7510,3,1.02,1.02
TOI-7510,3,1.02,1.02
TOI-7510,3,1.079,NA
TOI-7510,3,1.035,1.063
TOI-7510,3,1.02,1.02
TOI-7510,3,1.035,1.063
TOI-7510,3,1.079,NA
TOI-756,2,0.505,0.505
TOI-756,2,0.507628,NA
TOI-756,2,0.505,0.505
TOI-757,1,0.78,0.8
TOI-757,1,0.76,NA
TOI-762 A,1,0.425,0.442
TOI-762 A,1,0.426785,NA
TOI-763,2,0.906761,NA
TOI-763,2,0.897,0.917
TOI-763,2,0.897,0.917
TOI-763,2,0.906761,NA
TOI-771,2,0.242,0.22
TOI-771,2,0.241857,NA
TOI-771,2,0.232,0.22
TOI-771,2,0.232,0.22
TOI-776,2,0.547,0.542
TOI-776,2,0.538,0.544
TOI-776,2,0.533024,NA
TOI-776,2,0.538,0.544
TOI-776,2,0.547,0.542
TOI-776,2,0.533024,NA
TOI-776,2,0.538,0.544
TOI-776,2,0.538,0.544
TOI-778,1,1.71,1.4
TOI-778,1,1.68,NA
TOI-782,1,0.413,0.397
TOI-782,1,0.406516,NA
HD 307842,1,0.9,NA
HD 307842,1,0.907,0.91
TOI-813,1,NA,NA
TOI-813,1,1.94,1.32
TOI-813,1,1.94,1.32
TOI-813,1,2.04354,NA
TOI-815,2,0.77,0.776
TOI-815,2,0.76,NA
TOI-815,2,0.76,NA
TOI-815,2,0.77,0.776
TOI-824,1,0.695,0.71
TOI-824,1,0.729635,NA
TOI-824,1,0.695,0.71
TOI-824,1,0.695,0.71
TOI-833,1,0.603336,NA
TOI-833,1,0.6,0.61
TOI-836,2,0.665,0.678
TOI-836,2,0.69,NA
TOI-836,2,0.665,0.678
TOI-836,2,0.69,NA
TOI-836,2,0.691028,0.66
TOI-837,1,1.052,1.142
TOI-837,1,1.022,1.118
TOI-837,1,1.01,NA
TOI-837,1,1.022,1.118
TOI-837,1,1.022,1.118
TOI-837,1,1.036,1.109
TOI-849,1,0.97,0.97
TOI-849,1,0.919,0.929
TOI-849,1,0.92,NA
TOI-858 B,1,1.29747,NA
TOI-858 B,1,1.308,1.081
TOI-871,1,0.732189,NA
TOI-871,1,0.719,0.758
TOI-880,2,0.82,NA
TOI-880,2,0.83,0.87
TOI-880,2,0.83,0.87
TOI-880,2,0.816999,NA
TOI-880,2,0.816999,0.805415
TOI-892,1,1.39,1.28
TOI-892,1,1.35,NA
TOI-892,1,1.39,1.28
TOI-892,1,1.39,1.28
TOI-892,1,1.39,1.28
TOI-904,2,0.527,0.557
TOI-904,2,0.532439,NA
TOI-904,2,0.527,0.557
TOI-904,2,0.532439,NA
TOI-905,1,0.918,0.968
TOI-905,1,0.918,0.968
TOI-905,1,1.00018,NA
TOI-905,1,0.918,0.968
TOI-907,1,2.05979,NA
TOI-907,1,2.059789,1.069357
TOI-908,1,1.028,0.95
TOI-908,1,1.05236,NA
TOI-912,1,0.419,0.418
TOI-912,1,0.426465,NA
TOI-913,1,0.732535,NA
TOI-913,1,0.7325,0.82
TOI-942,2,1.022,0.788
TOI-942,2,0.91,NA
TOI-942,2,0.894,0.822
TOI-942,2,0.893,0.88
TOI-942,2,0.894,0.822
TOI-942,2,0.893,0.88
TOI-942,2,1.022,0.788
TOI-954,1,1.892,1.201
TOI-954,1,1.93,NA
TOI-954,1,1.892,1.201
TOI-969,2,0.671,0.734
TOI-969,2,0.82,NA
TOI-969,2,0.671,0.734
TRAPPIST-1,7,0.114827,NA
TRAPPIST-1,7,0.114827,0.090778
TRAPPIST-1,7,0.117,0.08
TRAPPIST-1,7,0.1192,0.0898
TRAPPIST-1,7,0.1234,0.0898
TRAPPIST-1,7,0.117,0.0802
TRAPPIST-1,7,0.1192,0.0898
TRAPPIST-1,7,NA,0.089
TRAPPIST-1,7,NA,NA
TRAPPIST-1,7,0.117,0.08
TRAPPIST-1,7,0.114827,0.090778
TRAPPIST-1,7,0.1192,0.0898
TRAPPIST-1,7,NA,0.089
TRAPPIST-1,7,0.1192,0.0898
TRAPPIST-1,7,0.117,0.0802
TRAPPIST-1,7,0.1234,0.0898
TRAPPIST-1,7,0.1234,0.0898
TRAPPIST-1,7,0.1192,0.0898
TRAPPIST-1,7,NA,0.089
TRAPPIST-1,7,0.1192,0.0898
TRAPPIST-1,7,0.117,0.0802
TRAPPIST-1,7,0.1192,0.0898
TRAPPIST-1,7,NA,NA
TRAPPIST-1,7,0.1234,0.0898
TRAPPIST-1,7,0.117,0.0802
TRAPPIST-1,7,NA,0.089
TRAPPIST-1,7,0.1192,0.0898
TRAPPIST-1,7,0.117,0.0802
TRAPPIST-1,7,NA,0.089
TRAPPIST-1,7,NA,NA
TRAPPIST-1,7,0.1234,0.0898
TRAPPIST-1,7,0.117,0.0802
TRAPPIST-1,7,NA,0.089
TRAPPIST-1,7,0.1234,0.0898
TRAPPIST-1,7,0.1192,0.0898
TRAPPIST-1,7,0.117,0.0802
TRAPPIST-1,7,0.1192,0.0898
TRAPPIST-1,7,0.114827,0.090778
TRAPPIST-1,7,0.1234,0.0898
TRAPPIST-1,7,NA,0.089
TYC 0434-04538-1,1,9.99,1.04
TYC 1422-614-1,2,6.85,1.15
TYC 1422-614-1,2,6.85,1.15
TYC 2187-512-1,1,0.495,0.498
TYC 3318-01333-1,1,5.9,1.19
TYC 3667-1280-1,1,6.26,1.87
TYC 4282-00605-1,1,16.21,0.97
TYC 8998-760-1,2,NA,1
TYC 8998-760-1,2,NA,NA
TYC 8998-760-1,2,NA,1
TYC 8998-760-1,2,NA,NA
Teegarden's Star,3,0.12,0.097
Teegarden's Star,3,0.107,0.089
Teegarden's Star,3,0.12,0.097
Teegarden's Star,3,0.107,0.089
Teegarden's Star,3,0.12,0.097
TrES-1,1,0.857369,0.896
TrES-1,1,0.818,0.892
TrES-1,1,0.857369,0.896
TrES-1,1,0.85,1.04
TrES-1,1,0.85,0.88
TrES-1,1,0.82,0.87
TrES-1,1,0.807,0.878
TrES-1,1,0.807,0.878
TrES-1,1,0.857369,NA
TrES-1,1,0.807,0.878
TrES-1,1,0.811,0.89
TrES-1,1,NA,NA
TrES-1,1,0.807,0.878
TrES-1,1,0.857369,0.896
TrES-2,1,0.97,0.99
TrES-2,1,1,1.08
TrES-2,1,0.95,0.94
TrES-2,1,1.01613,1.057
TrES-2,1,1.01613,1.057
TrES-2,1,0.963,NA
TrES-2,1,1.12,1.36
TrES-2,1,0.94,0.98
TrES-2,1,1.002,1.049
TrES-2,1,0.95,0.94
TrES-2,1,0.95,0.94
TrES-2,1,0.964,0.971
TrES-2,1,1.045,0.991
TrES-2,1,NA,NA
TrES-2,1,0.964,0.991
TrES-2,1,0.95,0.94
TrES-2,1,1.049,NA
TrES-2,1,1,0.98
TrES-2,1,1.06,0.995
TrES-2,1,1.01613,1.057
TrES-2,1,1,0.98
TrES-2,1,0.952,0.99
TrES-2,1,1.003,0.98
TrES-2,1,1.003,0.983
TrES-2,1,1.01613,1.057
TrES-2,1,1,0.98
TrES-2,1,1.01613,1.057
TrES-2,1,NA,NA
TrES-2,1,1.003,0.983
TrES-2,1,1.01613,NA
TrES-2,1,1.003,0.983
TrES-2,1,1.003,0.983
TrES-2,1,NA,0.94
TrES-2,1,1.002,1.049
TrES-3,1,0.829,0.928
TrES-3,1,NA,NA
TrES-3,1,0.812,0.915
TrES-3,1,0.8235,0.921
TrES-3,1,0.820181,NA
TrES-3,1,NA,NA
TrES-3,1,0.802,0.9
TrES-3,1,0.817,0.928
TrES-3,1,0.812,0.915
TrES-3,1,NA,NA
TrES-3,1,0.818,0.929
TrES-3,1,NA,0.928
TrES-3,1,0.829,0.928
TrES-3,1,0.820181,0.962
TrES-3,1,0.829,0.928
TrES-3,1,NA,NA
TrES-3,1,0.812,0.915
TrES-4,1,1.81,1.45
TrES-4,1,1.92,1.292
TrES-4,1,1.816,1.394
TrES-4,1,1.834,1.339
TrES-4,1,1.81,1.45
TrES-4,1,NA,NA
TrES-4,1,1.66,1.08
TrES-4,1,NA,1.339
TrES-4,1,2.00852,1.18
TrES-4,1,2.00852,NA
TrES-4,1,1.816,1.394
TrES-4,1,1.846,1.404
TrES-4,1,1.816,1.394
TrES-4,1,1.846,1.404
TrES-4,1,NA,NA
TrES-4,1,1.81,1.45
TrES-5,1,0.868,0.901
TrES-5,1,0.866,0.893
TrES-5,1,0.851,NA
TrES-5,1,0.866,0.893
TrES-5,1,NA,NA
TrES-5,1,0.866,0.893
TrES-5,1,NA,NA
TrES-5,1,0.866,0.893
TrES-5,1,0.91,NA
UCAC3 113-933,1,NA,0.61
UCAC4 328-061594,1,NA,1.19
UKIRT-2017-BLG-001L,1,NA,0.81
USco CTIO 108,1,NA,0.06
USco1556 A,1,NA,0.33
USco1621 A,1,NA,0.36
UZ For,2,NA,0.7
UZ For,2,NA,0.7
V0391 Peg,1,0.23,0.5
V1298 Tau,4,1.407,1.135
V1298 Tau,4,1.32,1.1
V1298 Tau,4,1.314,1.099
V1298 Tau,4,1.278,1.17
V1298 Tau,4,1.345,1.101
V1298 Tau,4,1.33,1.095
V1298 Tau,4,1.345,1.101
V1298 Tau,4,1.32,1.1
V1298 Tau,4,1.33,1.095
V1298 Tau,4,1.278,1.17
V1298 Tau,4,NA,NA
V1298 Tau,4,1.32,1.1
V1298 Tau,4,1.33,1.095
V1298 Tau,4,1.278,1.17
V1298 Tau,4,1.345,1.101
V1298 Tau,4,1.345,1.101
V1298 Tau,4,1.43,1.26
V1298 Tau,4,1.33,1.095
V1298 Tau,4,1.278,1.17
V1298 Tau,4,1.32,1.1
V2376 Ori,1,NA,0.45
V830 Tau,1,2,1
V830 Tau,1,2,1
VHS J125601.92-125723.9,1,NA,NA
VHS J125601.92-125723.9,1,NA,NA
VHS J125601.92-125723.9,1,NA,0.055
VHS J125601.92-125723.9,1,NA,0.07
VHS J125601.92-125723.9,1,NA,0.055
VHS J125601.92-125723.9,1,NA,NA
WASP-1,1,1.24,1.15
WASP-1,1,1.455,1.243
WASP-1,1,1.47,1.24
WASP-1,1,1.517,1.301
WASP-1,1,NA,NA
WASP-1,1,NA,NA
WASP-1,1,1.517,1.301
WASP-1,1,1.517,1.301
WASP-1,1,NA,1.27
WASP-1,1,NA,NA
WASP-1,1,1.517,1.301
WASP-1,1,1.56419,NA
WASP-1,1,1.465,1.265
WASP-10,1,NA,NA
WASP-10,1,NA,0.75
WASP-10,1,0.775,0.703
WASP-10,1,NA,NA
WASP-10,1,0.775,0.703
WASP-10,1,0.703,0.752
WASP-10,1,0.698,0.75
WASP-10,1,0.775,0.703
WASP-10,1,NA,NA
WASP-10,1,0.750341,NA
WASP-10,1,0.703,0.752
WASP-100,1,NA,1.57
WASP-100,1,1.77,NA
WASP-100,1,2,1.57
WASP-100,1,1.77457,1.44
WASP-100,1,1.57,0.77
WASP-100,1,NA,1.57
WASP-100,1,NA,NA
WASP-100,1,NA,1.57
WASP-100,1,2,1.57
WASP-101,1,NA,NA
WASP-101,1,NA,NA
WASP-101,1,1.29,1.34
WASP-101,1,1.31,1.41
WASP-101,1,1.29,1.34
WASP-101,1,1.34556,NA
WASP-101,1,1.29,1.34
WASP-101,1,1.31,1.41
WASP-101,1,1.29,1.34
WASP-102,1,1.47,NA
WASP-102,1,1.375,1.08
WASP-103,1,NA,NA
WASP-103,1,1.436,1.22
WASP-103,1,1.716,1.204
WASP-103,1,1.419,1.204
WASP-103,1,1.436,1.22
WASP-103,1,1.413,1.205
WASP-103,1,1.436,1.22
WASP-103,1,1.436,1.22
WASP-103,1,1.436,1.22
WASP-104,1,0.963,1.076
WASP-104,1,0.963,1.076
WASP-104,1,0.963,1.076
WASP-104,1,0.963,1.076
WASP-104,1,NA,NA
WASP-104,1,0.965222,NA
WASP-104,1,NA,NA
WASP-105,1,NA,NA
WASP-105,1,0.9,0.89
WASP-105,1,0.9,0.89
WASP-105,1,1.26,NA
WASP-105,1,0.9,0.89
WASP-106,1,1.393,1.192
WASP-106,1,1.41549,NA
WASP-106,1,1.393,1.192
WASP-106,1,1.31,0.93
WASP-106,1,1.42,1.26
WASP-106,1,NA,NA
WASP-106,1,1.393,1.192
WASP-106,1,1.42,1.26
WASP-106,1,1.47,1.175
WASP-106,1,1.31,0.93
WASP-107,2,NA,NA
WASP-107,2,0.67,NA
WASP-107,2,NA,NA
WASP-107,2,0.73,NA
WASP-107,2,0.657,0.691
WASP-107,2,0.66,0.69
WASP-107,2,0.66,0.69
WASP-107,2,0.67,0.683
WASP-107,2,0.66,0.69
WASP-107,2,NA,NA
WASP-107,2,0.67,NA
WASP-107,2,0.66,0.69
WASP-107,2,NA,NA
WASP-107,2,NA,NA
WASP-107,2,0.67,0.683
WASP-107,2,0.67,NA
WASP-107,2,0.67,NA
WASP-108,1,NA,NA
WASP-108,1,1.215,1.167
WASP-108,1,1.34415,NA
WASP-11,1,0.74,0.77
WASP-11,1,0.79,0.83
WASP-11,1,0.82064,NA
WASP-11,1,0.772,0.806
WASP-11,1,NA,NA
WASP-11,1,0.74,0.77
WASP-11,1,0.772,0.806
WASP-11,1,NA,NA
WASP-11,1,0.74,0.77
WASP-11,1,NA,0.83
WASP-11,1,0.89,1.42
WASP-110,1,0.863922,NA
WASP-110,1,0.853,0.814
WASP-110,1,NA,NA
WASP-110,1,NA,NA
WASP-113,1,NA,NA
WASP-113,1,1.608,1.318
WASP-113,1,NA,NA
WASP-113,1,1.608,1.318
WASP-113,1,1.73,NA
WASP-113,1,1.608,1.318
WASP-113,1,1.608,1.318
WASP-114,1,1.43,1.289
WASP-114,1,1.43,1.289
WASP-114,1,NA,NA
WASP-114,1,1.43,1.289
WASP-114,1,1.41021,NA
WASP-114,1,NA,NA
WASP-116,1,1.58,NA
WASP-116,1,1.426,1.25
WASP-117,1,1.17,1.129
WASP-117,1,1.22,1.29
WASP-117,1,1.17,1.126
WASP-117,1,1.27527,1.1
WASP-117,1,NA,NA
WASP-117,1,1.27527,NA
WASP-117,1,1.17,1.129
WASP-117,1,1.22,1.29
WASP-118,1,1.696,1.32
WASP-118,1,1.696,1.32
WASP-118,1,NA,NA
WASP-118,1,1.38,NA
WASP-118,1,1.696,1.32
WASP-118,1,1.81,NA
WASP-118,1,1.754,1.319
WASP-119,1,1.13732,NA
WASP-119,1,NA,NA
WASP-119,1,1.2,1.02
WASP-119,1,1.2,1.02
WASP-119,1,1.13732,1
WASP-119,1,1.2,1.02
WASP-119,1,1.2,1.02
WASP-12,1,NA,NA
WASP-12,1,NA,NA
WASP-12,1,1.57,1.35
WASP-12,1,1.57,1.35
WASP-12,1,1.657,1.434
WASP-12,1,1.59,1.2
WASP-12,1,1.657,1.434
WASP-12,1,1.74942,1.17
WASP-12,1,NA,NA
WASP-12,1,NA,1.38
WASP-12,1,NA,NA
WASP-12,1,1.57,1.35
WASP-12,1,1.69,1.325
WASP-12,1,1.619,1.38
WASP-12,1,1.57,1.35
WASP-12,1,1.74942,NA
WASP-12,1,1.619,1.38
WASP-12,1,1.74942,1.17
WASP-12,1,1.74942,1.17
WASP-120,1,NA,NA
WASP-120,1,1.68443,NA
WASP-120,1,NA,NA
WASP-120,1,1.87,1.393
WASP-120,1,1.87,1.393
WASP-120,1,1.87,1.393
WASP-121,1,1.458,1.353
WASP-121,1,1.458,1.358
WASP-121,1,NA,NA
WASP-121,1,1.52253,1.45
WASP-121,1,1.458,1.353
WASP-121,1,1.52,NA
WASP-121,1,1.458,1.353
WASP-121,1,NA,NA
WASP-121,1,1.458,NA
WASP-121,1,1.458,1.353
WASP-121,1,1.461,1.33
WASP-123,1,1.285,1.166
WASP-123,1,NA,NA
WASP-123,1,1.285,1.166
WASP-123,1,1.22,NA
WASP-123,1,NA,NA
WASP-124,1,1.02,NA
WASP-124,1,1.02,1.07
WASP-124,1,NA,NA
WASP-124,1,NA,NA
WASP-124,1,1.074,1.157
WASP-124,1,1.02,1.07
WASP-124,1,1.02,1.07
WASP-124,1,1.02,1.07
WASP-126,2,NA,NA
WASP-126,2,1.27,1.12
WASP-126,2,1.27,1.12
WASP-126,2,1.24175,NA
WASP-126,2,1.27,1.12
WASP-126,2,1.24175,1.01
WASP-126,2,1.27,1.12
WASP-126,2,1.27,1.12
WASP-127,1,1.34736,1.05
WASP-127,1,NA,NA
WASP-127,1,NA,NA
WASP-127,1,1.39,1.08
WASP-127,1,1.333,0.95
WASP-127,1,1.34736,NA
WASP-127,1,1.39,1.08
WASP-127,1,1.39,1.08
WASP-129,1,0.9,1
WASP-129,1,0.9,1
WASP-129,1,1.12783,NA
WASP-129,1,NA,NA
WASP-13,1,NA,NA
WASP-13,1,1.37,0.72
WASP-13,1,1.37,0.72
WASP-13,1,NA,1.187
WASP-13,1,1.559,1.09
WASP-13,1,NA,NA
WASP-13,1,1.59,NA
WASP-13,1,1.657,1.22
WASP-13,1,1.657,1.22
WASP-130,1,0.96,1.04
WASP-130,1,1.02,1.06
WASP-130,1,1.06,NA
WASP-130,1,NA,NA
WASP-130,1,0.96,1.04
WASP-130,1,0.96,1.04
WASP-131,1,1.53,1.06
WASP-131,1,1.95757,NA
WASP-131,1,NA,NA
WASP-131,1,1.561,1.06
WASP-131,1,1.53,1.06
WASP-131,1,1.53,1.06
WASP-132,3,0.74,0.8
WASP-132,3,0.74,0.8
WASP-132,3,0.789877,NA
WASP-132,3,0.758,0.789
WASP-132,3,0.753,0.782
WASP-132,3,0.74,0.8
WASP-132,3,NA,NA
WASP-132,3,0.74,0.8
WASP-132,3,0.758,0.789
WASP-132,3,0.753,0.782
WASP-132,3,0.789877,NA
WASP-132,3,0.758,0.789
WASP-133,1,1.56233,NA
WASP-133,1,1.44,1.16
WASP-133,1,1.44,1.16
WASP-133,1,1.44,1.16
WASP-135,1,0.96,0.98
WASP-135,1,0.96,0.98
WASP-135,1,0.96,0.98
WASP-135,1,NA,NA
WASP-135,1,0.934977,NA
WASP-135,1,0.96,0.98
WASP-136,1,2.21,1.41
WASP-136,1,2.2,1.41
WASP-136,1,NA,NA
WASP-136,1,2.39014,NA
WASP-136,1,2.21,1.41
WASP-136,1,NA,NA
WASP-136,1,2.21,1.41
WASP-138,1,1.42,NA
WASP-138,1,1.36,1.22
WASP-138,1,1.36,1.22
WASP-138,1,1.36,1.22
WASP-138,1,NA,NA
WASP-139,1,0.846671,NA
WASP-139,1,0.8,0.92
WASP-139,1,NA,NA
WASP-139,1,0.8,0.92
WASP-14,1,1.306,1.211
WASP-14,1,1.306,1.21
WASP-14,1,1.318,1.3
WASP-14,1,NA,NA
WASP-14,1,1.306,1.211
WASP-14,1,NA,NA
WASP-14,1,NA,NA
WASP-14,1,1.306,1.211
WASP-14,1,1.33,NA
WASP-14,1,NA,1.35
WASP-14,1,1.4,1.62
WASP-14,1,1.666,1.35
WASP-140,1,0.844379,NA
WASP-140,1,NA,NA
WASP-140,1,0.87,0.9
WASP-140,1,NA,NA
WASP-140,1,0.87,0.9
WASP-140,1,0.87,0.9
WASP-141,1,1.35143,NA
WASP-141,1,1.37,1.25
WASP-141,1,1.37,1.25
WASP-141,1,NA,NA
WASP-141,1,1.37,1.25
WASP-142,1,1.64,1.33
WASP-142,1,1.64,1.33
WASP-142,1,1.64,1.33
WASP-142,1,NA,NA
WASP-142,1,1.7094800000000001,NA
WASP-144,1,0.81,0.81
WASP-144,1,1.21163,NA
WASP-144,1,NA,NA
WASP-144,1,0.81,0.81
WASP-144,1,0.81,0.81
WASP-145 A,1,0.68,0.76
WASP-145 A,1,0.701795,NA
WASP-145 A,1,NA,NA
WASP-145 A,1,0.68,0.76
WASP-147,1,1.429,1.044
WASP-147,1,1.429,1.044
WASP-147,1,NA,NA
WASP-147,1,1.3409,NA
WASP-148,2,NA,NA
WASP-148,2,1.03,1
WASP-148,2,1.03,1
WASP-148,2,0.905,0.97
WASP-148,2,0.94,NA
WASP-148,2,0.912,0.954
WASP-148,2,0.912,0.954
WASP-148,2,0.905,0.97
WASP-148,2,1.03,1
WASP-149,1,1.08,1.05
WASP-149,1,1.06702,NA
WASP-15,1,1.48,NA
WASP-15,1,1.48,1.18
WASP-15,1,1.477,1.18
WASP-15,1,NA,NA
WASP-15,1,1.477,1.18
WASP-15,1,1.44,1.18
WASP-15,1,1.477,1.18
WASP-15,1,1.477,1.18
WASP-15,1,1.48,1.18
WASP-15,1,NA,1.305
WASP-15,1,1.522,1.305
WASP-150,1,1.651,1.394
WASP-150,1,1.651,1.394
WASP-150,1,1.63591,NA
WASP-151,1,1.14,1.077
WASP-151,1,1.14,1.077
WASP-151,1,NA,NA
WASP-151,1,1.1971,NA
WASP-151,1,1.181,1.081
WASP-153,1,1.73,1.336
WASP-153,1,1.73,1.336
WASP-153,1,1.69483,NA
WASP-153,1,1.73,1.336
WASP-153,1,NA,NA
WASP-153,1,1.73,1.336
WASP-154,1,0.82,NA
WASP-154,1,0.823,0.8
WASP-155,1,1.22,NA
WASP-155,1,1.24,1.09
WASP-156,1,0.8268,0.8712
WASP-156,1,0.76,0.842
WASP-156,1,0.84738,NA
WASP-156,1,0.76,0.842
WASP-156,1,NA,NA
WASP-156,1,0.76,0.842
WASP-156,1,0.76,0.842
WASP-157,1,1.134,1.26
WASP-157,1,1.2,NA
WASP-157,1,1.134,1.26
WASP-157,1,1.13,NA
WASP-157,1,1.040024,1.067878
WASP-157,1,1.10289,1.029
WASP-157,1,1.10289,1.029
WASP-157,1,1.134,1.26
WASP-157,1,1.1,1.06
WASP-158,1,1.39,1.38
WASP-158,1,1.53,NA
WASP-158,1,1.39,1.38
WASP-159,1,2.11,1.41
WASP-159,1,2.11,1.41
WASP-159,1,2.11,1.41
WASP-159,1,2.04,NA
WASP-159,1,NA,NA
WASP-16,1,NA,NA
WASP-16,1,0.946,1.022
WASP-16,1,0.946,1.022
WASP-16,1,1.14,1.78
WASP-16,1,0.946,1.022
WASP-16,1,0.95,NA
WASP-16,1,NA,0.98
WASP-16,1,1.14,1.78
WASP-16,1,0.946,1.022
WASP-16,1,NA,NA
WASP-16,1,1.087,0.98
WASP-160 B,1,0.87,NA
WASP-160 B,1,NA,NA
WASP-160 B,1,0.868,0.87
WASP-160 B,1,0.868,0.87
WASP-161,1,1.712,1.39
WASP-161,1,1.59,NA
WASP-161,1,NA,NA
WASP-161,1,1.712,1.39
WASP-161,1,1.712,1.39
WASP-162,1,1.2,NA
WASP-162,1,1.11,0.95
WASP-162,1,NA,NA
WASP-162,1,1.11,0.95
WASP-163,1,1.015,0.97
WASP-163,1,1.14583,NA
WASP-164,1,0.932,0.946
WASP-164,1,0.932,0.946
WASP-164,1,0.932,0.946
WASP-164,1,0.97906,NA
WASP-164,1,NA,NA
WASP-165,1,NA,NA
WASP-165,1,1.77738,NA
WASP-165,1,1.75,1.248
WASP-165,1,1.75,1.248
WASP-166,1,1.22,NA
WASP-166,1,1.22,1.19
WASP-166,1,1.22,1.19
WASP-166,1,1.25,NA
WASP-166,1,1.22,1.19
WASP-167,1,1.79,1.59
WASP-167,1,NA,NA
WASP-167,1,1.79,1.59
WASP-167,1,1.79,1.59
WASP-167,1,1.79,1.59
WASP-167,1,1.94,NA
WASP-168,1,1.12,1.08
WASP-168,1,1.12,1.08
WASP-168,1,1.09,NA
WASP-168,1,NA,NA
WASP-169,1,2.011,1.337
WASP-169,1,NA,NA
WASP-169,1,2.011,1.337
WASP-169,1,2.011,1.337
WASP-169,1,2.21327,NA
WASP-17,1,1.49,2.28
WASP-17,1,1.572,1.306
WASP-17,1,NA,1.286
WASP-17,1,1.57323,1.354
WASP-17,1,1.57323,1.354
WASP-17,1,1.57,NA
WASP-17,1,1.38,1.2
WASP-17,1,1.583,1.286
WASP-17,1,1.572,1.306
WASP-17,1,1.57323,1.354
WASP-17,1,NA,NA
WASP-17,1,1.38,1.2
WASP-17,1,1.49,2.28
WASP-17,1,1.579,1.2
WASP-17,1,NA,NA
WASP-17,1,1.572,1.306
WASP-170,1,0.938,0.93
WASP-170,1,NA,NA
WASP-170,1,1.04,NA
WASP-170,1,0.938,0.93
WASP-171,1,1.637,1.171
WASP-171,1,NA,NA
WASP-171,1,2.03,NA
WASP-172,1,2.09,NA
WASP-172,1,1.91,1.49
WASP-172,1,NA,NA
WASP-172,1,1.91,1.49
WASP-172,1,1.91,1.49
WASP-173 A,1,NA,NA
WASP-173 A,1,1.11,1.05
WASP-173 A,1,1.11,1.05
WASP-173 A,1,1.07661,NA
WASP-173 A,1,1.099,1.092
WASP-173 A,1,1.11,1.05
WASP-174,1,1.46,NA
WASP-174,1,1.347,1.24
WASP-174,1,NA,NA
WASP-174,1,1.31,1.3
WASP-174,1,1.31,1.3
WASP-175,1,1.204,1.212
WASP-175,1,1.204,1.212
WASP-175,1,1.22,NA
WASP-175,1,NA,NA
WASP-176,1,1.86222,NA
WASP-176,1,1.925,1.345
WASP-177,1,NA,NA
WASP-177,1,0.885,0.876
WASP-177,1,0.848394,NA
WASP-177,1,0.885,0.876
WASP-178,1,1.76,NA
WASP-178,1,1.67,2.07
WASP-178,1,NA,NA
WASP-178,1,1.801,1.93
WASP-18,2,1.23,1.22
WASP-18,2,1.26,1.46
WASP-18,2,1.216,1.25
WASP-18,2,1.319,1.294
WASP-18,2,NA,NA
WASP-18,2,1.228,1.274
WASP-18,2,1.34658,1.2
WASP-18,2,NA,NA
WASP-18,2,NA,NA
WASP-18,2,1.222,1.256
WASP-18,2,NA,NA
WASP-18,2,1.23,1.281
WASP-18,2,1.29,1.46
WASP-18,2,NA,1.28
WASP-18,2,1.36,1.24
WASP-18,2,1.35,NA
WASP-18,2,NA,NA
WASP-18,2,1.23,1.22
WASP-180 A,1,1.19,1.3
WASP-180 A,1,1.21069,NA
WASP-180 A,1,1.19,1.3
WASP-180 A,1,NA,NA
WASP-181,1,NA,NA
WASP-181,1,0.965,1.04
WASP-181,1,1.0321,NA
WASP-181,1,0.965,1.04
WASP-182,1,1.34,1.076
WASP-182,1,1.34,1.076
WASP-182,1,NA,NA
WASP-182,1,1.28017,NA
WASP-183,1,NA,NA
WASP-183,1,0.916164,NA
WASP-183,1,0.871,0.784
WASP-183,1,0.871,0.784
WASP-184,1,NA,NA
WASP-184,1,1.65,1.23
WASP-184,1,1.65,NA
WASP-185,1,1.5,1.12
WASP-185,1,1.76693,NA
WASP-186,1,1.47,1.22
WASP-186,1,NA,NA
WASP-186,1,1.47828,NA
WASP-186,1,1.46,1.21
WASP-186,1,1.47,1.22
WASP-187,1,NA,NA
WASP-187,1,2.9,NA
WASP-187,1,2.83,1.54
WASP-188,1,1.73,NA
WASP-188,1,1.83,1.5
WASP-189,1,2.363,2.073
WASP-189,1,NA,NA
WASP-189,1,2.36,2.03
WASP-19,1,0.99,0.97
WASP-19,1,NA,NA
WASP-19,1,1.02805,0.97
WASP-19,1,1.004,0.904
WASP-19,1,1.006,0.965
WASP-19,1,1.018,0.935
WASP-19,1,1.02805,0.97
WASP-19,1,0.994,0.968
WASP-19,1,1.004,0.904
WASP-19,1,0.94,0.96
WASP-19,1,NA,NA
WASP-19,1,1.02805,0.97
WASP-19,1,NA,0.935
WASP-19,1,1.004,0.904
WASP-19,1,1.02805,NA
WASP-19,1,NA,NA
WASP-19,1,NA,NA
WASP-190,1,1.6,1.35
WASP-190,1,NA,NA
WASP-190,1,1.6,1.35
WASP-190,1,1.6,1.35
WASP-190,1,1.72,NA
WASP-192,1,NA,NA
WASP-192,1,1.32,1.09
WASP-192,1,1.35,NA
WASP-192,1,1.32,1.09
WASP-193,1,1.14172,NA
WASP-193,1,1.213,1.018
WASP-193,1,1.239,1.059
WASP-194,1,1.409,1.29
WASP-194,1,1.39,NA
WASP-195,1,1.55,NA
WASP-195,1,1.578,1.3
WASP-197,1,2.0792,NA
WASP-197,1,2.112,1.36
WASP-2,1,0.85467,NA
WASP-2,1,0.84,0.89
WASP-2,1,0.843,0.89
WASP-2,1,0.825,0.84
WASP-2,1,0.823,0.851
WASP-2,1,0.813,0.79
WASP-2,1,NA,NA
WASP-2,1,NA,0.85
WASP-2,1,0.866,0.895
WASP-2,1,0.807,0.803
WASP-2,1,0.84,0.89
WASP-2,1,0.78,0.79
WASP-2,1,0.85467,0.869
WASP-2,1,0.807,0.803
WASP-2,1,0.84,0.89
WASP-2,1,0.84,0.89
WASP-20,1,1.142,1.089
WASP-20,1,1.392,1.2
WASP-20,1,1.5,NA
WASP-20,1,1.392,1.2
WASP-20,1,1.392,1.2
WASP-20,1,NA,NA
WASP-20,1,1.392,1.2
WASP-20,1,1.242,NA
WASP-21,1,NA,NA
WASP-21,1,1.06,1.01
WASP-21,1,1.34757,1.08
WASP-21,1,NA,NA
WASP-21,1,1.136,0.89
WASP-21,1,NA,NA
WASP-21,1,NA,NA
WASP-21,1,1.136,0.89
WASP-21,1,1.186,0.98
WASP-21,1,1.34757,1.08
WASP-21,1,1.34757,NA
WASP-22,1,1.25,NA
WASP-22,1,1.13,1.1
WASP-22,1,1.255,1.249
WASP-22,1,1.13,1.1
WASP-22,1,1.24,1.46
WASP-22,1,NA,1.109
WASP-22,1,1.219,1.109
WASP-22,1,1.24,1.46
WASP-22,1,NA,NA
WASP-22,1,1.219,1.109
WASP-23,1,0.765,0.78
WASP-23,1,NA,NA
WASP-23,1,0.88727,NA
WASP-23,1,0.765,0.78
WASP-23,1,0.765,0.78
WASP-23,1,0.765,0.78
WASP-24,1,1.317,1.168
WASP-24,1,1.35,NA
WASP-24,1,1.331,1.184
WASP-24,1,NA,1.184
WASP-24,1,NA,NA
WASP-24,1,1.331,1.184
WASP-24,1,1.42,1.43
WASP-24,1,1.331,1.184
WASP-24,1,1.331,1.15
WASP-24,1,NA,NA
WASP-25,1,NA,NA
WASP-25,1,0.884,0.962
WASP-25,1,0.92,NA
WASP-25,1,0.92,1
WASP-25,1,0.92,1
WASP-25,1,0.8,0.67
WASP-25,1,NA,NA
WASP-25,1,0.924,1.053
WASP-25,1,0.92,1
WASP-25,1,0.92,1
WASP-25,1,0.92,1
WASP-25,1,0.8,0.67
WASP-26,1,1.22,0.86
WASP-26,1,1.303,1.111
WASP-26,1,NA,NA
WASP-26,1,1.34,1.12
WASP-26,1,1.34,1.12
WASP-26,1,1.28427,NA
WASP-26,1,1.284,1.095
WASP-26,1,1.34,1.12
WASP-26,1,NA,NA
WASP-26,1,NA,NA
WASP-26,1,1.34,1.12
WASP-28,1,1.094,1.021
WASP-28,1,1.11,NA
WASP-28,1,NA,NA
WASP-28,1,1.094,1.021
WASP-28,1,1.094,1.021
WASP-28,1,1.083,0.993
WASP-28,1,1.083,NA
WASP-28,1,1.094,1.021
WASP-28,1,1.123,1.011
WASP-29,1,NA,NA
WASP-29,1,0.79,0.77
WASP-29,1,0.808,0.825
WASP-29,1,0.808,0.825
WASP-29,1,0.64,NA
WASP-29,1,0.808,0.825
WASP-29,1,0.808,0.825
WASP-29,1,0.808,NA
WASP-29,1,0.79,0.77
WASP-3,1,NA,1.2
WASP-3,1,1.36,1.23
WASP-3,1,1.31,1.24
WASP-3,1,1.31,1.24
WASP-3,1,1.366,1.26
WASP-3,1,1.354,1.24
WASP-3,1,1.31,1.24
WASP-3,1,1.366,1.26
WASP-3,1,1.377,1.26
WASP-3,1,NA,NA
WASP-3,1,1.44,1.62
WASP-3,1,1.36116,1.261
WASP-3,1,1.36,NA
WASP-31,1,1.252,1.163
WASP-31,1,1.252,1.163
WASP-31,1,1.26867,1.2
WASP-31,1,1.252,1.163
WASP-31,1,NA,NA
WASP-31,1,1.26867,NA
WASP-31,1,1.252,1.163
WASP-31,1,1.26867,1.2
WASP-31,1,1.241,1.161
WASP-31,1,1.252,1.165
WASP-32,1,1.11,1.1
WASP-32,1,1.11,1.1
WASP-32,1,1.03,NA
WASP-32,1,1.11,1.1
WASP-32,1,NA,1.1
WASP-32,1,0.95,0.72
WASP-32,1,NA,NA
WASP-32,1,1.09,1.07
WASP-33,1,NA,NA
WASP-33,1,1.444,1.495
WASP-33,1,1.60242,1.653
WASP-33,1,NA,NA
WASP-33,1,1.444,1.495
WASP-33,1,1.55,1.85
WASP-33,1,1.60242,NA
WASP-33,1,1.5,NA
WASP-33,1,NA,NA
WASP-33,1,1.60242,1.653
WASP-33,1,1.60242,1.653
WASP-34,1,NA,NA
WASP-34,1,0.93,1.01
WASP-34,1,0.93,1.01
WASP-34,1,1.11,NA
WASP-34,1,0.93,1.01
WASP-34,1,NA,1.01
WASP-34,1,0.91,0.96
WASP-35,1,1.09,1.07
WASP-35,1,1.09,1.07
WASP-35,1,1.09774,NA
WASP-35,1,1.08,1.05
WASP-35,1,NA,NA
WASP-35,1,1.09,1.07
WASP-35,1,1.08,1.05
WASP-35,1,1.09,1.07
WASP-36,1,0.96,NA
WASP-36,1,0.985,1.081
WASP-36,1,0.959588,NA
WASP-36,1,NA,NA
WASP-36,1,0.951,1.04
WASP-36,1,NA,NA
WASP-36,1,0.951,1.04
WASP-36,1,0.951,1.04
WASP-36,1,0.951,1.04
WASP-37,1,NA,NA
WASP-37,1,1.003,0.93
WASP-37,1,1.003,0.925
WASP-37,1,1.003,0.925
WASP-37,1,1.06358,NA
WASP-37,1,1.06358,1.056
WASP-37,1,1.003,0.925
WASP-38,1,NA,NA
WASP-38,1,1.331,1.203
WASP-38,1,NA,NA
WASP-38,1,1.35,1.23
WASP-38,1,1.35,1.28
WASP-38,1,1.35,1.23
WASP-38,1,1.52,1.76
WASP-38,1,1.331,1.203
WASP-38,1,NA,1.23
WASP-39,1,NA,NA
WASP-39,1,1.01342,0.918
WASP-39,1,0.918,NA
WASP-39,1,0.939,0.913
WASP-39,1,0.895,0.93
WASP-39,1,0.895,0.93
WASP-39,1,1.01342,0.918
WASP-39,1,1.01342,0.918
WASP-39,1,NA,NA
WASP-39,1,1.01342,0.918
WASP-39,1,1.01342,0.918
WASP-39,1,0.895,0.93
WASP-39,1,1.01342,NA
WASP-4,1,0.894974,0.97
WASP-4,1,0.894974,NA
WASP-4,1,0.9019,0.93
WASP-4,1,NA,NA
WASP-4,1,NA,NA
WASP-4,1,0.907,NA
WASP-4,1,0.92,0.89
WASP-4,1,0.9,0.87
WASP-4,1,0.905,0.914
WASP-4,1,NA,NA
WASP-4,1,0.894974,0.97
WASP-4,1,0.893,0.864
WASP-4,1,0.903,0.93
WASP-4,1,0.914,0.94
WASP-4,1,NA,NA
WASP-4,1,NA,NA
WASP-4,1,0.92,0.89
WASP-4,1,0.894974,0.97
WASP-4,1,0.893,0.864
WASP-4,1,NA,0.92
WASP-4,1,0.91,0.927
WASP-4,1,0.912,0.899
WASP-41,2,0.886,0.987
WASP-41,2,0.9,0.93
WASP-41,2,0.88,NA
WASP-41,2,0.87,0.93
WASP-41,2,0.9,0.93
WASP-41,2,0.83,0.81
WASP-41,2,NA,NA
WASP-41,2,0.9,0.93
WASP-41,2,0.87,0.93
WASP-42,1,NA,NA
WASP-42,1,0.892,0.951
WASP-42,1,0.863,0.884
WASP-42,1,0.79,NA
WASP-42,1,0.85,0.881
WASP-42,1,0.892,0.951
WASP-42,1,0.863,0.884
WASP-43,1,0.757649,0.65
WASP-43,1,0.6506,0.688
WASP-43,1,NA,NA
WASP-43,1,0.757649,0.65
WASP-43,1,0.6,0.58
WASP-43,1,NA,NA
WASP-43,1,NA,NA
WASP-43,1,0.6,0.58
WASP-43,1,0.757649,NA
WASP-43,1,0.757649,0.65
WASP-43,1,0.757649,0.65
WASP-43,1,0.6,0.58
WASP-43,1,0.6,0.58
WASP-43,1,0.667,0.717
WASP-44,1,0.93,NA
WASP-44,1,0.927,0.951
WASP-44,1,NA,NA
WASP-44,1,0.906,0.935
WASP-44,1,0.865,0.917
WASP-44,1,NA,NA
WASP-44,1,NA,NA
WASP-44,1,0.927,0.951
WASP-44,1,0.906,0.935
WASP-44,1,0.927,0.951
WASP-44,1,0.927,0.951
WASP-45,1,0.945,0.909
WASP-45,1,0.874706,NA
WASP-45,1,0.917,0.904
WASP-45,1,0.96,0.95
WASP-45,1,0.945,0.909
WASP-45,1,0.945,0.909
WASP-45,1,NA,NA
WASP-45,1,0.945,0.909
WASP-45,1,NA,NA
WASP-45,1,0.855,0.85
WASP-46,1,0.917,0.956
WASP-46,1,0.890774,NA
WASP-46,1,0.858,0.828
WASP-46,1,NA,NA
WASP-46,1,0.917,0.956
WASP-46,1,0.917,0.956
WASP-46,1,0.858,0.828
WASP-46,1,0.858,0.828
WASP-47,4,NA,NA
WASP-47,4,NA,NA
WASP-47,4,1.11133,0.984
WASP-47,4,1.15,1.04
WASP-47,4,1.15,1.084
WASP-47,4,1.144,1.01
WASP-47,4,1.156,1.058
WASP-47,4,1.15,1.084
WASP-47,4,1.137,1.04
WASP-47,4,1.11,NA
WASP-47,4,1.137,1.04
WASP-47,4,0.86,NA
WASP-47,4,1.15,1.026
WASP-47,4,1.16,1.11
WASP-47,4,1.1,1.003
WASP-47,4,1.11133,0.984
WASP-47,4,1.137,1.04
WASP-47,4,1.15,1.084
WASP-47,4,1.188,NA
WASP-47,4,1.144,1.01
WASP-47,4,1.137,1.04
WASP-47,4,1.156,1.058
WASP-47,4,1.15,1.026
WASP-47,4,1.137,1.04
WASP-47,4,1.137,1.04
WASP-47,4,1.16,1.11
WASP-47,4,1.144,1.01
WASP-47,4,1.1,NA
WASP-47,4,1.137,1.04
WASP-47,4,1.11133,0.984
WASP-47,4,1.16,1.11
WASP-47,4,1.15,1.04
WASP-47,4,1.1,1.003
WASP-47,4,1.156,1.058
WASP-47,4,1.137,1.04
WASP-47,4,0.86,NA
WASP-47,4,1.137,1.04
WASP-47,4,1.137,1.04
WASP-47,4,1.125,1.008
WASP-47,4,1.1,NA
WASP-47,4,1.137,1.04
WASP-47,4,0.86,NA
WASP-47,4,1.15,1.04
WASP-47,4,1.137,1.04
WASP-47,4,1.1,1.003
WASP-47,4,1.11133,0.984
WASP-47,4,1.16,1.11
WASP-47,4,1.15,NA
WASP-47,4,1.144,1.01
WASP-47,4,1.156,1.058
WASP-48,1,1.75,1.19
WASP-48,1,1.519,1.062
WASP-48,1,NA,NA
WASP-48,1,1.77061,NA
WASP-48,1,1.58,0.88
WASP-48,1,1.75,1.19
WASP-48,1,1.75,1.19
WASP-48,1,NA,NA
WASP-48,1,1.58,0.88
WASP-48,1,1.75,1.19
WASP-49,1,0.976,0.938
WASP-49,1,0.976,0.938
WASP-49,1,0.976,0.938
WASP-49,1,0.976,0.938
WASP-49,1,NA,NA
WASP-49,1,1.038,1.003
WASP-49,1,0.97,0.92
WASP-49,1,1.02095,NA
WASP-5,1,1.026,0.972
WASP-5,1,1.0941,NA
WASP-5,1,1.06,1
WASP-5,1,1.077,1.004
WASP-5,1,NA,NA
WASP-5,1,NA,NA
WASP-5,1,1.088,1.033
WASP-5,1,1.0941,1.02
WASP-5,1,1.029,0.96
WASP-5,1,1.084,1.021
WASP-5,1,1.088,1.033
WASP-5,1,1.082,1
WASP-5,1,1.026,0.972
WASP-5,1,1.029,0.96
WASP-5,1,1.026,0.972
WASP-50,1,0.843,0.892
WASP-50,1,NA,NA
WASP-50,1,0.89,1.06
WASP-50,1,0.843,0.892
WASP-50,1,0.843,0.892
WASP-50,1,0.843,0.892
WASP-50,1,0.873418,NA
WASP-50,1,0.84,0.89
WASP-50,1,NA,NA
WASP-50,1,0.843,0.892
WASP-50,1,0.843,0.892
WASP-52,1,0.786,0.804
WASP-52,1,0.856841,0.853
WASP-52,1,0.856841,0.853
WASP-52,1,0.79,0.87
WASP-52,1,0.856841,NA
WASP-52,1,0.79,0.87
WASP-52,1,NA,NA
WASP-52,1,0.79,0.87
WASP-52,1,0.79,0.87
WASP-52,1,0.79,0.87
WASP-53,2,0.798,0.839
WASP-53,2,0.858619,NA
WASP-53,2,NA,NA
WASP-53,2,0.798,0.839
WASP-53,2,0.798,0.839
WASP-53,2,0.798,0.839
WASP-54,1,1.828,1.213
WASP-54,1,1.78076,NA
WASP-54,1,NA,NA
WASP-54,1,1.828,1.213
WASP-54,1,1.828,1.213
WASP-54,1,1.76,1.08
WASP-55,1,NA,NA
WASP-55,1,1.09036,NA
WASP-55,1,1.06,1.01
WASP-55,1,1.06,1.01
WASP-55,1,1.06,1.01
WASP-55,1,1.072,NA
WASP-55,1,1.11,NA
WASP-55,1,1.06,1.01
WASP-55,1,1.09,1.071
WASP-55,1,1.09,1.11
WASP-55,1,1.09036,1.134
WASP-55,1,1.102,1.162
WASP-55,1,1.09036,1.134
WASP-56,1,0.96,0.71
WASP-56,1,1.112,1.017
WASP-56,1,1.112,1.017
WASP-56,1,NA,NA
WASP-56,1,1.112,1.107
WASP-56,1,1.112,1.017
WASP-56,1,1.11,NA
WASP-57,1,NA,NA
WASP-57,1,0.927,0.886
WASP-57,1,0.836,0.954
WASP-57,1,0.836,0.954
WASP-57,1,0.836,0.954
WASP-57,1,0.927,0.886
WASP-57,1,1.02573,NA
WASP-58,1,1.17,0.94
WASP-58,1,1.17,0.94
WASP-58,1,NA,NA
WASP-58,1,1.10013,1.12
WASP-58,1,1.10013,NA
WASP-58,1,1.22,1.06
WASP-58,1,1.17,0.94
WASP-58,1,1.17,0.94
WASP-59,1,0.758608,NA
WASP-59,1,0.613,0.719
WASP-59,1,0.613,0.719
WASP-59,1,0.61,0.72
WASP-6,1,0.817705,NA
WASP-6,1,0.87,0.88
WASP-6,1,NA,NA
WASP-6,1,0.79,0.854
WASP-6,1,0.87,0.88
WASP-6,1,0.73,0.55
WASP-6,1,0.817705,0.93
WASP-6,1,0.87,0.88
WASP-6,1,0.864,0.836
WASP-6,1,0.817705,0.93
WASP-6,1,0.73,0.55
WASP-6,1,0.73,0.55
WASP-6,1,0.87,0.88
WASP-60,1,1.401,1.229
WASP-60,1,NA,NA
WASP-60,1,1.14,1.078
WASP-60,1,1.17,1.19
WASP-60,1,1.14,1.078
WASP-60,1,1.14,1.078
WASP-60,1,1.51284,NA
WASP-60,1,1.14,1.078
WASP-61,1,1.55,1.82
WASP-61,1,NA,NA
WASP-61,1,1.36,1.22
WASP-61,1,1.36,1.22
WASP-61,1,1.55,1.82
WASP-61,1,1.36,1.22
WASP-61,1,1.39,1.27
WASP-61,1,1.36,1.22
WASP-61,1,1.43256,NA
WASP-62,1,1.21427,1.28
WASP-62,1,1.23,1.11
WASP-62,1,1.28,1.25
WASP-62,1,NA,NA
WASP-62,1,1.28,1.25
WASP-62,1,1.28,1.25
WASP-62,1,1.28,1.25
WASP-62,1,1.29,1.28
WASP-62,1,NA,NA
WASP-62,1,NA,NA
WASP-62,1,1.23,1.11
WASP-62,1,1.21,NA
WASP-63,1,1.76,1.1
WASP-63,1,NA,NA
WASP-63,1,1.86,1.28
WASP-63,1,1.88,1.32
WASP-63,1,1.86,1.28
WASP-63,1,1.88,1.32
WASP-63,1,1.79224,NA
WASP-64,1,1.058,1.004
WASP-64,1,1.058,1.004
WASP-64,1,NA,NA
WASP-64,1,1.058,1.004
WASP-64,1,1.058,1.004
WASP-64,1,1.09539,NA
WASP-65,1,1.01,0.93
WASP-65,1,NA,NA
WASP-65,1,1.01,0.93
WASP-65,1,1.07008,NA
WASP-65,1,1.01,0.93
WASP-65,1,1.01,0.93
WASP-66,1,1.75,1.3
WASP-66,1,1.47741,NA
WASP-66,1,NA,NA
WASP-66,1,1.76,1.33
WASP-66,1,1.75,1.3
WASP-66,1,1.76,1.33
WASP-66,1,1.75,1.3
WASP-66,1,1.75,1.3
WASP-67,1,0.87,0.87
WASP-67,1,0.87,0.87
WASP-67,1,0.87,0.87
WASP-67,1,NA,NA
WASP-67,1,0.817,0.829
WASP-67,1,0.87,0.87
WASP-67,1,0.88,0.91
WASP-67,1,0.831063,NA
WASP-68,1,1.73938,NA
WASP-68,1,1.69,1.24
WASP-68,1,1.79,1.49
WASP-68,1,1.69,1.24
WASP-68,1,1.69,1.24
WASP-69,1,0.813,0.826
WASP-69,1,0.801,0.83
WASP-69,1,0.86,0.98
WASP-69,1,0.877591,NA
WASP-69,1,0.813,0.826
WASP-69,1,0.813,0.826
WASP-69,1,0.813,0.826
WASP-69,1,0.813,0.826
WASP-7,1,1.432,1.276
WASP-7,1,1.432,1.276
WASP-7,1,1.466,1.285
WASP-7,1,1.236,1.28
WASP-7,1,NA,1.28
WASP-7,1,1.236,1.28
WASP-7,1,1.478,1.317
WASP-7,1,1.44,1.91
WASP-7,1,1.47,NA
WASP-7,1,NA,NA
WASP-7,1,1.466,1.285
WASP-7,1,NA,1.34
WASP-70 A,1,1.215,1.106
WASP-70 A,1,1.20191,NA
WASP-70 A,1,1.215,1.106
WASP-70 A,1,1.215,1.106
WASP-70 A,1,1.215,1.106
WASP-71,1,2.14325,NA
WASP-71,1,NA,NA
WASP-71,1,2.26,1.559
WASP-71,1,2.26,1.559
WASP-71,1,2.26,1.559
WASP-71,1,2.17,1.53
WASP-71,1,1.82,0.76
WASP-71,1,1.82,0.76
WASP-72,1,1.98,1.386
WASP-72,1,1.98,1.386
WASP-72,1,2.66,NA
WASP-72,1,2.18,2.78
WASP-72,1,2.18,2.78
WASP-72,1,1.98,1.386
WASP-72,1,NA,NA
WASP-72,1,1.98,1.386
WASP-73,1,2.55,2.52
WASP-73,1,2.07,1.34
WASP-73,1,2.55,2.52
WASP-73,1,2.07,1.34
WASP-73,1,2.21867,1.16
WASP-73,1,NA,NA
WASP-73,1,2.07,1.34
WASP-73,1,2.21867,NA
WASP-74,1,NA,NA
WASP-74,1,1.536,1.191
WASP-74,1,1.64,1.48
WASP-74,1,1.42,0.98
WASP-74,1,1.64,1.48
WASP-74,1,1.64,1.48
WASP-74,1,1.444,1.236
WASP-74,1,1.6,NA
WASP-74,1,NA,NA
WASP-74,1,1.64,1.48
WASP-75,1,1.26,1.14
WASP-75,1,1.13,NA
WASP-75,1,1.26,1.14
WASP-75,1,1.39,1.18
WASP-75,1,1.26,1.14
WASP-75,1,1.28,NA
WASP-75,1,1.322,NA
WASP-75,1,NA,NA
WASP-75,1,1.26,1.14
WASP-75,1,1.27553,1.14
WASP-76,1,1.73,1.46
WASP-76,1,1.756,1.458
WASP-76,1,1.89121,NA
WASP-76,1,1.73,1.46
WASP-76,1,1.744,1.467
WASP-76,1,NA,NA
WASP-76,1,NA,NA
WASP-76,1,1.7,1.46
WASP-76,1,NA,NA
WASP-76,1,1.73,1.46
WASP-77 A,1,0.955,1.002
WASP-77 A,1,0.955,1.002
WASP-77 A,1,NA,NA
WASP-77 A,1,0.91,0.903
WASP-77 A,1,1.09,1.49
WASP-77 A,1,0.933975,NA
WASP-77 A,1,NA,NA
WASP-77 A,1,0.955,1.002
WASP-77 A,1,0.91,0.903
WASP-77 A,1,NA,NA
WASP-77 A,1,0.955,1.002
WASP-77 A,1,NA,NA
WASP-78,1,2.2,1.33
WASP-78,1,2.2,1.33
WASP-78,1,2.46,1.87
WASP-78,1,2.35,1.39
WASP-78,1,2.46,1.87
WASP-78,1,2.09,1.18
WASP-78,1,2.0626,NA
WASP-78,1,2.2,1.33
WASP-78,1,NA,NA
WASP-79,1,1.51,1.39
WASP-79,1,1.91,1.52
WASP-79,1,NA,NA
WASP-79,1,1.6,1.43
WASP-79,1,NA,NA
WASP-79,1,1.48532,NA
WASP-79,1,1.69,1.42
WASP-79,1,1.91,1.52
WASP-79,1,1.51,1.39
WASP-79,1,1.6,1.43
WASP-79,1,1.91,1.52
WASP-8,2,NA,NA
WASP-8,2,1,NA
WASP-8,2,NA,NA
WASP-8,2,0.945,1.03
WASP-8,2,NA,NA
WASP-8,2,0.945,NA
WASP-8,2,1.03,1.34
WASP-8,2,NA,1.04
WASP-8,2,0.96,1.07
WASP-8,2,0.945,1.03
WASP-8,2,0.945,1.03
WASP-8,2,NA,1.04
WASP-80,1,0.571,0.57
WASP-80,1,NA,NA
WASP-80,1,0.593,0.596
WASP-80,1,NA,NA
WASP-80,1,NA,NA
WASP-80,1,0.571,0.57
WASP-80,1,0.571,0.57
WASP-80,1,0.571,0.57
WASP-80,1,0.586,0.577
WASP-80,1,0.636572,NA
WASP-81,1,1.283,1.08
WASP-81,1,1.18678,NA
WASP-81,1,1.283,1.08
WASP-81,1,1.283,1.08
WASP-82,1,2.1,1.48
WASP-82,1,2.1,NA
WASP-82,1,2.1,1.48
WASP-82,1,2.18,1.63
WASP-82,1,2.18,1.63
WASP-82,1,NA,NA
WASP-82,1,2.219,1.64
WASP-83,1,1.05,1.11
WASP-83,1,1.05,1.11
WASP-83,1,1.05,1.11
WASP-83,1,1.05,1.11
WASP-83,1,1.09,NA
WASP-83,1,NA,NA
WASP-83,1,1.05,1.11
WASP-84,2,0.768,0.853
WASP-84,2,0.748,0.842
WASP-84,2,0.84,NA
WASP-84,2,0.748,0.842
WASP-84,2,0.748,0.842
WASP-84,2,NA,NA
WASP-84,2,0.748,0.842
WASP-84,2,0.768,0.853
WASP-84,2,0.768,0.853
WASP-84,2,0.84,NA
WASP-85 A,1,NA,NA
WASP-85 A,1,0.935,1.09
WASP-85 A,1,NA,NA
WASP-85 A,1,NA,NA
WASP-85 A,1,0.884,NA
WASP-85 A,1,NA,NA
WASP-85 A,1,0.8,NA
WASP-85 A,1,0.88,NA
WASP-87,1,NA,NA
WASP-87,1,1.56803,NA
WASP-87,1,NA,NA
WASP-87,1,1.627,1.204
WASP-88,1,2.08,1.45
WASP-88,1,1.99207,NA
WASP-88,1,2.08,1.45
WASP-88,1,1.8,0.94
WASP-88,1,2.08,1.45
WASP-88,1,2.08,1.45
WASP-89,1,0.88,0.92
WASP-89,1,0.88,0.92
WASP-89,1,0.88,0.92
WASP-89,1,0.916939,NA
WASP-89,1,0.88,0.92
WASP-90,1,1.83823,NA
WASP-90,1,1.98,1.55
WASP-90,1,1.98,1.55
WASP-90,1,1.98,1.55
WASP-91,1,0.906655,NA
WASP-91,1,0.86,0.84
WASP-91,1,0.86,0.84
WASP-91,1,0.86,0.84
WASP-91,1,NA,NA
WASP-92,1,1.341,1.19
WASP-92,1,NA,NA
WASP-92,1,1.341,1.19
WASP-92,1,1.25619,NA
WASP-92,1,1.341,1.19
WASP-92,1,1.341,1.19
WASP-92,1,1.341,1.19
WASP-93,1,1.524,1.334
WASP-93,1,1.61271,NA
WASP-93,1,1.524,1.334
WASP-93,1,1.524,1.334
WASP-93,1,NA,NA
WASP-93,1,1.524,1.334
WASP-93,1,NA,NA
WASP-93,1,1.524,1.334
WASP-93,1,NA,NA
WASP-94 A,2,1.62,1.45
WASP-94 A,2,1.71,NA
WASP-94 A,2,1.48,1.67
WASP-94 A,2,NA,NA
WASP-94 A,2,1.62,1.45
WASP-94 A,2,1.62,1.45
WASP-94 B,2,1.35,1.24
WASP-95,1,1.23,1.46
WASP-95,1,1.13,1.11
WASP-95,1,1.13,1.11
WASP-95,1,NA,NA
WASP-95,1,1.13,1.11
WASP-95,1,1.13,1.11
WASP-95,1,1.23,1.46
WASP-95,1,1.23824,NA
WASP-96,1,1.055,1.03
WASP-96,1,1.05,1.06
WASP-96,1,1.05,1.06
WASP-96,1,1.11655,NA
WASP-96,1,NA,NA
WASP-96,1,1.05,1.06
WASP-96,1,1.05,1.06
WASP-96,1,1.05,1.06
WASP-96,1,NA,NA
WASP-97,1,1.13,NA
WASP-97,1,1.06,1.12
WASP-97,1,NA,NA
WASP-97,1,1.06,1.12
WASP-97,1,1.08,1.18
WASP-97,1,1.06,1.12
WASP-97,1,1.08,1.18
WASP-97,1,1.06,1.12
WASP-98,1,0.7,0.69
WASP-98,1,0.718635,NA
WASP-98,1,NA,NA
WASP-98,1,0.7,0.69
WASP-98,1,0.7,0.69
WASP-98,1,0.741,0.809
WASP-98,1,0.7,0.69
WASP-99,1,1.70927,NA
WASP-99,1,1.64,1.21
WASP-99,1,NA,NA
WASP-99,1,1.76,1.48
WASP-99,1,NA,NA
WASP-99,1,1.76,1.48
WASP-99,1,1.64,1.21
WASP-99,1,1.76,1.48
WD 0806-661,1,NA,0.62
WD 0806-661,1,NA,NA
WD 1856+534,1,0.0121,0.605
WD 1856+534,1,0.0131,0.518
WD 1856+534,1,NA,NA
WISE J033605.05-014350.4,1,NA,0.0131
WISEP J121756.91+162640.2 A,1,0.091,0.029
WISPIT 1,2,NA,NA
WISPIT 1,2,NA,NA
WISPIT 2,2,1.418,1.08
WISPIT 2,2,NA,NA
WISPIT 2,2,1.3,NA
WTS-1,1,1.15,1.2
WTS-2,1,NA,NA
WTS-2,1,0.75,0.82
WTS-2,1,0.752,0.82
Wendelstein-1,1,0.701369,NA
Wendelstein-1,1,0.61,0.65
Wendelstein-2,1,0.66,0.73
Wendelstein-2,1,0.740712,NA
Wolf 1061,3,0.307,0.294
Wolf 1061,3,NA,0.25
Wolf 1061,3,NA,0.25
Wolf 1061,3,0.307,0.294
Wolf 1061,3,NA,0.25
Wolf 1061,3,0.307,0.294
Wolf 1069,1,0.1813,0.167
Wolf 327,1,0.420908,NA
Wolf 327,1,0.406,0.405
Wolf 503,1,0.69,0.688
Wolf 503,1,0.689,0.688
Wolf 503,1,0.641805,NA
Wolf 503,1,0.689,0.688
XO-1,1,0.919086,1.023
XO-1,1,0.88,0.88
XO-1,1,NA,NA
XO-1,1,NA,NA
XO-1,1,NA,NA
XO-1,1,0.88,0.88
XO-1,1,NA,NA
XO-1,1,1,1
XO-1,1,0.934,1.027
XO-1,1,0.942,1.037
XO-1,1,0.94,1.027
XO-1,1,0.92,NA
XO-1,1,1,NA
XO-1,1,0.928,1
XO-1,1,NA,NA
XO-2 N,3,0.998,0.96
XO-2 N,3,NA,NA
XO-2 N,3,NA,0.98
XO-2 N,3,0.97,0.946
XO-2 N,3,NA,NA
XO-2 N,3,1.01,0.97
XO-2 N,3,NA,NA
XO-2 N,3,0.964,NA
XO-2 N,3,0.976,0.971
XO-2 N,3,0.99,0.971
XO-2 N,3,0.962,0.924
XO-2 N,3,1.08495,0.902
XO-2 N,3,1.08,NA
XO-2 N,3,NA,NA
XO-2 N,3,NA,NA
XO-2 S,3,1.02,0.982
XO-2 S,3,1,0.98
XO-2 S,3,1.02,0.982
XO-3,1,1.377,1.213
XO-3,1,NA,1.213
XO-3,1,1.54,0.58
XO-3,1,2.13,1.41
XO-3,1,NA,NA
XO-3,1,1.523,1.449
XO-3,1,NA,NA
XO-3,1,2.13,1.41
XO-3,1,2.13,1.41
XO-3,1,NA,NA
XO-3,1,1.409,1.206
XO-3,1,1.68685,1.41
XO-3,1,1.68685,1.41
XO-3,1,1.377,1.213
XO-3,1,1.54,0.58
XO-3,1,1.69,NA
XO-3,1,1.49,1.41
XO-4,1,NA,NA
XO-4,1,1.45,1.1
XO-4,1,1.531,1.285
XO-4,1,1.55,1.32
XO-4,1,NA,1.32
XO-4,1,NA,NA
XO-4,1,1.53,1.285
XO-4,1,1.55,1.32
XO-4,1,1.56,1.32
XO-4,1,1.62,NA
XO-5,1,NA,NA
XO-5,1,1.065,0.914
XO-5,1,1.11,1
XO-5,1,1.13,1.04
XO-5,1,1.11,1
XO-5,1,1.10007,NA
XO-5,1,1.08,0.88
XO-5,1,1.08,0.88
XO-5,1,NA,0.88
XO-5,1,1.08,0.88
XO-5,1,1.11,1
XO-6,1,1.42,NA
XO-6,1,NA,NA
XO-6,1,1.93,1.47
XO-6,1,1.93,1.47
XO-6,1,1.93,1.47
XO-6,1,1.93,1.47
XO-7,1,1.48,1.405
XO-7,1,1.48,1.405
XO-7,1,1.48,1.405
XO-7,1,1.48,1.405
XO-7,1,1.53,NA
XO-7,1,NA,NA
YZ Cet,3,0.168,0.13
YZ Cet,3,0.157,0.142
YZ Cet,3,0.169,0.13
YZ Cet,3,0.157,0.142
YZ Cet,3,0.168,0.13
YZ Cet,3,0.169,0.13
YZ Cet,3,0.169,0.13
YZ Cet,3,0.168,0.13
YZ Cet,3,0.157,0.142
ZTF J1230-2655,1,0.0123,0.646
ZTF J1828+2308,1,0.0131,0.61
alf Ari,1,13.9,1.5
alf Tau,1,45.1,1.13
b Cen A,1,NA,5.5
bet Cnc,1,47.2,1.7
bet Pic,2,1.54416,1.95
bet Pic,2,1.54416,1.95
bet Pic,2,NA,1.76
bet Pic,2,1.54416,1.95
bet Pic,2,NA,1.82
bet Pic,2,NA,1.75
bet Pic,2,1.54416,1.95
bet Pic,2,NA,NA
bet Pic,2,NA,NA
bet Pic,2,NA,1.795
bet Pic,2,NA,1.82
bet Pic,2,NA,1.795
bet Pic,2,NA,1.75
bet UMi,1,38.3,1.4
eps CrB,1,21,1.7
eps Eri,1,NA,NA
eps Eri,1,0.759106,0.814595
eps Eri,1,NA,0.85
eps Eri,1,NA,0.83
eps Eri,1,NA,0.82
eps Eri,1,NA,0.781
eps Ind A,1,0.679,0.76
eps Ind A,1,NA,0.754
eps Tau,1,NA,2.7
eps Tau,1,12.35,2.57
eps Tau,1,NA,2.458
eps Tau,1,13.7,2.7
gam Cep,1,4.74,1.27
gam Cep,1,4.9,1.4
gam Cep,1,NA,1.4
gam Cep,1,NA,1.18
gam Cep,1,4.66,1.59
gam Lib,2,11.1,1.47
gam Lib,2,12.38,1.78
gam Lib,2,11.1,1.47
gam Lib,2,12.38,1.78
gam Psc,1,11.2,0.99
gam1 Leo,1,31.88,1.23
iot Dra,2,12.88,1.05
iot Dra,2,NA,1.05
iot Dra,2,11.79,1.54
iot Dra,2,NA,1.05
iot Dra,2,11.79,1.54
kap And,1,NA,2.45
kap And,1,NA,2.6
kap CrB,1,4.83752,NA
kap CrB,1,4.71,1.8
kap CrB,1,4.71,1.8
kap CrB,1,4.83752,NA
kap CrB,1,5,1.51
kap CrB,1,4.83752,NA
kap CrB,1,NA,1.84
kap CrB,1,4.83752,NA
kap CrB,1,4.68,1.33
kap CrB,1,4.85,1.5
kap CrB,1,5.06,1.47
mu Leo,1,11.4,1.5
mu2 Sco,1,5.6,9.1
nu Oct A,1,5.81,1.61
nu Oct A,1,5.04,1.57
nu Oct A,1,5.81,1.61
nu Oph,2,12.24,2.61
nu Oph,2,14.6,2.7
nu Oph,2,15.1,3.04
nu Oph,2,15.1,3.04
nu Oph,2,14.6,2.7
nu Oph,2,12.24,2.61
ome Ser,1,12.3,2.17
ome Ser,1,10.99,1.01
omi CrB,1,11.87,1.3
omi CrB,1,10.5,2.13
omi UMa,1,13.84,2.72
omi UMa,1,14.1,3.09
HD 39091,3,1.1,1.02
HD 39091,3,1.1,1.02
HD 39091,3,NA,NA
HD 39091,3,1.17,1.07
HD 39091,3,1.17,1.07
HD 39091,3,NA,1.1
HD 39091,3,1.15,NA
HD 39091,3,1.1,1.094
HD 39091,3,1.19,1.07
HD 39091,3,NA,NA
HD 39091,3,1.19,1.07
psi1 Dra B,1,NA,1.19
rho CrB,4,1.34,0.95
rho CrB,4,1.3617,0.889
rho CrB,4,NA,NA
rho CrB,4,1.31,1
rho CrB,4,1.355233,0.911214
rho CrB,4,1.34,0.95
rho CrB,4,NA,NA
rho CrB,4,1.355233,0.911214
rho CrB,4,1.3617,0.889
rho CrB,4,NA,NA
rho CrB,4,1.34,0.95
rho CrB,4,1.34,0.95
tau Boo,1,1.42588,1.32
tau Boo,1,1.46,1.34
tau Boo,1,1.439703,1.403217
tau Boo,1,NA,1.35
tau Boo,1,NA,1.2
tau Cet,3,NA,0.783
tau Cet,3,NA,0.783
tau Cet,3,NA,0.783
tau Gem,1,28.7152,NA
tau Gem,1,26.8,2.3
ups And,3,1.63649,1.15
ups And,3,NA,1.2
ups And,3,NA,NA
ups And,3,NA,NA
ups And,3,1.64,1.31
ups And,3,1.622479,1.294197
ups And,3,NA,NA
ups And,3,1.56,1.3
ups And,3,1.622479,1.294197
ups And,3,1.56,1.3
ups And,3,NA,NA
ups And,3,NA,NA
ups And,3,NA,NA
ups And,3,1.63649,1.15
ups And,3,1.64,1.31
ups And,3,NA,NA
ups And,3,NA,NA
ups And,3,1.64,1.31
ups And,3,NA,NA
ups And,3,1.63649,1.15
ups And,3,1.56,1.3
ups And,3,1.622479,1.294197
ups Leo,1,11.22,1.48
xi Aql,1,NA,1.4
xi Aql,1,12,2.2
xi Aql,1,10.86,1.74
